population_group,measure,location,sex,age,cause,metric,year,val,upper,lower
All Population,Deaths,Australia,Both,Age-standardized,Other cardiovascular and circulatory diseases,Rate,1980,3.0873287889804595,3.2811500953883725,2.8822227046038584
All Population,Deaths,Australia,Both,Age-standardized,Cardiovascular diseases,Rate,1980,385.15248927380736,399.36922915648114,358.972466052209
All Population,Deaths,Australia,Both,Age-standardized,Rheumatic heart disease,Rate,1980,3.1993891297537282,3.468020589683542,2.8915938671697616
All Population,Deaths,Australia,Both,Age-standardized,Ischemic heart disease,Rate,1980,236.21688377072078,245.1135860773381,221.19476686974977
All Population,Deaths,Australia,Both,Age-standardized,Stroke,Rate,1980,100.63349392227528,106.53852344749033,92.65604951256785
All Population,Deaths,Australia,Both,Age-standardized,Hypertensive heart disease,Rate,1980,6.393017140898638,7.07003028349667,5.7232497276686605
All Population,Deaths,Australia,Both,Age-standardized,Cardiomyopathy and myocarditis,Rate,1980,12.84230937565631,13.742608482955742,11.795528802566908
All Population,Deaths,Australia,Both,Age-standardized,Atrial fibrillation and flutter,Rate,1980,6.720889105943605,7.196368931406715,6.066610849740095
All Population,Deaths,Australia,Both,Age-standardized,Aortic aneurysm,Rate,1980,7.797411295636301,8.36354618154476,7.239066982190421
All Population,Deaths,Australia,Both,Age-standardized,Lower extremity peripheral arterial disease,Rate,1980,3.465575953757191,3.7711425480336427,3.1389564034578665
All Population,Deaths,Australia,Both,Age-standardized,Endocarditis,Rate,1980,0.49170764987516746,0.530988011040133,0.44775105006241595
All Population,Deaths,Australia,Both,Age-standardized,Non-rheumatic valvular heart disease,Rate,1980,4.04891927638283,4.332737382403526,3.697882882576759
All Population,Deaths,Australia,Both,Age-standardized,Pulmonary Arterial Hypertension,Rate,1980,0.2555638639270704,0.31376487482157556,0.20440243524175764
All Population,Deaths,Australia,Both,Age-standardized,Pulmonary Arterial Hypertension,Rate,1981,0.2607858746178931,0.32116024153384,0.20785806300215956
All Population,Deaths,Australia,Both,Age-standardized,Other cardiovascular and circulatory diseases,Rate,1983,2.585655534245958,2.7524606902967332,2.415220534236252
All Population,Deaths,Australia,Both,Age-standardized,Other cardiovascular and circulatory diseases,Rate,1981,3.991465713680813,4.226174592242063,3.7471314857108378
All Population,Deaths,Australia,Both,Age-standardized,Other cardiovascular and circulatory diseases,Rate,1982,3.015841188867452,3.1825677351974444,2.825758384899023
All Population,Deaths,Australia,Both,Age-standardized,Cardiovascular diseases,Rate,1982,369.50116316166765,383.98476021747086,343.4333645540806
All Population,Deaths,Australia,Both,Age-standardized,Rheumatic heart disease,Rate,1982,2.8855577069314395,3.1060013854662,2.642384071286437
All Population,Deaths,Australia,Both,Age-standardized,Ischemic heart disease,Rate,1982,229.30560898573975,238.16835830668668,214.45760546020577
All Population,Deaths,Australia,Both,Age-standardized,Stroke,Rate,1982,93.68876240938845,98.82471697307206,85.60814142513898
All Population,Deaths,Australia,Both,Age-standardized,Hypertensive heart disease,Rate,1982,5.574325079834195,6.103992253317397,4.970360197841304
All Population,Deaths,Australia,Both,Age-standardized,Cardiomyopathy and myocarditis,Rate,1982,12.183554374160732,13.010952139883269,11.06598089911595
All Population,Deaths,Australia,Both,Age-standardized,Atrial fibrillation and flutter,Rate,1982,6.793018507281722,7.275387127361574,6.077917225795141
All Population,Deaths,Australia,Both,Age-standardized,Aortic aneurysm,Rate,1982,7.898308672803971,8.313642146382689,7.326877927670892
All Population,Deaths,Australia,Both,Age-standardized,Lower extremity peripheral arterial disease,Rate,1982,3.4518828288266037,3.792872691704762,3.114017810353522
All Population,Deaths,Australia,Both,Age-standardized,Endocarditis,Rate,1982,0.49840321759099465,0.5367421276457486,0.4570794177939255
All Population,Deaths,Australia,Both,Age-standardized,Cardiovascular diseases,Rate,1981,377.2774118771504,392.1462280669787,352.30868079688616
All Population,Deaths,Australia,Both,Age-standardized,Rheumatic heart disease,Rate,1981,2.9895298653055136,3.2202063456522083,2.735396763515277
All Population,Deaths,Australia,Both,Age-standardized,Ischemic heart disease,Rate,1981,236.7225755019628,245.40767215550167,221.69451697453994
All Population,Deaths,Australia,Both,Age-standardized,Stroke,Rate,1981,97.02094353490278,102.64584106263499,88.92274659224286
All Population,Deaths,Australia,Both,Age-standardized,Hypertensive heart disease,Rate,1981,5.867292652991011,6.453356810208968,5.236434938250683
All Population,Deaths,Australia,Both,Age-standardized,Cardiomyopathy and myocarditis,Rate,1981,7.7840861701827935,8.265656758932005,7.2213557018090055
All Population,Deaths,Australia,Both,Age-standardized,Atrial fibrillation and flutter,Rate,1981,6.727150065629286,7.212210246278141,6.047488675219698
All Population,Deaths,Australia,Both,Age-standardized,Aortic aneurysm,Rate,1981,7.888393488950738,8.360864852311174,7.379055149341486
All Population,Deaths,Australia,Both,Age-standardized,Lower extremity peripheral arterial disease,Rate,1981,3.4410567121207074,3.7678915999106226,3.0993259805314666
All Population,Deaths,Australia,Both,Age-standardized,Endocarditis,Rate,1981,0.48016596246786797,0.5188986346553629,0.44075489758668485
All Population,Deaths,Australia,Both,Age-standardized,Cardiovascular diseases,Rate,1983,351.349958137911,364.9952722716231,326.4964247314599
All Population,Deaths,Australia,Both,Age-standardized,Rheumatic heart disease,Rate,1983,2.7548610669922087,2.953802189524405,2.538037470502817
All Population,Deaths,Australia,Both,Age-standardized,Ischemic heart disease,Rate,1983,219.39035860025504,227.14164586254978,205.45051861014804
All Population,Deaths,Australia,Both,Age-standardized,Stroke,Rate,1983,86.30448744971399,91.07214106759565,78.71562587405367
All Population,Deaths,Australia,Both,Age-standardized,Hypertensive heart disease,Rate,1983,5.049801440444196,5.51717206383159,4.457901327057385
All Population,Deaths,Australia,Both,Age-standardized,Cardiomyopathy and myocarditis,Rate,1983,12.837539136511378,13.774848823659786,11.69244683896993
All Population,Deaths,Australia,Both,Age-standardized,Atrial fibrillation and flutter,Rate,1983,6.718974751417003,7.167034780669591,6.003381949091357
All Population,Deaths,Australia,Both,Age-standardized,Aortic aneurysm,Rate,1983,7.875735429398987,8.292761449820599,7.299677101059957
All Population,Deaths,Australia,Both,Age-standardized,Lower extremity peripheral arterial disease,Rate,1983,3.2762806056855984,3.5703092927205344,2.9423286947214877
All Population,Deaths,Australia,Both,Age-standardized,Endocarditis,Rate,1983,0.43681512802740113,0.4722674279139128,0.39987305017739905
All Population,Deaths,Australia,Both,Age-standardized,Non-rheumatic valvular heart disease,Rate,1982,3.9538084372508924,4.180355222840361,3.6416796188211453
All Population,Deaths,Australia,Both,Age-standardized,Non-rheumatic valvular heart disease,Rate,1981,4.103966334338153,4.3572695222136675,3.772827245719867
All Population,Deaths,Australia,Both,Age-standardized,Non-rheumatic valvular heart disease,Rate,1983,3.8737102061405726,4.105804541585126,3.5610476871224725
All Population,Deaths,Australia,Both,Age-standardized,Pulmonary Arterial Hypertension,Rate,1983,0.2457387890783797,0.3017968934484407,0.19841973717538453
All Population,Deaths,Australia,Both,Age-standardized,Pulmonary Arterial Hypertension,Rate,1982,0.2520917529912174,0.30949621317279286,0.20325414190270755
All Population,Deaths,Australia,Both,Age-standardized,Other cardiovascular and circulatory diseases,Rate,1986,2.2563517276865075,2.4029948169938176,2.1002531436475187
All Population,Deaths,Australia,Both,Age-standardized,Other cardiovascular and circulatory diseases,Rate,1985,2.3141676616206834,2.470070508120805,2.1547569838927756
All Population,Deaths,Australia,Both,Age-standardized,Other cardiovascular and circulatory diseases,Rate,1984,2.3987682616350354,2.5634781287357855,2.252870091683741
All Population,Deaths,Australia,Both,Age-standardized,Cardiovascular diseases,Rate,1986,321.75342493287343,334.50169754356483,299.32288472726503
All Population,Deaths,Australia,Both,Age-standardized,Rheumatic heart disease,Rate,1986,2.6339594482019195,2.8423770526911962,2.417579925393969
All Population,Deaths,Australia,Both,Age-standardized,Ischemic heart disease,Rate,1986,204.1262908307127,211.3862322190012,190.57368200791046
All Population,Deaths,Australia,Both,Age-standardized,Stroke,Rate,1986,75.92926939607446,79.8306501380824,68.78408669046618
All Population,Deaths,Australia,Both,Age-standardized,Hypertensive heart disease,Rate,1986,4.144436991242716,4.542687067381644,3.6470834748351795
All Population,Deaths,Australia,Both,Age-standardized,Cardiomyopathy and myocarditis,Rate,1986,9.99441921086111,10.55128129496976,9.143254264229599
All Population,Deaths,Australia,Both,Age-standardized,Atrial fibrillation and flutter,Rate,1986,6.746332892409628,7.187994324685322,5.978516789170854
All Population,Deaths,Australia,Both,Age-standardized,Aortic aneurysm,Rate,1986,7.934562398117987,8.31968934605082,7.421088698407779
All Population,Deaths,Australia,Both,Age-standardized,Lower extremity peripheral arterial disease,Rate,1986,3.2129544840131166,3.5013951163257895,2.8576959755092304
All Population,Deaths,Australia,Both,Age-standardized,Endocarditis,Rate,1986,0.4484231345335806,0.4855952141616555,0.41247944069244746
All Population,Deaths,Australia,Both,Age-standardized,Non-rheumatic valvular heart disease,Rate,1986,4.085490165364305,4.332519153124696,3.7069658097961176
All Population,Deaths,Australia,Both,Age-standardized,Cardiovascular diseases,Rate,1984,344.2155985762139,356.9853833490293,321.11354821658864
All Population,Deaths,Australia,Both,Age-standardized,Rheumatic heart disease,Rate,1984,2.8238504882864164,3.0418287297056676,2.579331152303381
All Population,Deaths,Australia,Both,Age-standardized,Ischemic heart disease,Rate,1984,214.92545238165337,222.37734962524866,201.53919947398956
All Population,Deaths,Australia,Both,Age-standardized,Stroke,Rate,1984,83.9506809059373,88.43277993538486,76.69827682052156
All Population,Deaths,Australia,Both,Age-standardized,Hypertensive heart disease,Rate,1984,4.8283677931608375,5.2568990874487405,4.281131516237403
All Population,Deaths,Australia,Both,Age-standardized,Cardiomyopathy and myocarditis,Rate,1984,12.654772010403935,13.48384188091029,11.430864966291567
All Population,Deaths,Australia,Both,Age-standardized,Atrial fibrillation and flutter,Rate,1984,6.774571217563481,7.234380983261219,6.085712042526436
All Population,Deaths,Australia,Both,Age-standardized,Aortic aneurysm,Rate,1984,7.90528687221384,8.327630312194929,7.398812422757045
All Population,Deaths,Australia,Both,Age-standardized,Lower extremity peripheral arterial disease,Rate,1984,3.3366828226237057,3.634034325203273,2.9859258370141664
All Population,Deaths,Australia,Both,Age-standardized,Endocarditis,Rate,1984,0.43059602324724566,0.4659811755075415,0.3946797676967693
All Population,Deaths,Australia,Both,Age-standardized,Cardiovascular diseases,Rate,1985,337.3522869394138,350.22425746622787,312.6375248787318
All Population,Deaths,Australia,Both,Age-standardized,Rheumatic heart disease,Rate,1985,2.8209408304469217,3.032230073050411,2.582216124007875
All Population,Deaths,Australia,Both,Age-standardized,Ischemic heart disease,Rate,1985,211.29285801999748,219.02888213341234,197.697208421552
All Population,Deaths,Australia,Both,Age-standardized,Stroke,Rate,1985,81.65079529388424,85.94189990784389,73.80426704315703
All Population,Deaths,Australia,Both,Age-standardized,Hypertensive heart disease,Rate,1985,4.548225293807308,4.969666015566101,4.0065742077929904
All Population,Deaths,Australia,Both,Age-standardized,Cardiomyopathy and myocarditis,Rate,1985,12.051285502484399,12.772547008998034,10.887008309018034
All Population,Deaths,Australia,Both,Age-standardized,Atrial fibrillation and flutter,Rate,1985,6.825077415627609,7.2965506825781885,6.0603934018883
All Population,Deaths,Australia,Both,Age-standardized,Aortic aneurysm,Rate,1985,7.867744637444137,8.241493223395187,7.3662690870889005
All Population,Deaths,Australia,Both,Age-standardized,Lower extremity peripheral arterial disease,Rate,1985,3.2615880551781613,3.550175476013649,2.9256781437500097
All Population,Deaths,Australia,Both,Age-standardized,Endocarditis,Rate,1985,0.4341776287604959,0.46893504601675423,0.3986022938003351
All Population,Deaths,Australia,Both,Age-standardized,Non-rheumatic valvular heart disease,Rate,1985,4.042905562032808,4.277871058930245,3.684850701330157
All Population,Deaths,Australia,Both,Age-standardized,Pulmonary Arterial Hypertension,Rate,1985,0.24252103812950757,0.3010577952274685,0.19752841534275362
All Population,Deaths,Australia,Both,Age-standardized,Pulmonary Arterial Hypertension,Rate,1986,0.2409342536552711,0.3013225993193092,0.19683295621007268
All Population,Deaths,Australia,Both,Age-standardized,Non-rheumatic valvular heart disease,Rate,1984,3.9422702119457664,4.16529409129091,3.632095238647869
All Population,Deaths,Australia,Both,Age-standardized,Pulmonary Arterial Hypertension,Rate,1984,0.24429958754290504,0.3010834073501997,0.19866778193742346
All Population,Deaths,Australia,Both,Age-standardized,Other cardiovascular and circulatory diseases,Rate,1987,3.183023368506745,3.3943859036129718,2.9358018825303245
All Population,Deaths,Australia,Both,Age-standardized,Other cardiovascular and circulatory diseases,Rate,1989,2.100335428691511,2.2275211541616837,1.9480992559865047
All Population,Deaths,Australia,Both,Age-standardized,Other cardiovascular and circulatory diseases,Rate,1988,2.2360713481605226,2.3835732089795933,2.0684188293065553
All Population,Deaths,Australia,Both,Age-standardized,Cardiovascular diseases,Rate,1987,312.4328962955366,324.7712052547403,289.9926634920341
All Population,Deaths,Australia,Both,Age-standardized,Rheumatic heart disease,Rate,1987,2.5790591501588556,2.7713164799950425,2.3547523235253243
All Population,Deaths,Australia,Both,Age-standardized,Ischemic heart disease,Rate,1987,200.52154762085038,207.87904186811713,187.1719753502092
All Population,Deaths,Australia,Both,Age-standardized,Stroke,Rate,1987,72.22377826064324,75.90419638125691,65.6874601104954
All Population,Deaths,Australia,Both,Age-standardized,Hypertensive heart disease,Rate,1987,3.8450951339665056,4.2037325792761795,3.4041219953538486
All Population,Deaths,Australia,Both,Age-standardized,Cardiomyopathy and myocarditis,Rate,1987,7.188675103566627,7.631796740635723,6.658703497343045
All Population,Deaths,Australia,Both,Age-standardized,Atrial fibrillation and flutter,Rate,1987,6.692937322878544,7.15275425478934,5.904886482947347
All Population,Deaths,Australia,Both,Age-standardized,Aortic aneurysm,Rate,1987,7.805508646895105,8.154529922490118,7.297010761811913
All Population,Deaths,Australia,Both,Age-standardized,Lower extremity peripheral arterial disease,Rate,1987,3.291300266385196,3.5805368794930756,2.920787451278717
All Population,Deaths,Australia,Both,Age-standardized,Endocarditis,Rate,1987,0.4865463315949118,0.5315224627010757,0.44698853614977124
All Population,Deaths,Australia,Both,Age-standardized,Non-rheumatic valvular heart disease,Rate,1987,4.375182751934403,4.629650529637169,3.9583779391397007
All Population,Deaths,Australia,Both,Age-standardized,Pulmonary Arterial Hypertension,Rate,1987,0.24024233815600446,0.30140082373643323,0.19542453369041887
All Population,Deaths,Australia,Both,Age-standardized,Cardiovascular diseases,Rate,1988,304.4407946830238,316.4055403562032,280.35964692196865
All Population,Deaths,Australia,Both,Age-standardized,Rheumatic heart disease,Rate,1988,2.5357205791513717,2.7394065447607003,2.3048763636414944
All Population,Deaths,Australia,Both,Age-standardized,Ischemic heart disease,Rate,1988,193.36601131626597,200.72269694716917,179.3465345398664
All Population,Deaths,Australia,Both,Age-standardized,Stroke,Rate,1988,70.59009403156236,74.47443487246986,63.67611827796403
All Population,Deaths,Australia,Both,Age-standardized,Hypertensive heart disease,Rate,1988,3.8313336314448603,4.201539917138818,3.3670026731884555
All Population,Deaths,Australia,Both,Age-standardized,Cardiomyopathy and myocarditis,Rate,1988,8.619048667334892,9.21419929133547,7.974824891081932
All Population,Deaths,Australia,Both,Age-standardized,Atrial fibrillation and flutter,Rate,1988,6.818656693890915,7.288487039953605,5.971613298669627
All Population,Deaths,Australia,Both,Age-standardized,Aortic aneurysm,Rate,1988,7.841563158222114,8.228625276407577,7.305738490599814
All Population,Deaths,Australia,Both,Age-standardized,Lower extremity peripheral arterial disease,Rate,1988,3.3926792351393114,3.6707919390261363,3.022606590714531
All Population,Deaths,Australia,Both,Age-standardized,Endocarditis,Rate,1988,0.5154768222541534,0.5610500164559019,0.4755405614768659
All Population,Deaths,Australia,Both,Age-standardized,Non-rheumatic valvular heart disease,Rate,1988,4.4574733706715834,4.715469240176467,4.02465142664367
All Population,Deaths,Australia,Both,Age-standardized,Pulmonary Arterial Hypertension,Rate,1988,0.23666582892565238,0.2964265213152465,0.19099008836546247
All Population,Deaths,Australia,Both,Age-standardized,Cardiovascular diseases,Rate,1989,299.88555991782135,312.1701255336016,275.90950647487483
All Population,Deaths,Australia,Both,Age-standardized,Rheumatic heart disease,Rate,1989,2.509447155980126,2.72408684223054,2.276238517139745
All Population,Deaths,Australia,Both,Age-standardized,Ischemic heart disease,Rate,1989,189.9429805938487,197.24513464252,175.622070622776
All Population,Deaths,Australia,Both,Age-standardized,Stroke,Rate,1989,69.33208081392512,73.12682742886437,62.43677327032449
All Population,Deaths,Australia,Both,Age-standardized,Hypertensive heart disease,Rate,1989,3.729677392700158,4.080487891420352,3.2517131180793144
All Population,Deaths,Australia,Both,Age-standardized,Cardiomyopathy and myocarditis,Rate,1989,8.782523591099253,9.394711427637212,8.05161237758554
All Population,Deaths,Australia,Both,Age-standardized,Atrial fibrillation and flutter,Rate,1989,6.938851367688948,7.418243922428627,6.065102885997452
All Population,Deaths,Australia,Both,Age-standardized,Aortic aneurysm,Rate,1989,7.749973500206573,8.114720579878862,7.16035394304332
All Population,Deaths,Australia,Both,Age-standardized,Lower extremity peripheral arterial disease,Rate,1989,3.5164913612320805,3.8026759985264973,3.1452800501457236
All Population,Deaths,Australia,Both,Age-standardized,Endocarditis,Rate,1989,0.5063472602841269,0.5490218680737622,0.4665986727216646
All Population,Deaths,Australia,Both,Age-standardized,Non-rheumatic valvular heart disease,Rate,1989,4.541493731910573,4.793834867332673,4.163224827619587
All Population,Deaths,Australia,Both,Age-standardized,Pulmonary Arterial Hypertension,Rate,1989,0.235357720254088,0.2933277985845522,0.18899290408690825
All Population,Deaths,Australia,Both,Age-standardized,Other cardiovascular and circulatory diseases,Rate,1990,1.941406279402546,2.0590869652127135,1.7890175010882816
All Population,Deaths,Australia,Both,Age-standardized,Cardiovascular diseases,Rate,1990,279.38939864164416,291.45739863601233,255.04268225665137
All Population,Deaths,Australia,Both,Age-standardized,Rheumatic heart disease,Rate,1990,2.2093557374139023,2.392132392276816,2.0241225904090783
All Population,Deaths,Australia,Both,Age-standardized,Ischemic heart disease,Rate,1990,176.062859405766,183.41092176502846,162.01752425327643
All Population,Deaths,Australia,Both,Age-standardized,Stroke,Rate,1990,64.50214658869903,67.99004066483704,57.54445901260535
All Population,Deaths,Australia,Both,Age-standardized,Hypertensive heart disease,Rate,1990,3.3552461847947277,3.682505938117978,2.907652884547409
All Population,Deaths,Australia,Both,Age-standardized,Cardiomyopathy and myocarditis,Rate,1990,8.020698232347673,8.579035167892503,7.331589709593916
All Population,Deaths,Australia,Both,Age-standardized,Atrial fibrillation and flutter,Rate,1990,6.839836499269752,7.342544244355001,5.944065558493831
All Population,Deaths,Australia,Both,Age-standardized,Aortic aneurysm,Rate,1990,7.699315079369985,8.069139309313623,7.144340187864233
All Population,Deaths,Australia,Both,Age-standardized,Lower extremity peripheral arterial disease,Rate,1990,3.517446060499292,3.7944570847168597,3.121412478118025
All Population,Deaths,Australia,Both,Age-standardized,Endocarditis,Rate,1990,0.4907433586848624,0.5291405837239194,0.44933560007222934
All Population,Deaths,Australia,Both,Age-standardized,Non-rheumatic valvular heart disease,Rate,1990,4.519436378582589,4.769780321772685,4.108863743796065
All Population,Deaths,Australia,Both,Age-standardized,Pulmonary Arterial Hypertension,Rate,1990,0.2309088368138998,0.28647241016210645,0.18299181179277543
All Population,Deaths,Australia,Both,Age-standardized,Other cardiovascular and circulatory diseases,Rate,1991,1.836156293965518,1.946655111874938,1.7003852342004586
All Population,Deaths,Australia,Both,Age-standardized,Cardiovascular diseases,Rate,1991,265.3788122698268,277.07072179624583,241.3913785351411
All Population,Deaths,Australia,Both,Age-standardized,Rheumatic heart disease,Rate,1991,2.14444019492977,2.3151908703142294,1.9541150915942298
All Population,Deaths,Australia,Both,Age-standardized,Ischemic heart disease,Rate,1991,166.66679923745372,173.94154649838137,152.83177264044986
All Population,Deaths,Australia,Both,Age-standardized,Stroke,Rate,1991,60.96626536159191,64.37136501764269,53.83287742085492
All Population,Deaths,Australia,Both,Age-standardized,Hypertensive heart disease,Rate,1991,3.2526731399063045,3.58462606095986,2.8055400364436287
All Population,Deaths,Australia,Both,Age-standardized,Cardiomyopathy and myocarditis,Rate,1991,7.652164935527122,8.194188317329303,7.031739343140517
All Population,Deaths,Australia,Both,Age-standardized,Atrial fibrillation and flutter,Rate,1991,6.859141177622838,7.3447899547747895,5.950681114094749
All Population,Deaths,Australia,Both,Age-standardized,Aortic aneurysm,Rate,1991,7.416607117807577,7.778935179660123,6.870868233627107
All Population,Deaths,Australia,Both,Age-standardized,Lower extremity peripheral arterial disease,Rate,1991,3.369598939115911,3.636926304061868,3.0110414416368836
All Population,Deaths,Australia,Both,Age-standardized,Endocarditis,Rate,1991,0.49695591928088784,0.5369079190731407,0.45306388972028155
All Population,Deaths,Australia,Both,Age-standardized,Non-rheumatic valvular heart disease,Rate,1991,4.489003510304375,4.755602496202514,4.041294297080535
All Population,Deaths,Australia,Both,Age-standardized,Pulmonary Arterial Hypertension,Rate,1991,0.22900644232105455,0.2811598383102583,0.18214133906606292
All Population,Deaths,Australia,Both,Age-standardized,Other cardiovascular and circulatory diseases,Rate,1992,1.8176040827117044,1.9371186584107694,1.6897960644888503
All Population,Deaths,Australia,Both,Age-standardized,Cardiovascular diseases,Rate,1992,261.2566241133888,272.43919416788015,238.74123996834874
All Population,Deaths,Australia,Both,Age-standardized,Rheumatic heart disease,Rate,1992,2.0500612521669557,2.2151522501594036,1.8620508769961486
All Population,Deaths,Australia,Both,Age-standardized,Ischemic heart disease,Rate,1992,163.9221312782475,170.94118910009146,151.11462197577248
All Population,Deaths,Australia,Both,Age-standardized,Stroke,Rate,1992,59.512156433676154,62.790548552697196,52.61538494274104
All Population,Deaths,Australia,Both,Age-standardized,Hypertensive heart disease,Rate,1992,3.271625330463113,3.5971683962978855,2.830468624120607
All Population,Deaths,Australia,Both,Age-standardized,Cardiomyopathy and myocarditis,Rate,1992,7.424071679751129,7.964122253971439,6.868257173933545
All Population,Deaths,Australia,Both,Age-standardized,Atrial fibrillation and flutter,Rate,1992,6.958232283353559,7.468031957099788,6.041244984802989
All Population,Deaths,Australia,Both,Age-standardized,Aortic aneurysm,Rate,1992,7.430155804190135,7.804674363297276,6.943107644407287
All Population,Deaths,Australia,Both,Age-standardized,Lower extremity peripheral arterial disease,Rate,1992,3.4525398032961037,3.716372742751812,3.100281164300837
All Population,Deaths,Australia,Both,Age-standardized,Endocarditis,Rate,1992,0.5373449604859728,0.5753330715751334,0.49101841944405783
All Population,Deaths,Australia,Both,Age-standardized,Non-rheumatic valvular heart disease,Rate,1992,4.651470563852111,4.944001514257073,4.197603224095901
All Population,Deaths,Australia,Both,Age-standardized,Pulmonary Arterial Hypertension,Rate,1992,0.22923064119436143,0.28062431720624115,0.18207916150654999
All Population,Deaths,Australia,Both,Age-standardized,Other cardiovascular and circulatory diseases,Rate,1994,1.6962866682731503,1.796402979026167,1.5855137800010575
All Population,Deaths,Australia,Both,Age-standardized,Other cardiovascular and circulatory diseases,Rate,1993,1.7611115378106963,1.8664405377522009,1.6445203271155613
All Population,Deaths,Australia,Both,Age-standardized,Other cardiovascular and circulatory diseases,Rate,1995,1.6285806280500517,1.7221646554087922,1.5232992815189783
All Population,Deaths,Australia,Both,Age-standardized,Cardiovascular diseases,Rate,1993,251.47622180845525,262.28827621451205,228.68400365337502
All Population,Deaths,Australia,Both,Age-standardized,Rheumatic heart disease,Rate,1993,1.9942223854464478,2.155639437540915,1.8170577200188758
All Population,Deaths,Australia,Both,Age-standardized,Ischemic heart disease,Rate,1993,156.23673426069593,163.31882374236048,143.4421322776936
All Population,Deaths,Australia,Both,Age-standardized,Stroke,Rate,1993,58.61293875100378,61.945042113273914,51.57295847865921
All Population,Deaths,Australia,Both,Age-standardized,Hypertensive heart disease,Rate,1993,3.3730401811320108,3.7232555535626486,2.9219013900365858
All Population,Deaths,Australia,Both,Age-standardized,Cardiomyopathy and myocarditis,Rate,1993,6.726265351409343,7.200550334880506,6.186298284015288
All Population,Deaths,Australia,Both,Age-standardized,Atrial fibrillation and flutter,Rate,1993,6.9466966561652725,7.489129377263305,6.083108314006181
All Population,Deaths,Australia,Both,Age-standardized,Aortic aneurysm,Rate,1993,7.1064508460652975,7.462362998033962,6.62386723936198
All Population,Deaths,Australia,Both,Age-standardized,Lower extremity peripheral arterial disease,Rate,1993,3.2329111304375777,3.501618873497226,2.879483453218344
All Population,Deaths,Australia,Both,Age-standardized,Endocarditis,Rate,1993,0.521519933638811,0.5558799812369958,0.47884212422555655
All Population,Deaths,Australia,Both,Age-standardized,Non-rheumatic valvular heart disease,Rate,1993,4.73596942120928,5.034698116393785,4.242983233924425
All Population,Deaths,Australia,Both,Age-standardized,Cardiovascular diseases,Rate,1994,247.5713740660011,258.74675503554977,224.78211422041306
All Population,Deaths,Australia,Both,Age-standardized,Rheumatic heart disease,Rate,1994,1.9137680496654683,2.0751801926575504,1.7406956592238119
All Population,Deaths,Australia,Both,Age-standardized,Ischemic heart disease,Rate,1994,152.80694997902154,159.72065991335035,139.8554765715925
All Population,Deaths,Australia,Both,Age-standardized,Stroke,Rate,1994,58.875869648349806,62.39064841662529,51.82099859088158
All Population,Deaths,Australia,Both,Age-standardized,Hypertensive heart disease,Rate,1994,3.283822695461111,3.6197581380044066,2.837608867221904
All Population,Deaths,Australia,Both,Age-standardized,Cardiomyopathy and myocarditis,Rate,1994,6.333169552373286,6.746009306941267,5.7886146429647845
All Population,Deaths,Australia,Both,Age-standardized,Atrial fibrillation and flutter,Rate,1994,7.034364267285814,7.555466410288143,6.176247943997685
All Population,Deaths,Australia,Both,Age-standardized,Aortic aneurysm,Rate,1994,7.055223102034477,7.422586774468092,6.59679054391566
All Population,Deaths,Australia,Both,Age-standardized,Lower extremity peripheral arterial disease,Rate,1994,3.09825293112593,3.363428587094211,2.7397439818645717
All Population,Deaths,Australia,Both,Age-standardized,Endocarditis,Rate,1994,0.5124506523069687,0.5452798435010002,0.4728347677051047
All Population,Deaths,Australia,Both,Age-standardized,Non-rheumatic valvular heart disease,Rate,1994,4.732248834247622,5.017016752353042,4.235232026602988
All Population,Deaths,Australia,Both,Age-standardized,Pulmonary Arterial Hypertension,Rate,1993,0.22836135344072367,0.2808743250144217,0.18371601987347383
All Population,Deaths,Australia,Both,Age-standardized,Pulmonary Arterial Hypertension,Rate,1994,0.22896768585593838,0.27924978084987845,0.18292573051582958
All Population,Deaths,Australia,Both,Age-standardized,Other cardiovascular and circulatory diseases,Rate,1996,1.599345122005458,1.690717973680435,1.4978349206346702
All Population,Deaths,Australia,Both,Age-standardized,Cardiovascular diseases,Rate,1995,236.26412414061414,247.3170362020355,213.31447536562254
All Population,Deaths,Australia,Both,Age-standardized,Rheumatic heart disease,Rate,1995,1.8594025745340388,2.018378324626793,1.6851551318570785
All Population,Deaths,Australia,Both,Age-standardized,Ischemic heart disease,Rate,1995,145.0060218475865,151.85501285829793,131.75363891359876
All Population,Deaths,Australia,Both,Age-standardized,Stroke,Rate,1995,56.664258632232446,60.167979845213374,49.9892993975359
All Population,Deaths,Australia,Both,Age-standardized,Hypertensive heart disease,Rate,1995,3.1214505126183525,3.441667062202247,2.70291987958191
All Population,Deaths,Australia,Both,Age-standardized,Cardiomyopathy and myocarditis,Rate,1995,5.891099971746909,6.315133403566106,5.377003362599862
All Population,Deaths,Australia,Both,Age-standardized,Atrial fibrillation and flutter,Rate,1995,6.994564219332729,7.518730670251398,6.105576263365276
All Population,Deaths,Australia,Both,Age-standardized,Aortic aneurysm,Rate,1995,6.744757096180988,7.098953734736595,6.298130758636232
All Population,Deaths,Australia,Both,Age-standardized,Lower extremity peripheral arterial disease,Rate,1995,3.0070176327306353,3.2426046546527623,2.6467814577939914
All Population,Deaths,Australia,Both,Age-standardized,Endocarditis,Rate,1995,0.4991251738561225,0.5317228660787682,0.4616752584830191
All Population,Deaths,Australia,Both,Age-standardized,Non-rheumatic valvular heart disease,Rate,1995,4.621742315817486,4.913708352662761,4.125667483723255
All Population,Deaths,Australia,Both,Age-standardized,Pulmonary Arterial Hypertension,Rate,1995,0.22610353592789637,0.2792959316413564,0.18145250424836878
All Population,Deaths,Australia,Both,Age-standardized,Other cardiovascular and circulatory diseases,Rate,1997,1.6667925516640798,1.7619363752105461,1.5530757066505012
All Population,Deaths,Australia,Both,Age-standardized,Other cardiovascular and circulatory diseases,Rate,1998,1.7494018515725607,1.8562167597130421,1.625004166218033
All Population,Deaths,Australia,Both,Age-standardized,Cardiovascular diseases,Rate,1996,227.80472321215868,238.62037127698315,206.1798515776841
All Population,Deaths,Australia,Both,Age-standardized,Rheumatic heart disease,Rate,1996,1.7579659778244088,1.9102983928366697,1.59021151839388
All Population,Deaths,Australia,Both,Age-standardized,Ischemic heart disease,Rate,1996,139.85213406135347,146.59611746925074,127.60130627617384
All Population,Deaths,Australia,Both,Age-standardized,Stroke,Rate,1996,54.339857292739374,57.77740235843941,48.238545865589295
All Population,Deaths,Australia,Both,Age-standardized,Hypertensive heart disease,Rate,1996,3.003233208008795,3.3230176749480047,2.5934963748113997
All Population,Deaths,Australia,Both,Age-standardized,Cardiomyopathy and myocarditis,Rate,1996,5.601081310833152,5.993711516835096,5.181134649690364
All Population,Deaths,Australia,Both,Age-standardized,Atrial fibrillation and flutter,Rate,1996,7.072656652342164,7.5919283310074785,6.121485178745307
All Population,Deaths,Australia,Both,Age-standardized,Aortic aneurysm,Rate,1996,6.556032261516704,6.90760933754686,6.099676763852539
All Population,Deaths,Australia,Both,Age-standardized,Lower extremity peripheral arterial disease,Rate,1996,2.816709093440814,3.0412497732608488,2.477004013771916
All Population,Deaths,Australia,Both,Age-standardized,Endocarditis,Rate,1996,0.46442332376358264,0.4948048443980545,0.43017179187840965
All Population,Deaths,Australia,Both,Age-standardized,Non-rheumatic valvular heart disease,Rate,1996,4.5147874331232405,4.823942971132678,4.040596251888504
All Population,Deaths,Australia,Both,Age-standardized,Pulmonary Arterial Hypertension,Rate,1996,0.22649747520772093,0.2804050278926032,0.18151298033078056
All Population,Deaths,Australia,Both,Age-standardized,Cardiovascular diseases,Rate,1998,206.15444483889823,216.73043500853206,186.45346063586118
All Population,Deaths,Australia,Both,Age-standardized,Rheumatic heart disease,Rate,1998,1.3148473430112524,1.4310073904675586,1.1896325092775306
All Population,Deaths,Australia,Both,Age-standardized,Ischemic heart disease,Rate,1998,126.05112319448665,132.55784063871312,114.75936236894617
All Population,Deaths,Australia,Both,Age-standardized,Stroke,Rate,1998,48.79533538407888,51.53716312703311,43.235575739418756
All Population,Deaths,Australia,Both,Age-standardized,Hypertensive heart disease,Rate,1998,2.605245451117343,2.903825777826444,2.2221647660098434
All Population,Deaths,Australia,Both,Age-standardized,Cardiomyopathy and myocarditis,Rate,1998,5.0653753481020685,5.422039191239631,4.6803676692090015
All Population,Deaths,Australia,Both,Age-standardized,Atrial fibrillation and flutter,Rate,1998,7.108147028665927,7.6519359541657535,6.102372280422227
All Population,Deaths,Australia,Both,Age-standardized,Aortic aneurysm,Rate,1998,6.068249201684875,6.367229761209134,5.655365174762931
All Population,Deaths,Australia,Both,Age-standardized,Lower extremity peripheral arterial disease,Rate,1998,2.6920201813431817,2.9166098390421342,2.328506931123493
All Population,Deaths,Australia,Both,Age-standardized,Endocarditis,Rate,1998,0.8603573059488159,0.9279292699631904,0.7813042745683841
All Population,Deaths,Australia,Both,Age-standardized,Non-rheumatic valvular heart disease,Rate,1998,3.619734007579879,3.8728225413745725,3.230211442876305
All Population,Deaths,Australia,Both,Age-standardized,Pulmonary Arterial Hypertension,Rate,1998,0.22460854130678523,0.27917653634331113,0.18045313525533987
All Population,Deaths,Australia,Both,Age-standardized,Cardiovascular diseases,Rate,1997,214.6743185278013,225.46729379307348,195.12604043581322
All Population,Deaths,Australia,Both,Age-standardized,Rheumatic heart disease,Rate,1997,1.603176170165843,1.7429256636249373,1.4477560877595232
All Population,Deaths,Australia,Both,Age-standardized,Ischemic heart disease,Rate,1997,132.2087837090271,139.10691696459693,121.10806143913032
All Population,Deaths,Australia,Both,Age-standardized,Stroke,Rate,1997,49.997569514002684,53.06818345056249,44.38276324372035
All Population,Deaths,Australia,Both,Age-standardized,Hypertensive heart disease,Rate,1997,2.723510250407421,3.014037007712362,2.34848368537379
All Population,Deaths,Australia,Both,Age-standardized,Cardiomyopathy and myocarditis,Rate,1997,5.4825654672955055,5.894014844141675,5.055023251590295
All Population,Deaths,Australia,Both,Age-standardized,Atrial fibrillation and flutter,Rate,1997,7.075221708121977,7.65387298616839,6.103987795995071
All Population,Deaths,Australia,Both,Age-standardized,Aortic aneurysm,Rate,1997,6.3952840942549365,6.729034594754274,5.904839543268104
All Population,Deaths,Australia,Both,Age-standardized,Lower extremity peripheral arterial disease,Rate,1997,2.737053719919194,2.9558449788864505,2.3924691532799236
All Population,Deaths,Australia,Both,Age-standardized,Endocarditis,Rate,1997,0.5152398060002062,0.5510730402841931,0.4745248809408692
All Population,Deaths,Australia,Both,Age-standardized,Non-rheumatic valvular heart disease,Rate,1997,4.04433270046357,4.3145843692961074,3.618104138929551
All Population,Deaths,Australia,Both,Age-standardized,Pulmonary Arterial Hypertension,Rate,1997,0.22478883647860234,0.27633341111057885,0.18047625426186434
All Population,Deaths,Australia,Both,Age-standardized,Other cardiovascular and circulatory diseases,Rate,1999,1.7189897507549672,1.8388978552604023,1.5952706540656367
All Population,Deaths,Australia,Both,Age-standardized,Cardiovascular diseases,Rate,1999,196.66175428710488,206.6036178075568,177.94394410566937
All Population,Deaths,Australia,Both,Age-standardized,Rheumatic heart disease,Rate,1999,1.3194466807899174,1.4373692295423985,1.1836755068540414
All Population,Deaths,Australia,Both,Age-standardized,Ischemic heart disease,Rate,1999,118.96969208411332,125.05188447842872,108.48866197513397
All Population,Deaths,Australia,Both,Age-standardized,Stroke,Rate,1999,47.22014267447091,50.09499154735625,41.79862509710501
All Population,Deaths,Australia,Both,Age-standardized,Hypertensive heart disease,Rate,1999,2.4263830870545258,2.7007722474408524,2.055899914936196
All Population,Deaths,Australia,Both,Age-standardized,Cardiomyopathy and myocarditis,Rate,1999,4.604047102942613,4.934463941293579,4.23975971388231
All Population,Deaths,Australia,Both,Age-standardized,Atrial fibrillation and flutter,Rate,1999,7.114494955964061,7.678229898721183,6.126671604994177
All Population,Deaths,Australia,Both,Age-standardized,Aortic aneurysm,Rate,1999,5.83562118197593,6.154125982367214,5.435652738070289
All Population,Deaths,Australia,Both,Age-standardized,Lower extremity peripheral arterial disease,Rate,1999,2.69200665234834,2.9208392712674907,2.3145032562717627
All Population,Deaths,Australia,Both,Age-standardized,Endocarditis,Rate,1999,0.9875091989391607,1.0691622019601175,0.8833315847820835
All Population,Deaths,Australia,Both,Age-standardized,Non-rheumatic valvular heart disease,Rate,1999,3.552541807987254,3.8056119742275554,3.1596492303517643
All Population,Deaths,Australia,Both,Age-standardized,Pulmonary Arterial Hypertension,Rate,1999,0.22087910976384517,0.27500118122771294,0.1777824840995576
All Population,Deaths,Australia,Both,Age-standardized,Other cardiovascular and circulatory diseases,Rate,2000,1.7584429224501488,1.883785848614758,1.63765725076225
All Population,Deaths,Australia,Both,Age-standardized,Other cardiovascular and circulatory diseases,Rate,2001,1.7455236692993965,1.8726829306480421,1.6155311410653426
All Population,Deaths,Australia,Both,Age-standardized,Cardiovascular diseases,Rate,2000,185.31964416372207,195.29046653387334,166.7073816606505
All Population,Deaths,Australia,Both,Age-standardized,Rheumatic heart disease,Rate,2000,1.301991994051896,1.4249767316408337,1.1640441402724626
All Population,Deaths,Australia,Both,Age-standardized,Ischemic heart disease,Rate,2000,110.4153594571961,116.41524226122469,99.88459877107955
All Population,Deaths,Australia,Both,Age-standardized,Stroke,Rate,2000,45.116895094098744,48.12498498895389,39.990228386900604
All Population,Deaths,Australia,Both,Age-standardized,Hypertensive heart disease,Rate,2000,2.4327090204766777,2.70111507173697,2.0764419279301753
All Population,Deaths,Australia,Both,Age-standardized,Cardiomyopathy and myocarditis,Rate,2000,4.466646975682042,4.803269001122007,4.119091505737263
All Population,Deaths,Australia,Both,Age-standardized,Atrial fibrillation and flutter,Rate,2000,7.107461456057755,7.653252633802543,6.156635934552566
All Population,Deaths,Australia,Both,Age-standardized,Aortic aneurysm,Rate,2000,5.40193131933613,5.711828971528577,5.013508014339654
All Population,Deaths,Australia,Both,Age-standardized,Lower extremity peripheral arterial disease,Rate,2000,2.6050357805675985,2.8363370310995224,2.243568991254837
All Population,Deaths,Australia,Both,Age-standardized,Endocarditis,Rate,2000,1.0000491800970643,1.0832618538163028,0.9042170943667923
All Population,Deaths,Australia,Both,Age-standardized,Non-rheumatic valvular heart disease,Rate,2000,3.494942197143404,3.7386406146836144,3.0669618547998105
All Population,Deaths,Australia,Both,Age-standardized,Pulmonary Arterial Hypertension,Rate,2000,0.21817876656435078,0.2724522122221804,0.17497512386677475
All Population,Deaths,Australia,Both,Age-standardized,Cardiovascular diseases,Rate,2001,177.65984641849144,187.20138137683986,159.62133288743107
All Population,Deaths,Australia,Both,Age-standardized,Rheumatic heart disease,Rate,2001,1.2368502297128228,1.3546574614354217,1.0968063802227572
All Population,Deaths,Australia,Both,Age-standardized,Ischemic heart disease,Rate,2001,104.83249061856877,110.53178438934438,94.6606280439443
All Population,Deaths,Australia,Both,Age-standardized,Stroke,Rate,2001,43.29155969963217,46.16900232658569,38.33310714222134
All Population,Deaths,Australia,Both,Age-standardized,Hypertensive heart disease,Rate,2001,2.4006814085540524,2.657583850282854,2.0352499555491863
All Population,Deaths,Australia,Both,Age-standardized,Cardiomyopathy and myocarditis,Rate,2001,4.464856142320218,4.805061727275874,4.1323079051472416
All Population,Deaths,Australia,Both,Age-standardized,Atrial fibrillation and flutter,Rate,2001,7.185429043049733,7.755097599130381,6.220628054626278
All Population,Deaths,Australia,Both,Age-standardized,Aortic aneurysm,Rate,2001,5.1773516980479455,5.481920027593723,4.76883796735282
All Population,Deaths,Australia,Both,Age-standardized,Lower extremity peripheral arterial disease,Rate,2001,2.6611112728472284,2.904456899143727,2.3017899136547504
All Population,Deaths,Australia,Both,Age-standardized,Endocarditis,Rate,2001,0.9520875761568777,1.0313813467731363,0.8571289420832706
All Population,Deaths,Australia,Both,Age-standardized,Non-rheumatic valvular heart disease,Rate,2001,3.4945724464250763,3.756933564248239,3.0697731059880446
All Population,Deaths,Australia,Both,Age-standardized,Pulmonary Arterial Hypertension,Rate,2001,0.21733261387729805,0.27199890404818383,0.17536962950710577
All Population,Deaths,Australia,Both,Age-standardized,Cardiovascular diseases,Rate,2002,171.30430850656265,180.70528224836988,153.59410240185008
All Population,Deaths,Australia,Both,Age-standardized,Rheumatic heart disease,Rate,2002,1.2388853027167601,1.3573831865624328,1.1048851193532474
All Population,Deaths,Australia,Both,Age-standardized,Ischemic heart disease,Rate,2002,99.83924773738282,105.1730986481304,89.8728629546896
All Population,Deaths,Australia,Both,Age-standardized,Stroke,Rate,2002,42.21756147778301,45.286927313539586,37.38839961850454
All Population,Deaths,Australia,Both,Age-standardized,Hypertensive heart disease,Rate,2002,2.3950594361921396,2.653108918811346,2.0239983675951234
All Population,Deaths,Australia,Both,Age-standardized,Cardiomyopathy and myocarditis,Rate,2002,4.424531545046417,4.7830155736851685,4.09467284947466
All Population,Deaths,Australia,Both,Age-standardized,Atrial fibrillation and flutter,Rate,2002,7.370394633310676,7.921921022360871,6.406364995577075
All Population,Deaths,Australia,Both,Age-standardized,Aortic aneurysm,Rate,2002,5.0607964798453065,5.3610492006528805,4.637085849185943
All Population,Deaths,Australia,Both,Age-standardized,Lower extremity peripheral arterial disease,Rate,2002,2.5381535668035404,2.779535016659783,2.1974144252024526
All Population,Deaths,Australia,Both,Age-standardized,Endocarditis,Rate,2002,0.9289455460497203,1.00987167603675,0.8257221750190699
All Population,Deaths,Australia,Both,Age-standardized,Non-rheumatic valvular heart disease,Rate,2002,3.33283316724081,3.5767165970751567,2.9475558569806055
All Population,Deaths,Australia,Both,Age-standardized,Pulmonary Arterial Hypertension,Rate,2002,0.21554660544658438,0.2703095845120589,0.17561855102027646
All Population,Deaths,Australia,Both,Age-standardized,Other cardiovascular and circulatory diseases,Rate,2002,1.7423530087447825,1.8700540268659076,1.619725367887547
All Population,Deaths,Australia,Both,Age-standardized,Cardiovascular diseases,Rate,2003,162.26680099432525,171.5825322023377,144.33424828234382
All Population,Deaths,Australia,Both,Age-standardized,Rheumatic heart disease,Rate,2003,1.2236666425252236,1.3331870230157772,1.0827264688733447
All Population,Deaths,Australia,Both,Age-standardized,Ischemic heart disease,Rate,2003,94.09239922027061,99.37131231940414,84.06731225240763
All Population,Deaths,Australia,Both,Age-standardized,Stroke,Rate,2003,39.88148820188145,42.796528150914924,34.94294475664575
All Population,Deaths,Australia,Both,Age-standardized,Hypertensive heart disease,Rate,2003,2.2857715263762883,2.532204553430267,1.9392546103198747
All Population,Deaths,Australia,Both,Age-standardized,Cardiomyopathy and myocarditis,Rate,2003,4.089003239912992,4.4167881658851575,3.7574537389515856
All Population,Deaths,Australia,Both,Age-standardized,Atrial fibrillation and flutter,Rate,2003,7.442687188378973,7.987632309834956,6.473079789335272
All Population,Deaths,Australia,Both,Age-standardized,Aortic aneurysm,Rate,2003,4.7504998318705125,5.046537631536466,4.312233308931738
All Population,Deaths,Australia,Both,Age-standardized,Lower extremity peripheral arterial disease,Rate,2003,2.438827529259058,2.6621941171653685,2.0912738984385553
All Population,Deaths,Australia,Both,Age-standardized,Endocarditis,Rate,2003,0.9394271264459025,1.01864505950281,0.8307311718094347
All Population,Deaths,Australia,Both,Age-standardized,Cardiovascular diseases,Rate,2004,153.99738897876128,162.7373273619937,136.30605739327967
All Population,Deaths,Australia,Both,Age-standardized,Rheumatic heart disease,Rate,2004,1.1495685656886812,1.2556421909911335,1.0065695640547156
All Population,Deaths,Australia,Both,Age-standardized,Ischemic heart disease,Rate,2004,88.57314232202619,93.83409293124762,78.77105383754076
All Population,Deaths,Australia,Both,Age-standardized,Stroke,Rate,2004,37.777229138809446,40.54545100109945,33.04273887649411
All Population,Deaths,Australia,Both,Age-standardized,Hypertensive heart disease,Rate,2004,2.2143983163939303,2.4802235715589855,1.8734306675579884
All Population,Deaths,Australia,Both,Age-standardized,Cardiomyopathy and myocarditis,Rate,2004,3.9325042243130883,4.258803762023296,3.5939219711453
All Population,Deaths,Australia,Both,Age-standardized,Atrial fibrillation and flutter,Rate,2004,7.530736387351135,8.099962000840405,6.542465274110775
All Population,Deaths,Australia,Both,Age-standardized,Aortic aneurysm,Rate,2004,4.5270959042827075,4.813161666226749,4.083852437962291
All Population,Deaths,Australia,Both,Age-standardized,Lower extremity peripheral arterial disease,Rate,2004,2.3185691394987864,2.5199616121958566,1.9785220137471373
All Population,Deaths,Australia,Both,Age-standardized,Endocarditis,Rate,2004,0.9819987125729491,1.0708458176340594,0.8732983383581041
All Population,Deaths,Australia,Both,Age-standardized,Non-rheumatic valvular heart disease,Rate,2003,3.1551431703528534,3.382603519060978,2.7729471703749797
All Population,Deaths,Australia,Both,Age-standardized,Non-rheumatic valvular heart disease,Rate,2004,3.0160513075139836,3.264592766609377,2.6567118192670702
All Population,Deaths,Australia,Both,Age-standardized,Pulmonary Arterial Hypertension,Rate,2004,0.2139437620944667,0.2658298932067744,0.17373886041507403
All Population,Deaths,Australia,Both,Age-standardized,Cardiovascular diseases,Rate,2005,145.25640970071362,154.08529190166462,129.20484527933064
All Population,Deaths,Australia,Both,Age-standardized,Rheumatic heart disease,Rate,2005,1.183288033940948,1.2908335760900387,1.0337694307852332
All Population,Deaths,Australia,Both,Age-standardized,Ischemic heart disease,Rate,2005,82.69020374490404,87.69836584417251,73.52969058069405
All Population,Deaths,Australia,Both,Age-standardized,Stroke,Rate,2005,35.493874749233086,38.21244315176197,31.116234652882508
All Population,Deaths,Australia,Both,Age-standardized,Hypertensive heart disease,Rate,2005,2.1919685600036822,2.4469191722683634,1.8664418939755625
All Population,Deaths,Australia,Both,Age-standardized,Cardiomyopathy and myocarditis,Rate,2005,3.7371598776518526,4.04447359972626,3.3918380999786066
All Population,Deaths,Australia,Both,Age-standardized,Atrial fibrillation and flutter,Rate,2005,7.433180269025983,7.990961572103892,6.4873433394927895
All Population,Deaths,Australia,Both,Age-standardized,Aortic aneurysm,Rate,2005,4.252635293790668,4.520645299595976,3.8503180060948674
All Population,Deaths,Australia,Both,Age-standardized,Lower extremity peripheral arterial disease,Rate,2005,2.2419236998795076,2.462130210579678,1.9211537161100884
All Population,Deaths,Australia,Both,Age-standardized,Endocarditis,Rate,2005,0.936415358391498,1.0285067657927054,0.8318212215558112
All Population,Deaths,Australia,Both,Age-standardized,Non-rheumatic valvular heart disease,Rate,2005,3.1164940324157078,3.3734061616164075,2.729380190751543
All Population,Deaths,Australia,Both,Age-standardized,Pulmonary Arterial Hypertension,Rate,2005,0.2095778179493825,0.25959935718910954,0.16901080962829168
All Population,Deaths,Australia,Both,Age-standardized,Pulmonary Arterial Hypertension,Rate,2003,0.21518606792108763,0.2678332567058681,0.17607647368528248
All Population,Deaths,Australia,Both,Age-standardized,Other cardiovascular and circulatory diseases,Rate,2005,1.7696882635272384,1.9220607505933291,1.6224285849098565
All Population,Deaths,Australia,Both,Age-standardized,Other cardiovascular and circulatory diseases,Rate,2003,1.7527012491303084,1.8875864887945961,1.6250765438820867
All Population,Deaths,Australia,Both,Age-standardized,Cardiovascular diseases,Rate,2007,137.37551853403292,145.7735060849065,121.42082062844776
All Population,Deaths,Australia,Both,Age-standardized,Rheumatic heart disease,Rate,2007,1.1576463821082517,1.2651881123532172,1.0203823463251418
All Population,Deaths,Australia,Both,Age-standardized,Ischemic heart disease,Rate,2007,76.1868842263936,80.76502647953062,67.77944990624779
All Population,Deaths,Australia,Both,Age-standardized,Stroke,Rate,2007,33.76511874778801,36.42462379374025,29.273437920614327
All Population,Deaths,Australia,Both,Age-standardized,Hypertensive heart disease,Rate,2007,2.2558967466686264,2.519609310788715,1.8947619710140338
All Population,Deaths,Australia,Both,Age-standardized,Cardiomyopathy and myocarditis,Rate,2007,3.7199539105537394,4.018988933685782,3.350526414462866
All Population,Deaths,Australia,Both,Age-standardized,Atrial fibrillation and flutter,Rate,2007,7.405456680227163,7.976925292568783,6.407422144919924
All Population,Deaths,Australia,Both,Age-standardized,Aortic aneurysm,Rate,2007,4.032220618143145,4.283573892286034,3.6367412585525103
All Population,Deaths,Australia,Both,Age-standardized,Lower extremity peripheral arterial disease,Rate,2007,2.07595276981125,2.280765589011214,1.7611585712651339
All Population,Deaths,Australia,Both,Age-standardized,Endocarditis,Rate,2007,0.9923454672994033,1.095062803244177,0.8626251098363845
All Population,Deaths,Australia,Both,Age-standardized,Non-rheumatic valvular heart disease,Rate,2007,3.5063845867342303,3.79383960352343,3.0609923701468476
All Population,Deaths,Australia,Both,Age-standardized,Pulmonary Arterial Hypertension,Rate,2007,0.20614253992175957,0.25141429133406235,0.16810210415952748
All Population,Deaths,Australia,Both,Age-standardized,Other cardiovascular and circulatory diseases,Rate,2004,1.7621511982159552,1.9126575529879082,1.6214027855226596
All Population,Deaths,Australia,Both,Age-standardized,Cardiovascular diseases,Rate,2006,139.69666092793693,148.05614830317538,123.75176762700329
All Population,Deaths,Australia,Both,Age-standardized,Rheumatic heart disease,Rate,2006,1.168418100613503,1.2764163048343418,1.0259335795998614
All Population,Deaths,Australia,Both,Age-standardized,Ischemic heart disease,Rate,2006,78.40045096723654,83.19750710942427,69.6865293833489
All Population,Deaths,Australia,Both,Age-standardized,Stroke,Rate,2006,34.13339761406707,36.6345492692951,29.810982491736095
All Population,Deaths,Australia,Both,Age-standardized,Hypertensive heart disease,Rate,2006,2.167368398148168,2.4158191676221117,1.8370935757062903
All Population,Deaths,Australia,Both,Age-standardized,Cardiomyopathy and myocarditis,Rate,2006,3.7386998030890166,4.018014175860697,3.399149452157428
All Population,Deaths,Australia,Both,Age-standardized,Atrial fibrillation and flutter,Rate,2006,7.346372387206287,7.936362369382865,6.3878456552885305
All Population,Deaths,Australia,Both,Age-standardized,Aortic aneurysm,Rate,2006,4.132113070113579,4.395317517909077,3.740453755243329
All Population,Deaths,Australia,Both,Age-standardized,Lower extremity peripheral arterial disease,Rate,2006,2.096298610840806,2.298017798156221,1.7907232238478923
All Population,Deaths,Australia,Both,Age-standardized,Endocarditis,Rate,2006,0.9468787991521426,1.0393719005431141,0.8368486284020433
All Population,Deaths,Australia,Both,Age-standardized,Non-rheumatic valvular heart disease,Rate,2006,3.4155210720396387,3.703309559614685,2.9851315442178166
All Population,Deaths,Australia,Both,Age-standardized,Pulmonary Arterial Hypertension,Rate,2006,0.20614811778352693,0.2495337888682625,0.16649151594696057
All Population,Deaths,Australia,Both,Age-standardized,Cardiovascular diseases,Rate,2008,135.97691799135785,144.6990585880092,121.02148828758402
All Population,Deaths,Australia,Both,Age-standardized,Rheumatic heart disease,Rate,2008,1.2353873342166688,1.3509006891604223,1.0915195738838106
All Population,Deaths,Australia,Both,Age-standardized,Ischemic heart disease,Rate,2008,74.75399078808665,79.50409102534992,66.90796585704999
All Population,Deaths,Australia,Both,Age-standardized,Stroke,Rate,2008,33.444341887194,36.140847512574034,28.913086788385097
All Population,Deaths,Australia,Both,Age-standardized,Hypertensive heart disease,Rate,2008,2.3621370985136245,2.6426101847195356,1.992754221357799
All Population,Deaths,Australia,Both,Age-standardized,Cardiomyopathy and myocarditis,Rate,2008,3.7687645188636005,4.071442844478859,3.405735127357906
All Population,Deaths,Australia,Both,Age-standardized,Atrial fibrillation and flutter,Rate,2008,7.526255808871265,8.10344373231596,6.487941023087107
All Population,Deaths,Australia,Both,Age-standardized,Aortic aneurysm,Rate,2008,3.886076654622392,4.1301786529654665,3.5104706844299796
All Population,Deaths,Australia,Both,Age-standardized,Lower extremity peripheral arterial disease,Rate,2008,2.0961005726288153,2.28929192824156,1.7781628235346965
All Population,Deaths,Australia,Both,Age-standardized,Endocarditis,Rate,2008,0.9670387117049275,1.062321180537067,0.8399508576709936
All Population,Deaths,Australia,Both,Age-standardized,Non-rheumatic valvular heart disease,Rate,2008,3.672726633870982,3.969490380186529,3.211377704677458
All Population,Deaths,Australia,Both,Age-standardized,Pulmonary Arterial Hypertension,Rate,2008,0.19967170712988808,0.24173343956825694,0.1665538321924344
All Population,Deaths,Australia,Both,Age-standardized,Other cardiovascular and circulatory diseases,Rate,2007,2.071515858383723,2.2334385178566407,1.883276178263477
All Population,Deaths,Australia,Both,Age-standardized,Other cardiovascular and circulatory diseases,Rate,2006,1.9449939876466769,2.1015977270528516,1.7783908243187736
All Population,Deaths,Australia,Both,Age-standardized,Cardiovascular diseases,Rate,2009,128.21438179832722,136.56449431016082,112.9691842091881
All Population,Deaths,Australia,Both,Age-standardized,Rheumatic heart disease,Rate,2009,1.1950480800767096,1.2991306625854697,1.0635330774315674
All Population,Deaths,Australia,Both,Age-standardized,Ischemic heart disease,Rate,2009,70.02574506651094,74.52623129821022,62.080326052403144
All Population,Deaths,Australia,Both,Age-standardized,Stroke,Rate,2009,31.54699947166532,34.163097801458726,27.086899465998073
All Population,Deaths,Australia,Both,Age-standardized,Hypertensive heart disease,Rate,2009,2.3102999174597696,2.581514903454435,1.9236887772122484
All Population,Deaths,Australia,Both,Age-standardized,Cardiomyopathy and myocarditis,Rate,2009,3.6178224396573864,3.906949892318649,3.282413305440139
All Population,Deaths,Australia,Both,Age-standardized,Atrial fibrillation and flutter,Rate,2009,7.325868917575691,7.914542362473969,6.260282099849968
All Population,Deaths,Australia,Both,Age-standardized,Aortic aneurysm,Rate,2009,3.5969114249035017,3.8500403977045736,3.230319540551147
All Population,Deaths,Australia,Both,Age-standardized,Lower extremity peripheral arterial disease,Rate,2009,1.881379149996726,2.0549324121972043,1.5872867576756107
All Population,Deaths,Australia,Both,Age-standardized,Endocarditis,Rate,2009,0.9591353435522018,1.0544667074878373,0.8322366641813184
All Population,Deaths,Australia,Both,Age-standardized,Non-rheumatic valvular heart disease,Rate,2009,3.624309750979377,3.914102620834935,3.1594789236642
All Population,Deaths,Australia,Both,Age-standardized,Pulmonary Arterial Hypertension,Rate,2009,0.18763189520865267,0.22748518444223634,0.1567964916883283
All Population,Deaths,Australia,Both,Age-standardized,Other cardiovascular and circulatory diseases,Rate,2008,2.0644262756550686,2.2278496930754184,1.8808457951766404
All Population,Deaths,Australia,Both,Age-standardized,Cardiovascular diseases,Rate,2010,122.80688547844194,130.9460755661654,108.08562276247334
All Population,Deaths,Australia,Both,Age-standardized,Rheumatic heart disease,Rate,2010,1.1986362376243689,1.303985554504441,1.0710051922604111
All Population,Deaths,Australia,Both,Age-standardized,Ischemic heart disease,Rate,2010,66.03654068233587,70.37180919171267,58.51753318695342
All Population,Deaths,Australia,Both,Age-standardized,Stroke,Rate,2010,30.404573047096207,32.87397244766404,25.890249090356658
All Population,Deaths,Australia,Both,Age-standardized,Hypertensive heart disease,Rate,2010,2.2815103857237964,2.541497043549511,1.874055171012762
All Population,Deaths,Australia,Both,Age-standardized,Cardiomyopathy and myocarditis,Rate,2010,3.6762151838801898,3.9666936753376403,3.341870532227078
All Population,Deaths,Australia,Both,Age-standardized,Atrial fibrillation and flutter,Rate,2010,7.2412570428439045,7.850993107227697,6.175753388674338
All Population,Deaths,Australia,Both,Age-standardized,Aortic aneurysm,Rate,2010,3.4044111751314983,3.6773215870291383,3.046994680451649
All Population,Deaths,Australia,Both,Age-standardized,Lower extremity peripheral arterial disease,Rate,2010,1.7899966838664754,1.9607735452284427,1.515230983653043
All Population,Deaths,Australia,Both,Age-standardized,Endocarditis,Rate,2010,0.9949100634451647,1.093237168740101,0.868350041122849
All Population,Deaths,Australia,Both,Age-standardized,Non-rheumatic valvular heart disease,Rate,2010,3.684109494085982,4.002093961531471,3.1944279375690523
All Population,Deaths,Australia,Both,Age-standardized,Pulmonary Arterial Hypertension,Rate,2010,0.18391478956142937,0.22229453022770815,0.15347619493005335
All Population,Deaths,Australia,Both,Age-standardized,Cardiovascular diseases,Rate,2011,118.21038276164076,125.94251243979292,103.9228280875645
All Population,Deaths,Australia,Both,Age-standardized,Rheumatic heart disease,Rate,2011,1.1786843289035296,1.2858159142493706,1.0536748192365497
All Population,Deaths,Australia,Both,Age-standardized,Ischemic heart disease,Rate,2011,62.63821308263138,66.83452210474854,55.28593338987661
All Population,Deaths,Australia,Both,Age-standardized,Stroke,Rate,2011,29.372522608310383,31.749596798710595,24.87486837078323
All Population,Deaths,Australia,Both,Age-standardized,Hypertensive heart disease,Rate,2011,2.299233604690637,2.579942640326848,1.88028703876389
All Population,Deaths,Australia,Both,Age-standardized,Cardiomyopathy and myocarditis,Rate,2011,3.5736930268628866,3.8421324871874747,3.2578231266710262
All Population,Deaths,Australia,Both,Age-standardized,Atrial fibrillation and flutter,Rate,2011,7.276157011866847,7.928200695826428,6.2051644090537135
All Population,Deaths,Australia,Both,Age-standardized,Aortic aneurysm,Rate,2011,3.2083804971404013,3.4714077486231294,2.88349186956514
All Population,Deaths,Australia,Both,Age-standardized,Lower extremity peripheral arterial disease,Rate,2011,1.6849597151227247,1.8530759452928067,1.4366019472747176
All Population,Deaths,Australia,Both,Age-standardized,Endocarditis,Rate,2011,1.0609191892519994,1.1594304673396938,0.9287327099316769
All Population,Deaths,Australia,Both,Age-standardized,Non-rheumatic valvular heart disease,Rate,2011,3.712885059317722,4.070455629398281,3.2025631112697273
All Population,Deaths,Australia,Both,Age-standardized,Pulmonary Arterial Hypertension,Rate,2011,0.1781978779536244,0.21755257586724008,0.1470124921352241
All Population,Deaths,Australia,Both,Age-standardized,Other cardiovascular and circulatory diseases,Rate,2009,1.9432303407409879,2.0910729515738646,1.7693340900713492
All Population,Deaths,Australia,Both,Age-standardized,Other cardiovascular and circulatory diseases,Rate,2010,1.9108106928469921,2.0630411230933294,1.7411813556942828
All Population,Deaths,Australia,Both,Age-standardized,Cardiovascular diseases,Rate,2012,112.24729306694462,119.5062728203641,97.99275802936484
All Population,Deaths,Australia,Both,Age-standardized,Rheumatic heart disease,Rate,2012,1.1301716882071882,1.2367291069245683,1.0039286792530635
All Population,Deaths,Australia,Both,Age-standardized,Ischemic heart disease,Rate,2012,58.3172497032572,62.185929785696295,51.3406273430626
All Population,Deaths,Australia,Both,Age-standardized,Stroke,Rate,2012,27.908543705093955,30.169658299294458,23.381856864584343
All Population,Deaths,Australia,Both,Age-standardized,Hypertensive heart disease,Rate,2012,2.4140508120738304,2.730625053467281,1.986283294525205
All Population,Deaths,Australia,Both,Age-standardized,Cardiomyopathy and myocarditis,Rate,2012,3.5453028641963695,3.8042051731562236,3.21879859647142
All Population,Deaths,Australia,Both,Age-standardized,Atrial fibrillation and flutter,Rate,2012,7.226821648339016,7.891421359860438,6.119542985663756
All Population,Deaths,Australia,Both,Age-standardized,Aortic aneurysm,Rate,2012,2.9794182740828554,3.241338911549742,2.667340341378707
All Population,Deaths,Australia,Both,Age-standardized,Lower extremity peripheral arterial disease,Rate,2012,1.6939519841095052,1.872144498647112,1.4510646440700983
All Population,Deaths,Australia,Both,Age-standardized,Endocarditis,Rate,2012,1.087391912154874,1.1861337406472228,0.9510977007880678
All Population,Deaths,Australia,Both,Age-standardized,Non-rheumatic valvular heart disease,Rate,2012,3.6962743203403554,4.069655966101359,3.1589050006601833
All Population,Deaths,Australia,Both,Age-standardized,Pulmonary Arterial Hypertension,Rate,2012,0.16598668382168497,0.2048982165758496,0.13706286559327893
All Population,Deaths,Australia,Both,Age-standardized,Pulmonary Arterial Hypertension,Rate,2013,0.15262709997031562,0.1865360104865825,0.1266236169797825
All Population,Deaths,Australia,Both,Age-standardized,Other cardiovascular and circulatory diseases,Rate,2011,2.02653675958861,2.1759497784774164,1.8348379327139348
All Population,Deaths,Australia,Both,Age-standardized,Other cardiovascular and circulatory diseases,Rate,2012,2.08212947126775,2.233923781214012,1.869296159311191
All Population,Deaths,Australia,Both,Age-standardized,Cardiovascular diseases,Rate,2014,106.53462760806988,114.07960086410905,92.21212013133605
All Population,Deaths,Australia,Both,Age-standardized,Rheumatic heart disease,Rate,2014,1.1724811790463907,1.2939509801705937,1.0319836045044528
All Population,Deaths,Australia,Both,Age-standardized,Ischemic heart disease,Rate,2014,54.38697406495429,58.258686782177534,47.763330302396
All Population,Deaths,Australia,Both,Age-standardized,Stroke,Rate,2014,26.07953727505149,28.206160687495892,21.82071255378769
All Population,Deaths,Australia,Both,Age-standardized,Hypertensive heart disease,Rate,2014,2.726359101598017,3.0619065057067427,2.2517370745296175
All Population,Deaths,Australia,Both,Age-standardized,Cardiomyopathy and myocarditis,Rate,2014,3.5622326399303574,3.8766691588487,3.2289884792533172
All Population,Deaths,Australia,Both,Age-standardized,Atrial fibrillation and flutter,Rate,2014,7.176771836396451,7.855999659578347,5.9934691920229515
All Population,Deaths,Australia,Both,Age-standardized,Aortic aneurysm,Rate,2014,2.628186782437613,2.8582631701368277,2.3485493297196123
All Population,Deaths,Australia,Both,Age-standardized,Lower extremity peripheral arterial disease,Rate,2014,1.6152189693259855,1.793870925092459,1.3851206406772063
All Population,Deaths,Australia,Both,Age-standardized,Endocarditis,Rate,2014,1.1407125868395764,1.238284117968782,1.0043930800819505
All Population,Deaths,Australia,Both,Age-standardized,Non-rheumatic valvular heart disease,Rate,2014,3.6348814409549095,3.998784121500554,3.066375361757501
All Population,Deaths,Australia,Both,Age-standardized,Pulmonary Arterial Hypertension,Rate,2014,0.14469878879443715,0.17555844865123416,0.11933362867191759
All Population,Deaths,Australia,Both,Age-standardized,Cardiovascular diseases,Rate,2013,108.17843385428239,115.56246498768998,93.65576479323728
All Population,Deaths,Australia,Both,Age-standardized,Rheumatic heart disease,Rate,2013,1.1659104903555035,1.2791851274336772,1.0289140762376918
All Population,Deaths,Australia,Both,Age-standardized,Ischemic heart disease,Rate,2013,55.71606746637602,59.517999491593784,48.94755679208914
All Population,Deaths,Australia,Both,Age-standardized,Stroke,Rate,2013,26.585087886762423,28.842176116023793,22.139552749906816
All Population,Deaths,Australia,Both,Age-standardized,Hypertensive heart disease,Rate,2013,2.674048912667797,3.0333486687563784,2.227247447863269
All Population,Deaths,Australia,Both,Age-standardized,Cardiomyopathy and myocarditis,Rate,2013,3.5671957239650345,3.878433776457886,3.227360637077886
All Population,Deaths,Australia,Both,Age-standardized,Atrial fibrillation and flutter,Rate,2013,7.181850297626414,7.847952943123018,6.0618158138543246
All Population,Deaths,Australia,Both,Age-standardized,Aortic aneurysm,Rate,2013,2.6991519250957374,2.936104652841366,2.422543698110825
All Population,Deaths,Australia,Both,Age-standardized,Lower extremity peripheral arterial disease,Rate,2013,1.6404792977266378,1.8227939706242222,1.40365945870255
All Population,Deaths,Australia,Both,Age-standardized,Endocarditis,Rate,2013,1.097258875064175,1.1930388170272137,0.9609665504353998
All Population,Deaths,Australia,Both,Age-standardized,Non-rheumatic valvular heart disease,Rate,2013,3.610601844213982,3.9496776418007085,3.0627541294867187
All Population,Deaths,Australia,Both,Age-standardized,Cardiovascular diseases,Rate,2015,104.20970465574142,111.40294595048512,90.27095733255221
All Population,Deaths,Australia,Both,Age-standardized,Rheumatic heart disease,Rate,2015,1.1795112434781168,1.302409368733711,1.0393218418021506
All Population,Deaths,Australia,Both,Age-standardized,Ischemic heart disease,Rate,2015,52.47116631075279,56.17594607348974,46.07464144613449
All Population,Deaths,Australia,Both,Age-standardized,Stroke,Rate,2015,25.54833749018577,27.58932169392968,21.567523593165454
All Population,Deaths,Australia,Both,Age-standardized,Hypertensive heart disease,Rate,2015,2.773343874527303,3.118675053680944,2.2977761492378717
All Population,Deaths,Australia,Both,Age-standardized,Cardiomyopathy and myocarditis,Rate,2015,3.5147906391514265,3.8154281855972094,3.1705855018042617
All Population,Deaths,Australia,Both,Age-standardized,Atrial fibrillation and flutter,Rate,2015,7.17703950159104,7.841783405461619,6.013498299675565
All Population,Deaths,Australia,Both,Age-standardized,Aortic aneurysm,Rate,2015,2.601903319616547,2.8310059035004342,2.3273646175739255
All Population,Deaths,Australia,Both,Age-standardized,Lower extremity peripheral arterial disease,Rate,2015,1.610055637180407,1.7738802871099832,1.3746143986639798
All Population,Deaths,Australia,Both,Age-standardized,Endocarditis,Rate,2015,1.194126994009196,1.3010004601186937,1.0475862579362394
All Population,Deaths,Australia,Both,Age-standardized,Non-rheumatic valvular heart disease,Rate,2015,3.6612046651789365,4.030918775703436,3.1134443112795442
All Population,Deaths,Australia,Both,Age-standardized,Pulmonary Arterial Hypertension,Rate,2015,0.1394564147797414,0.16904197743881036,0.1148837871726481
All Population,Deaths,Australia,Both,Age-standardized,Cardiovascular diseases,Rate,2016,99.15278624699215,106.25399673415106,86.13919092818439
All Population,Deaths,Australia,Both,Age-standardized,Rheumatic heart disease,Rate,2016,1.105743002454207,1.2274247151525712,0.9741503232913797
All Population,Deaths,Australia,Both,Age-standardized,Ischemic heart disease,Rate,2016,49.47952324544894,52.93563682912728,43.43832749437891
All Population,Deaths,Australia,Both,Age-standardized,Stroke,Rate,2016,24.387147547011427,26.27861770600956,20.642207865928384
All Population,Deaths,Australia,Both,Age-standardized,Hypertensive heart disease,Rate,2016,2.574309568197649,2.9072730496876615,2.130173953344999
All Population,Deaths,Australia,Both,Age-standardized,Cardiomyopathy and myocarditis,Rate,2016,3.360879303866873,3.669338442900867,3.0180065040029587
All Population,Deaths,Australia,Both,Age-standardized,Atrial fibrillation and flutter,Rate,2016,6.999925405670436,7.662879335336005,5.834379609230398
All Population,Deaths,Australia,Both,Age-standardized,Aortic aneurysm,Rate,2016,2.4864485571317614,2.6993647569348758,2.224273914911802
All Population,Deaths,Australia,Both,Age-standardized,Lower extremity peripheral arterial disease,Rate,2016,1.5895906959873445,1.75567151547043,1.3489938321322228
All Population,Deaths,Australia,Both,Age-standardized,Endocarditis,Rate,2016,1.1283258602977193,1.2219537543580377,0.9839206521404319
All Population,Deaths,Australia,Both,Age-standardized,Non-rheumatic valvular heart disease,Rate,2016,3.6329916209360853,3.9881383300558224,3.0836161230600148
All Population,Deaths,Australia,Both,Age-standardized,Cardiovascular diseases,Rate,2017,94.86889803852628,101.50100412940171,82.29954454552883
All Population,Deaths,Australia,Both,Age-standardized,Rheumatic heart disease,Rate,2017,1.070119508840896,1.1902949213213458,0.9381785216953172
All Population,Deaths,Australia,Both,Age-standardized,Ischemic heart disease,Rate,2017,46.89149593293727,50.30062299461032,41.02447752929838
All Population,Deaths,Australia,Both,Age-standardized,Stroke,Rate,2017,23.19790257957987,25.099167214974955,19.664310400361305
All Population,Deaths,Australia,Both,Age-standardized,Hypertensive heart disease,Rate,2017,2.550374677560355,2.868362242777029,2.1002779216876353
All Population,Deaths,Australia,Both,Age-standardized,Cardiomyopathy and myocarditis,Rate,2017,3.2745181344721526,3.5761970311616555,2.9186964767325874
All Population,Deaths,Australia,Both,Age-standardized,Atrial fibrillation and flutter,Rate,2017,6.79200832379783,7.430303565209557,5.657224479630398
All Population,Deaths,Australia,Both,Age-standardized,Aortic aneurysm,Rate,2017,2.3573964884010974,2.55264540564768,2.091950959889521
All Population,Deaths,Australia,Both,Age-standardized,Lower extremity peripheral arterial disease,Rate,2017,1.568416345509352,1.739129575490043,1.3104124634883143
All Population,Deaths,Australia,Both,Age-standardized,Endocarditis,Rate,2017,1.1988234921892527,1.2962839353989162,1.0513012795083931
All Population,Deaths,Australia,Both,Age-standardized,Non-rheumatic valvular heart disease,Rate,2017,3.5574133384895794,3.8960496338532353,3.0176796806781034
All Population,Deaths,Australia,Both,Age-standardized,Pulmonary Arterial Hypertension,Rate,2016,0.13082815449395022,0.15707920304621523,0.10765829932723012
All Population,Deaths,Australia,Both,Age-standardized,Other cardiovascular and circulatory diseases,Rate,2013,2.0881540344583582,2.2391604731757413,1.8754489029901
All Population,Deaths,Australia,Both,Age-standardized,Pulmonary Arterial Hypertension,Rate,2017,0.12521900815198525,0.15086098139063306,0.10177730595269102
All Population,Deaths,Australia,Both,Age-standardized,Other cardiovascular and circulatory diseases,Rate,2014,2.266572942740387,2.4313402247378755,2.0373462983293606
All Population,Deaths,Australia,Both,Age-standardized,Cardiovascular diseases,Rate,2018,91.18168463923985,97.7975202155952,78.81088761043287
All Population,Deaths,Australia,Both,Age-standardized,Rheumatic heart disease,Rate,2018,1.0494613545583227,1.15952894866844,0.9173057712201906
All Population,Deaths,Australia,Both,Age-standardized,Ischemic heart disease,Rate,2018,44.594485509328024,47.91876462401568,39.11363375884519
All Population,Deaths,Australia,Both,Age-standardized,Stroke,Rate,2018,22.340462989561004,24.307447770270695,18.900487413946742
All Population,Deaths,Australia,Both,Age-standardized,Hypertensive heart disease,Rate,2018,2.452762958053327,2.746968239386046,2.030571413036531
All Population,Deaths,Australia,Both,Age-standardized,Cardiomyopathy and myocarditis,Rate,2018,3.2100609142786545,3.5075641189701763,2.865147268195042
All Population,Deaths,Australia,Both,Age-standardized,Atrial fibrillation and flutter,Rate,2018,6.542979983866279,7.1854353425719175,5.450008137422175
All Population,Deaths,Australia,Both,Age-standardized,Aortic aneurysm,Rate,2018,2.403493217451105,2.6137224303148594,2.1420584943154437
All Population,Deaths,Australia,Both,Age-standardized,Lower extremity peripheral arterial disease,Rate,2018,1.5925431301528798,1.7681441318749382,1.32889050312802
All Population,Deaths,Australia,Both,Age-standardized,Endocarditis,Rate,2018,1.2370058253748035,1.335967415702026,1.0881862839887513
All Population,Deaths,Australia,Both,Age-standardized,Non-rheumatic valvular heart disease,Rate,2018,3.3466619223175096,3.6648028763039773,2.8347796577336783
All Population,Deaths,Australia,Both,Age-standardized,Pulmonary Arterial Hypertension,Rate,2018,0.12311027841558803,0.1491214846731891,0.09979724673190614
All Population,Deaths,Australia,Both,Age-standardized,Other cardiovascular and circulatory diseases,Rate,2016,2.277073285495724,2.441194150137632,2.044793688065377
All Population,Deaths,Australia,Both,Age-standardized,Cardiovascular diseases,Rate,2019,89.40486609532505,96.11413774967951,77.60190395875115
All Population,Deaths,Australia,Both,Age-standardized,Rheumatic heart disease,Rate,2019,1.0378040909863764,1.1428995005590992,0.8977543139160417
All Population,Deaths,Australia,Both,Age-standardized,Ischemic heart disease,Rate,2019,43.62570453188061,46.87968638206844,38.32748534073164
All Population,Deaths,Australia,Both,Age-standardized,Stroke,Rate,2019,21.567157253804034,23.56927750849664,18.252182247183324
All Population,Deaths,Australia,Both,Age-standardized,Hypertensive heart disease,Rate,2019,2.396723796541485,2.6794252154182994,1.998195766222278
All Population,Deaths,Australia,Both,Age-standardized,Cardiomyopathy and myocarditis,Rate,2019,3.183035623756611,3.4829246902454862,2.8438525704172717
All Population,Deaths,Australia,Both,Age-standardized,Atrial fibrillation and flutter,Rate,2019,6.437520204468714,7.099559155390976,5.392494764717219
All Population,Deaths,Australia,Both,Age-standardized,Aortic aneurysm,Rate,2019,2.5225628052055296,2.7466564632971,2.248086213247535
All Population,Deaths,Australia,Both,Age-standardized,Lower extremity peripheral arterial disease,Rate,2019,1.5439613198836057,1.7143517789081464,1.2926193748745336
All Population,Deaths,Australia,Both,Age-standardized,Endocarditis,Rate,2019,1.2945658855258892,1.3981310199302182,1.1313620060175282
All Population,Deaths,Australia,Both,Age-standardized,Non-rheumatic valvular heart disease,Rate,2019,3.332705180331344,3.678589759303603,2.8244236288839324
All Population,Deaths,Australia,Both,Age-standardized,Pulmonary Arterial Hypertension,Rate,2019,0.12173739211955453,0.14996062076584815,0.09755020883381067
All Population,Deaths,Australia,Both,Age-standardized,Other cardiovascular and circulatory diseases,Rate,2015,2.3387685652900596,2.4997180182299,2.1118740007491867
All Population,Deaths,Australia,Both,Age-standardized,Cardiovascular diseases,Rate,2020,83.05578912421454,89.48881426657968,71.87684081333357
All Population,Deaths,Australia,Both,Age-standardized,Rheumatic heart disease,Rate,2020,0.9635439450523743,1.058332876713153,0.8313183069485196
All Population,Deaths,Australia,Both,Age-standardized,Ischemic heart disease,Rate,2020,40.003411706597525,43.07012088112158,35.085893082408596
All Population,Deaths,Australia,Both,Age-standardized,Stroke,Rate,2020,20.153128890606588,22.184342197881296,16.97126685354996
All Population,Deaths,Australia,Both,Age-standardized,Hypertensive heart disease,Rate,2020,2.2442312449132116,2.5057967742999963,1.872502804529869
All Population,Deaths,Australia,Both,Age-standardized,Cardiomyopathy and myocarditis,Rate,2020,3.0155316378530155,3.3223601535264615,2.689338348912246
All Population,Deaths,Australia,Both,Age-standardized,Atrial fibrillation and flutter,Rate,2020,6.126480267359888,6.764297376278759,5.062900576949923
All Population,Deaths,Australia,Both,Age-standardized,Aortic aneurysm,Rate,2020,2.366793816353038,2.5929885313880345,2.0857211876173407
All Population,Deaths,Australia,Both,Age-standardized,Lower extremity peripheral arterial disease,Rate,2020,1.45296915223485,1.6096434398390553,1.207966683038494
All Population,Deaths,Australia,Both,Age-standardized,Endocarditis,Rate,2020,1.2470974412352103,1.355733397904616,1.0952393938734983
All Population,Deaths,Australia,Both,Age-standardized,Non-rheumatic valvular heart disease,Rate,2020,3.138351501438263,3.464129591030707,2.635016713586687
All Population,Deaths,Australia,Both,Age-standardized,Pulmonary Arterial Hypertension,Rate,2020,0.11586916843993338,0.14391497949404158,0.09288807516625289
All Population,Deaths,Australia,Both,Age-standardized,Other cardiovascular and circulatory diseases,Rate,2017,2.2852102085966,2.4373281024546927,2.0440684325650995
All Population,Deaths,Australia,Both,Age-standardized,Cardiovascular diseases,Rate,2021,83.34531677478874,89.60759446696045,72.58480769460124
All Population,Deaths,Australia,Both,Age-standardized,Rheumatic heart disease,Rate,2021,0.893239443303432,0.9778082925374809,0.7732233072395829
All Population,Deaths,Australia,Both,Age-standardized,Ischemic heart disease,Rate,2021,40.124752305143744,43.15647894547939,35.25992147875119
All Population,Deaths,Australia,Both,Age-standardized,Stroke,Rate,2021,20.110753593039345,21.998070548370645,17.034747016201173
All Population,Deaths,Australia,Both,Age-standardized,Hypertensive heart disease,Rate,2021,2.272741424734871,2.539803810114448,1.920700280773494
All Population,Deaths,Australia,Both,Age-standardized,Cardiomyopathy and myocarditis,Rate,2021,3.0262788626837156,3.3438580545198184,2.674405485602823
All Population,Deaths,Australia,Both,Age-standardized,Atrial fibrillation and flutter,Rate,2021,6.182412740757072,6.813971914405919,5.1579372280901525
All Population,Deaths,Australia,Both,Age-standardized,Aortic aneurysm,Rate,2021,2.3462168427408066,2.566007597234281,2.068729143826674
All Population,Deaths,Australia,Both,Age-standardized,Lower extremity peripheral arterial disease,Rate,2021,1.4655822374462857,1.6306329182293822,1.2177526650070074
All Population,Deaths,Australia,Both,Age-standardized,Endocarditis,Rate,2021,1.2626575971554772,1.3811053387337737,1.1141210506573698
All Population,Deaths,Australia,Both,Age-standardized,Non-rheumatic valvular heart disease,Rate,2021,3.1963149281478116,3.524291836433412,2.6743210918897353
All Population,Deaths,Australia,Both,Age-standardized,Pulmonary Arterial Hypertension,Rate,2021,0.11493091791050136,0.14157136739265105,0.09278416366970281
All Population,Deaths,Australia,Both,Age-standardized,Cardiovascular diseases,Rate,2022,83.66648776143704,89.46515057788744,73.39231116194756
All Population,Deaths,Australia,Both,Age-standardized,Rheumatic heart disease,Rate,2022,0.8813125653620393,0.9687699688284124,0.7644472194371476
All Population,Deaths,Australia,Both,Age-standardized,Ischemic heart disease,Rate,2022,40.956468819393834,44.00634610691299,36.30250332845512
All Population,Deaths,Australia,Both,Age-standardized,Stroke,Rate,2022,19.593535762848603,21.316142958972794,16.90835541227769
All Population,Deaths,Australia,Both,Age-standardized,Hypertensive heart disease,Rate,2022,2.216759493744048,2.4458243602851937,1.9104744275076189
All Population,Deaths,Australia,Both,Age-standardized,Cardiomyopathy and myocarditis,Rate,2022,3.0076759477284614,3.3156637751425806,2.665760839165065
All Population,Deaths,Australia,Both,Age-standardized,Atrial fibrillation and flutter,Rate,2022,6.079204993821034,6.635666955037945,5.130538025525262
All Population,Deaths,Australia,Both,Age-standardized,Aortic aneurysm,Rate,2022,2.308527277907768,2.5095730537542162,2.054069493494751
All Population,Deaths,Australia,Both,Age-standardized,Lower extremity peripheral arterial disease,Rate,2022,1.5138461663489506,1.677461258276251,1.277101438035949
All Population,Deaths,Australia,Both,Age-standardized,Endocarditis,Rate,2022,1.297238367536928,1.4204115823885375,1.1471665518417966
All Population,Deaths,Australia,Both,Age-standardized,Non-rheumatic valvular heart disease,Rate,2022,3.2630458788668544,3.5933854059057224,2.760376279261496
All Population,Deaths,Australia,Both,Age-standardized,Pulmonary Arterial Hypertension,Rate,2022,0.11404172851162882,0.13888815278747377,0.0913786510932217
All Population,Deaths,Australia,Both,Age-standardized,Cardiovascular diseases,Rate,2023,81.0554715180794,87.81139734336587,69.63358342277667
All Population,Deaths,Australia,Both,Age-standardized,Rheumatic heart disease,Rate,2023,0.8487007103523563,0.9414693952710111,0.7214773509158209
All Population,Deaths,Australia,Both,Age-standardized,Ischemic heart disease,Rate,2023,39.76605281848253,43.17511445934497,34.474458592771725
All Population,Deaths,Australia,Both,Age-standardized,Stroke,Rate,2023,18.655352651710906,20.718705142206012,15.601169828601991
All Population,Deaths,Australia,Both,Age-standardized,Hypertensive heart disease,Rate,2023,2.168815644117383,2.3987306680732563,1.828856953673392
All Population,Deaths,Australia,Both,Age-standardized,Cardiomyopathy and myocarditis,Rate,2023,2.9079258569544457,3.2254729286928563,2.5482239224520855
All Population,Deaths,Australia,Both,Age-standardized,Atrial fibrillation and flutter,Rate,2023,6.018946283860694,6.659219328366695,4.877159549173097
All Population,Deaths,Australia,Both,Age-standardized,Aortic aneurysm,Rate,2023,2.266310457071652,2.4834139041490033,1.99104406220624
All Population,Deaths,Australia,Both,Age-standardized,Lower extremity peripheral arterial disease,Rate,2023,1.4977156924629478,1.6826113582896476,1.2248261078552751
All Population,Deaths,Australia,Both,Age-standardized,Endocarditis,Rate,2023,1.2661318118656597,1.41264297334049,1.0924461855768002
All Population,Deaths,Australia,Both,Age-standardized,Non-rheumatic valvular heart disease,Rate,2023,3.2044858022893754,3.558081718649284,2.6621109494543256
All Population,Deaths,Australia,Both,Age-standardized,Other cardiovascular and circulatory diseases,Rate,2018,2.2886565558822727,2.4462382413019657,2.032448235298046
All Population,Deaths,Australia,Both,Age-standardized,Pulmonary Arterial Hypertension,Rate,2023,0.11064352513173986,0.13578027378846036,0.08649117434144982
All Population,Deaths,Australia,Both,Age-standardized,Other cardiovascular and circulatory diseases,Rate,2019,2.341388010821279,2.509457805709874,2.0865682496158717
All Population,Deaths,Australia,Both,Age-standardized,Other cardiovascular and circulatory diseases,Rate,2020,2.2283803521306274,2.389616218092166,1.976746946330547
All Population,Deaths,Australia,Both,Age-standardized,Other cardiovascular and circulatory diseases,Rate,2021,2.349435881725717,2.523776501708736,2.0868044301220086
All Population,Deaths,Australia,Both,Age-standardized,Other cardiovascular and circulatory diseases,Rate,2023,2.3443902637796734,2.550075567343354,2.034187908880003
All Population,Deaths,Australia,Both,Age-standardized,Other cardiovascular and circulatory diseases,Rate,2022,2.4348307593669527,2.617223457068777,2.1642370246013294
All Population,DALYs (Disability-Adjusted Life Years),Australia,Both,Age-standardized,Cardiovascular diseases,Rate,1991,5004.266299109632,5202.924150342674,4703.885621373459
All Population,DALYs (Disability-Adjusted Life Years),Australia,Both,Age-standardized,Rheumatic heart disease,Rate,1991,52.82750209934338,57.39656917012481,48.19568141635813
All Population,DALYs (Disability-Adjusted Life Years),Australia,Both,Age-standardized,Ischemic heart disease,Rate,1991,3089.6692823441153,3194.6883659508508,2926.8938002329596
All Population,DALYs (Disability-Adjusted Life Years),Australia,Both,Age-standardized,Stroke,Rate,1991,1085.3611828262362,1141.7453369790003,1003.0508409998655
All Population,DALYs (Disability-Adjusted Life Years),Australia,Both,Age-standardized,Hypertensive heart disease,Rate,1991,52.20450552862066,56.83447682240877,46.90690114824534
All Population,DALYs (Disability-Adjusted Life Years),Australia,Both,Age-standardized,Cardiomyopathy and myocarditis,Rate,1991,203.17571565006048,216.3918378438827,190.35158287263005
All Population,DALYs (Disability-Adjusted Life Years),Australia,Both,Age-standardized,Atrial fibrillation and flutter,Rate,1991,152.6448257559374,177.42047541893024,129.7013671244385
All Population,DALYs (Disability-Adjusted Life Years),Australia,Both,Age-standardized,Aortic aneurysm,Rate,1991,136.1350547627327,141.73895780364387,128.28679047357565
All Population,DALYs (Disability-Adjusted Life Years),Australia,Both,Age-standardized,Lower extremity peripheral arterial disease,Rate,1991,48.95108353023945,54.07314098000602,44.365231809907385
All Population,DALYs (Disability-Adjusted Life Years),Australia,Both,Age-standardized,Endocarditis,Rate,1991,11.822250606621548,13.017205712782124,10.704330415850288
All Population,DALYs (Disability-Adjusted Life Years),Australia,Both,Age-standardized,Non-rheumatic valvular heart disease,Rate,1991,78.4103210112418,83.8506644949356,72.2169692680209
All Population,DALYs (Disability-Adjusted Life Years),Australia,Both,Age-standardized,Other cardiovascular and circulatory diseases,Rate,1991,85.34514902238406,103.66220892773747,68.16409713747248
All Population,DALYs (Disability-Adjusted Life Years),Australia,Both,Age-standardized,Pulmonary Arterial Hypertension,Rate,1991,7.719425972099301,9.59923324981341,6.155461897007787
All Population,DALYs (Disability-Adjusted Life Years),Australia,Both,Age-standardized,Cardiovascular diseases,Rate,1992,4897.769285055974,5092.56217020729,4606.060815990415
All Population,DALYs (Disability-Adjusted Life Years),Australia,Both,Age-standardized,Rheumatic heart disease,Rate,1992,50.014636327830644,54.34692075700697,45.59589404849784
All Population,DALYs (Disability-Adjusted Life Years),Australia,Both,Age-standardized,Ischemic heart disease,Rate,1992,3013.8637064971826,3114.0429273182426,2859.7702053134863
All Population,DALYs (Disability-Adjusted Life Years),Australia,Both,Age-standardized,Stroke,Rate,1992,1057.701638711803,1115.1045042946462,973.5790795344042
All Population,DALYs (Disability-Adjusted Life Years),Australia,Both,Age-standardized,Hypertensive heart disease,Rate,1992,52.256339096696365,56.90386928129865,46.77874607403806
All Population,DALYs (Disability-Adjusted Life Years),Australia,Both,Age-standardized,Cardiomyopathy and myocarditis,Rate,1992,197.788902368165,210.70395966919313,185.11855464909488
All Population,DALYs (Disability-Adjusted Life Years),Australia,Both,Age-standardized,Pulmonary Arterial Hypertension,Rate,1992,7.672178073559852,9.533509690188339,6.1768983648774975
All Population,DALYs (Disability-Adjusted Life Years),Australia,Both,Age-standardized,Atrial fibrillation and flutter,Rate,1992,154.19397951971132,177.985388943193,131.41337348396203
All Population,DALYs (Disability-Adjusted Life Years),Australia,Both,Age-standardized,Aortic aneurysm,Rate,1992,136.05795681950312,142.54306572746336,129.58143482931874
All Population,DALYs (Disability-Adjusted Life Years),Australia,Both,Age-standardized,Lower extremity peripheral arterial disease,Rate,1992,49.92681128704552,55.10095311729552,45.681725952535764
All Population,DALYs (Disability-Adjusted Life Years),Australia,Both,Age-standardized,Endocarditis,Rate,1992,12.541438497517328,13.722856471584969,11.429922686363387
All Population,DALYs (Disability-Adjusted Life Years),Australia,Both,Age-standardized,Non-rheumatic valvular heart disease,Rate,1992,80.16352996566934,85.89593646566817,73.76948947208786
All Population,DALYs (Disability-Adjusted Life Years),Australia,Both,Age-standardized,Other cardiovascular and circulatory diseases,Rate,1992,85.58816789129429,104.8957158740328,68.61877353237081
All Population,DALYs (Disability-Adjusted Life Years),Australia,Both,Age-standardized,Cardiovascular diseases,Rate,1990,5275.146132988966,5467.928584363237,4978.538410297944
All Population,DALYs (Disability-Adjusted Life Years),Australia,Both,Age-standardized,Rheumatic heart disease,Rate,1990,54.68164727728292,59.33989819190776,49.989068702873794
All Population,DALYs (Disability-Adjusted Life Years),Australia,Both,Age-standardized,Ischemic heart disease,Rate,1990,3279.3259484213672,3389.4005765200573,3114.596576843357
All Population,DALYs (Disability-Adjusted Life Years),Australia,Both,Age-standardized,Stroke,Rate,1990,1144.3756312388136,1199.8682556943613,1060.4993667700915
All Population,DALYs (Disability-Adjusted Life Years),Australia,Both,Age-standardized,Hypertensive heart disease,Rate,1990,53.44944650857593,57.975725556256606,47.68114017711043
All Population,DALYs (Disability-Adjusted Life Years),Australia,Both,Age-standardized,Cardiomyopathy and myocarditis,Rate,1990,212.12037539139098,224.79394275067617,198.6861499624292
All Population,DALYs (Disability-Adjusted Life Years),Australia,Both,Age-standardized,Atrial fibrillation and flutter,Rate,1990,152.16142403885777,177.4774937411375,128.92655118266924
All Population,DALYs (Disability-Adjusted Life Years),Australia,Both,Age-standardized,Aortic aneurysm,Rate,1990,142.1138487818224,148.0541474305903,134.034904664151
All Population,DALYs (Disability-Adjusted Life Years),Australia,Both,Age-standardized,Lower extremity peripheral arterial disease,Rate,1990,50.91008409634559,55.82894511822741,46.32188674633441
All Population,DALYs (Disability-Adjusted Life Years),Australia,Both,Age-standardized,Endocarditis,Rate,1990,11.538130796770881,12.70740990546424,10.52147376740807
All Population,DALYs (Disability-Adjusted Life Years),Australia,Both,Age-standardized,Non-rheumatic valvular heart disease,Rate,1990,79.66729098307727,85.45242099432171,73.72689201898295
All Population,DALYs (Disability-Adjusted Life Years),Australia,Both,Age-standardized,Other cardiovascular and circulatory diseases,Rate,1990,87.05346826081336,106.66212643779423,69.73247898632896
All Population,DALYs (Disability-Adjusted Life Years),Australia,Both,Age-standardized,Pulmonary Arterial Hypertension,Rate,1990,7.748837193846858,9.516067158863152,6.21393426266712
All Population,DALYs (Disability-Adjusted Life Years),Australia,Both,Age-standardized,Cardiovascular diseases,Rate,1993,4687.527148400221,4880.347455415815,4405.2955434220985
All Population,DALYs (Disability-Adjusted Life Years),Australia,Both,Age-standardized,Rheumatic heart disease,Rate,1993,48.78400623400056,53.38022110276221,44.52530588118068
All Population,DALYs (Disability-Adjusted Life Years),Australia,Both,Age-standardized,Ischemic heart disease,Rate,1993,2856.927386310982,2957.529304158485,2702.80675102822
All Population,DALYs (Disability-Adjusted Life Years),Australia,Both,Age-standardized,Stroke,Rate,1993,1031.4168398841502,1091.6738175950195,947.9812151707534
All Population,DALYs (Disability-Adjusted Life Years),Australia,Both,Age-standardized,Hypertensive heart disease,Rate,1993,52.80520918795979,57.91681946757051,47.34190051620441
All Population,DALYs (Disability-Adjusted Life Years),Australia,Both,Age-standardized,Cardiomyopathy and myocarditis,Rate,1993,183.96015183805716,196.08512377842965,173.75861324897264
All Population,DALYs (Disability-Adjusted Life Years),Australia,Both,Age-standardized,Atrial fibrillation and flutter,Rate,1993,154.07777027587406,179.3356366378923,131.14094082151476
All Population,DALYs (Disability-Adjusted Life Years),Australia,Both,Age-standardized,Aortic aneurysm,Rate,1993,128.45867817045632,134.89988708871977,121.83066793593471
All Population,DALYs (Disability-Adjusted Life Years),Australia,Both,Age-standardized,Lower extremity peripheral arterial disease,Rate,1993,46.23900394675992,51.26283883046841,42.204015132852064
All Population,DALYs (Disability-Adjusted Life Years),Australia,Both,Age-standardized,Endocarditis,Rate,1993,12.31717796892186,13.414192387216652,11.220960621723203
All Population,DALYs (Disability-Adjusted Life Years),Australia,Both,Age-standardized,Non-rheumatic valvular heart disease,Rate,1993,79.77124594584,85.31403903662581,73.25294441438061
All Population,DALYs (Disability-Adjusted Life Years),Australia,Both,Age-standardized,Other cardiovascular and circulatory diseases,Rate,1993,85.01090871958431,105.05699535707457,67.87816689134728
All Population,DALYs (Disability-Adjusted Life Years),Australia,Both,Age-standardized,Pulmonary Arterial Hypertension,Rate,1993,7.7587699176358145,9.657936228535757,6.191934350860751
All Population,DALYs (Disability-Adjusted Life Years),Australia,Both,Age-standardized,Cardiovascular diseases,Rate,1994,4580.4447985052575,4774.397400321826,4292.5467150511095
All Population,DALYs (Disability-Adjusted Life Years),Australia,Both,Age-standardized,Rheumatic heart disease,Rate,1994,46.6454483470708,51.05691796951726,42.58360626067901
All Population,DALYs (Disability-Adjusted Life Years),Australia,Both,Age-standardized,Ischemic heart disease,Rate,1994,2766.9699512069296,2865.8699400896303,2606.2373166821853
All Population,DALYs (Disability-Adjusted Life Years),Australia,Both,Age-standardized,Stroke,Rate,1994,1028.9967791441109,1085.561836662845,944.5995065845375
All Population,DALYs (Disability-Adjusted Life Years),Australia,Both,Age-standardized,Hypertensive heart disease,Rate,1994,51.01901779281787,55.48780716124399,45.60541728001214
All Population,DALYs (Disability-Adjusted Life Years),Australia,Both,Age-standardized,Cardiomyopathy and myocarditis,Rate,1994,175.1865818123349,185.92828803846024,164.36353208808342
All Population,DALYs (Disability-Adjusted Life Years),Australia,Both,Age-standardized,Atrial fibrillation and flutter,Rate,1994,155.38061878748843,180.11464776057795,133.5205548897602
All Population,DALYs (Disability-Adjusted Life Years),Australia,Both,Age-standardized,Aortic aneurysm,Rate,1994,127.76765346414561,134.29326062414177,120.88032715243452
All Population,DALYs (Disability-Adjusted Life Years),Australia,Both,Age-standardized,Lower extremity peripheral arterial disease,Rate,1994,44.497416003966975,49.46084581574405,40.59535367099139
All Population,DALYs (Disability-Adjusted Life Years),Australia,Both,Age-standardized,Endocarditis,Rate,1994,12.063778503258256,13.196807087821304,11.08449919029447
All Population,DALYs (Disability-Adjusted Life Years),Australia,Both,Age-standardized,Non-rheumatic valvular heart disease,Rate,1994,79.32936444029339,84.60657286672155,72.22979091549053
All Population,DALYs (Disability-Adjusted Life Years),Australia,Both,Age-standardized,Other cardiovascular and circulatory diseases,Rate,1994,84.81280020909809,104.16051159405531,66.76915720488005
All Population,DALYs (Disability-Adjusted Life Years),Australia,Both,Age-standardized,Pulmonary Arterial Hypertension,Rate,1994,7.775388793744056,9.702531119149564,6.233297654210342
All Population,DALYs (Disability-Adjusted Life Years),Australia,Both,Age-standardized,Cardiovascular diseases,Rate,1995,4379.466377140553,4569.200290181735,4103.403435727258
All Population,DALYs (Disability-Adjusted Life Years),Australia,Both,Age-standardized,Rheumatic heart disease,Rate,1995,45.82899180160641,50.53512221385668,41.57231967564191
All Population,DALYs (Disability-Adjusted Life Years),Australia,Both,Age-standardized,Ischemic heart disease,Rate,1995,2623.034532527647,2720.8333831728064,2471.083370872074
All Population,DALYs (Disability-Adjusted Life Years),Australia,Both,Age-standardized,Stroke,Rate,1995,994.0918798706464,1052.2335798399777,913.1848922692459
All Population,DALYs (Disability-Adjusted Life Years),Australia,Both,Age-standardized,Hypertensive heart disease,Rate,1995,48.99901617167231,53.53025484102044,43.759455942745326
All Population,DALYs (Disability-Adjusted Life Years),Australia,Both,Age-standardized,Cardiomyopathy and myocarditis,Rate,1995,167.24406809161823,177.77053169142488,157.5412692580568
All Population,DALYs (Disability-Adjusted Life Years),Australia,Both,Age-standardized,Atrial fibrillation and flutter,Rate,1995,155.00468128429398,180.71089642483597,132.47614680776576
All Population,DALYs (Disability-Adjusted Life Years),Australia,Both,Age-standardized,Aortic aneurysm,Rate,1995,122.1046024225524,128.524839449564,114.70734953555173
All Population,DALYs (Disability-Adjusted Life Years),Australia,Both,Age-standardized,Lower extremity peripheral arterial disease,Rate,1995,43.05968040668061,47.64518711123796,39.070490093280014
All Population,DALYs (Disability-Adjusted Life Years),Australia,Both,Age-standardized,Endocarditis,Rate,1995,11.739108840536757,12.773663706407804,10.803784118739806
All Population,DALYs (Disability-Adjusted Life Years),Australia,Both,Age-standardized,Non-rheumatic valvular heart disease,Rate,1995,76.25417849076794,81.5385006938438,69.5965564243701
All Population,DALYs (Disability-Adjusted Life Years),Australia,Both,Age-standardized,Other cardiovascular and circulatory diseases,Rate,1995,84.40110042103647,104.32142642660384,66.18755768499037
All Population,DALYs (Disability-Adjusted Life Years),Australia,Both,Age-standardized,Pulmonary Arterial Hypertension,Rate,1995,7.704536811493726,9.305668993424995,6.131427621010039
All Population,DALYs (Disability-Adjusted Life Years),Australia,Both,Age-standardized,Cardiovascular diseases,Rate,1996,4229.287633916796,4420.444985620983,3957.38047903533
All Population,DALYs (Disability-Adjusted Life Years),Australia,Both,Age-standardized,Rheumatic heart disease,Rate,1996,43.550955938568244,48.000091709681875,39.56525322354818
All Population,DALYs (Disability-Adjusted Life Years),Australia,Both,Age-standardized,Ischemic heart disease,Rate,1996,2522.616066315132,2621.7121488046946,2383.720930049271
All Population,DALYs (Disability-Adjusted Life Years),Australia,Both,Age-standardized,Stroke,Rate,1996,959.9888222234368,1018.0730296921214,879.6139678379757
All Population,DALYs (Disability-Adjusted Life Years),Australia,Both,Age-standardized,Hypertensive heart disease,Rate,1996,47.88399733530867,52.35939946157648,42.71805389403389
All Population,DALYs (Disability-Adjusted Life Years),Australia,Both,Age-standardized,Cardiomyopathy and myocarditis,Rate,1996,161.87580472172854,172.27600179311406,151.75598356238982
All Population,DALYs (Disability-Adjusted Life Years),Australia,Both,Age-standardized,Atrial fibrillation and flutter,Rate,1996,156.0530058382922,181.02822862686656,133.79932308729036
All Population,DALYs (Disability-Adjusted Life Years),Australia,Both,Age-standardized,Aortic aneurysm,Rate,1996,117.0615769980627,122.63905356913138,110.17514132130697
All Population,DALYs (Disability-Adjusted Life Years),Australia,Both,Age-standardized,Lower extremity peripheral arterial disease,Rate,1996,40.765867962677234,45.26214233460704,36.93683050483449
All Population,DALYs (Disability-Adjusted Life Years),Australia,Both,Age-standardized,Endocarditis,Rate,1996,10.869336871490052,11.825145556376008,10.001712705502504
All Population,DALYs (Disability-Adjusted Life Years),Australia,Both,Age-standardized,Non-rheumatic valvular heart disease,Rate,1996,74.47461921121071,79.91812779635856,67.7670613100885
All Population,DALYs (Disability-Adjusted Life Years),Australia,Both,Age-standardized,Other cardiovascular and circulatory diseases,Rate,1996,86.43800831397975,106.91226304013078,67.53707626226205
All Population,DALYs (Disability-Adjusted Life Years),Australia,Both,Age-standardized,Cardiovascular diseases,Rate,1999,3656.053837187277,3843.478531996823,3388.313958303448
All Population,DALYs (Disability-Adjusted Life Years),Australia,Both,Age-standardized,Rheumatic heart disease,Rate,1999,33.78368077705363,37.405684066062804,30.426006402444763
All Population,DALYs (Disability-Adjusted Life Years),Australia,Both,Age-standardized,Ischemic heart disease,Rate,1999,2123.3475970458803,2222.2111114982035,1984.414141927996
All Population,DALYs (Disability-Adjusted Life Years),Australia,Both,Age-standardized,Stroke,Rate,1999,839.0804053273505,890.5554095627828,768.15012412805
All Population,DALYs (Disability-Adjusted Life Years),Australia,Both,Age-standardized,Hypertensive heart disease,Rate,1999,38.87642451268457,42.649869563771716,34.3581057131593
All Population,DALYs (Disability-Adjusted Life Years),Australia,Both,Age-standardized,Cardiomyopathy and myocarditis,Rate,1999,133.73361557254145,143.68843857084403,124.73746531728122
All Population,DALYs (Disability-Adjusted Life Years),Australia,Both,Age-standardized,Atrial fibrillation and flutter,Rate,1999,156.51778619051115,181.82142041714195,135.21490578700403
All Population,DALYs (Disability-Adjusted Life Years),Australia,Both,Age-standardized,Aortic aneurysm,Rate,1999,102.30236482488307,107.25566084278537,96.61967932658268
All Population,DALYs (Disability-Adjusted Life Years),Australia,Both,Age-standardized,Lower extremity peripheral arterial disease,Rate,1999,38.27513972195472,43.21710139720508,33.934109489193304
All Population,DALYs (Disability-Adjusted Life Years),Australia,Both,Age-standardized,Endocarditis,Rate,1999,21.742854896553567,23.66184810219632,19.844257481293376
All Population,DALYs (Disability-Adjusted Life Years),Australia,Both,Age-standardized,Non-rheumatic valvular heart disease,Rate,1999,59.328706276507056,64.93307412089673,54.13548564145693
All Population,DALYs (Disability-Adjusted Life Years),Australia,Both,Age-standardized,Other cardiovascular and circulatory diseases,Rate,1999,101.5698016866253,129.19358235744414,79.37987163963237
All Population,DALYs (Disability-Adjusted Life Years),Australia,Both,Age-standardized,Pulmonary Arterial Hypertension,Rate,1996,7.709572186907941,9.408707118127513,6.147214580423421
All Population,DALYs (Disability-Adjusted Life Years),Australia,Both,Age-standardized,Cardiovascular diseases,Rate,1997,4005.3914433599953,4196.008015691522,3731.727540102831
All Population,DALYs (Disability-Adjusted Life Years),Australia,Both,Age-standardized,Rheumatic heart disease,Rate,1997,40.26425479971138,44.498510238935296,36.47394247931989
All Population,DALYs (Disability-Adjusted Life Years),Australia,Both,Age-standardized,Ischemic heart disease,Rate,1997,2377.7734042948,2482.178044185963,2234.639870320607
All Population,DALYs (Disability-Adjusted Life Years),Australia,Both,Age-standardized,Stroke,Rate,1997,897.4050508112728,952.4040944544513,820.4369161309205
All Population,DALYs (Disability-Adjusted Life Years),Australia,Both,Age-standardized,Hypertensive heart disease,Rate,1997,43.81073639104949,48.24777564366649,39.18482340733895
All Population,DALYs (Disability-Adjusted Life Years),Australia,Both,Age-standardized,Cardiomyopathy and myocarditis,Rate,1997,158.96506755898318,170.05472928707698,148.1380712850274
All Population,DALYs (Disability-Adjusted Life Years),Australia,Both,Age-standardized,Atrial fibrillation and flutter,Rate,1997,156.20209973957054,182.7201810706279,134.246413050929
All Population,DALYs (Disability-Adjusted Life Years),Australia,Both,Age-standardized,Aortic aneurysm,Rate,1997,113.26776898716048,119.0354838699979,106.81708661049694
All Population,DALYs (Disability-Adjusted Life Years),Australia,Both,Age-standardized,Lower extremity peripheral arterial disease,Rate,1997,39.64010955326545,44.174084046404076,35.57196251532576
All Population,DALYs (Disability-Adjusted Life Years),Australia,Both,Age-standardized,Endocarditis,Rate,1997,11.943220923647052,12.97177462785633,10.917003902716665
All Population,DALYs (Disability-Adjusted Life Years),Australia,Both,Age-standardized,Non-rheumatic valvular heart disease,Rate,1997,67.37259849221593,73.43403476005727,61.339676152751075
All Population,DALYs (Disability-Adjusted Life Years),Australia,Both,Age-standardized,Other cardiovascular and circulatory diseases,Rate,1997,91.10479643247149,113.35444599093275,71.10301735322413
All Population,DALYs (Disability-Adjusted Life Years),Australia,Both,Age-standardized,Pulmonary Arterial Hypertension,Rate,1997,7.64233537584747,9.326487157742351,6.095036685447338
All Population,DALYs (Disability-Adjusted Life Years),Australia,Both,Age-standardized,Cardiovascular diseases,Rate,2000,3456.650336423682,3638.191432841801,3190.6192163949668
All Population,DALYs (Disability-Adjusted Life Years),Australia,Both,Age-standardized,Rheumatic heart disease,Rate,2000,33.23595613762144,36.798359581058016,29.910152799026573
All Population,DALYs (Disability-Adjusted Life Years),Australia,Both,Age-standardized,Ischemic heart disease,Rate,2000,1971.5854514022576,2067.068783050169,1837.383236235255
All Population,DALYs (Disability-Adjusted Life Years),Australia,Both,Age-standardized,Stroke,Rate,2000,802.8251205947414,855.8436694914657,734.1724263447421
All Population,DALYs (Disability-Adjusted Life Years),Australia,Both,Age-standardized,Hypertensive heart disease,Rate,2000,38.68307216152474,42.523409536601015,34.18875947903435
All Population,DALYs (Disability-Adjusted Life Years),Australia,Both,Age-standardized,Cardiomyopathy and myocarditis,Rate,2000,129.54196352878125,139.199088756697,120.75500525241135
All Population,DALYs (Disability-Adjusted Life Years),Australia,Both,Age-standardized,Pulmonary Arterial Hypertension,Rate,1999,7.495460354731205,9.349095278821093,5.953329204951291
All Population,DALYs (Disability-Adjusted Life Years),Australia,Both,Age-standardized,Atrial fibrillation and flutter,Rate,2000,156.12656971999849,182.31491316219962,134.16025934358976
All Population,DALYs (Disability-Adjusted Life Years),Australia,Both,Age-standardized,Aortic aneurysm,Rate,2000,95.12341777726749,99.90861967250535,89.78862765895694
All Population,DALYs (Disability-Adjusted Life Years),Australia,Both,Age-standardized,Lower extremity peripheral arterial disease,Rate,2000,36.96977488600506,41.958254949249074,32.820468689035074
All Population,DALYs (Disability-Adjusted Life Years),Australia,Both,Age-standardized,Endocarditis,Rate,2000,21.753957816523332,23.670521253563503,19.889361060574277
All Population,DALYs (Disability-Adjusted Life Years),Australia,Both,Age-standardized,Non-rheumatic valvular heart disease,Rate,2000,57.47221327037383,62.968272374055005,52.40540266536195
All Population,DALYs (Disability-Adjusted Life Years),Australia,Both,Age-standardized,Other cardiovascular and circulatory diseases,Rate,2000,105.98011274193624,135.30927443834233,82.03708050167563
All Population,DALYs (Disability-Adjusted Life Years),Australia,Both,Age-standardized,Pulmonary Arterial Hypertension,Rate,1998,7.711890166910142,9.571592509705956,6.136740973873329
All Population,DALYs (Disability-Adjusted Life Years),Australia,Both,Age-standardized,Cardiovascular diseases,Rate,1998,3840.124468822346,4031.9600747494105,3568.9184257421416
All Population,DALYs (Disability-Adjusted Life Years),Australia,Both,Age-standardized,Rheumatic heart disease,Rate,1998,33.87110422644999,37.633103356080035,30.626725318491037
All Population,DALYs (Disability-Adjusted Life Years),Australia,Both,Age-standardized,Ischemic heart disease,Rate,1998,2257.6112590027597,2363.200792218524,2116.333987302947
All Population,DALYs (Disability-Adjusted Life Years),Australia,Both,Age-standardized,Stroke,Rate,1998,871.3260964516957,922.4525045546069,793.975244877367
All Population,DALYs (Disability-Adjusted Life Years),Australia,Both,Age-standardized,Hypertensive heart disease,Rate,1998,41.93188255498941,46.135247682435384,37.247011283663376
All Population,DALYs (Disability-Adjusted Life Years),Australia,Both,Age-standardized,Cardiomyopathy and myocarditis,Rate,1998,148.36190914329492,159.31179956443188,138.30266935463655
All Population,DALYs (Disability-Adjusted Life Years),Australia,Both,Age-standardized,Atrial fibrillation and flutter,Rate,1998,156.4796551791308,181.6692522328224,134.40882834799118
All Population,DALYs (Disability-Adjusted Life Years),Australia,Both,Age-standardized,Aortic aneurysm,Rate,1998,107.40417479624588,112.50074705024889,100.94004967550643
All Population,DALYs (Disability-Adjusted Life Years),Australia,Both,Age-standardized,Lower extremity peripheral arterial disease,Rate,1998,38.52631660775494,42.96610529901893,34.334018607114594
All Population,DALYs (Disability-Adjusted Life Years),Australia,Both,Age-standardized,Endocarditis,Rate,1998,19.008149287370568,20.560867485766654,17.497048339330064
All Population,DALYs (Disability-Adjusted Life Years),Australia,Both,Age-standardized,Non-rheumatic valvular heart disease,Rate,1998,60.16435700550804,66.06469430869151,55.102610580166264
All Population,DALYs (Disability-Adjusted Life Years),Australia,Both,Age-standardized,Other cardiovascular and circulatory diseases,Rate,1998,97.72767440023279,122.9211340441128,76.13468857657406
All Population,DALYs (Disability-Adjusted Life Years),Australia,Both,Age-standardized,Pulmonary Arterial Hypertension,Rate,2000,7.3527263866533366,9.275918744382112,5.798367075800446
All Population,DALYs (Disability-Adjusted Life Years),Australia,Both,Age-standardized,Pulmonary Arterial Hypertension,Rate,2001,7.320513677447527,9.192130821836415,5.750620688962719
All Population,DALYs (Disability-Adjusted Life Years),Australia,Both,Age-standardized,Cardiovascular diseases,Rate,2001,3323.0884622577096,3503.696968383871,3058.0518929561963
All Population,DALYs (Disability-Adjusted Life Years),Australia,Both,Age-standardized,Rheumatic heart disease,Rate,2001,31.72062966126285,35.03085863500246,28.52405270220077
All Population,DALYs (Disability-Adjusted Life Years),Australia,Both,Age-standardized,Ischemic heart disease,Rate,2001,1874.3843429049532,1964.7337515449215,1743.4265902932975
All Population,DALYs (Disability-Adjusted Life Years),Australia,Both,Age-standardized,Stroke,Rate,2001,770.6607801721011,822.5584005872407,701.6604639115099
All Population,DALYs (Disability-Adjusted Life Years),Australia,Both,Age-standardized,Hypertensive heart disease,Rate,2001,38.095544817166996,41.90317818734922,33.85339278226209
All Population,DALYs (Disability-Adjusted Life Years),Australia,Both,Age-standardized,Cardiomyopathy and myocarditis,Rate,2001,129.563656092122,138.5185039607872,119.8181785512957
All Population,DALYs (Disability-Adjusted Life Years),Australia,Both,Age-standardized,Atrial fibrillation and flutter,Rate,2001,156.94001295880597,182.68266915770704,134.9763115593169
All Population,DALYs (Disability-Adjusted Life Years),Australia,Both,Age-standardized,Aortic aneurysm,Rate,2001,90.4886551791461,95.22178175744162,85.09450399105901
All Population,DALYs (Disability-Adjusted Life Years),Australia,Both,Age-standardized,Lower extremity peripheral arterial disease,Rate,2001,37.72374211236181,42.63347006735899,33.595156263005805
All Population,DALYs (Disability-Adjusted Life Years),Australia,Both,Age-standardized,Endocarditis,Rate,2001,20.655433617761567,22.333061903594864,18.772983157388946
All Population,DALYs (Disability-Adjusted Life Years),Australia,Both,Age-standardized,Non-rheumatic valvular heart disease,Rate,2001,56.98630108197444,62.48714467775203,51.63241497962131
All Population,DALYs (Disability-Adjusted Life Years),Australia,Both,Age-standardized,Other cardiovascular and circulatory diseases,Rate,2001,108.54884998260245,138.18177069548503,84.19245555895021
All Population,DALYs (Disability-Adjusted Life Years),Australia,Both,Age-standardized,Cardiovascular diseases,Rate,2002,3199.2891154041454,3386.131240366383,2952.060950774104
All Population,DALYs (Disability-Adjusted Life Years),Australia,Both,Age-standardized,Rheumatic heart disease,Rate,2002,31.189744707614917,34.200427460836494,28.230532598565876
All Population,DALYs (Disability-Adjusted Life Years),Australia,Both,Age-standardized,Ischemic heart disease,Rate,2002,1777.396931322873,1864.1722415783438,1658.1246155993892
All Population,DALYs (Disability-Adjusted Life Years),Australia,Both,Age-standardized,Stroke,Rate,2002,749.3051310499964,800.7485619004533,682.4257609526154
All Population,DALYs (Disability-Adjusted Life Years),Australia,Both,Age-standardized,Hypertensive heart disease,Rate,2002,37.63409771166641,41.27461840737646,33.58530141743371
All Population,DALYs (Disability-Adjusted Life Years),Australia,Both,Age-standardized,Cardiomyopathy and myocarditis,Rate,2002,127.41653277761718,136.23926783380944,118.22978972364493
All Population,DALYs (Disability-Adjusted Life Years),Australia,Both,Age-standardized,Atrial fibrillation and flutter,Rate,2002,158.6101803946923,185.41913309136228,136.26801038664837
All Population,DALYs (Disability-Adjusted Life Years),Australia,Both,Age-standardized,Aortic aneurysm,Rate,2002,87.93397264271307,92.45056327225312,82.07603061051555
All Population,DALYs (Disability-Adjusted Life Years),Australia,Both,Age-standardized,Lower extremity peripheral arterial disease,Rate,2002,36.36080097220635,41.18317226287841,32.20206673130037
All Population,DALYs (Disability-Adjusted Life Years),Australia,Both,Age-standardized,Endocarditis,Rate,2002,20.239430834762945,21.934801313746014,18.333464027073074
All Population,DALYs (Disability-Adjusted Life Years),Australia,Both,Age-standardized,Non-rheumatic valvular heart disease,Rate,2002,54.60550519934242,59.63179352758827,49.19120453478305
All Population,DALYs (Disability-Adjusted Life Years),Australia,Both,Age-standardized,Other cardiovascular and circulatory diseases,Rate,2002,111.40213051035967,141.63495615357667,85.28411453218418
All Population,DALYs (Disability-Adjusted Life Years),Australia,Both,Age-standardized,Pulmonary Arterial Hypertension,Rate,2002,7.194657280298739,8.969928077317139,5.7691852271431125
All Population,DALYs (Disability-Adjusted Life Years),Australia,Both,Age-standardized,Cardiovascular diseases,Rate,2003,3046.898655280458,3228.6804032197115,2809.829528575426
All Population,DALYs (Disability-Adjusted Life Years),Australia,Both,Age-standardized,Rheumatic heart disease,Rate,2003,30.488749564337866,33.39890630998948,27.74570811053663
All Population,DALYs (Disability-Adjusted Life Years),Australia,Both,Age-standardized,Ischemic heart disease,Rate,2003,1675.7548277923688,1764.595665597919,1566.3496620936326
All Population,DALYs (Disability-Adjusted Life Years),Australia,Both,Age-standardized,Stroke,Rate,2003,712.397271497235,761.6123542952354,643.6941430856675
All Population,DALYs (Disability-Adjusted Life Years),Australia,Both,Age-standardized,Hypertensive heart disease,Rate,2003,36.12761031905977,39.78843774462007,32.35244814729067
All Population,DALYs (Disability-Adjusted Life Years),Australia,Both,Age-standardized,Cardiomyopathy and myocarditis,Rate,2003,121.32423401744394,129.38688313105862,112.46460323647706
All Population,DALYs (Disability-Adjusted Life Years),Australia,Both,Age-standardized,Atrial fibrillation and flutter,Rate,2003,158.78679186495597,182.629274405674,135.80202558105046
All Population,DALYs (Disability-Adjusted Life Years),Australia,Both,Age-standardized,Aortic aneurysm,Rate,2003,82.02440958106654,86.24415372567805,75.97457163512448
All Population,DALYs (Disability-Adjusted Life Years),Australia,Both,Age-standardized,Lower extremity peripheral arterial disease,Rate,2003,34.71662580400312,39.36785478157158,30.542948395614548
All Population,DALYs (Disability-Adjusted Life Years),Australia,Both,Age-standardized,Endocarditis,Rate,2003,20.310899269823718,22.038237579419718,18.412951325648706
All Population,DALYs (Disability-Adjusted Life Years),Australia,Both,Age-standardized,Non-rheumatic valvular heart disease,Rate,2003,52.06999859189821,57.55110971905232,46.723925161639684
All Population,DALYs (Disability-Adjusted Life Years),Australia,Both,Age-standardized,Other cardiovascular and circulatory diseases,Rate,2003,115.62203890503912,145.7423502546323,88.26359467712726
All Population,DALYs (Disability-Adjusted Life Years),Australia,Both,Age-standardized,Pulmonary Arterial Hypertension,Rate,2003,7.275198073227796,9.174201418543324,5.9835567852502525
All Population,DALYs (Disability-Adjusted Life Years),Australia,Both,Age-standardized,Cardiovascular diseases,Rate,2004,2905.073047664722,3081.1648885653817,2679.3639006974145
All Population,DALYs (Disability-Adjusted Life Years),Australia,Both,Age-standardized,Rheumatic heart disease,Rate,2004,28.751695996948843,31.640960261980393,26.16399534146836
All Population,DALYs (Disability-Adjusted Life Years),Australia,Both,Age-standardized,Ischemic heart disease,Rate,2004,1579.6166963257758,1663.254916494315,1473.343976086647
All Population,DALYs (Disability-Adjusted Life Years),Australia,Both,Age-standardized,Stroke,Rate,2004,677.5638818333423,723.602610812058,611.8835010998355
All Population,DALYs (Disability-Adjusted Life Years),Australia,Both,Age-standardized,Hypertensive heart disease,Rate,2004,34.40280131129125,37.90612677499515,30.90172513786967
All Population,DALYs (Disability-Adjusted Life Years),Australia,Both,Age-standardized,Cardiomyopathy and myocarditis,Rate,2004,117.88962363763027,125.84305250673962,108.59808118791139
All Population,DALYs (Disability-Adjusted Life Years),Australia,Both,Age-standardized,Atrial fibrillation and flutter,Rate,2004,159.28003951365002,183.84317301933967,134.76419266567825
All Population,DALYs (Disability-Adjusted Life Years),Australia,Both,Age-standardized,Aortic aneurysm,Rate,2004,77.64009968892199,82.09408604241993,71.85772722803104
All Population,DALYs (Disability-Adjusted Life Years),Australia,Both,Age-standardized,Lower extremity peripheral arterial disease,Rate,2004,33.04241654952274,37.5692347425425,29.26585965819235
All Population,DALYs (Disability-Adjusted Life Years),Australia,Both,Age-standardized,Endocarditis,Rate,2004,20.879796575488317,22.437110096422245,18.997593022968175
All Population,DALYs (Disability-Adjusted Life Years),Australia,Both,Age-standardized,Non-rheumatic valvular heart disease,Rate,2004,49.719224527596765,55.08170780901358,44.436206930320125
All Population,DALYs (Disability-Adjusted Life Years),Australia,Both,Age-standardized,Other cardiovascular and circulatory diseases,Rate,2004,119.02356180658815,149.2440202122696,91.37797652973593
All Population,DALYs (Disability-Adjusted Life Years),Australia,Both,Age-standardized,Pulmonary Arterial Hypertension,Rate,2004,7.263209897963997,9.184487309578959,5.931033906441688
All Population,DALYs (Disability-Adjusted Life Years),Australia,Both,Age-standardized,Pulmonary Arterial Hypertension,Rate,2007,6.875524081759975,8.456461433347007,5.630259236365615
All Population,DALYs (Disability-Adjusted Life Years),Australia,Both,Age-standardized,Cardiovascular diseases,Rate,2007,2616.0927120394176,2788.807246403635,2389.8501458679602
All Population,DALYs (Disability-Adjusted Life Years),Australia,Both,Age-standardized,Rheumatic heart disease,Rate,2007,28.927484685858484,31.652162128370705,25.894918506855436
All Population,DALYs (Disability-Adjusted Life Years),Australia,Both,Age-standardized,Ischemic heart disease,Rate,2007,1349.1897219619134,1418.6778548069876,1254.6576773033587
All Population,DALYs (Disability-Adjusted Life Years),Australia,Both,Age-standardized,Stroke,Rate,2007,613.531110630794,661.4661302525742,550.1104915841198
All Population,DALYs (Disability-Adjusted Life Years),Australia,Both,Age-standardized,Hypertensive heart disease,Rate,2007,35.21558863971772,38.796394620679195,31.468741378874682
All Population,DALYs (Disability-Adjusted Life Years),Australia,Both,Age-standardized,Cardiomyopathy and myocarditis,Rate,2007,112.86802847004995,120.99102399490317,103.89372382721743
All Population,DALYs (Disability-Adjusted Life Years),Australia,Both,Age-standardized,Cardiovascular diseases,Rate,2005,2756.087228224649,2925.5404278502233,2529.1004788828545
All Population,DALYs (Disability-Adjusted Life Years),Australia,Both,Age-standardized,Rheumatic heart disease,Rate,2005,29.784708415673396,32.63678748803217,26.774508360618945
All Population,DALYs (Disability-Adjusted Life Years),Australia,Both,Age-standardized,Ischemic heart disease,Rate,2005,1473.9215502585814,1550.3945013619114,1373.8515883467117
All Population,DALYs (Disability-Adjusted Life Years),Australia,Both,Age-standardized,Stroke,Rate,2005,641.7643044413865,687.8540740013724,575.0188590821542
All Population,DALYs (Disability-Adjusted Life Years),Australia,Both,Age-standardized,Hypertensive heart disease,Rate,2005,33.784670337451914,37.062205284770656,30.080794910787226
All Population,DALYs (Disability-Adjusted Life Years),Australia,Both,Age-standardized,Cardiomyopathy and myocarditis,Rate,2005,113.99296756083044,122.28921237589975,104.72043706554162
All Population,DALYs (Disability-Adjusted Life Years),Australia,Both,Age-standardized,Atrial fibrillation and flutter,Rate,2007,159.80765885015538,186.23276875373344,134.55508575511004
All Population,DALYs (Disability-Adjusted Life Years),Australia,Both,Age-standardized,Aortic aneurysm,Rate,2007,69.9150449726118,74.136398560412,64.2669045514305
All Population,DALYs (Disability-Adjusted Life Years),Australia,Both,Age-standardized,Lower extremity peripheral arterial disease,Rate,2007,29.752368355922698,33.92330497516733,26.05255783039251
All Population,DALYs (Disability-Adjusted Life Years),Australia,Both,Age-standardized,Endocarditis,Rate,2007,20.64958418369022,22.61987772977726,18.69039353451382
All Population,DALYs (Disability-Adjusted Life Years),Australia,Both,Age-standardized,Non-rheumatic valvular heart disease,Rate,2007,55.05715854184608,61.59688390950099,48.98042743186986
All Population,DALYs (Disability-Adjusted Life Years),Australia,Both,Age-standardized,Other cardiovascular and circulatory diseases,Rate,2007,134.30343866509787,167.76008980474933,105.0217036508421
All Population,DALYs (Disability-Adjusted Life Years),Australia,Both,Age-standardized,Atrial fibrillation and flutter,Rate,2005,157.77612399526166,181.50686379558118,133.23235234470638
All Population,DALYs (Disability-Adjusted Life Years),Australia,Both,Age-standardized,Aortic aneurysm,Rate,2005,73.10134219846644,77.46513567933641,67.28626620275422
All Population,DALYs (Disability-Adjusted Life Years),Australia,Both,Age-standardized,Lower extremity peripheral arterial disease,Rate,2005,32.08786096310306,36.207615403062746,28.350129677759025
All Population,DALYs (Disability-Adjusted Life Years),Australia,Both,Age-standardized,Endocarditis,Rate,2005,19.903439585731896,21.434776848534643,18.102764739344163
All Population,DALYs (Disability-Adjusted Life Years),Australia,Both,Age-standardized,Non-rheumatic valvular heart disease,Rate,2005,51.02487456299247,56.84931897558767,45.62090102414621
All Population,DALYs (Disability-Adjusted Life Years),Australia,Both,Age-standardized,Other cardiovascular and circulatory diseases,Rate,2005,121.92131262941543,155.001216715312,94.18143424149909
All Population,DALYs (Disability-Adjusted Life Years),Australia,Both,Age-standardized,Pulmonary Arterial Hypertension,Rate,2005,7.024073275757121,8.766768386527435,5.723942608643316
All Population,DALYs (Disability-Adjusted Life Years),Australia,Both,Age-standardized,Cardiovascular diseases,Rate,2006,2661.0987910794815,2822.599067431735,2441.0649816302894
All Population,DALYs (Disability-Adjusted Life Years),Australia,Both,Age-standardized,Rheumatic heart disease,Rate,2006,29.377901900978454,32.169222984115834,26.61702212576508
All Population,DALYs (Disability-Adjusted Life Years),Australia,Both,Age-standardized,Ischemic heart disease,Rate,2006,1394.0752274592107,1466.1435059043117,1294.4428893138345
All Population,DALYs (Disability-Adjusted Life Years),Australia,Both,Age-standardized,Stroke,Rate,2006,621.7543865866411,670.2416543867351,557.1719663171111
All Population,DALYs (Disability-Adjusted Life Years),Australia,Both,Age-standardized,Hypertensive heart disease,Rate,2006,33.68853731228467,37.13279569814955,30.101282782760553
All Population,DALYs (Disability-Adjusted Life Years),Australia,Both,Age-standardized,Cardiomyopathy and myocarditis,Rate,2006,113.60219136507459,122.04321140344757,104.86372256793405
All Population,DALYs (Disability-Adjusted Life Years),Australia,Both,Age-standardized,Atrial fibrillation and flutter,Rate,2006,157.44448081065235,182.20031974380854,132.75661062275543
All Population,DALYs (Disability-Adjusted Life Years),Australia,Both,Age-standardized,Aortic aneurysm,Rate,2006,71.30349092145558,75.55795169785631,65.71632538641539
All Population,DALYs (Disability-Adjusted Life Years),Australia,Both,Age-standardized,Lower extremity peripheral arterial disease,Rate,2006,30.278522734907376,34.60427129916364,26.575452919768903
All Population,DALYs (Disability-Adjusted Life Years),Australia,Both,Age-standardized,Endocarditis,Rate,2006,20.11442390015009,21.82804468879765,18.270645227955743
All Population,DALYs (Disability-Adjusted Life Years),Australia,Both,Age-standardized,Non-rheumatic valvular heart disease,Rate,2006,54.240326481470156,60.72978047871171,48.381662901568845
All Population,DALYs (Disability-Adjusted Life Years),Australia,Both,Age-standardized,Other cardiovascular and circulatory diseases,Rate,2006,128.36398095312555,161.49439250904237,100.07180575582575
All Population,DALYs (Disability-Adjusted Life Years),Australia,Both,Age-standardized,Cardiovascular diseases,Rate,2008,2587.305242358481,2763.8756459577958,2365.3500799544595
All Population,DALYs (Disability-Adjusted Life Years),Australia,Both,Age-standardized,Rheumatic heart disease,Rate,2008,30.203901615739444,32.983644028034,27.061197264470167
All Population,DALYs (Disability-Adjusted Life Years),Australia,Both,Age-standardized,Ischemic heart disease,Rate,2008,1316.992330946443,1389.3549709072895,1226.4913910310454
All Population,DALYs (Disability-Adjusted Life Years),Australia,Both,Age-standardized,Stroke,Rate,2008,606.9935059000769,655.5654505037639,541.8799222729164
All Population,DALYs (Disability-Adjusted Life Years),Australia,Both,Age-standardized,Hypertensive heart disease,Rate,2008,37.3628766852042,41.076724148702944,33.39072770728314
All Population,DALYs (Disability-Adjusted Life Years),Australia,Both,Age-standardized,Cardiomyopathy and myocarditis,Rate,2008,113.88140446579327,121.30018489521129,104.60033119943182
All Population,DALYs (Disability-Adjusted Life Years),Australia,Both,Age-standardized,Atrial fibrillation and flutter,Rate,2008,163.27889227500918,189.8157135313848,138.55875291729782
All Population,DALYs (Disability-Adjusted Life Years),Australia,Both,Age-standardized,Aortic aneurysm,Rate,2008,67.46874849696553,71.70692321997159,62.02580914036271
All Population,DALYs (Disability-Adjusted Life Years),Australia,Both,Age-standardized,Lower extremity peripheral arterial disease,Rate,2008,30.048344261986664,33.86646741252838,26.161356251534887
All Population,DALYs (Disability-Adjusted Life Years),Australia,Both,Age-standardized,Endocarditis,Rate,2008,20.413386002308947,22.2777504188304,18.4785611872827
All Population,DALYs (Disability-Adjusted Life Years),Australia,Both,Age-standardized,Non-rheumatic valvular heart disease,Rate,2008,57.01316596988418,63.10395669223709,51.10421284774516
All Population,DALYs (Disability-Adjusted Life Years),Australia,Both,Age-standardized,Other cardiovascular and circulatory diseases,Rate,2008,137.030979824735,171.0890479084635,106.3924479077041
All Population,DALYs (Disability-Adjusted Life Years),Australia,Both,Age-standardized,Pulmonary Arterial Hypertension,Rate,2008,6.617705914333639,7.966062901405442,5.524636819058673
All Population,DALYs (Disability-Adjusted Life Years),Australia,Both,Age-standardized,Pulmonary Arterial Hypertension,Rate,2006,6.855320653532508,8.361695447713029,5.601985227705288
All Population,DALYs (Disability-Adjusted Life Years),Australia,Both,Age-standardized,Cardiovascular diseases,Rate,2009,2461.509271705039,2635.8343541389877,2246.353959304212
All Population,DALYs (Disability-Adjusted Life Years),Australia,Both,Age-standardized,Rheumatic heart disease,Rate,2009,29.4044929926366,32.085621344541025,26.614043628648393
All Population,DALYs (Disability-Adjusted Life Years),Australia,Both,Age-standardized,Ischemic heart disease,Rate,2009,1235.5938705455542,1305.2266735841,1145.934436146753
All Population,DALYs (Disability-Adjusted Life Years),Australia,Both,Age-standardized,Stroke,Rate,2009,576.8187803807891,624.583065274452,517.2490611096804
All Population,DALYs (Disability-Adjusted Life Years),Australia,Both,Age-standardized,Hypertensive heart disease,Rate,2009,36.69769474327421,40.1973551042905,32.466233197379026
All Population,DALYs (Disability-Adjusted Life Years),Australia,Both,Age-standardized,Cardiomyopathy and myocarditis,Rate,2009,110.85268525816178,118.10103978183064,102.38416089163968
All Population,DALYs (Disability-Adjusted Life Years),Australia,Both,Age-standardized,Atrial fibrillation and flutter,Rate,2009,162.16655020939345,188.89167210179122,137.64267348077493
All Population,DALYs (Disability-Adjusted Life Years),Australia,Both,Age-standardized,Aortic aneurysm,Rate,2009,61.72596466159621,66.24228446763648,56.73271043786802
All Population,DALYs (Disability-Adjusted Life Years),Australia,Both,Age-standardized,Lower extremity peripheral arterial disease,Rate,2009,27.271782418722683,31.13093711459424,23.575156805358578
All Population,DALYs (Disability-Adjusted Life Years),Australia,Both,Age-standardized,Endocarditis,Rate,2009,20.362671345539923,22.297421483490275,18.326350382694223
All Population,DALYs (Disability-Adjusted Life Years),Australia,Both,Age-standardized,Non-rheumatic valvular heart disease,Rate,2009,56.37520866437902,61.7907911351225,50.399071288516545
All Population,DALYs (Disability-Adjusted Life Years),Australia,Both,Age-standardized,Other cardiovascular and circulatory diseases,Rate,2009,137.9790118226071,173.34234321661341,105.71399025797453
All Population,DALYs (Disability-Adjusted Life Years),Australia,Both,Age-standardized,Pulmonary Arterial Hypertension,Rate,2009,6.260558662384297,7.501284837881851,5.225169323756985
All Population,DALYs (Disability-Adjusted Life Years),Australia,Both,Age-standardized,Cardiovascular diseases,Rate,2010,2377.390242532971,2538.4351685429333,2173.8310268589603
All Population,DALYs (Disability-Adjusted Life Years),Australia,Both,Age-standardized,Rheumatic heart disease,Rate,2010,29.358466660029467,32.16847109738498,26.59114670370598
All Population,DALYs (Disability-Adjusted Life Years),Australia,Both,Age-standardized,Ischemic heart disease,Rate,2010,1168.421477889883,1231.9099276397492,1083.4579448986242
All Population,DALYs (Disability-Adjusted Life Years),Australia,Both,Age-standardized,Stroke,Rate,2010,559.1832816194793,602.4919233223145,501.6638107105764
All Population,DALYs (Disability-Adjusted Life Years),Australia,Both,Age-standardized,Hypertensive heart disease,Rate,2010,36.15785823227801,39.920127105562756,32.07080572990539
All Population,DALYs (Disability-Adjusted Life Years),Australia,Both,Age-standardized,Cardiomyopathy and myocarditis,Rate,2010,113.05059817062467,121.17127726660975,104.31291634773042
All Population,DALYs (Disability-Adjusted Life Years),Australia,Both,Age-standardized,Atrial fibrillation and flutter,Rate,2010,162.08901465668612,189.85093598165554,136.3008064391448
All Population,DALYs (Disability-Adjusted Life Years),Australia,Both,Age-standardized,Aortic aneurysm,Rate,2010,58.452962752016056,62.80245621491983,53.833620624363846
All Population,DALYs (Disability-Adjusted Life Years),Australia,Both,Age-standardized,Lower extremity peripheral arterial disease,Rate,2010,26.103364852580796,30.050708236212877,22.508778436021167
All Population,DALYs (Disability-Adjusted Life Years),Australia,Both,Age-standardized,Endocarditis,Rate,2010,21.23362308491224,23.22886365500379,19.14487634182166
All Population,DALYs (Disability-Adjusted Life Years),Australia,Both,Age-standardized,Non-rheumatic valvular heart disease,Rate,2010,57.64145479971864,63.257452738528606,51.69007603943418
All Population,DALYs (Disability-Adjusted Life Years),Australia,Both,Age-standardized,Other cardiovascular and circulatory diseases,Rate,2010,139.65591610052246,176.09469268758585,106.97527338890266
All Population,DALYs (Disability-Adjusted Life Years),Australia,Both,Age-standardized,Pulmonary Arterial Hypertension,Rate,2010,6.04222371424005,7.3284388802573535,5.011244886726743
All Population,DALYs (Disability-Adjusted Life Years),Australia,Both,Age-standardized,Pulmonary Arterial Hypertension,Rate,2011,5.781252304147949,7.0751929608430855,4.810431331880807
All Population,DALYs (Disability-Adjusted Life Years),Australia,Both,Age-standardized,Cardiovascular diseases,Rate,2011,2298.41916264205,2460.919344700052,2102.882644298583
All Population,DALYs (Disability-Adjusted Life Years),Australia,Both,Age-standardized,Rheumatic heart disease,Rate,2011,28.413916764126228,31.123399166400233,25.588555756170674
All Population,DALYs (Disability-Adjusted Life Years),Australia,Both,Age-standardized,Ischemic heart disease,Rate,2011,1110.1256771255037,1168.934587396385,1032.579988614446
All Population,DALYs (Disability-Adjusted Life Years),Australia,Both,Age-standardized,Stroke,Rate,2011,541.4769635507439,584.4717357555575,482.8837734163061
All Population,DALYs (Disability-Adjusted Life Years),Australia,Both,Age-standardized,Hypertensive heart disease,Rate,2011,36.19616162289162,40.16957513378212,31.445942744235154
All Population,DALYs (Disability-Adjusted Life Years),Australia,Both,Age-standardized,Cardiomyopathy and myocarditis,Rate,2011,108.84658447375091,116.80282718147821,100.67645843598577
All Population,DALYs (Disability-Adjusted Life Years),Australia,Both,Age-standardized,Atrial fibrillation and flutter,Rate,2011,162.86295428930293,190.09551375000424,137.0589286497488
All Population,DALYs (Disability-Adjusted Life Years),Australia,Both,Age-standardized,Aortic aneurysm,Rate,2011,55.360954431115324,59.686518491644115,50.65255166328615
All Population,DALYs (Disability-Adjusted Life Years),Australia,Both,Age-standardized,Lower extremity peripheral arterial disease,Rate,2011,24.8743836370125,28.898608835540983,21.376473804541384
All Population,DALYs (Disability-Adjusted Life Years),Australia,Both,Age-standardized,Endocarditis,Rate,2011,22.487716601569296,24.468936080678915,20.30719138781534
All Population,DALYs (Disability-Adjusted Life Years),Australia,Both,Age-standardized,Non-rheumatic valvular heart disease,Rate,2011,57.86186909764899,63.7278217791224,51.77859689342168
All Population,DALYs (Disability-Adjusted Life Years),Australia,Both,Age-standardized,Other cardiovascular and circulatory diseases,Rate,2011,144.13072874423975,182.3301979298078,110.17335153034077
All Population,DALYs (Disability-Adjusted Life Years),Australia,Both,Age-standardized,Pulmonary Arterial Hypertension,Rate,2012,5.369732395529542,6.593249841978816,4.497667182394022
All Population,DALYs (Disability-Adjusted Life Years),Australia,Both,Age-standardized,Cardiovascular diseases,Rate,2012,2199.5913106057856,2354.8975051434195,2004.7965937233196
All Population,DALYs (Disability-Adjusted Life Years),Australia,Both,Age-standardized,Rheumatic heart disease,Rate,2012,27.229873313927534,29.91542199665195,24.68521330182507
All Population,DALYs (Disability-Adjusted Life Years),Australia,Both,Age-standardized,Ischemic heart disease,Rate,2012,1034.6890187095237,1091.8068181030665,953.6174496667478
All Population,DALYs (Disability-Adjusted Life Years),Australia,Both,Age-standardized,Stroke,Rate,2012,519.3916169122983,560.527107137579,461.3029129867531
All Population,DALYs (Disability-Adjusted Life Years),Australia,Both,Age-standardized,Hypertensive heart disease,Rate,2012,38.411468109228366,42.63873651852103,33.379770310056635
All Population,DALYs (Disability-Adjusted Life Years),Australia,Both,Age-standardized,Cardiomyopathy and myocarditis,Rate,2012,108.13480302137768,116.32583507516898,99.87799205458327
All Population,DALYs (Disability-Adjusted Life Years),Australia,Both,Age-standardized,Atrial fibrillation and flutter,Rate,2012,162.20700295714772,189.32225735209914,136.17333368684837
All Population,DALYs (Disability-Adjusted Life Years),Australia,Both,Age-standardized,Aortic aneurysm,Rate,2012,51.56795516116458,55.529759918363204,47.33953295416541
All Population,DALYs (Disability-Adjusted Life Years),Australia,Both,Age-standardized,Lower extremity peripheral arterial disease,Rate,2012,24.974665891520182,29.016871020013724,21.462948314977766
All Population,DALYs (Disability-Adjusted Life Years),Australia,Both,Age-standardized,Endocarditis,Rate,2012,22.83987604964962,24.84843416719944,20.63500446284622
All Population,DALYs (Disability-Adjusted Life Years),Australia,Both,Age-standardized,Non-rheumatic valvular heart disease,Rate,2012,56.7426536061353,62.8509708276635,50.635852618738404
All Population,DALYs (Disability-Adjusted Life Years),Australia,Both,Age-standardized,Other cardiovascular and circulatory diseases,Rate,2012,148.0326444782848,188.1843422076901,113.53594612688619
All Population,DALYs (Disability-Adjusted Life Years),Australia,Both,Age-standardized,Pulmonary Arterial Hypertension,Rate,2015,4.428590091453045,5.4441111506590385,3.657664691993263
All Population,DALYs (Disability-Adjusted Life Years),Australia,Both,Age-standardized,Cardiovascular diseases,Rate,2015,2083.1779759823776,2254.295439800841,1891.975772807061
All Population,DALYs (Disability-Adjusted Life Years),Australia,Both,Age-standardized,Rheumatic heart disease,Rate,2015,27.782938459268827,30.38384823228903,24.97281466744162
All Population,DALYs (Disability-Adjusted Life Years),Australia,Both,Age-standardized,Ischemic heart disease,Rate,2015,951.489356117161,1003.6090747309805,876.58618524846
All Population,DALYs (Disability-Adjusted Life Years),Australia,Both,Age-standardized,Stroke,Rate,2015,478.4514769275902,517.1752643602737,423.2760119255726
All Population,DALYs (Disability-Adjusted Life Years),Australia,Both,Age-standardized,Hypertensive heart disease,Rate,2015,44.33828594988763,49.000194891609326,38.66066689329679
All Population,DALYs (Disability-Adjusted Life Years),Australia,Both,Age-standardized,Cardiomyopathy and myocarditis,Rate,2015,104.24877990614253,112.20133820659642,95.83378596704394
All Population,DALYs (Disability-Adjusted Life Years),Australia,Both,Age-standardized,Atrial fibrillation and flutter,Rate,2015,162.04835846286025,189.16969806014768,135.75187877091813
All Population,DALYs (Disability-Adjusted Life Years),Australia,Both,Age-standardized,Aortic aneurysm,Rate,2015,44.83359461507241,48.43203256189795,41.2002180059457
All Population,DALYs (Disability-Adjusted Life Years),Australia,Both,Age-standardized,Lower extremity peripheral arterial disease,Rate,2015,24.009096527874224,28.054996798397955,20.5851422997821
All Population,DALYs (Disability-Adjusted Life Years),Australia,Both,Age-standardized,Endocarditis,Rate,2015,25.100408288378347,27.208185004313492,22.74045527511369
All Population,DALYs (Disability-Adjusted Life Years),Australia,Both,Age-standardized,Non-rheumatic valvular heart disease,Rate,2015,56.161250611371166,62.50864776515526,49.73324905758914
All Population,DALYs (Disability-Adjusted Life Years),Australia,Both,Age-standardized,Other cardiovascular and circulatory diseases,Rate,2015,160.2858400253195,204.7837883570243,121.68580516549493
All Population,DALYs (Disability-Adjusted Life Years),Australia,Both,Age-standardized,Pulmonary Arterial Hypertension,Rate,2014,4.633495634600698,5.695100419574493,3.840183073210008
All Population,DALYs (Disability-Adjusted Life Years),Australia,Both,Age-standardized,Pulmonary Arterial Hypertension,Rate,2013,4.921141166176322,6.0646402710769145,4.105827351724632
All Population,DALYs (Disability-Adjusted Life Years),Australia,Both,Age-standardized,Cardiovascular diseases,Rate,2013,2139.4026536147803,2306.1009421659874,1946.611587148715
All Population,DALYs (Disability-Adjusted Life Years),Australia,Both,Age-standardized,Rheumatic heart disease,Rate,2013,27.91185681318549,30.762181876389675,25.22407938902147
All Population,DALYs (Disability-Adjusted Life Years),Australia,Both,Age-standardized,Ischemic heart disease,Rate,2013,996.6860741265409,1051.4052431573252,920.1358996017414
All Population,DALYs (Disability-Adjusted Life Years),Australia,Both,Age-standardized,Stroke,Rate,2013,495.9522760928748,534.7633885773521,437.1184902428266
All Population,DALYs (Disability-Adjusted Life Years),Australia,Both,Age-standardized,Hypertensive heart disease,Rate,2013,42.30284375277279,46.989524019919216,36.348313683765014
All Population,DALYs (Disability-Adjusted Life Years),Australia,Both,Age-standardized,Cardiomyopathy and myocarditis,Rate,2013,108.87796464779504,116.88586248161667,101.04559546041499
All Population,DALYs (Disability-Adjusted Life Years),Australia,Both,Age-standardized,Atrial fibrillation and flutter,Rate,2013,161.647352305582,188.04927692888919,136.8356766689582
All Population,DALYs (Disability-Adjusted Life Years),Australia,Both,Age-standardized,Aortic aneurysm,Rate,2013,47.1167198448176,50.886169075691285,43.35458419989246
All Population,DALYs (Disability-Adjusted Life Years),Australia,Both,Age-standardized,Lower extremity peripheral arterial disease,Rate,2013,24.310594800032877,28.232028417214774,20.761216931261476
All Population,DALYs (Disability-Adjusted Life Years),Australia,Both,Age-standardized,Endocarditis,Rate,2013,23.264522715102267,25.323845204442364,20.996366894363963
All Population,DALYs (Disability-Adjusted Life Years),Australia,Both,Age-standardized,Non-rheumatic valvular heart disease,Rate,2013,55.562188316003294,61.50620113387175,49.20199478169126
All Population,DALYs (Disability-Adjusted Life Years),Australia,Both,Age-standardized,Other cardiovascular and circulatory diseases,Rate,2013,150.84911903389624,192.7667905487086,114.7223249593377
All Population,DALYs (Disability-Adjusted Life Years),Australia,Both,Age-standardized,Pulmonary Arterial Hypertension,Rate,2016,4.155457579197756,5.048308562800463,3.4016718941064514
All Population,DALYs (Disability-Adjusted Life Years),Australia,Both,Age-standardized,Cardiovascular diseases,Rate,2014,2120.444107681799,2291.9542977813403,1929.9485055131786
All Population,DALYs (Disability-Adjusted Life Years),Australia,Both,Age-standardized,Rheumatic heart disease,Rate,2014,27.84218492855392,30.54737431926844,25.158753761902776
All Population,DALYs (Disability-Adjusted Life Years),Australia,Both,Age-standardized,Ischemic heart disease,Rate,2014,979.9986446434265,1033.4819336479065,906.9550247991775
All Population,DALYs (Disability-Adjusted Life Years),Australia,Both,Age-standardized,Stroke,Rate,2014,488.26607735786814,527.2908358205372,432.7512687366443
All Population,DALYs (Disability-Adjusted Life Years),Australia,Both,Age-standardized,Hypertensive heart disease,Rate,2014,43.39783122838777,48.162818144460644,37.373802576770984
All Population,DALYs (Disability-Adjusted Life Years),Australia,Both,Age-standardized,Cardiomyopathy and myocarditis,Rate,2014,107.33504478266296,115.23525102947671,99.52073797315478
All Population,DALYs (Disability-Adjusted Life Years),Australia,Both,Age-standardized,Atrial fibrillation and flutter,Rate,2014,161.84882525119326,187.8784793643818,135.98407959887834
All Population,DALYs (Disability-Adjusted Life Years),Australia,Both,Age-standardized,Aortic aneurysm,Rate,2014,45.545519474014725,49.2949624916055,41.89364158759566
All Population,DALYs (Disability-Adjusted Life Years),Australia,Both,Age-standardized,Lower extremity peripheral arterial disease,Rate,2014,23.915612639369247,27.793386726051537,20.348290285309666
All Population,DALYs (Disability-Adjusted Life Years),Australia,Both,Age-standardized,Endocarditis,Rate,2014,24.167549371753786,26.260863741118737,21.959781367596204
All Population,DALYs (Disability-Adjusted Life Years),Australia,Both,Age-standardized,Non-rheumatic valvular heart disease,Rate,2014,56.158984970106204,62.59796180696363,49.55169130034309
All Population,DALYs (Disability-Adjusted Life Years),Australia,Both,Age-standardized,Other cardiovascular and circulatory diseases,Rate,2014,157.3343373998621,199.22900381915966,119.83190076949788
All Population,DALYs (Disability-Adjusted Life Years),Australia,Both,Age-standardized,Cardiovascular diseases,Rate,2016,2001.9481128512962,2170.862640082104,1816.8802294777092
All Population,DALYs (Disability-Adjusted Life Years),Australia,Both,Age-standardized,Rheumatic heart disease,Rate,2016,26.208862510299898,28.669794681355576,23.52425701877392
All Population,DALYs (Disability-Adjusted Life Years),Australia,Both,Age-standardized,Ischemic heart disease,Rate,2016,899.3467697449794,948.3393248063536,827.182740409128
All Population,DALYs (Disability-Adjusted Life Years),Australia,Both,Age-standardized,Stroke,Rate,2016,466.6483464904883,504.0787557426285,413.67431931759154
All Population,DALYs (Disability-Adjusted Life Years),Australia,Both,Age-standardized,Hypertensive heart disease,Rate,2016,41.77650833954708,46.27012855727274,36.468894793315904
All Population,DALYs (Disability-Adjusted Life Years),Australia,Both,Age-standardized,Cardiomyopathy and myocarditis,Rate,2016,98.16476396634123,106.01851840128175,89.72406385219666
All Population,DALYs (Disability-Adjusted Life Years),Australia,Both,Age-standardized,Atrial fibrillation and flutter,Rate,2016,159.3318563048755,187.7922984632625,133.2661131631905
All Population,DALYs (Disability-Adjusted Life Years),Australia,Both,Age-standardized,Aortic aneurysm,Rate,2016,43.16727777240171,46.46221723757345,39.54500300296483
All Population,DALYs (Disability-Adjusted Life Years),Australia,Both,Age-standardized,Lower extremity peripheral arterial disease,Rate,2016,23.65630144566706,27.570012081402098,20.332091068612158
All Population,DALYs (Disability-Adjusted Life Years),Australia,Both,Age-standardized,Endocarditis,Rate,2016,23.889736491724385,25.89893436482141,21.64425761732857
All Population,DALYs (Disability-Adjusted Life Years),Australia,Both,Age-standardized,Non-rheumatic valvular heart disease,Rate,2016,55.28299445693588,61.77324055991118,48.859002961955966
All Population,DALYs (Disability-Adjusted Life Years),Australia,Both,Age-standardized,Other cardiovascular and circulatory diseases,Rate,2016,160.31923774883717,203.14063230521757,121.53370145306722
All Population,DALYs (Disability-Adjusted Life Years),Australia,Both,Age-standardized,Pulmonary Arterial Hypertension,Rate,2017,3.936584147593169,4.801129984989453,3.234431575174378
All Population,DALYs (Disability-Adjusted Life Years),Australia,Both,Age-standardized,Pulmonary Arterial Hypertension,Rate,2018,3.8964844860607744,4.664052763466119,3.208474139335746
All Population,DALYs (Disability-Adjusted Life Years),Australia,Both,Age-standardized,Cardiovascular diseases,Rate,2017,1939.1524010960095,2104.189468209467,1750.4557935165046
All Population,DALYs (Disability-Adjusted Life Years),Australia,Both,Age-standardized,Rheumatic heart disease,Rate,2017,25.354605357684317,27.79638568700013,22.69950703593525
All Population,DALYs (Disability-Adjusted Life Years),Australia,Both,Age-standardized,Ischemic heart disease,Rate,2017,858.618916474577,908.0859697873218,789.7981299588547
All Population,DALYs (Disability-Adjusted Life Years),Australia,Both,Age-standardized,Stroke,Rate,2017,450.88150360210335,491.4117725187879,399.2191077108877
All Population,DALYs (Disability-Adjusted Life Years),Australia,Both,Age-standardized,Hypertensive heart disease,Rate,2017,41.808696516397205,46.370411622696444,36.32521153752623
All Population,DALYs (Disability-Adjusted Life Years),Australia,Both,Age-standardized,Cardiomyopathy and myocarditis,Rate,2017,95.87587686248831,103.20336174931238,87.54277122605662
All Population,DALYs (Disability-Adjusted Life Years),Australia,Both,Age-standardized,Pulmonary Arterial Hypertension,Rate,2019,3.805247105826633,4.6120011507925955,3.146916208919347
All Population,DALYs (Disability-Adjusted Life Years),Australia,Both,Age-standardized,Atrial fibrillation and flutter,Rate,2017,156.11170968375217,186.54287421789246,128.88050566985189
All Population,DALYs (Disability-Adjusted Life Years),Australia,Both,Age-standardized,Aortic aneurysm,Rate,2017,41.03600567390952,44.216288489819554,37.33382454916102
All Population,DALYs (Disability-Adjusted Life Years),Australia,Both,Age-standardized,Lower extremity peripheral arterial disease,Rate,2017,23.373652221854396,27.087688049005024,20.014717820029947
All Population,DALYs (Disability-Adjusted Life Years),Australia,Both,Age-standardized,Endocarditis,Rate,2017,25.343356838580625,27.53246071471931,22.965034330492923
All Population,DALYs (Disability-Adjusted Life Years),Australia,Both,Age-standardized,Non-rheumatic valvular heart disease,Rate,2017,54.0663039636289,60.00001652365537,47.30745579107122
All Population,DALYs (Disability-Adjusted Life Years),Australia,Both,Age-standardized,Other cardiovascular and circulatory diseases,Rate,2017,162.74518975344083,206.40662483161466,122.5173150370734
All Population,DALYs (Disability-Adjusted Life Years),Australia,Both,Age-standardized,Cardiovascular diseases,Rate,2018,1891.7615840489284,2052.402374634734,1717.9563102718464
All Population,DALYs (Disability-Adjusted Life Years),Australia,Both,Age-standardized,Rheumatic heart disease,Rate,2018,25.26089816985706,27.818649705666182,22.372752938036648
All Population,DALYs (Disability-Adjusted Life Years),Australia,Both,Age-standardized,Ischemic heart disease,Rate,2018,826.8011666334423,876.0888674000582,760.1809067028079
All Population,DALYs (Disability-Adjusted Life Years),Australia,Both,Age-standardized,Stroke,Rate,2018,439.224249172582,480.1806073200007,392.3425135130389
All Population,DALYs (Disability-Adjusted Life Years),Australia,Both,Age-standardized,Hypertensive heart disease,Rate,2018,40.90064025074225,44.9130505765667,35.27390126083557
All Population,DALYs (Disability-Adjusted Life Years),Australia,Both,Age-standardized,Cardiomyopathy and myocarditis,Rate,2018,94.62955509415607,102.82166532278117,86.41821771385995
All Population,DALYs (Disability-Adjusted Life Years),Australia,Both,Age-standardized,Atrial fibrillation and flutter,Rate,2018,152.10371957012353,186.4905718316987,121.43703232018811
All Population,DALYs (Disability-Adjusted Life Years),Australia,Both,Age-standardized,Aortic aneurysm,Rate,2018,42.25678756697254,45.80277309959865,38.384616935653476
All Population,DALYs (Disability-Adjusted Life Years),Australia,Both,Age-standardized,Lower extremity peripheral arterial disease,Rate,2018,23.732484085855393,27.493710892199918,20.42863088750464
All Population,DALYs (Disability-Adjusted Life Years),Australia,Both,Age-standardized,Endocarditis,Rate,2018,26.33997651461366,28.564149869929157,23.767757114819
All Population,DALYs (Disability-Adjusted Life Years),Australia,Both,Age-standardized,Non-rheumatic valvular heart disease,Rate,2018,51.45905128858381,57.15634118291285,44.72248971390762
All Population,DALYs (Disability-Adjusted Life Years),Australia,Both,Age-standardized,Other cardiovascular and circulatory diseases,Rate,2018,165.15657121593725,209.89415175890858,124.09744396230413
All Population,DALYs (Disability-Adjusted Life Years),Australia,Both,Age-standardized,Pulmonary Arterial Hypertension,Rate,2020,3.6608067510967444,4.444507461331046,2.9674848156490685
All Population,DALYs (Disability-Adjusted Life Years),Australia,Both,Age-standardized,Cardiovascular diseases,Rate,2019,1878.098762392236,2030.960724632678,1696.9752224678698
All Population,DALYs (Disability-Adjusted Life Years),Australia,Both,Age-standardized,Rheumatic heart disease,Rate,2019,24.947416848392937,27.411285112545414,22.199918670463788
All Population,DALYs (Disability-Adjusted Life Years),Australia,Both,Age-standardized,Ischemic heart disease,Rate,2019,821.565594397842,870.8176932367164,758.4917313021994
All Population,DALYs (Disability-Adjusted Life Years),Australia,Both,Age-standardized,Stroke,Rate,2019,429.80672965300766,469.0821276338234,382.84626613016786
All Population,DALYs (Disability-Adjusted Life Years),Australia,Both,Age-standardized,Hypertensive heart disease,Rate,2019,40.93260585977346,44.835321014945684,35.89590906106775
All Population,DALYs (Disability-Adjusted Life Years),Australia,Both,Age-standardized,Cardiomyopathy and myocarditis,Rate,2019,93.38358970769389,101.89515848833494,85.0028580344331
All Population,DALYs (Disability-Adjusted Life Years),Australia,Both,Age-standardized,Atrial fibrillation and flutter,Rate,2019,150.1356137999636,184.32334403348017,119.95456047699426
All Population,DALYs (Disability-Adjusted Life Years),Australia,Both,Age-standardized,Aortic aneurysm,Rate,2019,44.08291292610894,48.14626365759837,39.84605773376458
All Population,DALYs (Disability-Adjusted Life Years),Australia,Both,Age-standardized,Lower extremity peripheral arterial disease,Rate,2019,23.173080120886148,26.6950440025377,19.816918553914086
All Population,DALYs (Disability-Adjusted Life Years),Australia,Both,Age-standardized,Endocarditis,Rate,2019,26.838724385042454,29.152212792187242,24.29850632645151
All Population,DALYs (Disability-Adjusted Life Years),Australia,Both,Age-standardized,Non-rheumatic valvular heart disease,Rate,2019,51.30814719817565,57.24713928852631,44.78709754567657
All Population,DALYs (Disability-Adjusted Life Years),Australia,Both,Age-standardized,Other cardiovascular and circulatory diseases,Rate,2019,168.11910038952226,214.64294820962562,127.40383352365873
All Population,DALYs (Disability-Adjusted Life Years),Australia,Both,Age-standardized,Pulmonary Arterial Hypertension,Rate,2021,3.6258736822069584,4.400468475923782,2.9347677080242605
All Population,DALYs (Disability-Adjusted Life Years),Australia,Both,Age-standardized,Pulmonary Arterial Hypertension,Rate,2023,3.4737396220993517,4.213805976288744,2.812137520847856
All Population,DALYs (Disability-Adjusted Life Years),Australia,Both,Age-standardized,Cardiovascular diseases,Rate,2020,1771.0472036906351,1931.6868921917778,1604.8643392470262
All Population,DALYs (Disability-Adjusted Life Years),Australia,Both,Age-standardized,Rheumatic heart disease,Rate,2020,23.625095270997925,26.132927502509446,20.753999033081755
All Population,DALYs (Disability-Adjusted Life Years),Australia,Both,Age-standardized,Ischemic heart disease,Rate,2020,758.3696770531244,808.0053714436376,694.9097717265843
All Population,DALYs (Disability-Adjusted Life Years),Australia,Both,Age-standardized,Stroke,Rate,2020,407.5926803017081,446.57437271455865,364.26455066873456
All Population,DALYs (Disability-Adjusted Life Years),Australia,Both,Age-standardized,Hypertensive heart disease,Rate,2020,38.08059508583487,41.69947251821776,33.89928283087275
All Population,DALYs (Disability-Adjusted Life Years),Australia,Both,Age-standardized,Cardiomyopathy and myocarditis,Rate,2020,90.64851947027654,99.73741647590077,82.58526899952597
All Population,DALYs (Disability-Adjusted Life Years),Australia,Both,Age-standardized,Pulmonary Arterial Hypertension,Rate,2022,3.576052646067912,4.345856357032546,2.899298688204505
All Population,DALYs (Disability-Adjusted Life Years),Australia,Both,Age-standardized,Atrial fibrillation and flutter,Rate,2020,145.64335918291968,182.1685613265959,114.86304916977006
All Population,DALYs (Disability-Adjusted Life Years),Australia,Both,Age-standardized,Aortic aneurysm,Rate,2020,41.3071959525787,45.00768613815393,37.115522079028196
All Population,DALYs (Disability-Adjusted Life Years),Australia,Both,Age-standardized,Lower extremity peripheral arterial disease,Rate,2020,21.802180754786363,25.386235922857775,18.422406267310496
All Population,DALYs (Disability-Adjusted Life Years),Australia,Both,Age-standardized,Endocarditis,Rate,2020,26.08951673506341,28.555060276235828,23.420933630275456
All Population,DALYs (Disability-Adjusted Life Years),Australia,Both,Age-standardized,Non-rheumatic valvular heart disease,Rate,2020,48.31389363457313,53.892061616218335,42.04219464662048
All Population,DALYs (Disability-Adjusted Life Years),Australia,Both,Age-standardized,Other cardiovascular and circulatory diseases,Rate,2020,165.91368349767438,212.627328367849,125.37988208861054
All Population,DALYs (Disability-Adjusted Life Years),Australia,Both,Age-standardized,Cardiovascular diseases,Rate,2021,1768.1086036377615,1927.2919782329402,1594.3653648637069
All Population,DALYs (Disability-Adjusted Life Years),Australia,Both,Age-standardized,Rheumatic heart disease,Rate,2021,22.06191671822206,24.309891989651867,19.30383178968095
All Population,DALYs (Disability-Adjusted Life Years),Australia,Both,Age-standardized,Ischemic heart disease,Rate,2021,760.7914046250124,808.4575791475276,694.6586423571946
All Population,DALYs (Disability-Adjusted Life Years),Australia,Both,Age-standardized,Stroke,Rate,2021,407.0407914135233,446.06841102028665,363.381202879538
All Population,DALYs (Disability-Adjusted Life Years),Australia,Both,Age-standardized,Hypertensive heart disease,Rate,2021,38.28982043919632,41.81845642022907,34.128683226689475
All Population,DALYs (Disability-Adjusted Life Years),Australia,Both,Age-standardized,Cardiomyopathy and myocarditis,Rate,2021,88.24536002761623,96.316285652395,79.80821546410087
All Population,DALYs (Disability-Adjusted Life Years),Australia,Both,Age-standardized,Atrial fibrillation and flutter,Rate,2021,146.66856446125894,185.4667441010256,115.99074503314797
All Population,DALYs (Disability-Adjusted Life Years),Australia,Both,Age-standardized,Aortic aneurysm,Rate,2021,41.00926027220092,44.61819015782819,37.081540874597366
All Population,DALYs (Disability-Adjusted Life Years),Australia,Both,Age-standardized,Lower extremity peripheral arterial disease,Rate,2021,21.950688415243352,25.760514601662408,18.518534739160984
All Population,DALYs (Disability-Adjusted Life Years),Australia,Both,Age-standardized,Endocarditis,Rate,2021,26.058249578148555,28.46731318531896,23.6862110411471
All Population,DALYs (Disability-Adjusted Life Years),Australia,Both,Age-standardized,Non-rheumatic valvular heart disease,Rate,2021,48.934172326136625,55.12455777027998,42.60901370307338
All Population,DALYs (Disability-Adjusted Life Years),Australia,Both,Age-standardized,Other cardiovascular and circulatory diseases,Rate,2021,163.43250167899657,207.40688812712546,126.89197115411758
All Population,DALYs (Disability-Adjusted Life Years),Australia,Both,Age-standardized,Cardiovascular diseases,Rate,2023,1728.985947578162,1879.3467190478555,1551.7447674014452
All Population,DALYs (Disability-Adjusted Life Years),Australia,Both,Age-standardized,Rheumatic heart disease,Rate,2023,20.83435888912401,23.189968883244394,18.397474952353342
All Population,DALYs (Disability-Adjusted Life Years),Australia,Both,Age-standardized,Ischemic heart disease,Rate,2023,755.1685210353514,812.4629661287202,688.0347773817654
All Population,DALYs (Disability-Adjusted Life Years),Australia,Both,Age-standardized,Stroke,Rate,2023,386.6141566285974,428.5817546177343,338.6721971582238
All Population,DALYs (Disability-Adjusted Life Years),Australia,Both,Age-standardized,Hypertensive heart disease,Rate,2023,37.369103497275134,40.957149351594616,32.84774650492148
All Population,DALYs (Disability-Adjusted Life Years),Australia,Both,Age-standardized,Cardiomyopathy and myocarditis,Rate,2023,84.67519389309855,93.12880308388026,75.04672034928686
All Population,DALYs (Disability-Adjusted Life Years),Australia,Both,Age-standardized,Atrial fibrillation and flutter,Rate,2023,144.75522293189317,185.69672415612203,115.05878436257836
All Population,DALYs (Disability-Adjusted Life Years),Australia,Both,Age-standardized,Aortic aneurysm,Rate,2023,40.192768059756986,44.0127671719051,36.04039225835676
All Population,DALYs (Disability-Adjusted Life Years),Australia,Both,Age-standardized,Lower extremity peripheral arterial disease,Rate,2023,22.390072701439113,26.323512715321662,18.950147899233173
All Population,DALYs (Disability-Adjusted Life Years),Australia,Both,Age-standardized,Endocarditis,Rate,2023,25.792083401626343,28.73908619407106,22.905668793231772
All Population,DALYs (Disability-Adjusted Life Years),Australia,Both,Age-standardized,Non-rheumatic valvular heart disease,Rate,2023,48.91997517216389,55.33873526144991,41.70849141828247
All Population,DALYs (Disability-Adjusted Life Years),Australia,Both,Age-standardized,Other cardiovascular and circulatory diseases,Rate,2023,158.80075174573733,200.68047886350848,122.48904398977915
All Population,DALYs (Disability-Adjusted Life Years),Australia,Both,Age-standardized,Cardiovascular diseases,Rate,2022,1786.6349477268448,1946.810548629509,1621.9879784821887
All Population,DALYs (Disability-Adjusted Life Years),Australia,Both,Age-standardized,Rheumatic heart disease,Rate,2022,21.82881248196533,24.269049971036406,19.35533883353434
All Population,DALYs (Disability-Adjusted Life Years),Australia,Both,Age-standardized,Ischemic heart disease,Rate,2022,786.1134496947241,835.6023960465782,714.127552847475
All Population,DALYs (Disability-Adjusted Life Years),Australia,Both,Age-standardized,Stroke,Rate,2022,402.5158778713339,440.61866518094877,361.00310605363995
All Population,DALYs (Disability-Adjusted Life Years),Australia,Both,Age-standardized,Hypertensive heart disease,Rate,2022,38.347982240719965,41.51025739688707,34.08022816170099
All Population,DALYs (Disability-Adjusted Life Years),Australia,Both,Age-standardized,Cardiomyopathy and myocarditis,Rate,2022,87.3527157541571,95.73525614220488,78.39568041005691
All Population,DALYs (Disability-Adjusted Life Years),Australia,Both,Age-standardized,Atrial fibrillation and flutter,Rate,2022,146.10411071277557,184.2516588426771,114.9634348501747
All Population,DALYs (Disability-Adjusted Life Years),Australia,Both,Age-standardized,Aortic aneurysm,Rate,2022,41.09145856517244,44.42630552960288,37.17263501485167
All Population,DALYs (Disability-Adjusted Life Years),Australia,Both,Age-standardized,Lower extremity peripheral arterial disease,Rate,2022,22.7199016377513,26.85549821222138,19.210459985623565
All Population,DALYs (Disability-Adjusted Life Years),Australia,Both,Age-standardized,Endocarditis,Rate,2022,26.52698802162208,29.094673743362293,24.058742965527912
All Population,DALYs (Disability-Adjusted Life Years),Australia,Both,Age-standardized,Non-rheumatic valvular heart disease,Rate,2022,49.95723183878316,56.06731082073818,43.94264983568638
All Population,DALYs (Disability-Adjusted Life Years),Australia,Both,Age-standardized,Other cardiovascular and circulatory diseases,Rate,2022,160.50036626177118,203.94185589780244,124.7631067453559
All Population,Prevalence,Australia,Both,Age-standardized,Cardiovascular diseases,Percent,1991,0.0724422068614328,0.0782312454319701,0.0685201813311792
All Population,Prevalence,Australia,Both,Age-standardized,Cardiovascular diseases,Rate,1991,6701.77861625598,7204.33141274075,6367.15632857456
All Population,Prevalence,Australia,Both,Age-standardized,Rheumatic heart disease,Percent,1991,0.0007573021492833,0.0008720296745082,0.000654574868843
All Population,Prevalence,Australia,Both,Age-standardized,Rheumatic heart disease,Rate,1991,70.06072063515,80.36095705969,60.49552257118
All Population,Prevalence,Australia,Both,Age-standardized,Ischemic heart disease,Percent,1991,0.0378774060072373,0.0446833590332778,0.0343374398570943
All Population,Prevalence,Australia,Both,Age-standardized,Ischemic heart disease,Rate,1991,3504.11294419516,4122.26469979353,3177.08813584843
All Population,Prevalence,Australia,Both,Age-standardized,Stroke,Percent,1991,0.0105672886100528,0.0110222433462051,0.0100692716458113
All Population,Prevalence,Australia,Both,Age-standardized,Stroke,Rate,1991,977.6044428502099,1017.2180003936601,930.19615819627
All Population,Prevalence,Australia,Both,Age-standardized,Hypertensive heart disease,Percent,1991,0.0003452893256207,0.0004283141328001,0.0002735033559246
All Population,Prevalence,Australia,Both,Age-standardized,Hypertensive heart disease,Rate,1991,31.94101104101,39.5586990718,25.30184397395
All Population,Prevalence,Australia,Both,Age-standardized,Cardiomyopathy and myocarditis,Percent,1991,0.0014272075638895,0.0016324654398334,0.0011971077732005
All Population,Prevalence,Australia,Both,Age-standardized,Cardiomyopathy and myocarditis,Rate,1991,132.03380732988,150.62320019169,112.36210260637999
All Population,Prevalence,Australia,Both,Age-standardized,Atrial fibrillation and flutter,Percent,1991,0.0098124587854967,0.0113078533650389,0.008582783109001
All Population,Prevalence,Australia,Both,Age-standardized,Atrial fibrillation and flutter,Rate,1991,907.81445291278,1044.4476451081698,797.58351233512
All Population,Prevalence,Australia,Both,Age-standardized,Lower extremity peripheral arterial disease,Percent,1991,0.0090567466758039,0.0114889986291898,0.0068623520282418
All Population,Prevalence,Australia,Both,Age-standardized,Lower extremity peripheral arterial disease,Rate,1991,837.91899978956,1068.09068917313,633.8755940140001
All Population,Prevalence,Australia,Both,Age-standardized,Endocarditis,Percent,1991,3.05756764367e-05,3.50199871949e-05,2.65602088358e-05
All Population,Prevalence,Australia,Both,Age-standardized,Endocarditis,Rate,1991,2.82861320777,3.2345858797699996,2.45613295836
All Population,Prevalence,Australia,Both,Age-standardized,Non-rheumatic valvular heart disease,Percent,1991,0.0042198160482852,0.0047723449165898,0.0037194189296257
All Population,Prevalence,Australia,Both,Age-standardized,Non-rheumatic valvular heart disease,Rate,1991,390.36600995746,440.5244886514,342.14476040237
All Population,Prevalence,Australia,Both,Age-standardized,Other cardiovascular and circulatory diseases,Percent,1991,0.0092583761386128,0.0121520091459634,0.006964962841177
All Population,Prevalence,Australia,Both,Age-standardized,Other cardiovascular and circulatory diseases,Rate,1991,856.4406888247099,1122.93682201903,650.92919590783
All Population,Prevalence,Australia,Both,Age-standardized,Cardiovascular diseases,Percent,1994,0.073257796219834,0.0782061310581967,0.0692600970388395
All Population,Prevalence,Australia,Both,Age-standardized,Cardiovascular diseases,Rate,1994,6754.85037942024,7192.86924283506,6436.17049772278
All Population,Prevalence,Australia,Both,Age-standardized,Rheumatic heart disease,Percent,1994,0.0007334802191266,0.0008412333886164,0.0006316750714014
All Population,Prevalence,Australia,Both,Age-standardized,Rheumatic heart disease,Rate,1994,67.63271110801,77.3949679546,58.39110620997
All Population,Prevalence,Australia,Both,Age-standardized,Ischemic heart disease,Percent,1994,0.0381096389808782,0.0441447558476866,0.0344001348024834
All Population,Prevalence,Australia,Both,Age-standardized,Ischemic heart disease,Rate,1994,3513.9280725743,4053.87508808753,3164.4971994436796
All Population,Prevalence,Australia,Both,Age-standardized,Stroke,Percent,1994,0.0105216969525646,0.0109520103099252,0.010053297715033
All Population,Prevalence,Australia,Both,Age-standardized,Stroke,Rate,1994,970.1707607805299,1003.4162599956001,927.98628647659
All Population,Prevalence,Australia,Both,Age-standardized,Hypertensive heart disease,Percent,1994,0.0003751973041142,0.0004662000375956,0.0003005213050205
All Population,Prevalence,Australia,Both,Age-standardized,Hypertensive heart disease,Rate,1994,34.59436343904,43.03715599681,27.73513869715
All Population,Prevalence,Australia,Both,Age-standardized,Cardiomyopathy and myocarditis,Percent,1994,0.0014288528785011,0.0016546997609267,0.0012376371336038
All Population,Prevalence,Australia,Both,Age-standardized,Cardiomyopathy and myocarditis,Rate,1994,131.75303316898,152.97729953667002,114.01646585319
All Population,Prevalence,Australia,Both,Age-standardized,Atrial fibrillation and flutter,Percent,1994,0.009976792548391,0.0113774969352764,0.0088164776078096
All Population,Prevalence,Australia,Both,Age-standardized,Atrial fibrillation and flutter,Rate,1994,919.95942419941,1053.01384373497,810.6489651969299
All Population,Prevalence,Australia,Both,Age-standardized,Lower extremity peripheral arterial disease,Percent,1994,0.0090932552413206,0.0117564160277561,0.0068183971980166
All Population,Prevalence,Australia,Both,Age-standardized,Lower extremity peripheral arterial disease,Rate,1994,838.50861658452,1086.00214054239,628.6152694150301
All Population,Prevalence,Australia,Both,Age-standardized,Pulmonary Arterial Hypertension,Percent,1991,3.25179670167e-05,3.9903549778e-05,2.68271658616e-05
All Population,Prevalence,Australia,Both,Age-standardized,Pulmonary Arterial Hypertension,Rate,1991,3.00849587591,3.70252956899,2.47472521162
All Population,Prevalence,Australia,Both,Age-standardized,Cardiovascular diseases,Percent,1992,0.0727755377827374,0.0782654139083566,0.068870612605473
All Population,Prevalence,Australia,Both,Age-standardized,Cardiovascular diseases,Rate,1992,6724.516489436851,7187.847062723229,6401.6011662167
All Population,Prevalence,Australia,Both,Age-standardized,Rheumatic heart disease,Percent,1992,0.0007512635366665,0.0008620151319435,0.0006501062276825
All Population,Prevalence,Australia,Both,Age-standardized,Rheumatic heart disease,Rate,1992,69.41842176245001,79.29016259379,60.006616641330005
All Population,Prevalence,Australia,Both,Age-standardized,Ischemic heart disease,Percent,1992,0.0380622926878416,0.0445061298840987,0.0344876778575709
All Population,Prevalence,Australia,Both,Age-standardized,Ischemic heart disease,Rate,1992,3516.9742645419296,4098.82648990379,3178.92973600739
All Population,Prevalence,Australia,Both,Age-standardized,Stroke,Percent,1992,0.0105548416223127,0.0109933560281717,0.0100799498325065
All Population,Prevalence,Australia,Both,Age-standardized,Stroke,Rate,1992,975.27691174883,1013.86529161667,931.9088936158199
All Population,Prevalence,Australia,Both,Age-standardized,Hypertensive heart disease,Percent,1992,0.0003561134209796,0.0004501162277988,0.0002825598625255
All Population,Prevalence,Australia,Both,Age-standardized,Hypertensive heart disease,Rate,1992,32.90303328581,41.74011724776,26.140304443399998
All Population,Prevalence,Australia,Both,Age-standardized,Cardiomyopathy and myocarditis,Percent,1992,0.0014291347337316,0.0016354500768431,0.0012171448304608
All Population,Prevalence,Australia,Both,Age-standardized,Cardiomyopathy and myocarditis,Rate,1992,132.05425190281,151.52304809031,113.41489425594001
All Population,Prevalence,Australia,Both,Age-standardized,Atrial fibrillation and flutter,Percent,1992,0.009871601771426,0.0113188812998775,0.0086446299716718
All Population,Prevalence,Australia,Both,Age-standardized,Atrial fibrillation and flutter,Rate,1992,912.18358071093,1047.2461667023401,798.1361524176601
All Population,Prevalence,Australia,Both,Age-standardized,Lower extremity peripheral arterial disease,Percent,1992,0.0090695206356375,0.0115575052426151,0.0068455295844763
All Population,Prevalence,Australia,Both,Age-standardized,Lower extremity peripheral arterial disease,Rate,1992,838.08741801426,1074.73363161409,632.76112738278
All Population,Prevalence,Australia,Both,Age-standardized,Endocarditis,Percent,1994,3.4795221443e-05,3.99561227046e-05,3.04956472358e-05
All Population,Prevalence,Australia,Both,Age-standardized,Endocarditis,Rate,1994,3.20830164281,3.6851105132299997,2.82069681649
All Population,Prevalence,Australia,Both,Age-standardized,Non-rheumatic valvular heart disease,Percent,1994,0.0042950916010648,0.004878278024405,0.0037555592126252
All Population,Prevalence,Australia,Both,Age-standardized,Non-rheumatic valvular heart disease,Rate,1994,396.02023988326,450.52405169024,346.82509948375997
All Population,Prevalence,Australia,Both,Age-standardized,Other cardiovascular and circulatory diseases,Percent,1994,0.0099272770536769,0.0126697136520521,0.0076298731696454
All Population,Prevalence,Australia,Both,Age-standardized,Other cardiovascular and circulatory diseases,Rate,1994,915.33801356964,1164.85734870809,705.08599473116
All Population,Prevalence,Australia,Both,Age-standardized,Endocarditis,Percent,1992,3.16840262794e-05,3.6132345238e-05,2.77447366944e-05
All Population,Prevalence,Australia,Both,Age-standardized,Endocarditis,Rate,1992,2.92760999062,3.3223484112399997,2.56759498364
All Population,Prevalence,Australia,Both,Age-standardized,Non-rheumatic valvular heart disease,Percent,1992,0.0042434688263241,0.0047626091139438,0.0037317954206189
All Population,Prevalence,Australia,Both,Age-standardized,Non-rheumatic valvular heart disease,Rate,1992,392.08237786524995,442.68427287904,344.30619686229
All Population,Prevalence,Australia,Both,Age-standardized,Other cardiovascular and circulatory diseases,Percent,1992,0.0094366638706394,0.0123351315123281,0.0071560572912458
All Population,Prevalence,Australia,Both,Age-standardized,Other cardiovascular and circulatory diseases,Rate,1992,871.90085647151,1135.5984434150698,668.81055011279
All Population,Prevalence,Australia,Both,Age-standardized,Cardiovascular diseases,Percent,1993,0.0730480609506303,0.078218849394697,0.0691415265990283
All Population,Prevalence,Australia,Both,Age-standardized,Cardiovascular diseases,Rate,1993,6741.95172350056,7198.90685570798,6423.555077974839
All Population,Prevalence,Australia,Both,Age-standardized,Rheumatic heart disease,Percent,1993,0.0007432706216995,0.0008518507076339,0.0006412693484553
All Population,Prevalence,Australia,Both,Age-standardized,Rheumatic heart disease,Rate,1993,68.60101351045999,78.34411476903,59.27910397162
All Population,Prevalence,Australia,Both,Age-standardized,Ischemic heart disease,Percent,1993,0.0381349899786209,0.044340155568551,0.0344923802341989
All Population,Prevalence,Australia,Both,Age-standardized,Ischemic heart disease,Rate,1993,3519.63859404879,4077.23831078955,3173.9310466282104
All Population,Prevalence,Australia,Both,Age-standardized,Stroke,Percent,1993,0.0105397130473994,0.0109717936026373,0.0100770515906797
All Population,Prevalence,Australia,Both,Age-standardized,Stroke,Rate,1993,972.7608351471399,1009.22879947604,931.9773951189801
All Population,Prevalence,Australia,Both,Age-standardized,Hypertensive heart disease,Percent,1993,0.0003661777211086,0.0004594237099287,0.0002936184361946
All Population,Prevalence,Australia,Both,Age-standardized,Hypertensive heart disease,Rate,1993,33.79453924491,42.42648179784,27.143015321110003
All Population,Prevalence,Australia,Both,Age-standardized,Cardiomyopathy and myocarditis,Percent,1993,0.0014297192639939,0.0016411136349662,0.0012288002915388
All Population,Prevalence,Australia,Both,Age-standardized,Cardiomyopathy and myocarditis,Rate,1993,131.95785788013,152.65672791263,113.66200132533
All Population,Prevalence,Australia,Both,Age-standardized,Atrial fibrillation and flutter,Percent,1993,0.0099271878807232,0.0113362648948305,0.0087382676933211
All Population,Prevalence,Australia,Both,Age-standardized,Atrial fibrillation and flutter,Rate,1993,916.2637734441801,1049.43789134591,803.1126989119199
All Population,Prevalence,Australia,Both,Age-standardized,Lower extremity peripheral arterial disease,Percent,1993,0.0090822002472985,0.0116489026652573,0.0068181512498255
All Population,Prevalence,Australia,Both,Age-standardized,Lower extremity peripheral arterial disease,Rate,1993,838.29259552396,1080.70080835596,630.92074712874
All Population,Prevalence,Australia,Both,Age-standardized,Endocarditis,Percent,1993,3.31159966066e-05,3.80504277867e-05,2.90376375469e-05
All Population,Prevalence,Australia,Both,Age-standardized,Endocarditis,Rate,1993,3.05639999391,3.5034458694899997,2.6928364897
All Population,Prevalence,Australia,Both,Age-standardized,Non-rheumatic valvular heart disease,Percent,1993,0.0042686521448708,0.004812424657318,0.0037372976983311
All Population,Prevalence,Australia,Both,Age-standardized,Non-rheumatic valvular heart disease,Rate,1993,393.95746023980996,444.49413881894,343.29378691804
All Population,Prevalence,Australia,Both,Age-standardized,Other cardiovascular and circulatory diseases,Percent,1993,0.0096647614796684,0.0124498043459698,0.0073979439438628
All Population,Prevalence,Australia,Both,Age-standardized,Other cardiovascular and circulatory diseases,Rate,1993,891.96876810802,1147.5106151216698,687.13768071485
All Population,Prevalence,Australia,Both,Age-standardized,Cardiovascular diseases,Percent,1990,0.0720431230878639,0.0781917864499251,0.0678459667117944
All Population,Prevalence,Australia,Both,Age-standardized,Cardiovascular diseases,Rate,1990,6673.186435355389,7222.5025877934,6316.907942349249
All Population,Prevalence,Australia,Both,Age-standardized,Rheumatic heart disease,Percent,1990,0.0007612501303256,0.0008823810778746,0.0006542251994264
All Population,Prevalence,Australia,Both,Age-standardized,Rheumatic heart disease,Rate,1990,70.51404223383,81.28081295391,60.444005928260005
All Population,Prevalence,Australia,Both,Age-standardized,Ischemic heart disease,Percent,1990,0.037562113256335,0.0448503357524096,0.0337858177791409
All Population,Prevalence,Australia,Both,Age-standardized,Ischemic heart disease,Rate,1990,3479.29171030747,4143.26384362067,3132.31903200756
All Population,Prevalence,Australia,Both,Age-standardized,Stroke,Percent,1990,0.0105779495919094,0.0110328017877022,0.0100564345907336
All Population,Prevalence,Australia,Both,Age-standardized,Stroke,Rate,1990,979.81564690055,1019.67363672382,931.01797836694
All Population,Prevalence,Australia,Both,Age-standardized,Hypertensive heart disease,Percent,1990,0.0003338268826958,0.0004164155480436,0.0002600613131415
All Population,Prevalence,Australia,Both,Age-standardized,Hypertensive heart disease,Rate,1990,30.91897467296,38.60400836386,24.055222189869998
All Population,Prevalence,Australia,Both,Age-standardized,Cardiomyopathy and myocarditis,Percent,1990,0.0014238375393921,0.0016425185854581,0.00118433638832
All Population,Prevalence,Australia,Both,Age-standardized,Cardiomyopathy and myocarditis,Rate,1990,131.88539470592,151.71013395585,110.58416716190999
All Population,Prevalence,Australia,Both,Age-standardized,Atrial fibrillation and flutter,Percent,1990,0.009752622672722,0.0113254118921366,0.0085139588468378
All Population,Prevalence,Australia,Both,Age-standardized,Atrial fibrillation and flutter,Rate,1990,903.41011812573,1045.5524386714699,789.99674379732
All Population,Prevalence,Australia,Both,Age-standardized,Lower extremity peripheral arterial disease,Percent,1990,0.0090424298130302,0.0114777029790712,0.0068539106622156
All Population,Prevalence,Australia,Both,Age-standardized,Lower extremity peripheral arterial disease,Rate,1990,837.64408341407,1063.37792675696,634.61589226732
All Population,Prevalence,Australia,Both,Age-standardized,Endocarditis,Percent,1990,2.98617559654e-05,3.4273156588e-05,2.56126492243e-05
All Population,Prevalence,Australia,Both,Age-standardized,Endocarditis,Rate,1990,2.76603186103,3.17691633499,2.3799538549399997
All Population,Prevalence,Australia,Both,Age-standardized,Non-rheumatic valvular heart disease,Percent,1990,0.0041990207483496,0.0047616802918656,0.0036710548751538
All Population,Prevalence,Australia,Both,Age-standardized,Non-rheumatic valvular heart disease,Rate,1990,388.92745338159,440.96890910311,339.98903766389
All Population,Prevalence,Australia,Both,Age-standardized,Other cardiovascular and circulatory diseases,Percent,1990,0.0091464654293318,0.0120638484903183,0.0067362044264646
All Population,Prevalence,Australia,Both,Age-standardized,Other cardiovascular and circulatory diseases,Rate,1990,847.1277342432901,1116.3616192677,634.80882656281
All Population,Prevalence,Australia,Both,Age-standardized,Cardiovascular diseases,Percent,1995,0.0734337930396593,0.0781818405582632,0.0694238316639486
All Population,Prevalence,Australia,Both,Age-standardized,Cardiovascular diseases,Rate,1995,6764.480847225671,7183.943704766491,6440.71803624931
All Population,Prevalence,Australia,Both,Age-standardized,Rheumatic heart disease,Percent,1995,0.0007223654370752,0.0008240717588193,0.0006172894988773
All Population,Prevalence,Australia,Both,Age-standardized,Rheumatic heart disease,Rate,1995,66.54296335958999,76.11191191796999,56.81339456159
All Population,Prevalence,Australia,Both,Age-standardized,Ischemic heart disease,Percent,1995,0.0380192167321262,0.0439391118194722,0.0342424613916279
All Population,Prevalence,Australia,Both,Age-standardized,Ischemic heart disease,Rate,1995,3502.1625659270203,4029.58729149787,3153.6892882269804
All Population,Prevalence,Australia,Both,Age-standardized,Stroke,Percent,1995,0.0105057253540487,0.0109465350359212,0.0100300700564625
All Population,Prevalence,Australia,Both,Age-standardized,Stroke,Rate,1995,967.7553593316201,1004.61090477307,923.4674457328401
All Population,Prevalence,Australia,Both,Age-standardized,Hypertensive heart disease,Percent,1995,0.0003829226888249,0.0004809263590558,0.0003105926126309
All Population,Prevalence,Australia,Both,Age-standardized,Hypertensive heart disease,Rate,1995,35.27277914126,44.30936858588,28.454655758340003
All Population,Prevalence,Australia,Both,Age-standardized,Cardiomyopathy and myocarditis,Percent,1995,0.001426937236762,0.001666199822689,0.0012320172334675
All Population,Prevalence,Australia,Both,Age-standardized,Cardiomyopathy and myocarditis,Rate,1995,131.44931525721,153.37592939453,113.69606734367001
All Population,Prevalence,Australia,Both,Age-standardized,Atrial fibrillation and flutter,Percent,1995,0.0100223928673839,0.0114068514814007,0.0088484223038348
All Population,Prevalence,Australia,Both,Age-standardized,Atrial fibrillation and flutter,Rate,1995,923.2612496801801,1054.86273051099,817.85016209431
All Population,Prevalence,Australia,Both,Age-standardized,Lower extremity peripheral arterial disease,Percent,1995,0.0091030706357377,0.0117484825137469,0.0068120290337198
All Population,Prevalence,Australia,Both,Age-standardized,Lower extremity peripheral arterial disease,Rate,1995,838.5935115297701,1087.43464523768,627.06208950671
All Population,Prevalence,Australia,Both,Age-standardized,Pulmonary Arterial Hypertension,Percent,1992,3.25740771549e-05,3.99289738409e-05,2.68912666155e-05
All Population,Prevalence,Australia,Both,Age-standardized,Pulmonary Arterial Hypertension,Rate,1992,3.01007362018,3.7039271076599998,2.47340418063
All Population,Prevalence,Australia,Both,Age-standardized,Endocarditis,Percent,1995,3.66599327884e-05,4.18598263724e-05,3.21034480585e-05
All Population,Prevalence,Australia,Both,Age-standardized,Endocarditis,Rate,1995,3.37693240422,3.8459338484999996,2.96108331407
All Population,Prevalence,Australia,Both,Age-standardized,Non-rheumatic valvular heart disease,Percent,1995,0.0043246346774695,0.0049617180641802,0.0037629386794549
All Population,Prevalence,Australia,Both,Age-standardized,Non-rheumatic valvular heart disease,Rate,1995,398.35721109208,457.69753560351,346.83914933566
All Population,Prevalence,Australia,Both,Age-standardized,Other cardiovascular and circulatory diseases,Percent,1995,0.0102129003124397,0.0130983893793265,0.0077917113879971
All Population,Prevalence,Australia,Both,Age-standardized,Other cardiovascular and circulatory diseases,Rate,1995,940.7718798435801,1214.58552238108,720.67340813568
All Population,Prevalence,Australia,Both,Age-standardized,Cardiovascular diseases,Percent,1996,0.0732232695813689,0.0778760123525015,0.069329371207374
All Population,Prevalence,Australia,Both,Age-standardized,Cardiovascular diseases,Rate,1996,6740.11866669201,7142.89737123384,6419.437912107161
All Population,Prevalence,Australia,Both,Age-standardized,Rheumatic heart disease,Percent,1996,0.000705176603638,0.0008036902597467,0.0006100531497359
All Population,Prevalence,Australia,Both,Age-standardized,Rheumatic heart disease,Rate,1996,64.91155009242,73.69944304213999,56.2577851927
All Population,Prevalence,Australia,Both,Age-standardized,Ischemic heart disease,Percent,1996,0.0373326924929885,0.0425374890627875,0.0338072285688735
All Population,Prevalence,Australia,Both,Age-standardized,Ischemic heart disease,Rate,1996,3436.3976799717802,3904.24036318434,3112.70997789697
All Population,Prevalence,Australia,Both,Age-standardized,Stroke,Percent,1996,0.0104572622336262,0.0108931688729543,0.0100151180230021
All Population,Prevalence,Australia,Both,Age-standardized,Stroke,Rate,1996,962.5807921697401,996.13108079068,920.74090605491
All Population,Prevalence,Australia,Both,Age-standardized,Hypertensive heart disease,Percent,1996,0.0003898792685662,0.0004918121641992,0.0003179708695374
All Population,Prevalence,Australia,Both,Age-standardized,Hypertensive heart disease,Rate,1996,35.88712941661,45.32793616304,29.12519548446
All Population,Prevalence,Australia,Both,Age-standardized,Cardiomyopathy and myocarditis,Percent,1996,0.0014222907572524,0.0016488430512622,0.0012279093729695
All Population,Prevalence,Australia,Both,Age-standardized,Cardiomyopathy and myocarditis,Rate,1996,130.92364016029,152.15015634294,113.04256927294001
All Population,Prevalence,Australia,Both,Age-standardized,Atrial fibrillation and flutter,Percent,1996,0.0100673352564264,0.0113656234152043,0.0089710181002133
All Population,Prevalence,Australia,Both,Age-standardized,Atrial fibrillation and flutter,Rate,1996,926.71954670515,1050.03148539091,821.9907815719299
All Population,Prevalence,Australia,Both,Age-standardized,Lower extremity peripheral arterial disease,Percent,1996,0.0091140904175637,0.0117300913839981,0.0068479783322122
All Population,Prevalence,Australia,Both,Age-standardized,Lower extremity peripheral arterial disease,Rate,1996,838.9845492899801,1083.4477214543401,629.34992993492
All Population,Prevalence,Australia,Both,Age-standardized,Pulmonary Arterial Hypertension,Percent,1990,3.24510806542e-05,3.98039490696e-05,2.66763822731e-05
All Population,Prevalence,Australia,Both,Age-standardized,Pulmonary Arterial Hypertension,Rate,1990,3.00604666886,3.6881033375,2.47719821747
All Population,Prevalence,Australia,Both,Age-standardized,Endocarditis,Percent,1996,4.15257603582e-05,4.76986089008e-05,3.62491905262e-05
All Population,Prevalence,Australia,Both,Age-standardized,Endocarditis,Rate,1996,3.8223443220699997,4.369722723,3.3461200521500003
All Population,Prevalence,Australia,Both,Age-standardized,Non-rheumatic valvular heart disease,Percent,1996,0.0043560812584187,0.0049816202264307,0.0038241749544312
All Population,Prevalence,Australia,Both,Age-standardized,Non-rheumatic valvular heart disease,Rate,1996,400.9575895595,457.77523207471,353.17797210201
All Population,Prevalence,Australia,Both,Age-standardized,Other cardiovascular and circulatory diseases,Percent,1996,0.0106921833810187,0.0135448509953265,0.0082000839466475
All Population,Prevalence,Australia,Both,Age-standardized,Other cardiovascular and circulatory diseases,Rate,1996,984.19644472815,1255.06125060602,756.65450853498
All Population,Prevalence,Australia,Both,Age-standardized,Pulmonary Arterial Hypertension,Percent,1993,3.2620319419e-05,4.00226874252e-05,2.68627077962e-05
All Population,Prevalence,Australia,Both,Age-standardized,Pulmonary Arterial Hypertension,Rate,1993,3.01089717332,3.71074747308,2.46943486432
All Population,Prevalence,Australia,Both,Age-standardized,Cardiovascular diseases,Percent,1998,0.071595780441686,0.0760445914331514,0.0676425380454211
All Population,Prevalence,Australia,Both,Age-standardized,Cardiovascular diseases,Rate,1998,6579.86085348949,6985.44996949272,6245.95269305862
All Population,Prevalence,Australia,Both,Age-standardized,Rheumatic heart disease,Percent,1998,0.0006547937379546,0.0007357094705162,0.0005717327817674
All Population,Prevalence,Australia,Both,Age-standardized,Rheumatic heart disease,Rate,1998,60.17815853889,67.51909290132001,52.37608061563
All Population,Prevalence,Australia,Both,Age-standardized,Ischemic heart disease,Percent,1998,0.0339868849003987,0.0384578749578228,0.0308597483002007
All Population,Prevalence,Australia,Both,Age-standardized,Ischemic heart disease,Rate,1998,3123.4744338997302,3514.7541295660003,2828.10536786468
All Population,Prevalence,Australia,Both,Age-standardized,Stroke,Percent,1998,0.0102273856650603,0.0106628557366619,0.0097569494594489
All Population,Prevalence,Australia,Both,Age-standardized,Stroke,Rate,1998,939.9274707729701,976.95550658597,900.64284624112
All Population,Prevalence,Australia,Both,Age-standardized,Hypertensive heart disease,Percent,1998,0.0004040981247313,0.0005063288896283,0.0003283113918122
All Population,Prevalence,Australia,Both,Age-standardized,Hypertensive heart disease,Rate,1998,37.13682184862,46.58167380336,30.217026043790003
All Population,Prevalence,Australia,Both,Age-standardized,Cardiomyopathy and myocarditis,Percent,1998,0.0014105687776757,0.0016292249314489,0.0012086337020454
All Population,Prevalence,Australia,Both,Age-standardized,Cardiomyopathy and myocarditis,Rate,1998,129.63670836925002,149.7058519766,111.07864655114999
All Population,Prevalence,Australia,Both,Age-standardized,Atrial fibrillation and flutter,Percent,1998,0.0101581310451816,0.0113238717928593,0.0091099106083228
All Population,Prevalence,Australia,Both,Age-standardized,Atrial fibrillation and flutter,Rate,1998,933.5954540238099,1039.6687788511,832.40352704569
All Population,Prevalence,Australia,Both,Age-standardized,Lower extremity peripheral arterial disease,Percent,1998,0.0091582148886603,0.0117234036677547,0.0068813899635644
All Population,Prevalence,Australia,Both,Age-standardized,Lower extremity peripheral arterial disease,Rate,1998,841.6993841819501,1072.59440286217,631.12341458209
All Population,Prevalence,Australia,Both,Age-standardized,Endocarditis,Percent,1998,6.11211438756e-05,7.05927739062e-05,5.27637698286e-05
All Population,Prevalence,Australia,Both,Age-standardized,Endocarditis,Rate,1998,5.61717002735,6.482175750360001,4.84066062551
All Population,Prevalence,Australia,Both,Age-standardized,Non-rheumatic valvular heart disease,Percent,1998,0.0044228528716632,0.0050155874787549,0.003911628160723
All Population,Prevalence,Australia,Both,Age-standardized,Non-rheumatic valvular heart disease,Rate,1998,406.4574702987,460.75898920676,359.79137191087
All Population,Prevalence,Australia,Both,Age-standardized,Other cardiovascular and circulatory diseases,Percent,1998,0.0123517957010286,0.0155500248112092,0.009717326655602
All Population,Prevalence,Australia,Both,Age-standardized,Other cardiovascular and circulatory diseases,Rate,1998,1135.1569439198101,1437.01798223253,889.23584652348
All Population,Prevalence,Australia,Both,Age-standardized,Cardiovascular diseases,Percent,1997,0.0725078836369079,0.076854820719978,0.0686029798109115
All Population,Prevalence,Australia,Both,Age-standardized,Cardiovascular diseases,Rate,1997,6668.624276931149,7062.338917047491,6349.438250366949
All Population,Prevalence,Australia,Both,Age-standardized,Rheumatic heart disease,Percent,1997,0.000680790801578,0.0007709132224429,0.000598912143893
All Population,Prevalence,Australia,Both,Age-standardized,Rheumatic heart disease,Rate,1997,62.61379276569,70.50537832626,54.78811528497
All Population,Prevalence,Australia,Both,Age-standardized,Ischemic heart disease,Percent,1997,0.0358310481634741,0.0404152197911009,0.0326040585397367
All Population,Prevalence,Australia,Both,Age-standardized,Ischemic heart disease,Rate,1997,3295.3916719354297,3705.2081071383304,2991.8085567039802
All Population,Prevalence,Australia,Both,Age-standardized,Stroke,Percent,1997,0.0103566691325133,0.010770681678987,0.0099127646774213
All Population,Prevalence,Australia,Both,Age-standardized,Stroke,Rate,1997,952.51490455223,985.83317106087,912.23544342599
All Population,Prevalence,Australia,Both,Age-standardized,Hypertensive heart disease,Percent,1997,0.00039716121564,0.0004988547561157,0.0003238679882247
All Population,Prevalence,Australia,Both,Age-standardized,Hypertensive heart disease,Rate,1997,36.52645993141,45.93404160034,29.611992510919997
All Population,Prevalence,Australia,Both,Age-standardized,Cardiomyopathy and myocarditis,Percent,1997,0.001415943737643,0.0016304282682065,0.0012188768861032
All Population,Prevalence,Australia,Both,Age-standardized,Cardiomyopathy and myocarditis,Rate,1997,130.22811667454,150.88214286052,112.08030849311
All Population,Prevalence,Australia,Both,Age-standardized,Atrial fibrillation and flutter,Percent,1997,0.0101142854642718,0.011332091571215,0.0090433116311933
All Population,Prevalence,Australia,Both,Age-standardized,Atrial fibrillation and flutter,Rate,1997,930.25478336755,1044.7583764384399,827.7636962655
All Population,Prevalence,Australia,Both,Age-standardized,Lower extremity peripheral arterial disease,Percent,1997,0.0091360560829525,0.0117656100058711,0.0068768489664811
All Population,Prevalence,Australia,Both,Age-standardized,Lower extremity peripheral arterial disease,Rate,1997,840.29001418709,1078.51343081047,630.39215540588
All Population,Prevalence,Australia,Both,Age-standardized,Pulmonary Arterial Hypertension,Percent,1996,3.26785510857e-05,4.03576312603e-05,2.6775243757e-05
All Population,Prevalence,Australia,Both,Age-standardized,Pulmonary Arterial Hypertension,Rate,1996,3.00823195203,3.7353724363200005,2.46197151883
All Population,Prevalence,Australia,Both,Age-standardized,Pulmonary Arterial Hypertension,Percent,1995,3.26808046535e-05,4.03624003168e-05,2.67469268249e-05
All Population,Prevalence,Australia,Both,Age-standardized,Pulmonary Arterial Hypertension,Rate,1995,3.0106759154000002,3.73043091126,2.45946679153
All Population,Prevalence,Australia,Both,Age-standardized,Endocarditis,Percent,1997,5.05409281965e-05,5.83072808025e-05,4.38402305868e-05
All Population,Prevalence,Australia,Both,Age-standardized,Endocarditis,Rate,1997,4.64825276624,5.34763619684,4.03844317058
All Population,Prevalence,Australia,Both,Age-standardized,Non-rheumatic valvular heart disease,Percent,1997,0.0043881291229136,0.0049846661044279,0.0038705167761682
All Population,Prevalence,Australia,Both,Age-standardized,Non-rheumatic valvular heart disease,Rate,1997,403.56548351541,458.07603837642,356.0796556599
All Population,Prevalence,Australia,Both,Age-standardized,Other cardiovascular and circulatory diseases,Percent,1997,0.0114530056859646,0.01445161213317,0.0089403435105354
All Population,Prevalence,Australia,Both,Age-standardized,Other cardiovascular and circulatory diseases,Rate,1997,1053.33686738611,1332.74270039149,823.27656221168
All Population,Prevalence,Australia,Both,Age-standardized,Cardiovascular diseases,Percent,2000,0.070419348243767,0.0755814655314315,0.0663729735179116
All Population,Prevalence,Australia,Both,Age-standardized,Cardiovascular diseases,Rate,2000,6463.62165900274,6925.53544048079,6103.01342308884
All Population,Prevalence,Australia,Both,Age-standardized,Rheumatic heart disease,Percent,2000,0.0006199565391981,0.0007034048922577,0.0005359502244996
All Population,Prevalence,Australia,Both,Age-standardized,Rheumatic heart disease,Rate,2000,56.90491359715,64.35635406311,49.43157871697
All Population,Prevalence,Australia,Both,Age-standardized,Ischemic heart disease,Percent,2000,0.0311596248934721,0.0357772723112907,0.0283073974484096
All Population,Prevalence,Australia,Both,Age-standardized,Ischemic heart disease,Rate,2000,2860.06151469787,3268.57740933268,2598.31654149143
All Population,Prevalence,Australia,Both,Age-standardized,Stroke,Percent,2000,0.0099670912661528,0.0104739147075453,0.009417645039769
All Population,Prevalence,Australia,Both,Age-standardized,Stroke,Rate,2000,914.8543918945601,960.56034285248,865.6943117260699
All Population,Prevalence,Australia,Both,Age-standardized,Hypertensive heart disease,Percent,2000,0.0004163641825419,0.0005204561384041,0.0003362077430337
All Population,Prevalence,Australia,Both,Age-standardized,Hypertensive heart disease,Rate,2000,38.21571476509,47.80100199657,31.045226726590002
All Population,Prevalence,Australia,Both,Age-standardized,Cardiomyopathy and myocarditis,Percent,2000,0.0014147298027291,0.0016334761942955,0.0012097100289375
All Population,Prevalence,Australia,Both,Age-standardized,Cardiomyopathy and myocarditis,Rate,2000,129.85417628385,150.00744558153,111.44521532702001
All Population,Prevalence,Australia,Both,Age-standardized,Atrial fibrillation and flutter,Percent,2000,0.0102114040915205,0.0113361026990135,0.0091623010089511
All Population,Prevalence,Australia,Both,Age-standardized,Atrial fibrillation and flutter,Rate,2000,937.31242671243,1038.4162055985698,841.6035846789
All Population,Prevalence,Australia,Both,Age-standardized,Lower extremity peripheral arterial disease,Percent,2000,0.0091884162039891,0.0117857974955763,0.0068289893717883
All Population,Prevalence,Australia,Both,Age-standardized,Lower extremity peripheral arterial disease,Rate,2000,843.4087740489199,1078.9710911414002,625.02203609538
All Population,Prevalence,Australia,Both,Age-standardized,Pulmonary Arterial Hypertension,Percent,1994,3.26535424438e-05,4.01906937302e-05,2.68196310403e-05
All Population,Prevalence,Australia,Both,Age-standardized,Pulmonary Arterial Hypertension,Rate,1994,3.0110923028400003,3.72057049791,2.4646936074099997
All Population,Prevalence,Australia,Both,Age-standardized,Endocarditis,Percent,2000,7.66065298138e-05,8.79904421224e-05,6.55726654613e-05
All Population,Prevalence,Australia,Both,Age-standardized,Endocarditis,Rate,2000,7.03148913975,8.08020016233,6.01813200434
All Population,Prevalence,Australia,Both,Age-standardized,Non-rheumatic valvular heart disease,Percent,2000,0.0045012904774339,0.0051374199462346,0.0039757316174445
All Population,Prevalence,Australia,Both,Age-standardized,Non-rheumatic valvular heart disease,Rate,2000,413.14626501498003,469.80184520416003,365.00077731446
All Population,Prevalence,Australia,Both,Age-standardized,Other cardiovascular and circulatory diseases,Percent,2000,0.0139846209081804,0.0175720077879989,0.0109931979499973
All Population,Prevalence,Australia,Both,Age-standardized,Other cardiovascular and circulatory diseases,Rate,2000,1283.60030439706,1607.0357159145499,1019.60442241429
All Population,Prevalence,Australia,Both,Age-standardized,Cardiovascular diseases,Percent,1999,0.0707966551284528,0.0756885120900175,0.06678542942291
All Population,Prevalence,Australia,Both,Age-standardized,Cardiovascular diseases,Rate,1999,6501.96217865081,6933.95824838671,6153.31324760101
All Population,Prevalence,Australia,Both,Age-standardized,Rheumatic heart disease,Percent,1999,0.0006326552329413,0.0007111881424027,0.0005494823603086
All Population,Prevalence,Australia,Both,Age-standardized,Rheumatic heart disease,Rate,1999,58.103688130630005,65.19291297976,50.38696459825
All Population,Prevalence,Australia,Both,Age-standardized,Ischemic heart disease,Percent,1999,0.0322704276088695,0.0367693119639107,0.0292267254028942
All Population,Prevalence,Australia,Both,Age-standardized,Ischemic heart disease,Rate,1999,2963.70299768457,3369.6894533487502,2678.75032095683
All Population,Prevalence,Australia,Both,Age-standardized,Stroke,Percent,1999,0.0100897023299663,0.0105612162873829,0.0095821351387849
All Population,Prevalence,Australia,Both,Age-standardized,Stroke,Rate,1999,926.6379748905699,968.09531034591,884.4262889040199
All Population,Prevalence,Australia,Both,Age-standardized,Hypertensive heart disease,Percent,1999,0.0004106428652291,0.0005135776732859,0.0003338183741173
All Population,Prevalence,Australia,Both,Age-standardized,Hypertensive heart disease,Rate,1999,37.71228508297,47.27767214339,30.848053357930002
All Population,Prevalence,Australia,Both,Age-standardized,Cardiomyopathy and myocarditis,Percent,1999,0.0014091687611683,0.0016342032291325,0.0012031940425292
All Population,Prevalence,Australia,Both,Age-standardized,Cardiomyopathy and myocarditis,Rate,1999,129.41840689414,150.33909700947999,110.85825999949
All Population,Prevalence,Australia,Both,Age-standardized,Atrial fibrillation and flutter,Percent,1999,0.0101920854080243,0.0113214698008479,0.0091618110844847
All Population,Prevalence,Australia,Both,Age-standardized,Atrial fibrillation and flutter,Rate,1999,936.07366250089,1037.1857918213,838.29686035843
All Population,Prevalence,Australia,Both,Age-standardized,Lower extremity peripheral arterial disease,Percent,1999,0.0091780030045253,0.0117462481223043,0.0068632698779489
All Population,Prevalence,Australia,Both,Age-standardized,Lower extremity peripheral arterial disease,Rate,1999,842.9366056069299,1075.24204337119,629.55319420005
All Population,Prevalence,Australia,Both,Age-standardized,Endocarditis,Percent,1999,7.06718473815e-05,8.13966976853e-05,6.07149114276e-05
All Population,Prevalence,Australia,Both,Age-standardized,Endocarditis,Rate,1999,6.49046289563,7.469829454389999,5.5767433974800005
All Population,Prevalence,Australia,Both,Age-standardized,Non-rheumatic valvular heart disease,Percent,1999,0.0044599561359923,0.0050702881586988,0.0039433307649297
All Population,Prevalence,Australia,Both,Age-standardized,Non-rheumatic valvular heart disease,Rate,1999,409.58628132441004,464.05842186174,362.13389050104
All Population,Prevalence,Australia,Both,Age-standardized,Other cardiovascular and circulatory diseases,Percent,1999,0.0132435985562049,0.01656015572308,0.0103813281308037
All Population,Prevalence,Australia,Both,Age-standardized,Other cardiovascular and circulatory diseases,Rate,1999,1216.27991077062,1539.61511757661,955.55666676436
All Population,Prevalence,Australia,Both,Age-standardized,Pulmonary Arterial Hypertension,Percent,1998,3.26234801353e-05,4.03595349531e-05,2.67923960429e-05
All Population,Prevalence,Australia,Both,Age-standardized,Pulmonary Arterial Hypertension,Rate,1998,2.99836370362,3.71920484466,2.46175284945
All Population,Prevalence,Australia,Both,Age-standardized,Cardiovascular diseases,Percent,2001,0.0704014542918459,0.0753664610390714,0.0664325038983367
All Population,Prevalence,Australia,Both,Age-standardized,Cardiovascular diseases,Rate,2001,6458.55960802625,6902.7443670067805,6122.49703391008
All Population,Prevalence,Australia,Both,Age-standardized,Rheumatic heart disease,Percent,2001,0.0006165416197527,0.0006948868710905,0.0005344342594716
All Population,Prevalence,Australia,Both,Age-standardized,Rheumatic heart disease,Rate,2001,56.56164650489,63.70085477208,48.861922924089995
All Population,Prevalence,Australia,Both,Age-standardized,Ischemic heart disease,Percent,2001,0.0305486509961475,0.0349964168069892,0.0277130546429209
All Population,Prevalence,Australia,Both,Age-standardized,Ischemic heart disease,Rate,2001,2802.49301823847,3198.7092843055198,2539.8386729787103
All Population,Prevalence,Australia,Both,Age-standardized,Stroke,Percent,2001,0.0098456964136831,0.0103256813533921,0.0092787456925787
All Population,Prevalence,Australia,Both,Age-standardized,Stroke,Rate,2001,903.23441254529,946.1532823055501,854.4499150435199
All Population,Prevalence,Australia,Both,Age-standardized,Hypertensive heart disease,Percent,2001,0.0004217135122293,0.0005215374694195,0.0003445831133862
All Population,Prevalence,Australia,Both,Age-standardized,Hypertensive heart disease,Rate,2001,38.68615823826,47.93916129437,31.70000079215
All Population,Prevalence,Australia,Both,Age-standardized,Cardiomyopathy and myocarditis,Percent,2001,0.0014290071365692,0.0016530442966121,0.0012334246966291
All Population,Prevalence,Australia,Both,Age-standardized,Cardiomyopathy and myocarditis,Rate,2001,131.09433747916,151.5264637025,113.06119834527
All Population,Prevalence,Australia,Both,Age-standardized,Atrial fibrillation and flutter,Percent,2001,0.0101979346006869,0.011291397928239,0.0091599903255648
All Population,Prevalence,Australia,Both,Age-standardized,Atrial fibrillation and flutter,Rate,2001,935.5751892909899,1033.15680488109,839.90681439054
All Population,Prevalence,Australia,Both,Age-standardized,Lower extremity peripheral arterial disease,Percent,2001,0.0091884948052274,0.0117567717151188,0.00686751561416
All Population,Prevalence,Australia,Both,Age-standardized,Lower extremity peripheral arterial disease,Rate,2001,842.96987276268,1075.3788252301401,629.72415144241
All Population,Prevalence,Australia,Both,Age-standardized,Cardiovascular diseases,Percent,2002,0.0704535023913659,0.0752421128056988,0.0664954922081457
All Population,Prevalence,Australia,Both,Age-standardized,Cardiovascular diseases,Rate,2002,6459.500217354509,6878.397887058781,6127.12476488555
All Population,Prevalence,Australia,Both,Age-standardized,Rheumatic heart disease,Percent,2002,0.0006176720512251,0.000693960746712,0.0005371964076709
All Population,Prevalence,Australia,Both,Age-standardized,Rheumatic heart disease,Rate,2002,56.63184475673,63.626623135980005,49.133379022709995
All Population,Prevalence,Australia,Both,Age-standardized,Ischemic heart disease,Percent,2002,0.0299956917831002,0.0342713877922965,0.0271488900613591
All Population,Prevalence,Australia,Both,Age-standardized,Ischemic heart disease,Rate,2002,2750.13176493932,3132.92557632472,2487.69893656001
All Population,Prevalence,Australia,Both,Age-standardized,Stroke,Percent,2002,0.0097102122216744,0.0101694775619517,0.009138033965867
All Population,Prevalence,Australia,Both,Age-standardized,Stroke,Rate,2002,890.27726416955,933.88497908492,842.1568746261499
All Population,Prevalence,Australia,Both,Age-standardized,Hypertensive heart disease,Percent,2002,0.0004270411371061,0.000524715311845,0.0003505818925946
All Population,Prevalence,Australia,Both,Age-standardized,Hypertensive heart disease,Rate,2002,39.15158255233,48.10770840648,32.17379469049
All Population,Prevalence,Australia,Both,Age-standardized,Cardiomyopathy and myocarditis,Percent,2002,0.0014491620575609,0.0016599302336314,0.0012553283925494
All Population,Prevalence,Australia,Both,Age-standardized,Cardiomyopathy and myocarditis,Rate,2002,132.86350761033,152.0319483703,115.39154261414001
All Population,Prevalence,Australia,Both,Age-standardized,Atrial fibrillation and flutter,Percent,2002,0.0101551051636716,0.0112263782604302,0.0090959099318084
All Population,Prevalence,Australia,Both,Age-standardized,Atrial fibrillation and flutter,Rate,2002,931.0886029436,1029.7923905942,834.2999684832
All Population,Prevalence,Australia,Both,Age-standardized,Lower extremity peripheral arterial disease,Percent,2002,0.0091781091421412,0.0117116081808037,0.0069015986188641
All Population,Prevalence,Australia,Both,Age-standardized,Lower extremity peripheral arterial disease,Rate,2002,841.51661368935,1074.59307793584,631.6171832724
All Population,Prevalence,Australia,Both,Age-standardized,Endocarditis,Percent,2001,7.97071957878e-05,9.05699385594e-05,6.87612209109e-05
All Population,Prevalence,Australia,Both,Age-standardized,Endocarditis,Rate,2001,7.31220977242,8.30882024085,6.3351212750100006
All Population,Prevalence,Australia,Both,Age-standardized,Non-rheumatic valvular heart disease,Percent,2001,0.0045511012231436,0.0051216441469684,0.0040279307265524
All Population,Prevalence,Australia,Both,Age-standardized,Non-rheumatic valvular heart disease,Rate,2001,417.4983615798,468.61009115402004,369.3421133186
All Population,Prevalence,Australia,Both,Age-standardized,Other cardiovascular and circulatory diseases,Percent,2001,0.0146391457206528,0.0180887959689491,0.0115557176278224
All Population,Prevalence,Australia,Both,Age-standardized,Other cardiovascular and circulatory diseases,Rate,2001,1342.96822079366,1657.35664615179,1069.65597621466
All Population,Prevalence,Australia,Both,Age-standardized,Endocarditis,Percent,2002,8.24756482016e-05,9.33821135242e-05,7.12811015731e-05
All Population,Prevalence,Australia,Both,Age-standardized,Endocarditis,Rate,2002,7.561674729289999,8.57756882122,6.56378430056
All Population,Prevalence,Australia,Both,Age-standardized,Non-rheumatic valvular heart disease,Percent,2002,0.0046116737722339,0.0051651286567821,0.0040954008190319
All Population,Prevalence,Australia,Both,Age-standardized,Non-rheumatic valvular heart disease,Rate,2002,422.80608031,472.012546709,376.09648214917996
All Population,Prevalence,Australia,Both,Age-standardized,Other cardiovascular and circulatory diseases,Percent,2002,0.0153466021487404,0.0190550310481373,0.0121864528980803
All Population,Prevalence,Australia,Both,Age-standardized,Other cardiovascular and circulatory diseases,Rate,2002,1407.03354478203,1743.22254600243,1124.47655203494
All Population,Prevalence,Australia,Both,Age-standardized,Cardiovascular diseases,Percent,2003,0.0705079809642787,0.0751323390825928,0.0665541442848267
All Population,Prevalence,Australia,Both,Age-standardized,Cardiovascular diseases,Rate,2003,6461.63610245852,6873.96817831461,6121.09708954182
All Population,Prevalence,Australia,Both,Age-standardized,Rheumatic heart disease,Percent,2003,0.0006210056184277,0.0006961907199477,0.0005442725540717
All Population,Prevalence,Australia,Both,Age-standardized,Rheumatic heart disease,Rate,2003,56.912420585970004,63.650799907819994,49.71301594755
All Population,Prevalence,Australia,Both,Age-standardized,Ischemic heart disease,Percent,2003,0.0294485598690401,0.0335287452129832,0.0265979679727259
All Population,Prevalence,Australia,Both,Age-standardized,Ischemic heart disease,Rate,2003,2698.77647392485,3067.93201299168,2438.40089148082
All Population,Prevalence,Australia,Both,Age-standardized,Stroke,Percent,2003,0.0095669746034056,0.0100325505753254,0.0090296867439331
All Population,Prevalence,Australia,Both,Age-standardized,Stroke,Rate,2003,876.75647697387,923.13036990991,828.3137663379699
All Population,Prevalence,Australia,Both,Age-standardized,Hypertensive heart disease,Percent,2003,0.0004332277923423,0.0005240651813122,0.0003624293630128
All Population,Prevalence,Australia,Both,Age-standardized,Hypertensive heart disease,Rate,2003,39.70111652118,47.96689607721,33.26597495808
All Population,Prevalence,Australia,Both,Age-standardized,Cardiomyopathy and myocarditis,Percent,2003,0.0014709659366106,0.001687802489148,0.0012726692705039
All Population,Prevalence,Australia,Both,Age-standardized,Cardiomyopathy and myocarditis,Rate,2003,134.80199850054998,154.38199412267,117.24625356404
All Population,Prevalence,Australia,Both,Age-standardized,Atrial fibrillation and flutter,Percent,2003,0.0100985074055319,0.011175185616748,0.008999743829669
All Population,Prevalence,Australia,Both,Age-standardized,Atrial fibrillation and flutter,Rate,2003,925.48559611174,1026.73998407737,828.3392703971699
All Population,Prevalence,Australia,Both,Age-standardized,Lower extremity peripheral arterial disease,Percent,2003,0.0091651945676595,0.0117527223171339,0.0069032062852078
All Population,Prevalence,Australia,Both,Age-standardized,Lower extremity peripheral arterial disease,Rate,2003,839.9593883952099,1071.25253982908,631.63902676795
All Population,Prevalence,Australia,Both,Age-standardized,Pulmonary Arterial Hypertension,Percent,1997,3.26572410653e-05,4.03691008397e-05,2.6790498516e-05
All Population,Prevalence,Australia,Both,Age-standardized,Pulmonary Arterial Hypertension,Rate,1997,3.0037098967299998,3.7286132087699997,2.4623919325099997
All Population,Prevalence,Australia,Both,Age-standardized,Endocarditis,Percent,2003,8.48728009333e-05,9.66145510662e-05,7.35517176785e-05
All Population,Prevalence,Australia,Both,Age-standardized,Endocarditis,Rate,2003,7.77798031204,8.846195850780001,6.75645204204
All Population,Prevalence,Australia,Both,Age-standardized,Non-rheumatic valvular heart disease,Percent,2003,0.0046720437406169,0.0052101150797869,0.004148316320793
All Population,Prevalence,Australia,Both,Age-standardized,Non-rheumatic valvular heart disease,Rate,2003,428.15398053941004,477.53811818421,379.13615404480004
All Population,Prevalence,Australia,Both,Age-standardized,Other cardiovascular and circulatory diseases,Percent,2003,0.0160584244544389,0.0199194310360258,0.0128106772117343
All Population,Prevalence,Australia,Both,Age-standardized,Other cardiovascular and circulatory diseases,Rate,2003,1471.64289636235,1831.07981358114,1182.07222308665
All Population,Prevalence,Australia,Both,Age-standardized,Cardiovascular diseases,Percent,2004,0.0705347754146496,0.07510010413491,0.0665207581554234
All Population,Prevalence,Australia,Both,Age-standardized,Cardiovascular diseases,Rate,2004,6461.84530756434,6870.644360918091,6107.53718550661
All Population,Prevalence,Australia,Both,Age-standardized,Rheumatic heart disease,Percent,2004,0.000625121784584,0.0007008017901402,0.0005483740100055
All Population,Prevalence,Australia,Both,Age-standardized,Rheumatic heart disease,Rate,2004,57.2698419332,64.15828947411,50.30212011406
All Population,Prevalence,Australia,Both,Age-standardized,Ischemic heart disease,Percent,2004,0.0288838764331277,0.0328149897604766,0.0260577524432353
All Population,Prevalence,Australia,Both,Age-standardized,Ischemic heart disease,Rate,2004,2646.11300421117,3011.04955257331,2388.95415280878
All Population,Prevalence,Australia,Both,Age-standardized,Stroke,Percent,2004,0.0094352845779968,0.0099347818216749,0.0088411870777448
All Population,Prevalence,Australia,Both,Age-standardized,Stroke,Rate,2004,864.38643501494,916.1037139267501,807.7527215814499
All Population,Prevalence,Australia,Both,Age-standardized,Hypertensive heart disease,Percent,2004,0.0004400705243904,0.000529971962427,0.0003681004327378
All Population,Prevalence,Australia,Both,Age-standardized,Hypertensive heart disease,Rate,2004,40.31402063221,48.40921088618,33.70783850604
All Population,Prevalence,Australia,Both,Age-standardized,Cardiomyopathy and myocarditis,Percent,2004,0.0014906923478481,0.0017144754172872,0.0012924673449947
All Population,Prevalence,Australia,Both,Age-standardized,Cardiomyopathy and myocarditis,Rate,2004,136.56141395316,156.22431792888,118.78330213048001
All Population,Prevalence,Australia,Both,Age-standardized,Atrial fibrillation and flutter,Percent,2004,0.0100559975069857,0.011165103373239,0.0089347337214944
All Population,Prevalence,Australia,Both,Age-standardized,Atrial fibrillation and flutter,Rate,2004,921.26548230138,1025.91785197339,822.0822952076301
All Population,Prevalence,Australia,Both,Age-standardized,Lower extremity peripheral arterial disease,Percent,2004,0.0091475634019928,0.0117515946038218,0.0068812801541254
All Population,Prevalence,Australia,Both,Age-standardized,Lower extremity peripheral arterial disease,Rate,2004,838.0509970509501,1071.16082133742,631.34437135366
All Population,Prevalence,Australia,Both,Age-standardized,Endocarditis,Percent,2004,8.68845185265e-05,9.90254716707e-05,7.51096914542e-05
All Population,Prevalence,Australia,Both,Age-standardized,Endocarditis,Rate,2004,7.95952874222,9.07974755122,6.889162496449999
All Population,Prevalence,Australia,Both,Age-standardized,Non-rheumatic valvular heart disease,Percent,2004,0.0047302200421701,0.0053049856047295,0.0041863041396916
All Population,Prevalence,Australia,Both,Age-standardized,Non-rheumatic valvular heart disease,Rate,2004,433.33747056408004,486.54141141353006,383.19860453044
All Population,Prevalence,Australia,Both,Age-standardized,Other cardiovascular and circulatory diseases,Percent,2004,0.0167399319253511,0.0206363547002245,0.0132608787157315
All Population,Prevalence,Australia,Both,Age-standardized,Other cardiovascular and circulatory diseases,Rate,2004,1533.56051133822,1892.13398954373,1221.6420413456399
All Population,Prevalence,Australia,Both,Age-standardized,Cardiovascular diseases,Percent,2005,0.0704837593694174,0.0751142093826729,0.0663921901744546
All Population,Prevalence,Australia,Both,Age-standardized,Cardiovascular diseases,Rate,2005,6456.055639283701,6864.76578855125,6089.10862966945
All Population,Prevalence,Australia,Both,Age-standardized,Rheumatic heart disease,Percent,2005,0.0006280933008834,0.0007059145835269,0.0005490836262418
All Population,Prevalence,Australia,Both,Age-standardized,Rheumatic heart disease,Rate,2005,57.532267455230006,64.56129555684,50.35431006236
All Population,Prevalence,Australia,Both,Age-standardized,Ischemic heart disease,Percent,2005,0.0282632492812334,0.0323173743637768,0.0254660869531421
All Population,Prevalence,Australia,Both,Age-standardized,Ischemic heart disease,Rate,2005,2588.8161206975396,2960.29582604667,2330.18253196643
All Population,Prevalence,Australia,Both,Age-standardized,Stroke,Percent,2005,0.0093275939839465,0.0098849721803834,0.0087013564000132
All Population,Prevalence,Australia,Both,Age-standardized,Stroke,Rate,2005,854.37145541372,909.09910677227,795.80622127664
All Population,Prevalence,Australia,Both,Age-standardized,Hypertensive heart disease,Percent,2005,0.0004479542803959,0.0005350441637302,0.0003740720290928
All Population,Prevalence,Australia,Both,Age-standardized,Hypertensive heart disease,Rate,2005,41.02896474955,48.85067819426,34.267189779039995
All Population,Prevalence,Australia,Both,Age-standardized,Cardiomyopathy and myocarditis,Percent,2005,0.0015043282610348,0.0017222100943821,0.0013016456343743
All Population,Prevalence,Australia,Both,Age-standardized,Cardiomyopathy and myocarditis,Rate,2005,137.7859846164,157.51875899744002,119.49425809974
All Population,Prevalence,Australia,Both,Age-standardized,Atrial fibrillation and flutter,Percent,2005,0.0100490068469079,0.0112027659737058,0.008911062699447
All Population,Prevalence,Australia,Both,Age-standardized,Atrial fibrillation and flutter,Rate,2005,920.46164320895,1027.81850980509,819.6396040516199
All Population,Prevalence,Australia,Both,Age-standardized,Lower extremity peripheral arterial disease,Percent,2005,0.0091288383142108,0.0118068861099859,0.0068822481826353
All Population,Prevalence,Australia,Both,Age-standardized,Lower extremity peripheral arterial disease,Rate,2005,836.19006767355,1075.50479056568,629.34937644228
All Population,Prevalence,Australia,Both,Age-standardized,Endocarditis,Percent,2005,8.84844733858e-05,0.0001009127795962,7.65882462537e-05
All Population,Prevalence,Australia,Both,Age-standardized,Endocarditis,Rate,2005,8.10464924792,9.2533171193,7.01606819344
All Population,Prevalence,Australia,Both,Age-standardized,Non-rheumatic valvular heart disease,Percent,2005,0.0047792377001126,0.0054092084341329,0.0042337283991132
All Population,Prevalence,Australia,Both,Age-standardized,Non-rheumatic valvular heart disease,Rate,2005,437.75495198986005,495.78192538849,387.28279008932
All Population,Prevalence,Australia,Both,Age-standardized,Other cardiovascular and circulatory diseases,Percent,2005,0.0173481269448791,0.0212494846436261,0.0136804621796106
All Population,Prevalence,Australia,Both,Age-standardized,Other cardiovascular and circulatory diseases,Rate,2005,1588.99845241618,1942.99530924175,1258.25815274878
All Population,Prevalence,Australia,Both,Age-standardized,Pulmonary Arterial Hypertension,Percent,2000,3.25900455824e-05,4.03596907717e-05,2.66953898832e-05
All Population,Prevalence,Australia,Both,Age-standardized,Pulmonary Arterial Hypertension,Rate,2000,2.99149471641,3.70798055037,2.45161367669
All Population,Prevalence,Australia,Both,Age-standardized,Pulmonary Arterial Hypertension,Percent,1999,3.25967853477e-05,4.03514344845e-05,2.67914377415e-05
All Population,Prevalence,Australia,Both,Age-standardized,Pulmonary Arterial Hypertension,Rate,1999,2.99383969194,3.71138447369,2.46122586379
All Population,Prevalence,Australia,Both,Age-standardized,Cardiovascular diseases,Percent,2006,0.0702421154683983,0.0747955668474192,0.0662989241088849
All Population,Prevalence,Australia,Both,Age-standardized,Cardiovascular diseases,Rate,2006,6433.57740844618,6859.28525549977,6082.80350321736
All Population,Prevalence,Australia,Both,Age-standardized,Rheumatic heart disease,Percent,2006,0.000633912207591,0.0007079260712494,0.0005596063894978
All Population,Prevalence,Australia,Both,Age-standardized,Rheumatic heart disease,Rate,2006,58.062203898920004,64.76259966839,51.184696784079996
All Population,Prevalence,Australia,Both,Age-standardized,Ischemic heart disease,Percent,2006,0.0272636266632415,0.0313410585052067,0.0247669098823902
All Population,Prevalence,Australia,Both,Age-standardized,Ischemic heart disease,Rate,2006,2497.12168997751,2853.22662486904,2270.07071134456
All Population,Prevalence,Australia,Both,Age-standardized,Stroke,Percent,2006,0.0092380434352506,0.0097685922989522,0.0086325768197649
All Population,Prevalence,Australia,Both,Age-standardized,Stroke,Rate,2006,846.124487748,898.1061367902801,791.47169585578
All Population,Prevalence,Australia,Both,Age-standardized,Hypertensive heart disease,Percent,2006,0.0004619543790336,0.0005491118011847,0.0003815731773523
All Population,Prevalence,Australia,Both,Age-standardized,Hypertensive heart disease,Rate,2006,42.30907441146,50.2651751015,34.95578907508
All Population,Prevalence,Australia,Both,Age-standardized,Cardiomyopathy and myocarditis,Percent,2006,0.0015210780049393,0.0017395753958832,0.0013119397588661
All Population,Prevalence,Australia,Both,Age-standardized,Cardiomyopathy and myocarditis,Rate,2006,139.3125464575,159.02129491421,120.66379480872001
All Population,Prevalence,Australia,Both,Age-standardized,Atrial fibrillation and flutter,Percent,2006,0.010160978683352,0.0113540671373403,0.0090527184705839
All Population,Prevalence,Australia,Both,Age-standardized,Atrial fibrillation and flutter,Rate,2006,930.66650343801,1039.4230672409699,830.71388699178
All Population,Prevalence,Australia,Both,Age-standardized,Lower extremity peripheral arterial disease,Percent,2006,0.0091061857110754,0.0117679935046323,0.0068550072785262
All Population,Prevalence,Australia,Both,Age-standardized,Lower extremity peripheral arterial disease,Rate,2006,834.06934620458,1071.50997330694,626.59541457114
All Population,Prevalence,Australia,Both,Age-standardized,Endocarditis,Percent,2006,9.01101941272e-05,0.0001027326618482,7.84388589133e-05
All Population,Prevalence,Australia,Both,Age-standardized,Endocarditis,Rate,2006,8.25314815471,9.39636475392,7.17153843238
All Population,Prevalence,Australia,Both,Age-standardized,Non-rheumatic valvular heart disease,Percent,2006,0.0048167850197519,0.0054421327901646,0.0042617334563627
All Population,Prevalence,Australia,Both,Age-standardized,Non-rheumatic valvular heart disease,Rate,2006,441.17268690233,496.50395279676,389.18837115207003
All Population,Prevalence,Australia,Both,Age-standardized,Other cardiovascular and circulatory diseases,Percent,2006,0.0179824418455269,0.0220555599319825,0.0142257672019927
All Population,Prevalence,Australia,Both,Age-standardized,Other cardiovascular and circulatory diseases,Rate,2006,1647.01333720331,2020.4334943966899,1311.76970224934
All Population,Prevalence,Australia,Both,Age-standardized,Cardiovascular diseases,Percent,2007,0.0698182016657233,0.0744341737257253,0.0658875229525679
All Population,Prevalence,Australia,Both,Age-standardized,Cardiovascular diseases,Rate,2007,6394.1077088109605,6840.23860397876,6041.3162301005195
All Population,Prevalence,Australia,Both,Age-standardized,Rheumatic heart disease,Percent,2007,0.0006452442270601,0.0007137222784568,0.0005729779084932
All Population,Prevalence,Australia,Both,Age-standardized,Rheumatic heart disease,Rate,2007,59.09422441185001,65.3449931215,52.59798373197
All Population,Prevalence,Australia,Both,Age-standardized,Ischemic heart disease,Percent,2007,0.0257957213871639,0.0297243702587378,0.0236572760662265
All Population,Prevalence,Australia,Both,Age-standardized,Ischemic heart disease,Rate,2007,2362.43705509959,2709.42122062897,2160.96863185684
All Population,Prevalence,Australia,Both,Age-standardized,Stroke,Percent,2007,0.0091501882786243,0.0096551583786057,0.0085649554007312
All Population,Prevalence,Australia,Both,Age-standardized,Stroke,Rate,2007,837.9944234299201,884.9574674383499,792.48501585783
All Population,Prevalence,Australia,Both,Age-standardized,Hypertensive heart disease,Percent,2007,0.0004837634093954,0.0005783982092923,0.0003988060561791
All Population,Prevalence,Australia,Both,Age-standardized,Hypertensive heart disease,Rate,2007,44.30207354557,53.09464189228,36.64234618864
All Population,Prevalence,Australia,Both,Age-standardized,Cardiomyopathy and myocarditis,Percent,2007,0.0015478132663092,0.0017686338991362,0.0013293357162977
All Population,Prevalence,Australia,Both,Age-standardized,Cardiomyopathy and myocarditis,Rate,2007,141.74680374542,161.63658039857,121.91678265094998
All Population,Prevalence,Australia,Both,Age-standardized,Atrial fibrillation and flutter,Percent,2007,0.0104032418408434,0.0116398075639669,0.0092670437617125
All Population,Prevalence,Australia,Both,Age-standardized,Atrial fibrillation and flutter,Rate,2007,952.7588162439499,1067.49397387243,848.5982614402
All Population,Prevalence,Australia,Both,Age-standardized,Lower extremity peripheral arterial disease,Percent,2007,0.0090800507225529,0.0117121456567356,0.0068224665855485
All Population,Prevalence,Australia,Both,Age-standardized,Lower extremity peripheral arterial disease,Rate,2007,831.5898646903,1066.4269308129,625.7148988393501
All Population,Prevalence,Australia,Both,Age-standardized,Endocarditis,Percent,2007,9.20997339542e-05,0.000104705698211,8.02459413345e-05
All Population,Prevalence,Australia,Both,Age-standardized,Endocarditis,Rate,2007,8.43455350678,9.58874486141,7.333889431279999
All Population,Prevalence,Australia,Both,Age-standardized,Non-rheumatic valvular heart disease,Percent,2007,0.0048461664953626,0.005507419665929,0.0043048686384807
All Population,Prevalence,Australia,Both,Age-standardized,Non-rheumatic valvular heart disease,Rate,2007,443.82089664883,501.5770943697,393.76438346732
All Population,Prevalence,Australia,Both,Age-standardized,Other cardiovascular and circulatory diseases,Percent,2007,0.0187183172480238,0.0230426888060536,0.0149395048973234
All Population,Prevalence,Australia,Both,Age-standardized,Other cardiovascular and circulatory diseases,Rate,2007,1714.2442073859302,2110.7818436492903,1373.52104673681
All Population,Prevalence,Australia,Both,Age-standardized,Pulmonary Arterial Hypertension,Percent,2002,3.26308693624e-05,4.02409896444e-05,2.66313542691e-05
All Population,Prevalence,Australia,Both,Age-standardized,Pulmonary Arterial Hypertension,Rate,2002,2.99189295629,3.70974435179,2.4426257162500002
All Population,Prevalence,Australia,Both,Age-standardized,Pulmonary Arterial Hypertension,Percent,2001,3.26046349567e-05,4.02975485078e-05,2.66576765704e-05
All Population,Prevalence,Australia,Both,Age-standardized,Pulmonary Arterial Hypertension,Rate,2001,2.99125663418,3.71078868489,2.44804082315
All Population,Prevalence,Australia,Both,Age-standardized,Cardiovascular diseases,Percent,2008,0.0693583757102995,0.074090764299089,0.0653721305783539
All Population,Prevalence,Australia,Both,Age-standardized,Cardiovascular diseases,Rate,2008,6351.367564964069,6803.02995439446,5997.98730032355
All Population,Prevalence,Australia,Both,Age-standardized,Rheumatic heart disease,Percent,2008,0.0006583404429202,0.0007252671199239,0.0005873856709263
All Population,Prevalence,Australia,Both,Age-standardized,Rheumatic heart disease,Rate,2008,60.28770793118,66.21901882521,53.90011693278
All Population,Prevalence,Australia,Both,Age-standardized,Ischemic heart disease,Percent,2008,0.0241982916175385,0.0280291624539306,0.0222548329751008
All Population,Prevalence,Australia,Both,Age-standardized,Ischemic heart disease,Rate,2008,2215.92077970553,2559.5596634734397,2031.58920587987
All Population,Prevalence,Australia,Both,Age-standardized,Stroke,Percent,2008,0.0090646429868683,0.0095299068822703,0.0085340193577495
All Population,Prevalence,Australia,Both,Age-standardized,Stroke,Rate,2008,830.07898724105,874.02794025779,784.8424061387201
All Population,Prevalence,Australia,Both,Age-standardized,Hypertensive heart disease,Percent,2008,0.0005082290178045,0.0006170056902905,0.0004136097002417
All Population,Prevalence,Australia,Both,Age-standardized,Hypertensive heart disease,Rate,2008,46.53797505088,56.52458389761,38.11118399621
All Population,Prevalence,Australia,Both,Age-standardized,Cardiomyopathy and myocarditis,Percent,2008,0.0015771755765726,0.0018000858846543,0.0013503977007615
All Population,Prevalence,Australia,Both,Age-standardized,Cardiomyopathy and myocarditis,Rate,2008,144.42134291171,164.4962380764,124.08701000495999
All Population,Prevalence,Australia,Both,Age-standardized,Atrial fibrillation and flutter,Percent,2008,0.0106949144225359,0.0119983551050648,0.0095448946777292
All Population,Prevalence,Australia,Both,Age-standardized,Atrial fibrillation and flutter,Rate,2008,979.37294584711,1101.95503386645,874.01180301593
All Population,Prevalence,Australia,Both,Age-standardized,Lower extremity peripheral arterial disease,Percent,2008,0.0090522354576619,0.0116376342094842,0.0068223245377429
All Population,Prevalence,Australia,Both,Age-standardized,Lower extremity peripheral arterial disease,Rate,2008,828.95823940862,1063.5522835591,624.90911756383
All Population,Prevalence,Australia,Both,Age-standardized,Endocarditis,Percent,2008,9.4260108859e-05,0.0001069912005576,8.20785752936e-05
All Population,Prevalence,Australia,Both,Age-standardized,Endocarditis,Rate,2008,8.63157852504,9.801986618819999,7.51112073659
All Population,Prevalence,Australia,Both,Age-standardized,Non-rheumatic valvular heart disease,Percent,2008,0.0048744019932804,0.0055478668473098,0.0042833872633638
All Population,Prevalence,Australia,Both,Age-standardized,Non-rheumatic valvular heart disease,Rate,2008,446.36390756840996,507.33101416925996,392.74319472500997
All Population,Prevalence,Australia,Both,Age-standardized,Other cardiovascular and circulatory diseases,Percent,2008,0.0194785187432365,0.023967433297597,0.0156055747067163
All Population,Prevalence,Australia,Both,Age-standardized,Other cardiovascular and circulatory diseases,Rate,2008,1783.69338094272,2197.81536771743,1435.70023576924
All Population,Prevalence,Australia,Both,Age-standardized,Cardiovascular diseases,Percent,2009,0.0689890087911704,0.0739101842781875,0.0649088929037792
All Population,Prevalence,Australia,Both,Age-standardized,Cardiovascular diseases,Rate,2009,6317.60257702473,6779.847611366529,5951.63004450951
All Population,Prevalence,Australia,Both,Age-standardized,Rheumatic heart disease,Percent,2009,0.0006692342897967,0.000735416784638,0.0006014017336548
All Population,Prevalence,Australia,Both,Age-standardized,Rheumatic heart disease,Rate,2009,61.285948278170004,67.26352498825999,55.131402612980004
All Population,Prevalence,Australia,Both,Age-standardized,Ischemic heart disease,Percent,2009,0.0228015841949218,0.026648451468764,0.020978919830043
All Population,Prevalence,Australia,Both,Age-standardized,Ischemic heart disease,Rate,2009,2088.0375019920302,2433.16265508728,1914.3992067255301
All Population,Prevalence,Australia,Both,Age-standardized,Stroke,Percent,2009,0.0089789989840904,0.0094628333537823,0.0084343257759104
All Population,Prevalence,Australia,Both,Age-standardized,Stroke,Rate,2009,822.24494118198,870.6317927668201,774.25822810049
All Population,Prevalence,Australia,Both,Age-standardized,Hypertensive heart disease,Percent,2009,0.0005304831177207,0.0006484415268061,0.0004318041190111
All Population,Prevalence,Australia,Both,Age-standardized,Hypertensive heart disease,Rate,2009,48.57619231202,59.480752998999996,39.77095348517
All Population,Prevalence,Australia,Both,Age-standardized,Cardiomyopathy and myocarditis,Percent,2009,0.0016015818905034,0.0018309918309837,0.0013761575076471
All Population,Prevalence,Australia,Both,Age-standardized,Cardiomyopathy and myocarditis,Rate,2009,146.65741098659,166.92071806318,126.09360067773
All Population,Prevalence,Australia,Both,Age-standardized,Atrial fibrillation and flutter,Percent,2009,0.0109511634780164,0.0123648397508966,0.0097860307362342
All Population,Prevalence,Australia,Both,Age-standardized,Atrial fibrillation and flutter,Rate,2009,1002.8465363395999,1132.5685662949,894.92047450923
All Population,Prevalence,Australia,Both,Age-standardized,Lower extremity peripheral arterial disease,Percent,2009,0.0090271747913882,0.0115141170226394,0.0067843434953112
All Population,Prevalence,Australia,Both,Age-standardized,Lower extremity peripheral arterial disease,Rate,2009,826.66874367136,1051.1895317375402,622.39535188526
All Population,Prevalence,Australia,Both,Age-standardized,Endocarditis,Percent,2009,9.6394048349e-05,0.0001091220874728,8.37190296488e-05
All Population,Prevalence,Australia,Both,Age-standardized,Endocarditis,Rate,2009,8.8270965615,10.01999526125,7.67474649726
All Population,Prevalence,Australia,Both,Age-standardized,Non-rheumatic valvular heart disease,Percent,2009,0.0049057602438377,0.0055460388041243,0.0042815888046348
All Population,Prevalence,Australia,Both,Age-standardized,Non-rheumatic valvular heart disease,Rate,2009,449.24056297237996,509.12055952177,392.97938306121995
All Population,Prevalence,Australia,Both,Age-standardized,Other cardiovascular and circulatory diseases,Percent,2009,0.0201822510208599,0.0250537011516937,0.0160528063453775
All Population,Prevalence,Australia,Both,Age-standardized,Other cardiovascular and circulatory diseases,Rate,2009,1848.1605651349,2293.5664192889003,1474.0696865959499
All Population,Prevalence,Australia,Both,Age-standardized,Pulmonary Arterial Hypertension,Percent,2003,3.26577344937e-05,4.01828884539e-05,2.65756770556e-05
All Population,Prevalence,Australia,Both,Age-standardized,Pulmonary Arterial Hypertension,Rate,2003,2.99303664862,3.69204155124,2.4327415996300004
All Population,Prevalence,Australia,Both,Age-standardized,Cardiovascular diseases,Percent,2010,0.0688486778519482,0.0740266117989815,0.0646078035562378
All Population,Prevalence,Australia,Both,Age-standardized,Cardiovascular diseases,Rate,2010,6304.399403541849,6777.055514685309,5926.00864774551
All Population,Prevalence,Australia,Both,Age-standardized,Rheumatic heart disease,Percent,2010,0.0006741624050025,0.0007398816651016,0.0006069987231517
All Population,Prevalence,Australia,Both,Age-standardized,Rheumatic heart disease,Rate,2010,61.733882812350004,67.62676277829,55.55385568437
All Population,Prevalence,Australia,Both,Age-standardized,Ischemic heart disease,Percent,2010,0.0219445318749144,0.0259165970596593,0.020155678341496
All Population,Prevalence,Australia,Both,Age-standardized,Ischemic heart disease,Rate,2010,2009.44078688965,2361.4788250916,1839.49080963739
All Population,Prevalence,Australia,Both,Age-standardized,Stroke,Percent,2010,0.0088938252258105,0.0093864567292692,0.0083746401083213
All Population,Prevalence,Australia,Both,Age-standardized,Stroke,Rate,2010,814.40036091057,862.88245062441,766.11610081568
All Population,Prevalence,Australia,Both,Age-standardized,Hypertensive heart disease,Percent,2010,0.0005457909168872,0.0006715257701092,0.0004460850007462
All Population,Prevalence,Australia,Both,Age-standardized,Hypertensive heart disease,Rate,2010,49.97511266241,61.39533565483,40.854964907850004
All Population,Prevalence,Australia,Both,Age-standardized,Cardiomyopathy and myocarditis,Percent,2010,0.001613916876721,0.0018472421903184,0.0013767942978903
All Population,Prevalence,Australia,Both,Age-standardized,Cardiomyopathy and myocarditis,Rate,2010,147.77843106784002,168.82716433809,126.07301301845999
All Population,Prevalence,Australia,Both,Age-standardized,Atrial fibrillation and flutter,Percent,2010,0.0110904526585937,0.012634583011273,0.0098362973730402
All Population,Prevalence,Australia,Both,Age-standardized,Atrial fibrillation and flutter,Rate,2010,1015.5430380681099,1153.01526481806,903.32745565803
All Population,Prevalence,Australia,Both,Age-standardized,Lower extremity peripheral arterial disease,Percent,2010,0.0090114791051405,0.0114193090321725,0.0067422845693045
All Population,Prevalence,Australia,Both,Age-standardized,Lower extremity peripheral arterial disease,Rate,2010,825.1833250268,1044.68666757643,617.76167644692
All Population,Prevalence,Australia,Both,Age-standardized,Endocarditis,Percent,2010,9.83283737949e-05,0.0001116314085674,8.49374281055e-05
All Population,Prevalence,Australia,Both,Age-standardized,Endocarditis,Rate,2010,9.00374615567,10.24624367972,7.80137461231
All Population,Prevalence,Australia,Both,Age-standardized,Non-rheumatic valvular heart disease,Percent,2010,0.0049464688349102,0.005649167855292,0.004307698962434
All Population,Prevalence,Australia,Both,Age-standardized,Non-rheumatic valvular heart disease,Rate,2010,452.94343634337,517.46632905203,396.3411072065
All Population,Prevalence,Australia,Both,Age-standardized,Other cardiovascular and circulatory diseases,Percent,2010,0.0207539270892895,0.0258982520351118,0.0163733387319994
All Population,Prevalence,Australia,Both,Age-standardized,Other cardiovascular and circulatory diseases,Rate,2010,1900.41217204979,2372.13631119513,1500.60466692423
All Population,Prevalence,Australia,Both,Age-standardized,Pulmonary Arterial Hypertension,Percent,2004,3.26809696436e-05,4.01700307987e-05,2.64760552095e-05
All Population,Prevalence,Australia,Both,Age-standardized,Pulmonary Arterial Hypertension,Rate,2004,2.99412734883,3.6819812785,2.42152095267
All Population,Prevalence,Australia,Both,Age-standardized,Cardiovascular diseases,Percent,2011,0.0689200965413678,0.0740503851064113,0.064714441051866
All Population,Prevalence,Australia,Both,Age-standardized,Cardiovascular diseases,Rate,2011,6309.94872787514,6796.18448361672,5924.4732220815795
All Population,Prevalence,Australia,Both,Age-standardized,Rheumatic heart disease,Percent,2011,0.000673353703884,0.000738876887203,0.0006024628166015
All Population,Prevalence,Australia,Both,Age-standardized,Rheumatic heart disease,Rate,2011,61.64986072042001,67.5383403613,55.196438175699996
All Population,Prevalence,Australia,Both,Age-standardized,Ischemic heart disease,Percent,2011,0.0214905321559896,0.0254429966129552,0.0196697888473276
All Population,Prevalence,Australia,Both,Age-standardized,Ischemic heart disease,Rate,2011,1967.55792947258,2326.1843516589097,1796.8241050408
All Population,Prevalence,Australia,Both,Age-standardized,Stroke,Percent,2011,0.0087938619175697,0.0092304230229297,0.0083258140052112
All Population,Prevalence,Australia,Both,Age-standardized,Stroke,Rate,2011,805.1198121293501,846.02558921027,762.04490923834
All Population,Prevalence,Australia,Both,Age-standardized,Hypertensive heart disease,Percent,2011,0.000555098382131,0.0006767019151054,0.0004586510451549
All Population,Prevalence,Australia,Both,Age-standardized,Hypertensive heart disease,Rate,2011,50.81921126977,62.05675034244,42.05931800925
All Population,Prevalence,Australia,Both,Age-standardized,Cardiomyopathy and myocarditis,Percent,2011,0.0016135566975155,0.0018488654523711,0.0013841127752627
All Population,Prevalence,Australia,Both,Age-standardized,Cardiomyopathy and myocarditis,Rate,2011,147.72169150123,168.71956654774002,126.81603437983001
All Population,Prevalence,Australia,Both,Age-standardized,Atrial fibrillation and flutter,Percent,2011,0.0111312753085879,0.0127234702130064,0.0098659842385735
All Population,Prevalence,Australia,Both,Age-standardized,Atrial fibrillation and flutter,Rate,2011,1019.11721345146,1167.8943013468102,903.81955949552
All Population,Prevalence,Australia,Both,Age-standardized,Lower extremity peripheral arterial disease,Percent,2011,0.0090037098543094,0.0113467294016439,0.0067482996056574
All Population,Prevalence,Australia,Both,Age-standardized,Lower extremity peripheral arterial disease,Rate,2011,824.33727817752,1042.72333794058,617.5546896695901
All Population,Prevalence,Australia,Both,Age-standardized,Endocarditis,Percent,2011,0.0001005947788534,0.00011422018868,8.75395507607e-05
All Population,Prevalence,Australia,Both,Age-standardized,Endocarditis,Rate,2011,9.209800612319999,10.44369204581,8.003483722799999
All Population,Prevalence,Australia,Both,Age-standardized,Non-rheumatic valvular heart disease,Percent,2011,0.0050083887139769,0.0056615614141064,0.004395233797532
All Population,Prevalence,Australia,Both,Age-standardized,Non-rheumatic valvular heart disease,Rate,2011,458.53840928973,520.76242522486,403.19487091335
All Population,Prevalence,Australia,Both,Age-standardized,Other cardiovascular and circulatory diseases,Percent,2011,0.0212840094058858,0.0263117777994514,0.0168418823363629
All Population,Prevalence,Australia,Both,Age-standardized,Other cardiovascular and circulatory diseases,Rate,2011,1948.66109472221,2409.54001437305,1540.9730173777
All Population,Prevalence,Australia,Both,Age-standardized,Pulmonary Arterial Hypertension,Percent,2006,3.27002371008e-05,4.00670062245e-05,2.64785913103e-05
All Population,Prevalence,Australia,Both,Age-standardized,Pulmonary Arterial Hypertension,Rate,2006,2.9952011389699997,3.66858615445,2.42287574629
All Population,Prevalence,Australia,Both,Age-standardized,Pulmonary Arterial Hypertension,Percent,2005,3.26926375774e-05,4.01757784048e-05,2.65072767923e-05
All Population,Prevalence,Australia,Both,Age-standardized,Pulmonary Arterial Hypertension,Rate,2005,2.99467996112,3.67429614786,2.4244546885
All Population,Prevalence,Australia,Both,Age-standardized,Cardiovascular diseases,Percent,2012,0.0690698113846242,0.074462446369865,0.0647986405180675
All Population,Prevalence,Australia,Both,Age-standardized,Cardiovascular diseases,Rate,2012,6321.335498351401,6823.13522835413,5928.3054113381295
All Population,Prevalence,Australia,Both,Age-standardized,Rheumatic heart disease,Percent,2012,0.0006704368191976,0.0007356049988187,0.0005957573006986
All Population,Prevalence,Australia,Both,Age-standardized,Rheumatic heart disease,Rate,2012,61.36000234281,67.23490740106,54.563752237870006
All Population,Prevalence,Australia,Both,Age-standardized,Ischemic heart disease,Percent,2012,0.021075705684249,0.0249713367146506,0.0191560816966142
All Population,Prevalence,Australia,Both,Age-standardized,Ischemic heart disease,Rate,2012,1928.8679972282798,2289.31524467564,1751.76774570143
All Population,Prevalence,Australia,Both,Age-standardized,Stroke,Percent,2012,0.0086775230672711,0.0090436868082283,0.008281962115218
All Population,Prevalence,Australia,Both,Age-standardized,Stroke,Rate,2012,794.1762153386701,827.98692901029,759.8807902602799
All Population,Prevalence,Australia,Both,Age-standardized,Hypertensive heart disease,Percent,2012,0.0005632784159649,0.0006798788485971,0.0004689349410155
All Population,Prevalence,Australia,Both,Age-standardized,Hypertensive heart disease,Rate,2012,51.54898442921,62.27431392611,42.93341663759
All Population,Prevalence,Australia,Both,Age-standardized,Cardiomyopathy and myocarditis,Percent,2012,0.0016070769051428,0.0018342894626724,0.0013819875531425
All Population,Prevalence,Australia,Both,Age-standardized,Cardiomyopathy and myocarditis,Rate,2012,147.07382800269,167.52306990066,126.39984348693
All Population,Prevalence,Australia,Both,Age-standardized,Atrial fibrillation and flutter,Percent,2012,0.0111507899868312,0.0128193691081313,0.0098401154769447
All Population,Prevalence,Australia,Both,Age-standardized,Atrial fibrillation and flutter,Rate,2012,1020.5260696623,1174.2939574285,900.10950222649
All Population,Prevalence,Australia,Both,Age-standardized,Lower extremity peripheral arterial disease,Percent,2012,0.0090016406461683,0.0113780740040096,0.0067511305721284
All Population,Prevalence,Australia,Both,Age-standardized,Lower extremity peripheral arterial disease,Rate,2012,823.84046009574,1042.5943779637898,618.4301950272101
All Population,Prevalence,Australia,Both,Age-standardized,Endocarditis,Percent,2012,0.0001035793825463,0.0001177996932906,9.02287519658e-05
All Population,Prevalence,Australia,Both,Age-standardized,Endocarditis,Rate,2012,9.47954089405,10.80264332969,8.244856864620001
All Population,Prevalence,Australia,Both,Age-standardized,Non-rheumatic valvular heart disease,Percent,2012,0.0050884078215953,0.0056904025113098,0.0044792797076453
All Population,Prevalence,Australia,Both,Age-standardized,Non-rheumatic valvular heart disease,Rate,2012,465.69106790596004,522.67886925902,411.21588297805
All Population,Prevalence,Australia,Both,Age-standardized,Other cardiovascular and circulatory diseases,Percent,2012,0.0218738166181324,0.0268442399010445,0.0172329959720597
All Population,Prevalence,Australia,Both,Age-standardized,Other cardiovascular and circulatory diseases,Rate,2012,2001.94122060991,2468.1177926406,1580.95165283041
All Population,Prevalence,Australia,Both,Age-standardized,Cardiovascular diseases,Percent,2013,0.0692492242244779,0.0747039780087059,0.0649520735640167
All Population,Prevalence,Australia,Both,Age-standardized,Cardiovascular diseases,Rate,2013,6335.15233950971,6860.76980969239,5932.88468974763
All Population,Prevalence,Australia,Both,Age-standardized,Rheumatic heart disease,Percent,2013,0.0006666548305082,0.0007315724647761,0.0005878867114944
All Population,Prevalence,Australia,Both,Age-standardized,Rheumatic heart disease,Rate,2013,60.98856311429999,66.89518052634,53.82106180034
All Population,Prevalence,Australia,Both,Age-standardized,Ischemic heart disease,Percent,2013,0.020706786959244,0.0246039447368767,0.0186996363860383
All Population,Prevalence,Australia,Both,Age-standardized,Ischemic heart disease,Rate,2013,1894.3207563528401,2257.7201702706902,1711.73047759042
All Population,Prevalence,Australia,Both,Age-standardized,Stroke,Percent,2013,0.0085656061470492,0.0088889871229038,0.0082165985605926
All Population,Prevalence,Australia,Both,Age-standardized,Stroke,Rate,2013,783.61098126415,813.45017188264,754.81256625006
All Population,Prevalence,Australia,Both,Age-standardized,Hypertensive heart disease,Percent,2013,0.0005707620190537,0.0006870283382444,0.0004725725772839
All Population,Prevalence,Australia,Both,Age-standardized,Hypertensive heart disease,Rate,2013,52.2122066676,62.815340910070006,43.32914717168
All Population,Prevalence,Australia,Both,Age-standardized,Cardiomyopathy and myocarditis,Percent,2013,0.001597819463683,0.0018146645822764,0.0013717741695932
All Population,Prevalence,Australia,Both,Age-standardized,Cardiomyopathy and myocarditis,Rate,2013,146.16593938324,165.28835171967,126.37161010762
All Population,Prevalence,Australia,Both,Age-standardized,Atrial fibrillation and flutter,Percent,2013,0.0111562942780205,0.0128920138628729,0.0097860161371652
All Population,Prevalence,Australia,Both,Age-standardized,Atrial fibrillation and flutter,Rate,2013,1020.60772469399,1179.96408990123,894.3207072689099
All Population,Prevalence,Australia,Both,Age-standardized,Lower extremity peripheral arterial disease,Percent,2013,0.0090020508159224,0.0113885070599458,0.0067705222892844
All Population,Prevalence,Australia,Both,Age-standardized,Lower extremity peripheral arterial disease,Rate,2013,823.5352735613001,1043.12981322488,619.51318475046
All Population,Prevalence,Australia,Both,Age-standardized,Endocarditis,Percent,2013,0.0001068772223039,0.0001219796511189,9.30116718795e-05
All Population,Prevalence,Australia,Both,Age-standardized,Endocarditis,Rate,2013,9.7773109972,11.20554361298,8.532801774180001
All Population,Prevalence,Australia,Both,Age-standardized,Non-rheumatic valvular heart disease,Percent,2013,0.0051732206639174,0.0057927538374766,0.0045585802584715
All Population,Prevalence,Australia,Both,Age-standardized,Non-rheumatic valvular heart disease,Rate,2013,473.25588511071004,529.22199031744,418.20424871204995
All Population,Prevalence,Australia,Both,Age-standardized,Other cardiovascular and circulatory diseases,Percent,2013,0.0224598916642566,0.0274257015469199,0.0176919951463607
All Population,Prevalence,Australia,Both,Age-standardized,Other cardiovascular and circulatory diseases,Rate,2013,2054.7508190916196,2518.76924803661,1621.4634166975502
All Population,Prevalence,Australia,Both,Age-standardized,Cardiovascular diseases,Percent,2014,0.0693918351310162,0.0748667785449892,0.0649054740842746
All Population,Prevalence,Australia,Both,Age-standardized,Cardiovascular diseases,Rate,2014,6347.21094611928,6886.571452663109,5917.74515562979
All Population,Prevalence,Australia,Both,Age-standardized,Rheumatic heart disease,Percent,2014,0.0006629924906217,0.0007328647972293,0.0005814621341545
All Population,Prevalence,Australia,Both,Age-standardized,Rheumatic heart disease,Rate,2014,60.643892222409995,66.88271165318001,53.261071358070005
All Population,Prevalence,Australia,Both,Age-standardized,Ischemic heart disease,Percent,2014,0.0203794649709975,0.024571278626724,0.0181146703066224
All Population,Prevalence,Australia,Both,Age-standardized,Ischemic heart disease,Rate,2014,1864.0786102387,2247.98156380577,1661.6004484186399
All Population,Prevalence,Australia,Both,Age-standardized,Stroke,Percent,2014,0.0084753299179708,0.0087846899099161,0.0081414953899716
All Population,Prevalence,Australia,Both,Age-standardized,Stroke,Rate,2014,775.2312994403,803.25351657109,745.44626969917
All Population,Prevalence,Australia,Both,Age-standardized,Hypertensive heart disease,Percent,2014,0.0005784444948104,0.0006999812262582,0.0004740226046536
All Population,Prevalence,Australia,Both,Age-standardized,Hypertensive heart disease,Rate,2014,52.90657997673,63.792678190070006,43.59781031277
All Population,Prevalence,Australia,Both,Age-standardized,Cardiomyopathy and myocarditis,Percent,2014,0.0015886852340821,0.0018066685069503,0.0013662056475308
All Population,Prevalence,Australia,Both,Age-standardized,Cardiomyopathy and myocarditis,Rate,2014,145.3071812184,164.93335073321,125.42881138182
All Population,Prevalence,Australia,Both,Age-standardized,Atrial fibrillation and flutter,Percent,2014,0.0111497420904301,0.0129669736339583,0.0097306329447263
All Population,Prevalence,Australia,Both,Age-standardized,Atrial fibrillation and flutter,Rate,2014,1019.84713974474,1186.54337613026,890.08805402414
All Population,Prevalence,Australia,Both,Age-standardized,Lower extremity peripheral arterial disease,Percent,2014,0.0090050228004312,0.0114061574433179,0.0067915314914795
All Population,Prevalence,Australia,Both,Age-standardized,Lower extremity peripheral arterial disease,Rate,2014,823.67376498193,1048.15628103722,621.78272721981
All Population,Prevalence,Australia,Both,Age-standardized,Endocarditis,Percent,2014,0.0001100652584041,0.0001256372023741,9.63236473317e-05
All Population,Prevalence,Australia,Both,Age-standardized,Endocarditis,Rate,2014,10.06736344674,11.47580778152,8.79176027994
All Population,Prevalence,Australia,Both,Age-standardized,Non-rheumatic valvular heart disease,Percent,2014,0.0052448499662995,0.0058808775057172,0.0045833471808792
All Population,Prevalence,Australia,Both,Age-standardized,Non-rheumatic valvular heart disease,Rate,2014,479.73090563049,539.3607472746701,420.20426961001
All Population,Prevalence,Australia,Both,Age-standardized,Other cardiovascular and circulatory diseases,Percent,2014,0.0229719582635381,0.0281683844439611,0.0181358847180533
All Population,Prevalence,Australia,Both,Age-standardized,Other cardiovascular and circulatory diseases,Rate,2014,2101.28650768214,2571.86344867969,1661.64506531886
All Population,Prevalence,Australia,Both,Age-standardized,Pulmonary Arterial Hypertension,Percent,2008,3.27341811064e-05,3.99543952495e-05,2.67146837391e-05
All Population,Prevalence,Australia,Both,Age-standardized,Pulmonary Arterial Hypertension,Rate,2008,2.99768077077,3.67060956134,2.44699075621
All Population,Prevalence,Australia,Both,Age-standardized,Pulmonary Arterial Hypertension,Percent,2007,3.27170566212e-05,3.99815737991e-05,2.65979589455e-05
All Population,Prevalence,Australia,Both,Age-standardized,Pulmonary Arterial Hypertension,Rate,2007,2.99642530755,3.67828144269,2.43570679156
All Population,Prevalence,Australia,Both,Age-standardized,Cardiovascular diseases,Percent,2015,0.0694754336462275,0.07495446888193,0.0649628987542497
All Population,Prevalence,Australia,Both,Age-standardized,Cardiovascular diseases,Rate,2015,6354.09791323923,6878.6590662323,5905.38169382121
All Population,Prevalence,Australia,Both,Age-standardized,Rheumatic heart disease,Percent,2015,0.0006610474826183,0.0007350561881382,0.0005813461200477
All Population,Prevalence,Australia,Both,Age-standardized,Rheumatic heart disease,Rate,2015,60.458604913079995,67.3598112968,53.14285544367
All Population,Prevalence,Australia,Both,Age-standardized,Ischemic heart disease,Percent,2015,0.0201094380571967,0.0244789198792082,0.017555531246682
All Population,Prevalence,Australia,Both,Age-standardized,Ischemic heart disease,Rate,2015,1839.1504821372798,2243.62951493191,1613.27560791109
All Population,Prevalence,Australia,Both,Age-standardized,Stroke,Percent,2015,0.0084317970926616,0.0087421860185203,0.0081115015282913
All Population,Prevalence,Australia,Both,Age-standardized,Stroke,Rate,2015,771.15728673843,797.8195988961901,741.14401914484
All Population,Prevalence,Australia,Both,Age-standardized,Hypertensive heart disease,Percent,2015,0.0005867795508995,0.0006998341303209,0.0004775057208335
All Population,Prevalence,Australia,Both,Age-standardized,Hypertensive heart disease,Rate,2015,53.66238326432,63.88592295108,43.943554557140004
All Population,Prevalence,Australia,Both,Age-standardized,Cardiomyopathy and myocarditis,Percent,2015,0.0015836338157474,0.0018120787018706,0.0013551927009942
All Population,Prevalence,Australia,Both,Age-standardized,Cardiomyopathy and myocarditis,Rate,2015,144.82741898972,166.08447500934,124.660539535
All Population,Prevalence,Australia,Both,Age-standardized,Atrial fibrillation and flutter,Percent,2015,0.0111430293305428,0.0130085437679801,0.0096565936653502
All Population,Prevalence,Australia,Both,Age-standardized,Atrial fibrillation and flutter,Rate,2015,1019.1087488090301,1191.17533348199,882.5356415153401
All Population,Prevalence,Australia,Both,Age-standardized,Lower extremity peripheral arterial disease,Percent,2015,0.009009481974808,0.011494197569121,0.0067907696742728
All Population,Prevalence,Australia,Both,Age-standardized,Lower extremity peripheral arterial disease,Rate,2015,823.9771072016599,1051.09993164805,622.8623455756
All Population,Prevalence,Australia,Both,Age-standardized,Endocarditis,Percent,2015,0.0001127746862702,0.0001290641927024,9.81464447546e-05
All Population,Prevalence,Australia,Both,Age-standardized,Endocarditis,Rate,2015,10.31393596339,11.77264702384,8.97436305546
All Population,Prevalence,Australia,Both,Age-standardized,Non-rheumatic valvular heart disease,Percent,2015,0.0052923036579517,0.0059817788796133,0.0045825855339912
All Population,Prevalence,Australia,Both,Age-standardized,Non-rheumatic valvular heart disease,Rate,2015,484.00970749690003,547.5742469630001,419.71449624809003
All Population,Prevalence,Australia,Both,Age-standardized,Other cardiovascular and circulatory diseases,Percent,2015,0.0233560175948821,0.0285380586126366,0.0184735655166437
All Population,Prevalence,Australia,Both,Age-standardized,Other cardiovascular and circulatory diseases,Rate,2015,2136.17869923835,2617.41468159369,1692.4357464640602
All Population,Prevalence,Australia,Both,Age-standardized,Cardiovascular diseases,Percent,2016,0.0695117925663044,0.0753210777138665,0.0647996787702758
All Population,Prevalence,Australia,Both,Age-standardized,Cardiovascular diseases,Rate,2016,6356.300917623819,6887.4563332761,5895.97100289984
All Population,Prevalence,Australia,Both,Age-standardized,Rheumatic heart disease,Percent,2016,0.0006610757625492,0.0007321762710136,0.0005846113321968
All Population,Prevalence,Australia,Both,Age-standardized,Rheumatic heart disease,Rate,2016,60.4503886684,66.96325054661,53.427959177050006
All Population,Prevalence,Australia,Both,Age-standardized,Ischemic heart disease,Percent,2016,0.0197815264392421,0.0243473524093528,0.0171063996188713
All Population,Prevalence,Australia,Both,Age-standardized,Ischemic heart disease,Rate,2016,1808.8417253520402,2222.68849818871,1569.53674940109
All Population,Prevalence,Australia,Both,Age-standardized,Stroke,Percent,2016,0.0084200878368565,0.0087183178131542,0.0081097426869944
All Population,Prevalence,Australia,Both,Age-standardized,Stroke,Rate,2016,769.95115245898,795.8256843280701,740.6798005642601
All Population,Prevalence,Australia,Both,Age-standardized,Hypertensive heart disease,Percent,2016,0.0006000575156788,0.0007129262519202,0.0004895311459358
All Population,Prevalence,Australia,Both,Age-standardized,Hypertensive heart disease,Rate,2016,54.8665936597,65.06003651727,45.01538463574
All Population,Prevalence,Australia,Both,Age-standardized,Cardiomyopathy and myocarditis,Percent,2016,0.0015826631679072,0.001809557388272,0.0013563596616776
All Population,Prevalence,Australia,Both,Age-standardized,Cardiomyopathy and myocarditis,Rate,2016,144.71311303570002,165.58268385579,124.86009635787
All Population,Prevalence,Australia,Both,Age-standardized,Atrial fibrillation and flutter,Percent,2016,0.0111056636323199,0.0130716383886208,0.0094784951327889
All Population,Prevalence,Australia,Both,Age-standardized,Atrial fibrillation and flutter,Rate,2016,1015.5102902764701,1195.10678258594,867.0428286994099
All Population,Prevalence,Australia,Both,Age-standardized,Lower extremity peripheral arterial disease,Percent,2016,0.0090189051531378,0.0114747862811948,0.0068265145746941
All Population,Prevalence,Australia,Both,Age-standardized,Lower extremity peripheral arterial disease,Rate,2016,824.6933945949299,1052.40668011938,625.1765083599
All Population,Prevalence,Australia,Both,Age-standardized,Endocarditis,Percent,2016,0.000115620799583,0.00013202083613,0.0001012766987032
All Population,Prevalence,Australia,Both,Age-standardized,Endocarditis,Rate,2016,10.5724185712,12.05698947666,9.24446585513
All Population,Prevalence,Australia,Both,Age-standardized,Non-rheumatic valvular heart disease,Percent,2016,0.0053223592153369,0.0059650950319492,0.0046621673104388
All Population,Prevalence,Australia,Both,Age-standardized,Non-rheumatic valvular heart disease,Rate,2016,486.67161476119,544.7615844257,426.83913167049
All Population,Prevalence,Australia,Both,Age-standardized,Other cardiovascular and circulatory diseases,Percent,2016,0.0237710757162089,0.029104677621058,0.0188125238874835
All Population,Prevalence,Australia,Both,Age-standardized,Other cardiovascular and circulatory diseases,Rate,2016,2173.7498470760097,2675.4839067729504,1723.1425113608302
All Population,Prevalence,Australia,Both,Age-standardized,Pulmonary Arterial Hypertension,Percent,2010,3.27429758619e-05,3.97876493852e-05,2.67654900084e-05
All Population,Prevalence,Australia,Both,Age-standardized,Pulmonary Arterial Hypertension,Rate,2010,2.99831253444,3.63500240223,2.45119873716
All Population,Prevalence,Australia,Both,Age-standardized,Cardiovascular diseases,Percent,2017,0.0695194017466885,0.0753374042921071,0.0646498298557058
All Population,Prevalence,Australia,Both,Age-standardized,Cardiovascular diseases,Rate,2017,6356.32705284281,6894.907856826891,5890.938026509731
All Population,Prevalence,Australia,Both,Age-standardized,Rheumatic heart disease,Percent,2017,0.0006619078031675,0.0007327734469993,0.0005884862078375
All Population,Prevalence,Australia,Both,Age-standardized,Rheumatic heart disease,Rate,2017,60.51997892415,66.936517345,53.74676744223
All Population,Prevalence,Australia,Both,Age-standardized,Ischemic heart disease,Percent,2017,0.0193356707564128,0.0241362778229516,0.0165402300812492
All Population,Prevalence,Australia,Both,Age-standardized,Ischemic heart disease,Rate,2017,1767.8871367064999,2203.14905813115,1507.0241133924399
All Population,Prevalence,Australia,Both,Age-standardized,Stroke,Percent,2017,0.0084082754012571,0.0086968172382701,0.0081194249854265
All Population,Prevalence,Australia,Both,Age-standardized,Stroke,Rate,2017,768.79081952909,794.02641249097,741.4181887360301
All Population,Prevalence,Australia,Both,Age-standardized,Hypertensive heart disease,Percent,2017,0.0006189269183011,0.0007414974292743,0.0005015954175572
All Population,Prevalence,Australia,Both,Age-standardized,Hypertensive heart disease,Rate,2017,56.585588931299995,67.64745754946,46.19274696163
All Population,Prevalence,Australia,Both,Age-standardized,Cardiomyopathy and myocarditis,Percent,2017,0.001582516552773,0.0018134608439046,0.0013610274078739
All Population,Prevalence,Australia,Both,Age-standardized,Cardiomyopathy and myocarditis,Rate,2017,144.68453850911,165.60440257527,124.64208722098
All Population,Prevalence,Australia,Both,Age-standardized,Atrial fibrillation and flutter,Percent,2017,0.011020087432529,0.0131641244311865,0.0091895705905532
All Population,Prevalence,Australia,Both,Age-standardized,Atrial fibrillation and flutter,Rate,2017,1007.57555504223,1206.0269154168,835.8655875542499
All Population,Prevalence,Australia,Both,Age-standardized,Lower extremity peripheral arterial disease,Percent,2017,0.009035714780878,0.011494761555515,0.0068473190194869
All Population,Prevalence,Australia,Both,Age-standardized,Lower extremity peripheral arterial disease,Rate,2017,826.1414166382999,1054.47863446837,626.2284917971
All Population,Prevalence,Australia,Both,Age-standardized,Endocarditis,Percent,2017,0.0001190947497062,0.0001358752758121,0.0001045209496654
All Population,Prevalence,Australia,Both,Age-standardized,Endocarditis,Rate,2017,10.889003765070001,12.46337696372,9.539512297349999
All Population,Prevalence,Australia,Both,Age-standardized,Non-rheumatic valvular heart disease,Percent,2017,0.0053473360996395,0.0059848448216874,0.0047452879978058
All Population,Prevalence,Australia,Both,Age-standardized,Non-rheumatic valvular heart disease,Rate,2017,488.90305978738,543.9327387170799,433.59560491344
All Population,Prevalence,Australia,Both,Age-standardized,Other cardiovascular and circulatory diseases,Percent,2017,0.0243164954284933,0.0298950418317885,0.0191188347919112
All Population,Prevalence,Australia,Both,Age-standardized,Other cardiovascular and circulatory diseases,Rate,2017,2223.38624111523,2746.20933322524,1751.8157277433
All Population,Prevalence,Australia,Both,Age-standardized,Pulmonary Arterial Hypertension,Percent,2009,3.27429782694e-05,3.99292818762e-05,2.67003227207e-05
All Population,Prevalence,Australia,Both,Age-standardized,Pulmonary Arterial Hypertension,Rate,2009,2.99849691044,3.65184673495,2.4572663361
All Population,Prevalence,Australia,Both,Age-standardized,Cardiovascular diseases,Percent,2018,0.0694731219792096,0.0757576806840011,0.0644178914605123
All Population,Prevalence,Australia,Both,Age-standardized,Cardiovascular diseases,Rate,2018,6354.587617066771,6913.673585400979,5865.21685665439
All Population,Prevalence,Australia,Both,Age-standardized,Rheumatic heart disease,Percent,2018,0.000662822853375,0.0007318147518493,0.00059096716287
All Population,Prevalence,Australia,Both,Age-standardized,Rheumatic heart disease,Rate,2018,60.62741468073,66.78728034067001,54.056200211589996
All Population,Prevalence,Australia,Both,Age-standardized,Ischemic heart disease,Percent,2018,0.0188680264362468,0.0238795861819243,0.0159644486343635
All Population,Prevalence,Australia,Both,Age-standardized,Ischemic heart disease,Rate,2018,1725.8065924341302,2184.47706823468,1459.81525812786
All Population,Prevalence,Australia,Both,Age-standardized,Stroke,Percent,2018,0.0083942793617561,0.00867245089901,0.0081176598134785
All Population,Prevalence,Australia,Both,Age-standardized,Stroke,Rate,2018,767.814022875,792.3821844452899,741.61278166866
All Population,Prevalence,Australia,Both,Age-standardized,Hypertensive heart disease,Percent,2018,0.0006381323177736,0.0007729319927701,0.0005120414932518
All Population,Prevalence,Australia,Both,Age-standardized,Hypertensive heart disease,Rate,2018,58.36396037613,70.53751965354,47.15360886713
All Population,Prevalence,Australia,Both,Age-standardized,Cardiomyopathy and myocarditis,Percent,2018,0.0015818514224262,0.0018209596286844,0.0013567800153023
All Population,Prevalence,Australia,Both,Age-standardized,Cardiomyopathy and myocarditis,Rate,2018,144.68055063118,166.23361194704,123.8478060084
All Population,Prevalence,Australia,Both,Age-standardized,Atrial fibrillation and flutter,Percent,2018,0.0109164398915996,0.0133735225485472,0.0087439133840399
All Population,Prevalence,Australia,Both,Age-standardized,Atrial fibrillation and flutter,Rate,2018,998.48747335947,1217.44168353021,799.01816637042
All Population,Prevalence,Australia,Both,Age-standardized,Lower extremity peripheral arterial disease,Percent,2018,0.0090528682083092,0.0115709901363017,0.0068363194077364
All Population,Prevalence,Australia,Both,Age-standardized,Lower extremity peripheral arterial disease,Rate,2018,828.0328483883401,1058.79569956616,625.1445697827501
All Population,Prevalence,Australia,Both,Age-standardized,Endocarditis,Percent,2018,0.0001225848892612,0.0001399670460564,0.0001082840733153
All Population,Prevalence,Australia,Both,Age-standardized,Endocarditis,Rate,2018,11.21259266321,12.86399727494,9.87359262333
All Population,Prevalence,Australia,Both,Age-standardized,Non-rheumatic valvular heart disease,Percent,2018,0.0053650112710054,0.0060200678677792,0.0047576321288792
All Population,Prevalence,Australia,Both,Age-standardized,Non-rheumatic valvular heart disease,Rate,2018,490.71205395307,551.14306491425,437.48332082301
All Population,Prevalence,Australia,Both,Age-standardized,Other cardiovascular and circulatory diseases,Percent,2018,0.0248465931210599,0.0306849075718936,0.0195246088350626
All Population,Prevalence,Australia,Both,Age-standardized,Other cardiovascular and circulatory diseases,Rate,2018,2272.73898415247,2799.93768638164,1790.5950864610502
All Population,Prevalence,Australia,Both,Age-standardized,Pulmonary Arterial Hypertension,Percent,2011,3.27230037088e-05,3.98227772804e-05,2.68011109867e-05
All Population,Prevalence,Australia,Both,Age-standardized,Pulmonary Arterial Hypertension,Rate,2011,2.9959969128200004,3.64178078082,2.4541710610700003
All Population,Prevalence,Australia,Both,Age-standardized,Pulmonary Arterial Hypertension,Percent,2012,3.2685539879e-05,3.9709951794e-05,2.68155925319e-05
All Population,Prevalence,Australia,Both,Age-standardized,Pulmonary Arterial Hypertension,Rate,2012,2.9914507481199997,3.6489087188400005,2.4578408045
All Population,Prevalence,Australia,Both,Age-standardized,Cardiovascular diseases,Percent,2019,0.0693357874915342,0.0759325848328519,0.0640262699704195
All Population,Prevalence,Australia,Both,Age-standardized,Cardiovascular diseases,Rate,2019,6351.39458174176,6939.02161017225,5843.34000736651
All Population,Prevalence,Australia,Both,Age-standardized,Rheumatic heart disease,Percent,2019,0.0006629299874566,0.0007294667204147,0.0005922892629008
All Population,Prevalence,Australia,Both,Age-standardized,Rheumatic heart disease,Rate,2019,60.72680922454,66.85643099367,54.31910350418
All Population,Prevalence,Australia,Both,Age-standardized,Ischemic heart disease,Percent,2019,0.0184707724887079,0.0236613855706394,0.015384208430189
All Population,Prevalence,Australia,Both,Age-standardized,Ischemic heart disease,Rate,2019,1691.9644769134702,2164.91828509924,1412.86638804198
All Population,Prevalence,Australia,Both,Age-standardized,Stroke,Percent,2019,0.0083739866600054,0.0086483633293278,0.00809504334148
All Population,Prevalence,Australia,Both,Age-standardized,Stroke,Rate,2019,767.09195545459,791.5939107740201,740.85455458846
All Population,Prevalence,Australia,Both,Age-standardized,Hypertensive heart disease,Percent,2019,0.0006524105929232,0.0007903428375023,0.0005263894482541
All Population,Prevalence,Australia,Both,Age-standardized,Hypertensive heart disease,Rate,2019,59.75776630453,72.61255665285,48.14559155976
All Population,Prevalence,Australia,Both,Age-standardized,Cardiomyopathy and myocarditis,Percent,2019,0.0015790469822923,0.0018289409188227,0.001337781710802
All Population,Prevalence,Australia,Both,Age-standardized,Cardiomyopathy and myocarditis,Rate,2019,144.63772197816002,167.19806169967,122.86225872851001
All Population,Prevalence,Australia,Both,Age-standardized,Atrial fibrillation and flutter,Percent,2019,0.0108231555452129,0.0134431712850487,0.0083463603160486
All Population,Prevalence,Australia,Both,Age-standardized,Atrial fibrillation and flutter,Rate,2019,991.41470771686,1234.5526703948701,762.90969868179
All Population,Prevalence,Australia,Both,Age-standardized,Lower extremity peripheral arterial disease,Percent,2019,0.0090630468432924,0.0116225544990113,0.0068063801856692
All Population,Prevalence,Australia,Both,Age-standardized,Lower extremity peripheral arterial disease,Rate,2019,830.18800780461,1061.05565740623,623.51509144323
All Population,Prevalence,Australia,Both,Age-standardized,Endocarditis,Percent,2019,0.0001254590140779,0.00014339370766,0.0001105768630664
All Population,Prevalence,Australia,Both,Age-standardized,Endocarditis,Rate,2019,11.49253061854,13.19477223991,10.13337955611
All Population,Prevalence,Australia,Both,Age-standardized,Non-rheumatic valvular heart disease,Percent,2019,0.0053715836120779,0.0060729561800972,0.0047747406146953
All Population,Prevalence,Australia,Both,Age-standardized,Non-rheumatic valvular heart disease,Rate,2019,492.04030302183,558.34605379994,438.7876954975
All Population,Prevalence,Australia,Both,Age-standardized,Other cardiovascular and circulatory diseases,Percent,2019,0.0252096152054777,0.0313217391868482,0.020103528120253
All Population,Prevalence,Australia,Both,Age-standardized,Other cardiovascular and circulatory diseases,Rate,2019,2309.34161422824,2864.61018550296,1846.05275313638
All Population,Prevalence,Australia,Both,Age-standardized,Cardiovascular diseases,Percent,2020,0.0684329376042598,0.0751229521273506,0.0629220188755763
All Population,Prevalence,Australia,Both,Age-standardized,Cardiovascular diseases,Rate,2020,6347.16167782135,6966.38896806374,5820.9815054541705
All Population,Prevalence,Australia,Both,Age-standardized,Rheumatic heart disease,Percent,2020,0.0006552263444964,0.00072628962916,0.0005837626698039
All Population,Prevalence,Australia,Both,Age-standardized,Rheumatic heart disease,Rate,2020,60.7724788186,67.3878873968,54.24787108297
All Population,Prevalence,Australia,Both,Age-standardized,Ischemic heart disease,Percent,2020,0.0180678869705398,0.0232263949481289,0.0148272777675007
All Population,Prevalence,Australia,Both,Age-standardized,Ischemic heart disease,Rate,2020,1675.78017176973,2156.10505093437,1380.6817166815
All Population,Prevalence,Australia,Both,Age-standardized,Stroke,Percent,2020,0.0082662683925398,0.0085387191306998,0.0079725669796403
All Population,Prevalence,Australia,Both,Age-standardized,Stroke,Rate,2020,766.70849273644,792.93371688344,740.4478319687099
All Population,Prevalence,Australia,Both,Age-standardized,Hypertensive heart disease,Percent,2020,0.0006504389460715,0.0007989808378793,0.0005172457456258
All Population,Prevalence,Australia,Both,Age-standardized,Hypertensive heart disease,Rate,2020,60.323408594060005,74.16479552708,48.302238480039996
All Population,Prevalence,Australia,Both,Age-standardized,Cardiomyopathy and myocarditis,Percent,2020,0.0015580051588114,0.0018156525727313,0.0013242980068981
All Population,Prevalence,Australia,Both,Age-standardized,Cardiomyopathy and myocarditis,Rate,2020,144.49700624211,168.11209844366002,122.69624719491001
All Population,Prevalence,Australia,Both,Age-standardized,Atrial fibrillation and flutter,Percent,2020,0.0106693895531722,0.0133297244211151,0.0080096970773652
All Population,Prevalence,Australia,Both,Age-standardized,Atrial fibrillation and flutter,Rate,2020,989.58164682057,1237.65613759315,741.86893677093
All Population,Prevalence,Australia,Both,Age-standardized,Lower extremity peripheral arterial disease,Percent,2020,0.0089748771389215,0.0114907319476859,0.0067055124446229
All Population,Prevalence,Australia,Both,Age-standardized,Lower extremity peripheral arterial disease,Rate,2020,832.3976768518401,1063.83348132421,621.58826448128
All Population,Prevalence,Australia,Both,Age-standardized,Endocarditis,Percent,2020,0.0001259047201015,0.0001438669551551,0.0001100183443835
All Population,Prevalence,Australia,Both,Age-standardized,Endocarditis,Rate,2020,11.67779931832,13.397767420670002,10.19902643691
All Population,Prevalence,Australia,Both,Age-standardized,Non-rheumatic valvular heart disease,Percent,2020,0.0053140127165278,0.0060477896596424,0.0047050677356816
All Population,Prevalence,Australia,Both,Age-standardized,Non-rheumatic valvular heart disease,Rate,2020,492.86648819034,559.54060035792,438.52888534939996
All Population,Prevalence,Australia,Both,Age-standardized,Other cardiovascular and circulatory diseases,Percent,2020,0.0250208682367289,0.031362524401606,0.0201650931316652
All Population,Prevalence,Australia,Both,Age-standardized,Other cardiovascular and circulatory diseases,Rate,2020,2320.7138175743403,2902.54730636023,1868.55904948395
All Population,Prevalence,Australia,Both,Age-standardized,Pulmonary Arterial Hypertension,Percent,2014,3.25590148656e-05,3.95894107438e-05,2.67592191613e-05
All Population,Prevalence,Australia,Both,Age-standardized,Pulmonary Arterial Hypertension,Rate,2014,2.97814753779,3.63563314683,2.44465811448
All Population,Prevalence,Australia,Both,Age-standardized,Pulmonary Arterial Hypertension,Percent,2013,3.26314331273e-05,3.96477884716e-05,2.67966193221e-05
All Population,Prevalence,Australia,Both,Age-standardized,Pulmonary Arterial Hypertension,Rate,2013,2.98525442028,3.6533858242200004,2.45539133049
All Population,Prevalence,Australia,Both,Age-standardized,Cardiovascular diseases,Percent,2021,0.0679604411471779,0.0741166621928403,0.0625329171010592
All Population,Prevalence,Australia,Both,Age-standardized,Cardiovascular diseases,Rate,2021,6312.6578515311,6873.564569982001,5809.0063084569
All Population,Prevalence,Australia,Both,Age-standardized,Rheumatic heart disease,Percent,2021,0.0006559473650672,0.0007200872216217,0.0005837307889225
All Population,Prevalence,Australia,Both,Age-standardized,Rheumatic heart disease,Rate,2021,60.929221489419994,67.04222849935,54.411601170569995
All Population,Prevalence,Australia,Both,Age-standardized,Ischemic heart disease,Percent,2021,0.0185112235892008,0.0221956774444318,0.0153820939723345
All Population,Prevalence,Australia,Both,Age-standardized,Ischemic heart disease,Rate,2021,1719.46858517102,2054.99789554106,1431.3206778316999
All Population,Prevalence,Australia,Both,Age-standardized,Stroke,Percent,2021,0.0081793443658659,0.0084698471451768,0.0078631200894922
All Population,Prevalence,Australia,Both,Age-standardized,Stroke,Rate,2021,759.76531642594,786.00966325284,730.08243745301
All Population,Prevalence,Australia,Both,Age-standardized,Hypertensive heart disease,Percent,2021,0.0006280267762047,0.0007608414425853,0.0005075642007051
All Population,Prevalence,Australia,Both,Age-standardized,Hypertensive heart disease,Rate,2021,58.32981015941,70.50015642189,47.57954168161
All Population,Prevalence,Australia,Both,Age-standardized,Cardiomyopathy and myocarditis,Percent,2021,0.0015275966204569,0.0017851238247955,0.0012892336206988
All Population,Prevalence,Australia,Both,Age-standardized,Cardiomyopathy and myocarditis,Rate,2021,141.88557786111,165.23857164076,120.17593223067
All Population,Prevalence,Australia,Both,Age-standardized,Atrial fibrillation and flutter,Percent,2021,0.0106873413975598,0.013472502231702,0.008049887940036
All Population,Prevalence,Australia,Both,Age-standardized,Atrial fibrillation and flutter,Rate,2021,992.7359934635,1249.7437672153499,746.9821652908099
All Population,Prevalence,Australia,Both,Age-standardized,Lower extremity peripheral arterial disease,Percent,2021,0.0090189635962671,0.0115037128169763,0.0067647617775825
All Population,Prevalence,Australia,Both,Age-standardized,Lower extremity peripheral arterial disease,Rate,2021,837.71524881534,1070.0494674871002,627.3544550530399
All Population,Prevalence,Australia,Both,Age-standardized,Endocarditis,Percent,2021,0.0001265980735845,0.0001456305953021,0.0001107913224988
All Population,Prevalence,Australia,Both,Age-standardized,Endocarditis,Rate,2021,11.759336581960001,13.489112125500002,10.301396389519999
All Population,Prevalence,Australia,Both,Age-standardized,Non-rheumatic valvular heart disease,Percent,2021,0.005290695796729,0.0059330945769048,0.0047119082586292
All Population,Prevalence,Australia,Both,Age-standardized,Non-rheumatic valvular heart disease,Rate,2021,491.42348475026,553.4104235047099,436.80229434718
All Population,Prevalence,Australia,Both,Age-standardized,Other cardiovascular and circulatory diseases,Percent,2021,0.0239496896131749,0.0303011581897588,0.0192130107044917
All Population,Prevalence,Australia,Both,Age-standardized,Other cardiovascular and circulatory diseases,Rate,2021,2224.62262603682,2806.89911141194,1786.7125066037802
All Population,Prevalence,Australia,Both,Age-standardized,Cardiovascular diseases,Percent,2022,0.0673662771114567,0.0733153647796727,0.0617517110343608
All Population,Prevalence,Australia,Both,Age-standardized,Cardiovascular diseases,Rate,2022,6274.240233760959,6824.94049094589,5777.7424439363995
All Population,Prevalence,Australia,Both,Age-standardized,Rheumatic heart disease,Percent,2022,0.0006553864947877,0.0007256504141556,0.0005805343795951
All Population,Prevalence,Australia,Both,Age-standardized,Rheumatic heart disease,Rate,2022,61.040479705939994,67.56449011638,54.22004928907
All Population,Prevalence,Australia,Both,Age-standardized,Ischemic heart disease,Percent,2022,0.0188588882674539,0.0214214097890314,0.0158277485000154
All Population,Prevalence,Australia,Both,Age-standardized,Ischemic heart disease,Rate,2022,1756.47281561789,1991.32260943005,1478.74833569871
All Population,Prevalence,Australia,Both,Age-standardized,Stroke,Percent,2022,0.0080784030041658,0.0084245715730381,0.0077255426554339
All Population,Prevalence,Australia,Both,Age-standardized,Stroke,Rate,2022,752.4002171202101,784.9921691477999,717.9274335754001
All Population,Prevalence,Australia,Both,Age-standardized,Hypertensive heart disease,Percent,2022,0.0006014718907914,0.0007520212387948,0.0004851561242502
All Population,Prevalence,Australia,Both,Age-standardized,Hypertensive heart disease,Rate,2022,56.01401699012,69.82888307629,45.31753303917
All Population,Prevalence,Australia,Both,Age-standardized,Cardiomyopathy and myocarditis,Percent,2022,0.0014975587865477,0.001769478519519,0.0012380036837116
All Population,Prevalence,Australia,Both,Age-standardized,Cardiomyopathy and myocarditis,Rate,2022,139.46915555114,164.25487387092,115.92037563568
All Population,Prevalence,Australia,Both,Age-standardized,Atrial fibrillation and flutter,Percent,2022,0.0106875821586915,0.0135799328124767,0.0081948843276849
All Population,Prevalence,Australia,Both,Age-standardized,Atrial fibrillation and flutter,Rate,2022,995.4112390303201,1263.0642235222201,761.89628673501
All Population,Prevalence,Australia,Both,Age-standardized,Lower extremity peripheral arterial disease,Percent,2022,0.0090382485190136,0.0116638596010764,0.0067836659141086
All Population,Prevalence,Australia,Both,Age-standardized,Lower extremity peripheral arterial disease,Rate,2022,841.75191770752,1089.24648555393,632.6480537689399
All Population,Prevalence,Australia,Both,Age-standardized,Endocarditis,Percent,2022,0.0001266694679572,0.0001472954513087,0.0001092929026541
All Population,Prevalence,Australia,Both,Age-standardized,Endocarditis,Rate,2022,11.79750881807,13.660506958069998,10.17643489771
All Population,Prevalence,Australia,Both,Age-standardized,Non-rheumatic valvular heart disease,Percent,2022,0.005258694140715,0.0059132700309779,0.0044977411035002
All Population,Prevalence,Australia,Both,Age-standardized,Non-rheumatic valvular heart disease,Rate,2022,489.75700698784004,551.9150655540001,417.15024869740995
All Population,Prevalence,Australia,Both,Age-standardized,Other cardiovascular and circulatory diseases,Percent,2022,0.0228876606759322,0.0292178158979496,0.018054196299606
All Population,Prevalence,Australia,Both,Age-standardized,Other cardiovascular and circulatory diseases,Rate,2022,2131.67043363198,2724.99038137866,1681.4002108916902
All Population,Prevalence,Australia,Both,Age-standardized,Pulmonary Arterial Hypertension,Percent,2016,3.23443916316e-05,3.95317764259e-05,2.65596286259e-05
All Population,Prevalence,Australia,Both,Age-standardized,Pulmonary Arterial Hypertension,Rate,2016,2.95762857758,3.6034392136399997,2.42561493359
All Population,Prevalence,Australia,Both,Age-standardized,Cardiovascular diseases,Percent,2023,0.0655722365193315,0.0713332152828976,0.0600746336589829
All Population,Prevalence,Australia,Both,Age-standardized,Cardiovascular diseases,Rate,2023,6108.77930263321,6640.195877583061,5611.39893170361
All Population,Prevalence,Australia,Both,Age-standardized,Rheumatic heart disease,Percent,2023,0.0006044299684897,0.0006771040346011,0.0005289977933171
All Population,Prevalence,Australia,Both,Age-standardized,Rheumatic heart disease,Rate,2023,56.31042668965001,63.225359979740006,49.151747878420004
All Population,Prevalence,Australia,Both,Age-standardized,Ischemic heart disease,Percent,2023,0.0167278006963911,0.0196741503449947,0.0149466262317952
All Population,Prevalence,Australia,Both,Age-standardized,Ischemic heart disease,Rate,2023,1558.4068066683699,1832.3480110421199,1392.09707608176
All Population,Prevalence,Australia,Both,Age-standardized,Stroke,Percent,2023,0.0080751062005724,0.0083934684735057,0.0077598905824599
All Population,Prevalence,Australia,Both,Age-standardized,Stroke,Rate,2023,752.29365729293,779.30174712658,723.8100861418601
All Population,Prevalence,Australia,Both,Age-standardized,Hypertensive heart disease,Percent,2023,0.0005963853353605,0.0007460299345618,0.0004812783939664
All Population,Prevalence,Australia,Both,Age-standardized,Hypertensive heart disease,Rate,2023,55.555038694980006,69.26264239471,44.93838243084
All Population,Prevalence,Australia,Both,Age-standardized,Cardiomyopathy and myocarditis,Percent,2023,0.0015044464265185,0.0017781220222642,0.0012457741223399
All Population,Prevalence,Australia,Both,Age-standardized,Cardiomyopathy and myocarditis,Rate,2023,140.14789683066002,165.00859697837,116.43329670627
All Population,Prevalence,Australia,Both,Age-standardized,Atrial fibrillation and flutter,Percent,2023,0.0106747039596713,0.0134016974266795,0.0080167613708611
All Population,Prevalence,Australia,Both,Age-standardized,Atrial fibrillation and flutter,Rate,2023,994.47251938965,1245.6827181594301,746.3213079232199
All Population,Prevalence,Australia,Both,Age-standardized,Lower extremity peripheral arterial disease,Percent,2023,0.0089498066870021,0.01148922696927,0.0067121260713985
All Population,Prevalence,Australia,Both,Age-standardized,Lower extremity peripheral arterial disease,Rate,2023,833.7431363540101,1065.3139638219,625.40779926593
All Population,Prevalence,Australia,Both,Age-standardized,Endocarditis,Percent,2023,0.0001272490895529,0.000147165366579,0.0001090437840487
All Population,Prevalence,Australia,Both,Age-standardized,Endocarditis,Rate,2023,11.85469181739,13.749557723910002,10.14418014415
All Population,Prevalence,Australia,Both,Age-standardized,Non-rheumatic valvular heart disease,Percent,2023,0.0052572027965738,0.0059139234067486,0.0044980286477355
All Population,Prevalence,Australia,Both,Age-standardized,Non-rheumatic valvular heart disease,Rate,2023,489.74979424964,551.9172606437801,417.15515227525003
All Population,Prevalence,Australia,Both,Age-standardized,Other cardiovascular and circulatory diseases,Percent,2023,0.0229813319913487,0.0293637614089054,0.0181319684671067
All Population,Prevalence,Australia,Both,Age-standardized,Other cardiovascular and circulatory diseases,Rate,2023,2140.9610906849502,2736.6212388327,1689.43360920638
All Population,Prevalence,Australia,Both,Age-standardized,Pulmonary Arterial Hypertension,Percent,2015,3.24821336807e-05,3.95298648069e-05,2.6709397323e-05
All Population,Prevalence,Australia,Both,Age-standardized,Pulmonary Arterial Hypertension,Rate,2015,2.97074275339,3.61569025775,2.43410022384
All Population,Prevalence,Australia,Both,Age-standardized,Pulmonary Arterial Hypertension,Percent,2017,3.21179839417e-05,3.9488435957e-05,2.63507116341e-05
All Population,Prevalence,Australia,Both,Age-standardized,Pulmonary Arterial Hypertension,Rate,2017,2.93662151512,3.59938502268,2.4079557091
All Population,Prevalence,Australia,Both,Age-standardized,Pulmonary Arterial Hypertension,Percent,2018,3.18476086397e-05,3.92026844717e-05,2.60856792473e-05
All Population,Prevalence,Australia,Both,Age-standardized,Pulmonary Arterial Hypertension,Rate,2018,2.91305316076,3.5856063985899995,2.38479588107
All Population,Prevalence,Australia,Both,Age-standardized,Pulmonary Arterial Hypertension,Percent,2020,3.10475302393e-05,3.82497020397e-05,2.5351282618e-05
All Population,Prevalence,Australia,Both,Age-standardized,Pulmonary Arterial Hypertension,Rate,2020,2.8796427649100003,3.5535177708,2.34931158943
All Population,Prevalence,Australia,Both,Age-standardized,Pulmonary Arterial Hypertension,Percent,2019,3.15736958939e-05,3.88845407294e-05,2.58145586299e-05
All Population,Prevalence,Australia,Both,Age-standardized,Pulmonary Arterial Hypertension,Rate,2019,2.89227984947,3.56304602159,2.3637339206
All Population,Prevalence,Australia,Both,Age-standardized,Pulmonary Arterial Hypertension,Percent,2022,3.08603075151e-05,3.74140427911e-05,2.49262754345e-05
All Population,Prevalence,Australia,Both,Age-standardized,Pulmonary Arterial Hypertension,Rate,2022,2.87418997287,3.4881082085299995,2.3379774902299997
All Population,Prevalence,Australia,Both,Age-standardized,Pulmonary Arterial Hypertension,Percent,2021,3.09541086255e-05,3.77995376118e-05,2.51544931072e-05
All Population,Prevalence,Australia,Both,Age-standardized,Pulmonary Arterial Hypertension,Rate,2021,2.8751961414,3.51721732342,2.34080126813
All Population,Prevalence,Australia,Both,Age-standardized,Pulmonary Arterial Hypertension,Percent,2023,3.08533274244e-05,3.74117470186e-05,2.49165242745e-05
All Population,Prevalence,Australia,Both,Age-standardized,Pulmonary Arterial Hypertension,Rate,2023,2.8742844879100002,3.4882501479999997,2.33804896046
All Population,Incidence,Australia,Both,Age-standardized,Cardiovascular diseases,Percent,1990,0.0012815631244468,0.0013936323010232,0.0011735018502423
All Population,Incidence,Australia,Both,Age-standardized,Cardiovascular diseases,Rate,1990,608.06101304727,654.24052433755,570.95052508343
All Population,Incidence,Australia,Both,Age-standardized,Rheumatic heart disease,Percent,1990,1.06187838759e-05,1.19130610149e-05,9.4015237299e-06
All Population,Incidence,Australia,Both,Age-standardized,Rheumatic heart disease,Rate,1990,5.03864904517,5.60364731299,4.51815737115
All Population,Incidence,Australia,Both,Age-standardized,Ischemic heart disease,Percent,1990,0.0005390484456681,0.0006134911448354,0.0004743654866872
All Population,Incidence,Australia,Both,Age-standardized,Ischemic heart disease,Rate,1990,255.75571003348003,286.93276210288,227.92497465204
All Population,Incidence,Australia,Both,Age-standardized,Stroke,Percent,1990,0.0002578617272134,0.0002840703323375,0.0002330195405289
All Population,Incidence,Australia,Both,Age-standardized,Stroke,Rate,1990,122.32705123298,131.21158316351,114.93624672029
All Population,Incidence,Australia,Both,Age-standardized,Cardiomyopathy and myocarditis,Percent,1990,2.4894184012e-05,3.16586998517e-05,1.94397219904e-05
All Population,Incidence,Australia,Both,Age-standardized,Cardiomyopathy and myocarditis,Rate,1990,11.815739307480001,15.1283187515,9.16981506752
All Population,Incidence,Australia,Both,Age-standardized,Atrial fibrillation and flutter,Percent,1990,0.00016199388563,0.0001926141965139,0.0001360409768596
All Population,Incidence,Australia,Both,Age-standardized,Atrial fibrillation and flutter,Rate,1990,76.88294917259,90.79602747477,66.60499347854
All Population,Incidence,Australia,Both,Age-standardized,Lower extremity peripheral arterial disease,Percent,1990,0.0001900845675979,0.0002490918881939,0.0001428754942267
All Population,Incidence,Australia,Both,Age-standardized,Lower extremity peripheral arterial disease,Rate,1990,90.18084387717,116.37223523374999,68.5400462452
All Population,Incidence,Australia,Both,Age-standardized,Endocarditis,Percent,1990,2.14007886502e-05,2.50812134277e-05,1.82056418201e-05
All Population,Incidence,Australia,Both,Age-standardized,Endocarditis,Rate,1990,10.15454931278,11.92881482707,8.77261561367
All Population,Incidence,Australia,Both,Age-standardized,Non-rheumatic valvular heart disease,Percent,1990,7.49427129677e-05,8.49355730321e-05,6.44213971707e-05
All Population,Incidence,Australia,Both,Age-standardized,Non-rheumatic valvular heart disease,Rate,1990,35.56483577817,40.28346356097,31.42346042506
All Population,Incidence,Australia,Both,Age-standardized,Pulmonary Arterial Hypertension,Percent,1990,7.180288315e-07,8.89347263e-07,5.784505875e-07
All Population,Incidence,Australia,Both,Age-standardized,Pulmonary Arterial Hypertension,Rate,1990,0.34068528743,0.41661905991000003,0.27188780772
All Population,Incidence,Australia,Both,Age-standardized,Pulmonary Arterial Hypertension,Percent,1991,7.14774125e-07,8.83761189e-07,5.756960215e-07
All Population,Incidence,Australia,Both,Age-standardized,Pulmonary Arterial Hypertension,Rate,1991,0.3414134311,0.41878859037000005,0.27187116293999997
All Population,Incidence,Australia,Both,Age-standardized,Cardiovascular diseases,Percent,1991,0.0012723436935417,0.0013837653703129,0.0011677808072429
All Population,Incidence,Australia,Both,Age-standardized,Cardiovascular diseases,Rate,1991,607.7181858424001,650.61389177583,571.9587269800301
All Population,Incidence,Australia,Both,Age-standardized,Rheumatic heart disease,Percent,1991,1.04344132303e-05,1.16720235244e-05,9.265251426e-06
All Population,Incidence,Australia,Both,Age-standardized,Rheumatic heart disease,Rate,1991,4.98402056974,5.533067727840001,4.49074986066
All Population,Incidence,Australia,Both,Age-standardized,Ischemic heart disease,Percent,1991,0.0005348847116096,0.0006059834275709,0.0004703725925313
All Population,Incidence,Australia,Both,Age-standardized,Ischemic heart disease,Rate,1991,255.47163764029,284.77844668281,228.74186046578998
All Population,Incidence,Australia,Both,Age-standardized,Stroke,Percent,1991,0.0002544262978448,0.0002781594178389,0.0002310224922648
All Population,Incidence,Australia,Both,Age-standardized,Stroke,Rate,1991,121.50617402051,129.20873846714,114.26746465456
All Population,Incidence,Australia,Both,Age-standardized,Cardiomyopathy and myocarditis,Percent,1991,2.47207217919e-05,3.13828039372e-05,1.92822051984e-05
All Population,Incidence,Australia,Both,Age-standardized,Cardiomyopathy and myocarditis,Rate,1991,11.81146653548,15.12317318521,9.166692080099999
All Population,Incidence,Australia,Both,Age-standardized,Atrial fibrillation and flutter,Percent,1991,0.000161511470619,0.000190890276137,0.0001360470117788
All Population,Incidence,Australia,Both,Age-standardized,Atrial fibrillation and flutter,Rate,1991,77.16557264463,90.76928235212,66.8943462335
All Population,Incidence,Australia,Both,Age-standardized,Lower extremity peripheral arterial disease,Percent,1991,0.0001887786067209,0.0002469336422086,0.0001414581086235
All Population,Incidence,Australia,Both,Age-standardized,Lower extremity peripheral arterial disease,Rate,1991,90.16287673307,115.64304778612001,68.52599464859
All Population,Incidence,Australia,Both,Age-standardized,Endocarditis,Percent,1991,2.2255386784e-05,2.59661220683e-05,1.91300250217e-05
All Population,Incidence,Australia,Both,Age-standardized,Endocarditis,Rate,1991,10.63027328892,12.404877958,9.290983207090001
All Population,Incidence,Australia,Both,Age-standardized,Non-rheumatic valvular heart disease,Percent,1991,7.4617310816e-05,8.39990032344e-05,6.40379893648e-05
All Population,Incidence,Australia,Both,Age-standardized,Non-rheumatic valvular heart disease,Rate,1991,35.644750978610006,39.76099823835,31.48087994879
All Population,Incidence,Australia,Both,Age-standardized,Cardiovascular diseases,Percent,1992,0.0012615946615866,0.0013736234252722,0.0011586805219501
All Population,Incidence,Australia,Both,Age-standardized,Cardiovascular diseases,Rate,1992,606.25569144213,646.6997807100499,570.38036558156
All Population,Incidence,Australia,Both,Age-standardized,Rheumatic heart disease,Percent,1992,1.0242285104e-05,1.14692848795e-05,9.1053746677e-06
All Population,Incidence,Australia,Both,Age-standardized,Rheumatic heart disease,Rate,1992,4.92188047686,5.45789998286,4.46526424551
All Population,Incidence,Australia,Both,Age-standardized,Ischemic heart disease,Percent,1992,0.0005294106283666,0.0005974883386483,0.0004684588392959
All Population,Incidence,Australia,Both,Age-standardized,Ischemic heart disease,Rate,1992,254.39566487781,283.32960898515,228.42577203467
All Population,Incidence,Australia,Both,Age-standardized,Stroke,Percent,1992,0.0002505298268232,0.0002727525300571,0.0002282285638434
All Population,Incidence,Australia,Both,Age-standardized,Stroke,Rate,1992,120.37686516295,127.3198934286,113.41394209450999
All Population,Incidence,Australia,Both,Age-standardized,Cardiomyopathy and myocarditis,Percent,1992,2.45634762285e-05,3.11331433843e-05,1.91323593872e-05
All Population,Incidence,Australia,Both,Age-standardized,Cardiomyopathy and myocarditis,Rate,1992,11.80756160676,15.11811681487,9.16383982562
All Population,Incidence,Australia,Both,Age-standardized,Atrial fibrillation and flutter,Percent,1992,0.0001610713360073,0.0001893172848122,0.0001364114296863
All Population,Incidence,Australia,Both,Age-standardized,Atrial fibrillation and flutter,Rate,1992,77.42352863987,90.68937366501,67.29601552859
All Population,Incidence,Australia,Both,Age-standardized,Lower extremity peripheral arterial disease,Percent,1992,0.0001876079305876,0.0002445781598474,0.0001406123793043
All Population,Incidence,Australia,Both,Age-standardized,Lower extremity peripheral arterial disease,Rate,1992,90.15251310196,115.42506045797,68.390915228
All Population,Incidence,Australia,Both,Age-standardized,Endocarditis,Percent,1992,2.30950968253e-05,2.69007891147e-05,2.00363588922e-05
All Population,Incidence,Australia,Both,Age-standardized,Endocarditis,Rate,1992,11.09829038625,12.81150925998,9.73784113572
All Population,Incidence,Australia,Both,Age-standardized,Non-rheumatic valvular heart disease,Percent,1992,7.43622134188e-05,8.36240020235e-05,6.49067095807e-05
All Population,Incidence,Australia,Both,Age-standardized,Non-rheumatic valvular heart disease,Rate,1992,35.73728242079,39.79908954409,31.59979228108
All Population,Incidence,Australia,Both,Age-standardized,Pulmonary Arterial Hypertension,Percent,1992,7.118682251e-07,8.820750108e-07,5.733893925e-07
All Population,Incidence,Australia,Both,Age-standardized,Pulmonary Arterial Hypertension,Rate,1992,0.34210476886,0.41863250283000003,0.27256745136
All Population,Incidence,Australia,Both,Age-standardized,Pulmonary Arterial Hypertension,Percent,1993,7.100281203e-07,8.808173908e-07,5.721421952e-07
All Population,Incidence,Australia,Both,Age-standardized,Pulmonary Arterial Hypertension,Rate,1993,0.34271276712,0.42118769117,0.27384672924
All Population,Incidence,Australia,Both,Age-standardized,Cardiovascular diseases,Percent,1993,0.0012509204874614,0.0013626886032344,0.0011462839497719
All Population,Incidence,Australia,Both,Age-standardized,Cardiovascular diseases,Rate,1993,603.7427763498,643.90093836768,566.6086312975
All Population,Incidence,Australia,Both,Age-standardized,Rheumatic heart disease,Percent,1993,1.00582705097e-05,1.12163097136e-05,8.9400551579e-06
All Population,Incidence,Australia,Both,Age-standardized,Rheumatic heart disease,Rate,1993,4.85433805111,5.3626634292199995,4.43848911239
All Population,Incidence,Australia,Both,Age-standardized,Ischemic heart disease,Percent,1993,0.0005232735020716,0.0005892353656092,0.0004630217841968
All Population,Incidence,Australia,Both,Age-standardized,Ischemic heart disease,Rate,1993,252.53989093293998,280.39675292657,227.34679232276002
All Population,Incidence,Australia,Both,Age-standardized,Stroke,Percent,1993,0.0002465760855713,0.0002683606355131,0.0002253142500007
All Population,Incidence,Australia,Both,Age-standardized,Stroke,Rate,1993,118.99499426832999,126.07797632426,112.05592931694
All Population,Incidence,Australia,Both,Age-standardized,Cardiomyopathy and myocarditis,Percent,1993,2.44514023371e-05,3.0963484633e-05,1.90187941542e-05
All Population,Incidence,Australia,Both,Age-standardized,Cardiomyopathy and myocarditis,Rate,1993,11.804583629509999,15.11413512978,9.16187011316
All Population,Incidence,Australia,Both,Age-standardized,Atrial fibrillation and flutter,Percent,1993,0.0001608604172451,0.0001893823832827,0.0001366976002698
All Population,Incidence,Australia,Both,Age-standardized,Atrial fibrillation and flutter,Rate,1993,77.65786558554001,90.52016946422,67.66079693510001
All Population,Incidence,Australia,Both,Age-standardized,Lower extremity peripheral arterial disease,Percent,1993,0.0001867945275475,0.0002411369265818,0.0001406615970443
All Population,Incidence,Australia,Both,Age-standardized,Lower extremity peripheral arterial disease,Rate,1993,90.15461670793,115.35935523276999,68.19245364231
All Population,Incidence,Australia,Both,Age-standardized,Endocarditis,Percent,1993,2.39351832564e-05,2.78279308267e-05,2.07855762054e-05
All Population,Incidence,Australia,Both,Age-standardized,Endocarditis,Rate,1993,11.55178766262,13.23815242495,10.14643289639
All Population,Incidence,Australia,Both,Age-standardized,Non-rheumatic valvular heart disease,Percent,1993,7.42610708024e-05,8.32640379893e-05,6.56232907343e-05
All Population,Incidence,Australia,Both,Age-standardized,Non-rheumatic valvular heart disease,Rate,1993,35.841986744690004,39.841682817,31.762723507389996
All Population,Incidence,Australia,Both,Age-standardized,Cardiovascular diseases,Percent,1994,0.0012382739475127,0.001344284329573,0.0011307937816921
All Population,Incidence,Australia,Both,Age-standardized,Cardiovascular diseases,Rate,1994,600.3851657639,640.20734863307,564.0630232259499
All Population,Incidence,Australia,Both,Age-standardized,Rheumatic heart disease,Percent,1994,9.8665699228e-06,1.10069698367e-05,8.8141707803e-06
All Population,Incidence,Australia,Both,Age-standardized,Rheumatic heart disease,Rate,1994,4.78356754281,5.27056166156,4.39817351038
All Population,Incidence,Australia,Both,Age-standardized,Ischemic heart disease,Percent,1994,0.0005157411975707,0.000575419692201,0.0004570636243994
All Population,Incidence,Australia,Both,Age-standardized,Ischemic heart disease,Rate,1994,250.04798298157,277.20879726505,225.67970273595998
All Population,Incidence,Australia,Both,Age-standardized,Stroke,Percent,1994,0.0002422166925694,0.0002632744880442,0.0002220548517969
All Population,Incidence,Australia,Both,Age-standardized,Stroke,Rate,1994,117.43022092483,124.55953901042,110.58276927308
All Population,Incidence,Australia,Both,Age-standardized,Cardiomyopathy and myocarditis,Percent,1994,2.43333215242e-05,3.08528701168e-05,1.88996563195e-05
All Population,Incidence,Australia,Both,Age-standardized,Cardiomyopathy and myocarditis,Rate,1994,11.80130547727,15.10930373581,9.15969707575
All Population,Incidence,Australia,Both,Age-standardized,Atrial fibrillation and flutter,Percent,1994,0.000160567668786,0.0001897382990995,0.0001367260829411
All Population,Incidence,Australia,Both,Age-standardized,Atrial fibrillation and flutter,Rate,1994,77.87172087107001,90.40482808232001,67.5469949139
All Population,Incidence,Australia,Both,Age-standardized,Lower extremity peripheral arterial disease,Percent,1994,0.0001859495902213,0.000238307707218,0.0001399037305212
All Population,Incidence,Australia,Both,Age-standardized,Lower extremity peripheral arterial disease,Rate,1994,90.16106058769,115.47560092843,68.03425860026
All Population,Incidence,Australia,Both,Age-standardized,Endocarditis,Percent,1994,2.47210581168e-05,2.860789202e-05,2.13544699713e-05
All Population,Incidence,Australia,Both,Age-standardized,Endocarditis,Rate,1994,11.9856286399,13.76462861448,10.50319669374
All Population,Incidence,Australia,Both,Age-standardized,Non-rheumatic valvular heart disease,Percent,1994,7.41700700421e-05,8.35681776768e-05,6.4962657133e-05
All Population,Incidence,Australia,Both,Age-standardized,Non-rheumatic valvular heart disease,Rate,1994,35.960475349620005,40.39383913882,31.81670484009
All Population,Incidence,Australia,Both,Age-standardized,Pulmonary Arterial Hypertension,Percent,1994,7.077787593e-07,8.805339733e-07,5.727955518e-07
All Population,Incidence,Australia,Both,Age-standardized,Pulmonary Arterial Hypertension,Rate,1994,0.34320338910000003,0.42063754413,0.27482438851
All Population,Incidence,Australia,Both,Age-standardized,Cardiovascular diseases,Percent,1995,0.0012299214872515,0.001331299623135,0.0011271977116308
All Population,Incidence,Australia,Both,Age-standardized,Cardiovascular diseases,Rate,1995,596.44461812187,636.2235203696,561.51205173445
All Population,Incidence,Australia,Both,Age-standardized,Rheumatic heart disease,Percent,1995,9.7174538583e-06,1.08195240083e-05,8.6958692454e-06
All Population,Incidence,Australia,Both,Age-standardized,Rheumatic heart disease,Rate,1995,4.71202130543,5.18220102824,4.32153179705
All Population,Incidence,Australia,Both,Age-standardized,Ischemic heart disease,Percent,1995,0.0005096273980612,0.000565959796116,0.0004533585911282
All Population,Incidence,Australia,Both,Age-standardized,Ischemic heart disease,Rate,1995,247.1292270928,273.58174947966,222.34532575349
All Population,Incidence,Australia,Both,Age-standardized,Stroke,Percent,1995,0.0002387211493877,0.0002586521224822,0.0002186710892698
All Population,Incidence,Australia,Both,Age-standardized,Stroke,Rate,1995,115.75834757745001,122.90746597498001,108.92769908087999
All Population,Incidence,Australia,Both,Age-standardized,Cardiomyopathy and myocarditis,Percent,1995,2.4323184291e-05,3.10019965577e-05,1.88643892784e-05
All Population,Incidence,Australia,Both,Age-standardized,Cardiomyopathy and myocarditis,Rate,1995,11.79832018917,15.10473017487,9.15770372673
All Population,Incidence,Australia,Both,Age-standardized,Atrial fibrillation and flutter,Percent,1995,0.0001609261376538,0.0001900491463319,0.0001373847683147
All Population,Incidence,Australia,Both,Age-standardized,Atrial fibrillation and flutter,Rate,1995,78.05890216137,90.42322557043,67.30482810168999
All Population,Incidence,Australia,Both,Age-standardized,Lower extremity peripheral arterial disease,Percent,1995,0.0001859015225333,0.0002385817725866,0.0001390753278761
All Population,Incidence,Australia,Both,Age-standardized,Lower extremity peripheral arterial disease,Rate,1995,90.15591988576,115.33752642246999,67.87909464149
All Population,Incidence,Australia,Both,Age-standardized,Endocarditis,Percent,1995,2.55637182354e-05,2.95940088452e-05,2.1914448609e-05
All Population,Incidence,Australia,Both,Age-standardized,Endocarditis,Rate,1995,12.39619820422,14.30108581378,10.77938376487
All Population,Incidence,Australia,Both,Age-standardized,Non-rheumatic valvular heart disease,Percent,1995,7.44326046853e-05,8.53252770497e-05,6.46287220083e-05
All Population,Incidence,Australia,Both,Age-standardized,Non-rheumatic valvular heart disease,Rate,1995,36.09214816133,41.053830380550004,31.77374779268
All Population,Incidence,Australia,Both,Age-standardized,Cardiovascular diseases,Percent,1996,0.0012147410397657,0.001314700397374,0.0011133988085168
All Population,Incidence,Australia,Both,Age-standardized,Cardiovascular diseases,Rate,1996,589.85900196692,628.02623204232,556.71653855943
All Population,Incidence,Australia,Both,Age-standardized,Rheumatic heart disease,Percent,1996,9.4827400531e-06,1.05422705931e-05,8.5299062964e-06
All Population,Incidence,Australia,Both,Age-standardized,Rheumatic heart disease,Rate,1996,4.604274198020001,5.05363619687,4.2220842917
All Population,Incidence,Australia,Both,Age-standardized,Ischemic heart disease,Percent,1996,0.0004984268985159,0.0005520746987133,0.0004452756237558
All Population,Incidence,Australia,Both,Age-standardized,Ischemic heart disease,Rate,1996,242.01885659049,267.35867134059,219.36891882588
All Population,Incidence,Australia,Both,Age-standardized,Stroke,Percent,1996,0.0002339995339133,0.0002523936974078,0.0002140207106162
All Population,Incidence,Australia,Both,Age-standardized,Stroke,Rate,1996,113.61742750331,119.95932502806,106.96199957478
All Population,Incidence,Australia,Both,Age-standardized,Cardiomyopathy and myocarditis,Percent,1996,2.42860305588e-05,3.07943897994e-05,1.88692796843e-05
All Population,Incidence,Australia,Both,Age-standardized,Cardiomyopathy and myocarditis,Rate,1996,11.7956156958,15.100283034619999,9.156102520160001
All Population,Incidence,Australia,Both,Age-standardized,Atrial fibrillation and flutter,Percent,1996,0.0001611416452116,0.0001884752619098,0.0001380432378588
All Population,Incidence,Australia,Both,Age-standardized,Atrial fibrillation and flutter,Rate,1996,78.26505888365,90.33152775206001,67.720239815
All Population,Incidence,Australia,Both,Age-standardized,Lower extremity peripheral arterial disease,Percent,1996,0.0001856843580261,0.0002369528159037,0.0001387440434892
All Population,Incidence,Australia,Both,Age-standardized,Lower extremity peripheral arterial disease,Rate,1996,90.16815949513,114.88480354270999,67.73387454893
All Population,Incidence,Australia,Both,Age-standardized,Endocarditis,Percent,1996,2.63569225877e-05,3.03174800997e-05,2.2729372371e-05
All Population,Incidence,Australia,Both,Age-standardized,Endocarditis,Rate,1996,12.79773656165,14.595881959429999,11.154587670169999
All Population,Incidence,Australia,Both,Age-standardized,Non-rheumatic valvular heart disease,Percent,1996,7.46548628931e-05,8.46259573597e-05,6.54118100698e-05
All Population,Incidence,Australia,Both,Age-standardized,Non-rheumatic valvular heart disease,Rate,1996,36.24802772636,40.922368585689995,32.105695606190004
All Population,Incidence,Australia,Both,Age-standardized,Pulmonary Arterial Hypertension,Percent,1996,7.080480059e-07,8.780615556e-07,5.727107747e-07
All Population,Incidence,Australia,Both,Age-standardized,Pulmonary Arterial Hypertension,Rate,1996,0.34384531249,0.42083083641,0.27504059661
All Population,Incidence,Australia,Both,Age-standardized,Pulmonary Arterial Hypertension,Percent,1998,7.090525082e-07,8.731989273e-07,5.673062499e-07
All Population,Incidence,Australia,Both,Age-standardized,Pulmonary Arterial Hypertension,Rate,1998,0.34469799106,0.42065314635,0.27482181227999997
All Population,Incidence,Australia,Both,Age-standardized,Cardiovascular diseases,Percent,1998,0.0011663567687513,0.00126734043711,0.0010695323883897
All Population,Incidence,Australia,Both,Age-standardized,Cardiovascular diseases,Rate,1998,566.99257293228,603.55514520902,533.73721789998
All Population,Incidence,Australia,Both,Age-standardized,Rheumatic heart disease,Percent,1998,8.8055538107e-06,9.7912594647e-06,7.9307750298e-06
All Population,Incidence,Australia,Both,Age-standardized,Rheumatic heart disease,Rate,1998,4.28025398765,4.73992868042,3.91252120167
All Population,Incidence,Australia,Both,Age-standardized,Ischemic heart disease,Percent,1998,0.0004600412533902,0.0005071026771521,0.0004123450651257
All Population,Incidence,Australia,Both,Age-standardized,Ischemic heart disease,Rate,1998,223.63371662366998,245.09678017555,203.06169458307997
All Population,Incidence,Australia,Both,Age-standardized,Stroke,Percent,1998,0.0002215447739282,0.0002404212745642,0.0002014911759525
All Population,Incidence,Australia,Both,Age-standardized,Stroke,Rate,1998,107.6878724822,113.8363005229,101.7121258859
All Population,Incidence,Australia,Both,Age-standardized,Cardiomyopathy and myocarditis,Percent,1998,2.42493508462e-05,3.06584344456e-05,1.88908862307e-05
All Population,Incidence,Australia,Both,Age-standardized,Cardiomyopathy and myocarditis,Rate,1998,11.790458871950001,15.091451966089998,9.152884349599999
All Population,Incidence,Australia,Both,Age-standardized,Atrial fibrillation and flutter,Percent,1998,0.0001618892550918,0.0001893868616009,0.0001393984132506
All Population,Incidence,Australia,Both,Age-standardized,Atrial fibrillation and flutter,Rate,1998,78.71181089491,89.93209259481,68.25179324074999
All Population,Incidence,Australia,Both,Age-standardized,Lower extremity peripheral arterial disease,Percent,1998,0.0001857935411725,0.0002361523637364,0.0001364435368621
All Population,Incidence,Australia,Both,Age-standardized,Lower extremity peripheral arterial disease,Rate,1998,90.31891538158,113.75072272143998,67.84844114043
All Population,Incidence,Australia,Both,Age-standardized,Endocarditis,Percent,1998,2.79651759182e-05,3.21782214665e-05,2.39072990686e-05
All Population,Incidence,Australia,Both,Age-standardized,Endocarditis,Rate,1998,13.59386573916,15.635202266790001,11.81736495352
All Population,Incidence,Australia,Both,Age-standardized,Non-rheumatic valvular heart disease,Percent,1998,7.53588120851e-05,8.57408013663e-05,6.69820818661e-05
All Population,Incidence,Australia,Both,Age-standardized,Non-rheumatic valvular heart disease,Rate,1998,36.63098096006,41.17190054191,32.46354878051
All Population,Incidence,Australia,Both,Age-standardized,Pulmonary Arterial Hypertension,Percent,1995,7.083185455e-07,8.785856423e-07,5.724899983e-07
All Population,Incidence,Australia,Both,Age-standardized,Pulmonary Arterial Hypertension,Rate,1995,0.34353354432,0.41969185291,0.27545317896
All Population,Incidence,Australia,Both,Age-standardized,Cardiovascular diseases,Percent,1997,0.0011932682277381,0.0012948493950046,0.0010933970783878
All Population,Incidence,Australia,Both,Age-standardized,Cardiovascular diseases,Rate,1997,579.3845928042699,616.70678918067,546.2253217638
All Population,Incidence,Australia,Both,Age-standardized,Rheumatic heart disease,Percent,1997,9.1604913872e-06,1.01296398826e-05,8.2327312413e-06
All Population,Incidence,Australia,Both,Age-standardized,Rheumatic heart disease,Rate,1997,4.4474621796400005,4.89977118163,4.07889039329
All Population,Incidence,Australia,Both,Age-standardized,Ischemic heart disease,Percent,1997,0.0004811427791624,0.0005333349146333,0.0004313143787313
All Population,Incidence,Australia,Both,Age-standardized,Ischemic heart disease,Rate,1997,233.6099369892,256.31895626426,211.6571004892
All Population,Incidence,Australia,Both,Age-standardized,Stroke,Percent,1997,0.0002282529629006,0.0002467413933096,0.0002079688150593
All Population,Incidence,Australia,Both,Age-standardized,Stroke,Rate,1997,110.81724973483,116.92150020775999,104.43145166240001
All Population,Incidence,Australia,Both,Age-standardized,Cardiomyopathy and myocarditis,Percent,1997,2.42811895155e-05,3.07257447361e-05,1.88975765804e-05
All Population,Incidence,Australia,Both,Age-standardized,Cardiomyopathy and myocarditis,Rate,1997,11.79209550366,15.09477065405,9.15344232775
All Population,Incidence,Australia,Both,Age-standardized,Atrial fibrillation and flutter,Percent,1997,0.0001616521989773,0.0001886501816664,0.0001388666427512
All Population,Incidence,Australia,Both,Age-standardized,Atrial fibrillation and flutter,Rate,1997,78.50492438091,90.18000282303,67.99617788322
All Population,Incidence,Australia,Both,Age-standardized,Lower extremity peripheral arterial disease,Percent,1997,0.0001858520436466,0.0002364185446388,0.0001376583792462
All Population,Incidence,Australia,Both,Age-standardized,Lower extremity peripheral arterial disease,Rate,1997,90.2411296347,114.48355319136,67.77417523889001
All Population,Incidence,Australia,Both,Age-standardized,Endocarditis,Percent,1997,2.71829230956e-05,3.13968222908e-05,2.33117634508e-05
All Population,Incidence,Australia,Both,Age-standardized,Endocarditis,Rate,1997,13.19780030805,15.11586365799,11.52013508423
All Population,Incidence,Australia,Both,Age-standardized,Non-rheumatic valvular heart disease,Percent,1997,7.5034657361e-05,8.44769616025e-05,6.62993553175e-05
All Population,Incidence,Australia,Both,Age-standardized,Non-rheumatic valvular heart disease,Rate,1997,36.4297326456,40.813537669629994,32.25688833498
All Population,Incidence,Australia,Both,Age-standardized,Pulmonary Arterial Hypertension,Percent,1997,7.089816918e-07,8.765650873e-07,5.695374896e-07
All Population,Incidence,Australia,Both,Age-standardized,Pulmonary Arterial Hypertension,Rate,1997,0.34426142764,0.42182207981,0.27463398859
All Population,Incidence,Australia,Both,Age-standardized,Cardiovascular diseases,Percent,1999,0.0011392333046199,0.0012418126092898,0.0010456299825177
All Population,Incidence,Australia,Both,Age-standardized,Cardiovascular diseases,Rate,1999,554.46223764786,589.44979248975,522.22282270708
All Population,Incidence,Australia,Both,Age-standardized,Rheumatic heart disease,Percent,1999,8.5052721151e-06,9.5334162082e-06,7.5915146538e-06
All Population,Incidence,Australia,Both,Age-standardized,Rheumatic heart disease,Rate,1999,4.13920032189,4.613136209089999,3.79446576896
All Population,Incidence,Australia,Both,Age-standardized,Ischemic heart disease,Percent,1999,0.0004388443797212,0.0004843682000635,0.0003934305431827
All Population,Incidence,Australia,Both,Age-standardized,Ischemic heart disease,Rate,1999,213.58532181323997,235.30586771977002,194.19604281448
All Population,Incidence,Australia,Both,Age-standardized,Stroke,Percent,1999,0.0002148520672698,0.0002335111963099,0.0001954921517398
All Population,Incidence,Australia,Both,Age-standardized,Stroke,Rate,1999,104.55766972264,110.69229943954,98.84034734054
All Population,Incidence,Australia,Both,Age-standardized,Cardiomyopathy and myocarditis,Percent,1999,2.42165775372e-05,3.06270017796e-05,1.88821463697e-05
All Population,Incidence,Australia,Both,Age-standardized,Cardiomyopathy and myocarditis,Rate,1999,11.7882403816,15.08723682566,9.151423716430001
All Population,Incidence,Australia,Both,Age-standardized,Atrial fibrillation and flutter,Percent,1999,0.0001619642975682,0.0001889804254054,0.0001398087217598
All Population,Incidence,Australia,Both,Age-standardized,Atrial fibrillation and flutter,Rate,1999,78.83949197060001,89.99541830103,68.4571721456
All Population,Incidence,Australia,Both,Age-standardized,Lower extremity peripheral arterial disease,Percent,1999,0.0001857134674146,0.0002360128611723,0.0001363093857709
All Population,Incidence,Australia,Both,Age-standardized,Lower extremity peripheral arterial disease,Rate,1999,90.38513792610999,113.61223141512001,67.74533261882999
All Population,Incidence,Australia,Both,Age-standardized,Endocarditis,Percent,1999,2.87158530168e-05,3.30890503802e-05,2.45519845287e-05
All Population,Incidence,Australia,Both,Age-standardized,Endocarditis,Rate,1999,13.97538007546,16.044294957039998,12.13062122736
All Population,Incidence,Australia,Both,Age-standardized,Non-rheumatic valvular heart disease,Percent,1999,7.57123710955e-05,8.66894643242e-05,6.65780265334e-05
All Population,Incidence,Australia,Both,Age-standardized,Non-rheumatic valvular heart disease,Rate,1999,36.846713348179996,41.725148208949996,32.55477049814
All Population,Incidence,Australia,Both,Age-standardized,Pulmonary Arterial Hypertension,Percent,1999,7.090188815e-07,8.725638177e-07,5.686952997e-07
All Population,Incidence,Australia,Both,Age-standardized,Pulmonary Arterial Hypertension,Rate,1999,0.34508208812,0.4213215345,0.27506933177
All Population,Incidence,Australia,Both,Age-standardized,Cardiovascular diseases,Percent,2001,0.0010878181154959,0.0011786871970664,0.0009969050897254
All Population,Incidence,Australia,Both,Age-standardized,Cardiovascular diseases,Rate,2001,534.45256320831,568.04019002599,504.76592988427996
All Population,Incidence,Australia,Both,Age-standardized,Rheumatic heart disease,Percent,2001,8.2222871829e-06,9.2579714267e-06,7.3113020374e-06
All Population,Incidence,Australia,Both,Age-standardized,Rheumatic heart disease,Rate,2001,4.03932252268,4.53318361377,3.68500074265
All Population,Incidence,Australia,Both,Age-standardized,Ischemic heart disease,Percent,2001,0.0004029792067908,0.0004453835691074,0.000360943935096
All Population,Incidence,Australia,Both,Age-standardized,Ischemic heart disease,Rate,2001,197.99094322573,217.77914722345,179.57645173302998
All Population,Incidence,Australia,Both,Age-standardized,Stroke,Percent,2001,0.0002020474331934,0.0002207442090899,0.0001835509928055
All Population,Incidence,Australia,Both,Age-standardized,Stroke,Rate,2001,99.25711637515,105.32617461298001,93.38335509107
All Population,Incidence,Australia,Both,Age-standardized,Cardiomyopathy and myocarditis,Percent,2001,2.39845315105e-05,3.03637621424e-05,1.86873912291e-05
All Population,Incidence,Australia,Both,Age-standardized,Cardiomyopathy and myocarditis,Rate,2001,11.78549676443,15.081261237520001,9.1497239636
All Population,Incidence,Australia,Both,Age-standardized,Atrial fibrillation and flutter,Percent,2001,0.0001599433075774,0.0001846414993454,0.0001386171816977
All Population,Incidence,Australia,Both,Age-standardized,Atrial fibrillation and flutter,Rate,2001,78.59294935945,89.3495241375,68.328399351
All Population,Incidence,Australia,Both,Age-standardized,Lower extremity peripheral arterial disease,Percent,2001,0.0001838894882344,0.000235002652358,0.0001352632528406
All Population,Incidence,Australia,Both,Age-standardized,Lower extremity peripheral arterial disease,Rate,2001,90.34111550167,113.45254888971,67.67413366157
All Population,Incidence,Australia,Both,Age-standardized,Endocarditis,Percent,2001,2.99439555937e-05,3.44535711354e-05,2.57228582885e-05
All Population,Incidence,Australia,Both,Age-standardized,Endocarditis,Rate,2001,14.71089058813,16.72651607808,12.731832774789998
All Population,Incidence,Australia,Both,Age-standardized,Non-rheumatic valvular heart disease,Percent,2001,7.61046505715e-05,8.64910200664e-05,6.68491501934e-05
All Population,Incidence,Australia,Both,Age-standardized,Non-rheumatic valvular heart disease,Rate,2001,37.389205735850005,42.50164737591,33.1249994917
All Population,Incidence,Australia,Both,Age-standardized,Pulmonary Arterial Hypertension,Percent,2001,7.032548412e-07,8.662708114e-07,5.621080999e-07
All Population,Incidence,Australia,Both,Age-standardized,Pulmonary Arterial Hypertension,Rate,2001,0.3455231352,0.42235364493000005,0.27565848082
All Population,Incidence,Australia,Both,Age-standardized,Pulmonary Arterial Hypertension,Percent,2000,7.082374527e-07,8.769524937e-07,5.678012784e-07
All Population,Incidence,Australia,Both,Age-standardized,Pulmonary Arterial Hypertension,Rate,2000,0.34533430853999997,0.42197802894,0.27505272768
All Population,Incidence,Australia,Both,Age-standardized,Cardiovascular diseases,Percent,2000,0.0011150232254869,0.0012175035944191,0.0010218771146645
All Population,Incidence,Australia,Both,Age-standardized,Cardiovascular diseases,Rate,2000,543.68562755068,577.37697870163,511.303324398
All Population,Incidence,Australia,Both,Age-standardized,Rheumatic heart disease,Percent,2000,8.3326633655e-06,9.415833482e-06,7.3364915578e-06
All Population,Incidence,Australia,Both,Age-standardized,Rheumatic heart disease,Rate,2000,4.0627295833299994,4.56696896125,3.7040438543899996
All Population,Incidence,Australia,Both,Age-standardized,Ischemic heart disease,Percent,2000,0.0004206028726038,0.0004681671365334,0.0003757507636721
All Population,Incidence,Australia,Both,Age-standardized,Ischemic heart disease,Rate,2000,205.09068657025,227.19401157873,185.33803696674
All Population,Incidence,Australia,Both,Age-standardized,Stroke,Percent,2000,0.0002087284381676,0.000228239959509,0.0001896895099858
All Population,Incidence,Australia,Both,Age-standardized,Stroke,Rate,2000,101.76552169022001,107.94703032777,95.87982183485
All Population,Incidence,Australia,Both,Age-standardized,Cardiomyopathy and myocarditis,Percent,2000,2.41699876197e-05,3.05859779041e-05,1.88634794208e-05
All Population,Incidence,Australia,Both,Age-standardized,Cardiomyopathy and myocarditis,Rate,2000,11.78718047676,15.08447527817,9.151006504829999
All Population,Incidence,Australia,Both,Age-standardized,Atrial fibrillation and flutter,Percent,2000,0.0001616413872768,0.0001870638927926,0.0001395184055728
All Population,Incidence,Australia,Both,Age-standardized,Atrial fibrillation and flutter,Rate,2000,78.82629539138,90.06037164304,68.92132083186
All Population,Incidence,Australia,Both,Age-standardized,Lower extremity peripheral arterial disease,Percent,2000,0.0001853969253225,0.0002361701809629,0.0001358565849759
All Population,Incidence,Australia,Both,Age-standardized,Lower extremity peripheral arterial disease,Rate,2000,90.3963289767,113.53138540039,67.44483075782
All Population,Incidence,Australia,Both,Age-standardized,Endocarditis,Percent,2000,2.94073708838e-05,3.40431230589e-05,2.50297176992e-05
All Population,Incidence,Australia,Both,Age-standardized,Endocarditis,Rate,2000,14.3385687481,16.4313467138,12.29554580848
All Population,Incidence,Australia,Both,Age-standardized,Non-rheumatic valvular heart disease,Percent,2000,7.60353427943e-05,8.78361110042e-05,6.62479792665e-05
All Population,Incidence,Australia,Both,Age-standardized,Non-rheumatic valvular heart disease,Rate,2000,37.07298180536,42.48917573588,32.719297348379996
All Population,Incidence,Australia,Both,Age-standardized,Cardiovascular diseases,Percent,2002,0.0010533358755628,0.0011373416378531,0.0009686797195897
All Population,Incidence,Australia,Both,Age-standardized,Cardiovascular diseases,Rate,2002,525.4532493897101,558.04952072655,496.86389440217005
All Population,Incidence,Australia,Both,Age-standardized,Rheumatic heart disease,Percent,2002,8.0793311739e-06,9.0228278698e-06,7.2242552029e-06
All Population,Incidence,Australia,Both,Age-standardized,Rheumatic heart disease,Rate,2002,4.0299180026800006,4.46668453716,3.6690599995000004
All Population,Incidence,Australia,Both,Age-standardized,Ischemic heart disease,Percent,2002,0.0003833366698835,0.0004223645389794,0.0003421707690876
All Population,Incidence,Australia,Both,Age-standardized,Ischemic heart disease,Rate,2002,191.23107794867,209.72335035736,173.31202627836
All Population,Incidence,Australia,Both,Age-standardized,Stroke,Percent,2002,0.0001939932071328,0.0002110075127167,0.0001759446479474
All Population,Incidence,Australia,Both,Age-standardized,Stroke,Rate,2002,96.76280891028,103.02144922339,90.51171286331001
All Population,Incidence,Australia,Both,Age-standardized,Cardiomyopathy and myocarditis,Percent,2002,2.36221931981e-05,2.99426993401e-05,1.83605726714e-05
All Population,Incidence,Australia,Both,Age-standardized,Cardiomyopathy and myocarditis,Rate,2002,11.785291305820001,15.07955888583,9.15018753698
All Population,Incidence,Australia,Both,Age-standardized,Atrial fibrillation and flutter,Percent,2002,0.0001566517141548,0.000180494745762,0.0001359803070115
All Population,Incidence,Australia,Both,Age-standardized,Atrial fibrillation and flutter,Rate,2002,78.15870972423,88.47462089874,68.30934134986
All Population,Incidence,Australia,Both,Age-standardized,Lower extremity peripheral arterial disease,Percent,2002,0.0001808548475808,0.0002321037083635,0.000133578002519
All Population,Incidence,Australia,Both,Age-standardized,Lower extremity peripheral arterial disease,Rate,2002,90.21190820292999,113.85367693156,67.78953385953
All Population,Incidence,Australia,Both,Age-standardized,Endocarditis,Percent,2002,3.0295706208e-05,3.46759359432e-05,2.60223516107e-05
All Population,Incidence,Australia,Both,Age-standardized,Endocarditis,Rate,2002,15.11170023826,17.11997452517,13.19438824718
All Population,Incidence,Australia,Both,Age-standardized,Non-rheumatic valvular heart disease,Percent,2002,7.58091756543e-05,8.66656980285e-05,6.65166886544e-05
All Population,Incidence,Australia,Both,Age-standardized,Non-rheumatic valvular heart disease,Rate,2002,37.81609638639,42.5207427831,33.71472092764
All Population,Incidence,Australia,Both,Age-standardized,Pulmonary Arterial Hypertension,Percent,2004,6.702991011e-07,8.196940506e-07,5.353925563e-07
All Population,Incidence,Australia,Both,Age-standardized,Pulmonary Arterial Hypertension,Rate,2004,0.34610419715,0.42410395913000004,0.27594789209
All Population,Incidence,Australia,Both,Age-standardized,Cardiovascular diseases,Percent,2004,0.00098458696577,0.0010678928949844,0.0009097409851897
All Population,Incidence,Australia,Both,Age-standardized,Cardiovascular diseases,Rate,2004,508.30887238741,541.83329760185,479.99476791481004
All Population,Incidence,Australia,Both,Age-standardized,Rheumatic heart disease,Percent,2004,7.7967724242e-06,8.8237812542e-06,6.9924579402e-06
All Population,Incidence,Australia,Both,Age-standardized,Rheumatic heart disease,Rate,2004,4.02459740657,4.433723577309999,3.62707983474
All Population,Incidence,Australia,Both,Age-standardized,Ischemic heart disease,Percent,2004,0.0003456380020098,0.0003814445535812,0.000307500600394
All Population,Incidence,Australia,Both,Age-standardized,Ischemic heart disease,Rate,2004,178.44810589825,197.00985806005,162.09079142463
All Population,Incidence,Australia,Both,Age-standardized,Stroke,Percent,2004,0.0001780543073555,0.0001936573182765,0.0001612129004364
All Population,Incidence,Australia,Both,Age-standardized,Stroke,Rate,2004,91.91336341038999,97.70398986022,85.82122300678999
All Population,Incidence,Australia,Both,Age-standardized,Cardiomyopathy and myocarditis,Percent,2004,2.28245777598e-05,2.90550423424e-05,1.76067699107e-05
All Population,Incidence,Australia,Both,Age-standardized,Cardiomyopathy and myocarditis,Rate,2004,11.78445236077,15.076502215400001,9.14976756189
All Population,Incidence,Australia,Both,Age-standardized,Atrial fibrillation and flutter,Percent,2004,0.0001496951433404,0.0001717089164909,0.0001286250524539
All Population,Incidence,Australia,Both,Age-standardized,Atrial fibrillation and flutter,Rate,2004,77.29920462522,88.09892562027,67.58226580921999
All Population,Incidence,Australia,Both,Age-standardized,Lower extremity peripheral arterial disease,Percent,2004,0.0001741634793433,0.0002265828934668,0.000129689149595
All Population,Incidence,Australia,Both,Age-standardized,Lower extremity peripheral arterial disease,Rate,2004,89.90354733065,114.81536046226,67.89822592948
All Population,Incidence,Australia,Both,Age-standardized,Endocarditis,Percent,2004,3.07343258871e-05,3.50826244844e-05,2.64710453334e-05
All Population,Incidence,Australia,Both,Age-standardized,Endocarditis,Rate,2004,15.864818592399999,17.96043950226,13.98137661554
All Population,Incidence,Australia,Both,Age-standardized,Non-rheumatic valvular heart disease,Percent,2004,7.50100585488e-05,8.60633772248e-05,6.51024931529e-05
All Population,Incidence,Australia,Both,Age-standardized,Non-rheumatic valvular heart disease,Rate,2004,38.724678566,43.78732347269,34.29296987571
All Population,Incidence,Australia,Both,Age-standardized,Pulmonary Arterial Hypertension,Percent,2002,6.930305765e-07,8.495241942e-07,5.52004048e-07
All Population,Incidence,Australia,Both,Age-standardized,Pulmonary Arterial Hypertension,Rate,2002,0.34573867043,0.42290051476999996,0.27616309023
All Population,Incidence,Australia,Both,Age-standardized,Cardiovascular diseases,Percent,2003,0.0010162979533065,0.0011029235401068,0.0009373899038198
All Population,Incidence,Australia,Both,Age-standardized,Cardiovascular diseases,Rate,2003,516.64899289506,549.7169564196801,488.19699490816
All Population,Incidence,Australia,Both,Age-standardized,Rheumatic heart disease,Percent,2003,7.9218310537e-06,8.8857393763e-06,7.1358854078e-06
All Population,Incidence,Australia,Both,Age-standardized,Rheumatic heart disease,Rate,2003,4.02664723461,4.42401163182,3.6323743436700004
All Population,Incidence,Australia,Both,Age-standardized,Ischemic heart disease,Percent,2003,0.0003631832982911,0.0003997334234184,0.00032290413475
All Population,Incidence,Australia,Both,Age-standardized,Ischemic heart disease,Rate,2003,184.63486743228,201.60455533975,167.6042241205
All Population,Incidence,Australia,Both,Age-standardized,Stroke,Percent,2003,0.0001855332511529,0.000202457888952,0.0001685023999325
All Population,Incidence,Australia,Both,Age-standardized,Stroke,Rate,2003,94.30834030331,99.87741909335,88.18284569591
All Population,Incidence,Australia,Both,Age-standardized,Cardiomyopathy and myocarditis,Percent,2003,2.31783131807e-05,2.94440585308e-05,1.79561081952e-05
All Population,Incidence,Australia,Both,Age-standardized,Cardiomyopathy and myocarditis,Rate,2003,11.78414209703,15.07695617177,9.14914429159
All Population,Incidence,Australia,Both,Age-standardized,Atrial fibrillation and flutter,Percent,2003,0.0001527880604267,0.000175605895544,0.0001323157979989
All Population,Incidence,Australia,Both,Age-standardized,Atrial fibrillation and flutter,Rate,2003,77.68706486801,88.04671758994,68.16147117216
All Population,Incidence,Australia,Both,Age-standardized,Lower extremity peripheral arterial disease,Percent,2003,0.0001771975188177,0.0002283047234462,0.0001314044603925
All Population,Incidence,Australia,Both,Age-standardized,Lower extremity peripheral arterial disease,Rate,2003,90.07174094504,114.40832119116999,67.8700086012
All Population,Incidence,Australia,Both,Age-standardized,Endocarditis,Percent,2003,3.05002207941e-05,3.47435763596e-05,2.62848698872e-05
All Population,Incidence,Australia,Both,Age-standardized,Endocarditis,Rate,2003,15.50347229246,17.49613988814,13.657805498739998
All Population,Incidence,Australia,Both,Age-standardized,Non-rheumatic valvular heart disease,Percent,2003,7.53150266599e-05,8.65071426427e-05,6.59214159023e-05
All Population,Incidence,Australia,Both,Age-standardized,Non-rheumatic valvular heart disease,Rate,2003,38.28677331062,43.06171585422,34.12839862278
All Population,Incidence,Australia,Both,Age-standardized,Pulmonary Arterial Hypertension,Percent,2003,6.804329296e-07,8.323433342e-07,5.40694921e-07
All Population,Incidence,Australia,Both,Age-standardized,Pulmonary Arterial Hypertension,Rate,2003,0.34594441167,0.42342790958,0.27570954477
All Population,Incidence,Australia,Both,Age-standardized,Cardiovascular diseases,Percent,2005,0.0009633234723759,0.001045019158923,0.0008871878027498
All Population,Incidence,Australia,Both,Age-standardized,Cardiovascular diseases,Rate,2005,500.53751913135,535.27082896261,471.75598380979
All Population,Incidence,Australia,Both,Age-standardized,Rheumatic heart disease,Percent,2005,7.7323861601e-06,8.7958357657e-06,6.8706298577e-06
All Population,Incidence,Australia,Both,Age-standardized,Rheumatic heart disease,Rate,2005,4.01702466442,4.44479006025,3.6320543810299997
All Population,Incidence,Australia,Both,Age-standardized,Ischemic heart disease,Percent,2005,0.0003323303324881,0.0003695840681976,0.0002954050994942
All Population,Incidence,Australia,Both,Age-standardized,Ischemic heart disease,Rate,2005,172.68541624384,191.27574416694,156.51123275088
All Population,Incidence,Australia,Both,Age-standardized,Stroke,Percent,2005,0.0001724602758064,0.0001888384656992,0.0001557950341938
All Population,Incidence,Australia,Both,Age-standardized,Stroke,Rate,2005,89.5992581874,95.90344435621999,83.12428760085
All Population,Incidence,Australia,Both,Age-standardized,Cardiomyopathy and myocarditis,Percent,2005,2.26786184295e-05,2.89300134013e-05,1.74499084885e-05
All Population,Incidence,Australia,Both,Age-standardized,Cardiomyopathy and myocarditis,Rate,2005,11.78447494785,15.07573191158,9.14927161913
All Population,Incidence,Australia,Both,Age-standardized,Atrial fibrillation and flutter,Percent,2005,0.000148436888807,0.0001695689617597,0.0001266971914078
All Population,Incidence,Australia,Both,Age-standardized,Atrial fibrillation and flutter,Rate,2005,77.1451312843,88.33861813969,67.49484883027999
All Population,Incidence,Australia,Both,Age-standardized,Lower extremity peripheral arterial disease,Percent,2005,0.0001727256079137,0.0002270718795879,0.0001296890042602
All Population,Incidence,Australia,Both,Age-standardized,Lower extremity peripheral arterial disease,Rate,2005,89.73410551523,115.49222002089,68.01626047259
All Population,Incidence,Australia,Both,Age-standardized,Endocarditis,Percent,2005,3.11165775346e-05,3.55144620292e-05,2.66485113595e-05
All Population,Incidence,Australia,Both,Age-standardized,Endocarditis,Rate,2005,16.165239742849998,18.30768735075,14.19552310786
All Population,Incidence,Australia,Both,Age-standardized,Non-rheumatic valvular heart disease,Percent,2005,7.5176651256e-05,8.67143374012e-05,6.46943320989e-05
All Population,Incidence,Australia,Both,Age-standardized,Non-rheumatic valvular heart disease,Rate,2005,39.06068410814,44.534169533450005,34.47835818597
All Population,Incidence,Australia,Both,Age-standardized,Pulmonary Arterial Hypertension,Percent,2005,6.661339802e-07,8.181471336e-07,5.331338783e-07
All Population,Incidence,Australia,Both,Age-standardized,Pulmonary Arterial Hypertension,Rate,2005,0.34618443729000004,0.42475575888,0.27646909134
All Population,Incidence,Australia,Both,Age-standardized,Pulmonary Arterial Hypertension,Percent,2007,6.756289844e-07,8.289164022e-07,5.3994937e-07
All Population,Incidence,Australia,Both,Age-standardized,Pulmonary Arterial Hypertension,Rate,2007,0.34594150582,0.42428393231,0.27518057441
All Population,Incidence,Australia,Both,Age-standardized,Cardiovascular diseases,Percent,2007,0.0009539188916391,0.001039475168455,0.0008731736932711
All Population,Incidence,Australia,Both,Age-standardized,Cardiovascular diseases,Rate,2007,488.33196467223,522.3836737021201,458.98350525342
All Population,Incidence,Australia,Both,Age-standardized,Rheumatic heart disease,Percent,2007,7.871843425e-06,8.7936744683e-06,7.0568331487e-06
All Population,Incidence,Australia,Both,Age-standardized,Rheumatic heart disease,Rate,2007,4.02945797579,4.46046769499,3.66558899843
All Population,Incidence,Australia,Both,Age-standardized,Ischemic heart disease,Percent,2007,0.0003166200063081,0.0003517859176724,0.0002797493763181
All Population,Incidence,Australia,Both,Age-standardized,Ischemic heart disease,Rate,2007,162.08558767463,179.48796125884,145.7889636346
All Population,Incidence,Australia,Both,Age-standardized,Stroke,Percent,2007,0.0001658124313231,0.0001814009242644,0.00014922860039
All Population,Incidence,Australia,Both,Age-standardized,Stroke,Rate,2007,84.87535040387,91.05451035881,78.70494764794
All Population,Incidence,Australia,Both,Age-standardized,Cardiomyopathy and myocarditis,Percent,2007,2.30226558093e-05,2.92931189735e-05,1.77247281882e-05
All Population,Incidence,Australia,Both,Age-standardized,Cardiomyopathy and myocarditis,Rate,2007,11.787011496069999,15.07852830036,9.150232094669999
All Population,Incidence,Australia,Both,Age-standardized,Atrial fibrillation and flutter,Percent,2007,0.0001558447026081,0.0001784538266173,0.0001330900063849
All Population,Incidence,Australia,Both,Age-standardized,Atrial fibrillation and flutter,Rate,2007,79.79897770127,91.25311612305,69.3678030379
All Population,Incidence,Australia,Both,Age-standardized,Lower extremity peripheral arterial disease,Percent,2007,0.0001743863647929,0.0002291418965037,0.0001313737734388
All Population,Incidence,Australia,Both,Age-standardized,Lower extremity peripheral arterial disease,Rate,2007,89.26232480856,115.28997135686001,67.81461175531
All Population,Incidence,Australia,Both,Age-standardized,Endocarditis,Percent,2007,3.2521389778e-05,3.687058685e-05,2.80868354434e-05
All Population,Incidence,Australia,Both,Age-standardized,Endocarditis,Rate,2007,16.64701783535,18.85123876293,14.56632571102
All Population,Incidence,Australia,Both,Age-standardized,Non-rheumatic valvular heart disease,Percent,2007,7.716386861e-05,8.862868022e-05,6.74112214339e-05
All Population,Incidence,Australia,Both,Age-standardized,Non-rheumatic valvular heart disease,Rate,2007,39.50029527085,44.94660410389,34.8755123433
All Population,Incidence,Australia,Both,Age-standardized,Pulmonary Arterial Hypertension,Percent,2006,6.687577478e-07,8.202386429e-07,5.337374077e-07
All Population,Incidence,Australia,Both,Age-standardized,Pulmonary Arterial Hypertension,Rate,2006,0.34611993602,0.42481078626,0.27607155728
All Population,Incidence,Australia,Both,Age-standardized,Cardiovascular diseases,Percent,2006,0.0009544615889481,0.0010391928854534,0.0008779651514005
All Population,Incidence,Australia,Both,Age-standardized,Cardiovascular diseases,Rate,2006,493.88958103373005,528.21712484944,465.63684642042006
All Population,Incidence,Australia,Both,Age-standardized,Rheumatic heart disease,Percent,2006,7.7616161723e-06,8.7196549171e-06,6.9101558593e-06
All Population,Incidence,Australia,Both,Age-standardized,Rheumatic heart disease,Rate,2006,4.01579652034,4.4465786295,3.65124488095
All Population,Incidence,Australia,Both,Age-standardized,Ischemic heart disease,Percent,2006,0.0003233081318345,0.0003586513728995,0.0002856041915314
All Population,Incidence,Australia,Both,Age-standardized,Ischemic heart disease,Rate,2006,167.301757818,185.03999844678,151.56873241922
All Population,Incidence,Australia,Both,Age-standardized,Stroke,Percent,2006,0.0001686773334841,0.0001844661619044,0.0001522792798471
All Population,Incidence,Australia,Both,Age-standardized,Stroke,Rate,2006,87.27392734172,93.21293785566999,81.25111031931
All Population,Incidence,Australia,Both,Age-standardized,Cardiomyopathy and myocarditis,Percent,2006,2.2773648628e-05,2.9017046177e-05,1.75186875689e-05
All Population,Incidence,Australia,Both,Age-standardized,Cardiomyopathy and myocarditis,Rate,2006,11.78528361195,15.07652977091,9.14938756943
All Population,Incidence,Australia,Both,Age-standardized,Atrial fibrillation and flutter,Percent,2006,0.0001505666582148,0.0001719996319494,0.0001285662693893
All Population,Incidence,Australia,Both,Age-standardized,Atrial fibrillation and flutter,Rate,2006,77.92938881724,89.06193277688999,67.7048553882
All Population,Incidence,Australia,Both,Age-standardized,Lower extremity peripheral arterial disease,Percent,2006,0.0001730287204175,0.0002274131927292,0.0001300651793787
All Population,Incidence,Australia,Both,Age-standardized,Lower extremity peripheral arterial disease,Rate,2006,89.522857559,115.41402174865,67.95708665957001
All Population,Incidence,Australia,Both,Age-standardized,Endocarditis,Percent,2006,3.17278379589e-05,3.59618510311e-05,2.73583919166e-05
All Population,Incidence,Australia,Both,Age-standardized,Endocarditis,Rate,2006,16.41560896157,18.627046239480002,14.478966341840001
All Population,Incidence,Australia,Both,Age-standardized,Non-rheumatic valvular heart disease,Percent,2006,7.59488844901e-05,8.74349359143e-05,6.58462240063e-05
All Population,Incidence,Australia,Both,Age-standardized,Non-rheumatic valvular heart disease,Rate,2006,39.29884046786,44.906353417729996,34.82872789702
All Population,Incidence,Australia,Both,Age-standardized,Pulmonary Arterial Hypertension,Percent,2008,6.851235732e-07,8.403257675e-07,5.51318071e-07
All Population,Incidence,Australia,Both,Age-standardized,Pulmonary Arterial Hypertension,Rate,2008,0.34577017999,0.42321121151,0.27458284378
All Population,Incidence,Australia,Both,Age-standardized,Pulmonary Arterial Hypertension,Percent,2010,7.039731277e-07,8.674377735e-07,5.619039529e-07
All Population,Incidence,Australia,Both,Age-standardized,Pulmonary Arterial Hypertension,Rate,2010,0.34592615272,0.42230437437999996,0.27694564937
All Population,Incidence,Australia,Both,Age-standardized,Cardiovascular diseases,Percent,2008,0.000957861261453,0.0010469041317509,0.0008775168022026
All Population,Incidence,Australia,Both,Age-standardized,Cardiovascular diseases,Rate,2008,483.31022612427995,517.24641166404,452.69456613473
All Population,Incidence,Australia,Both,Age-standardized,Rheumatic heart disease,Percent,2008,8.0224198886e-06,8.902842509e-06,7.2051650248e-06
All Population,Incidence,Australia,Both,Age-standardized,Rheumatic heart disease,Rate,2008,4.04770908206,4.4932502656199995,3.67566033907
All Population,Incidence,Australia,Both,Age-standardized,Ischemic heart disease,Percent,2008,0.0003111773351169,0.0003485205611016,0.0002745234922367
All Population,Incidence,Australia,Both,Age-standardized,Ischemic heart disease,Rate,2008,157.00832542612002,173.89032178720998,140.81641075866
All Population,Incidence,Australia,Both,Age-standardized,Stroke,Percent,2008,0.0001635082029373,0.0001799671088298,0.0001467980056623
All Population,Incidence,Australia,Both,Age-standardized,Stroke,Rate,2008,82.49495653484,88.74854235282,76.31550287289
All Population,Incidence,Australia,Both,Age-standardized,Cardiomyopathy and myocarditis,Percent,2008,2.33628307536e-05,2.96847317526e-05,1.80134266134e-05
All Population,Incidence,Australia,Both,Age-standardized,Cardiomyopathy and myocarditis,Rate,2008,11.78974395721,15.08167058486,9.15210982485
All Population,Incidence,Australia,Both,Age-standardized,Atrial fibrillation and flutter,Percent,2008,0.0001626192292731,0.0001885655222252,0.000138626238569
All Population,Incidence,Australia,Both,Age-standardized,Atrial fibrillation and flutter,Rate,2008,82.07253873682001,94.60965158278,71.07697345756999
All Population,Incidence,Australia,Both,Age-standardized,Lower extremity peripheral arterial disease,Percent,2008,0.0001763668068243,0.0002314248812299,0.0001327317579865
All Population,Incidence,Australia,Both,Age-standardized,Lower extremity peripheral arterial disease,Rate,2008,88.98149193272,114.85620866753001,67.69377575908
All Population,Incidence,Australia,Both,Age-standardized,Endocarditis,Percent,2008,3.34347841037e-05,3.79010172677e-05,2.90135832021e-05
All Population,Incidence,Australia,Both,Age-standardized,Endocarditis,Rate,2008,16.86954104566,19.04274954576,14.7349491628
All Population,Incidence,Australia,Both,Age-standardized,Non-rheumatic valvular heart disease,Percent,2008,7.86845289821e-05,9.01168020423e-05,6.88714491349e-05
All Population,Incidence,Australia,Both,Age-standardized,Non-rheumatic valvular heart disease,Rate,2008,39.70014922884,45.445830818569995,35.109791681189996
All Population,Incidence,Australia,Both,Age-standardized,Pulmonary Arterial Hypertension,Percent,2009,6.947655314e-07,8.550534585e-07,5.571717899e-07
All Population,Incidence,Australia,Both,Age-standardized,Pulmonary Arterial Hypertension,Rate,2009,0.34572528273,0.42233321585,0.27584915749
All Population,Incidence,Australia,Both,Age-standardized,Cardiovascular diseases,Percent,2010,0.0009613832233809,0.0010560444185955,0.000880391005427
All Population,Incidence,Australia,Both,Age-standardized,Cardiovascular diseases,Rate,2010,472.29833610239996,505.90787747862004,441.46926627914
All Population,Incidence,Australia,Both,Age-standardized,Rheumatic heart disease,Percent,2010,8.2514721766e-06,9.2060846344e-06,7.4106622796e-06
All Population,Incidence,Australia,Both,Age-standardized,Rheumatic heart disease,Rate,2010,4.05368867388,4.54405413757,3.6958406720299997
All Population,Incidence,Australia,Both,Age-standardized,Ischemic heart disease,Percent,2010,0.0002987535659883,0.0003405396588295,0.0002629339297859
All Population,Incidence,Australia,Both,Age-standardized,Ischemic heart disease,Rate,2010,146.757769907,162.11255417683,130.21752053174
All Population,Incidence,Australia,Both,Age-standardized,Stroke,Percent,2010,0.0001590582513035,0.000176780657922,0.0001403860582166
All Population,Incidence,Australia,Both,Age-standardized,Stroke,Rate,2010,78.13528382438,85.14046622921,71.71150262734
All Population,Incidence,Australia,Both,Age-standardized,Cardiomyopathy and myocarditis,Percent,2010,2.40034098205e-05,3.04457862993e-05,1.85750809347e-05
All Population,Incidence,Australia,Both,Age-standardized,Cardiomyopathy and myocarditis,Rate,2010,11.79442591037,15.08674510885,9.1553069171
All Population,Incidence,Australia,Both,Age-standardized,Atrial fibrillation and flutter,Percent,2010,0.0001732278800233,0.0002035090991586,0.0001472130258052
All Population,Incidence,Australia,Both,Age-standardized,Atrial fibrillation and flutter,Rate,2010,85.12175842831999,99.64309661771001,73.19763335783
All Population,Incidence,Australia,Both,Age-standardized,Lower extremity peripheral arterial disease,Percent,2010,0.0001802687259197,0.0002352299418511,0.0001336155557206
All Population,Incidence,Australia,Both,Age-standardized,Lower extremity peripheral arterial disease,Rate,2010,88.55567021673001,115.04032846982001,66.57835466178001
All Population,Incidence,Australia,Both,Age-standardized,Endocarditis,Percent,2010,3.52386814374e-05,4.06506315643e-05,3.08188037383e-05
All Population,Incidence,Australia,Both,Age-standardized,Endocarditis,Rate,2010,17.312251996489998,19.5828477165,15.129239156519999
All Population,Incidence,Australia,Both,Age-standardized,Non-rheumatic valvular heart disease,Percent,2010,8.18772635838e-05,9.35955498544e-05,7.1416682992e-05
All Population,Incidence,Australia,Both,Age-standardized,Non-rheumatic valvular heart disease,Rate,2010,40.22156099249,46.24482874054,35.282513654949994
All Population,Incidence,Australia,Both,Age-standardized,Pulmonary Arterial Hypertension,Percent,2012,7.295089878e-07,8.979456155e-07,5.840690703e-07
All Population,Incidence,Australia,Both,Age-standardized,Pulmonary Arterial Hypertension,Rate,2012,0.34846271727,0.42622180282,0.27755098006999995
All Population,Incidence,Australia,Both,Age-standardized,Cardiovascular diseases,Percent,2012,0.0009582703265005,0.0010510653932051,0.000874125421413
All Population,Incidence,Australia,Both,Age-standardized,Cardiovascular diseases,Rate,2012,457.64670208371,495.05047559253,427.21898212203
All Population,Incidence,Australia,Both,Age-standardized,Rheumatic heart disease,Percent,2012,8.3832076568e-06,9.3760359393e-06,7.5356508628e-06
All Population,Incidence,Australia,Both,Age-standardized,Rheumatic heart disease,Rate,2012,4.00368625787,4.46159438648,3.6269928192700003
All Population,Incidence,Australia,Both,Age-standardized,Ischemic heart disease,Percent,2012,0.0002826486508377,0.0003185584796172,0.000249227154325
All Population,Incidence,Australia,Both,Age-standardized,Ischemic heart disease,Rate,2012,134.97755330356,149.38567964132,119.64660280462002
All Population,Incidence,Australia,Both,Age-standardized,Stroke,Percent,2012,0.0001539698117003,0.0001721223764126,0.0001367645417776
All Population,Incidence,Australia,Both,Age-standardized,Stroke,Rate,2012,73.52681703102,79.75805405011,67.30464737832
All Population,Incidence,Australia,Both,Age-standardized,Cardiomyopathy and myocarditis,Percent,2012,2.46964254918e-05,3.1397227236e-05,1.9313564597e-05
All Population,Incidence,Australia,Both,Age-standardized,Cardiomyopathy and myocarditis,Rate,2012,11.79670412632,15.08841185964,9.15678688113
All Population,Incidence,Australia,Both,Age-standardized,Atrial fibrillation and flutter,Percent,2012,0.0001786766622661,0.0002110497938798,0.0001504063790169
All Population,Incidence,Australia,Both,Age-standardized,Atrial fibrillation and flutter,Rate,2012,85.34723061594,100.6508797267,73.03219475904
All Population,Incidence,Australia,Both,Age-standardized,Lower extremity peripheral arterial disease,Percent,2012,0.0001850020851676,0.0002422970540217,0.0001379396092657
All Population,Incidence,Australia,Both,Age-standardized,Lower extremity peripheral arterial disease,Rate,2012,88.34974189581,113.35549069064,66.76907464348
All Population,Incidence,Australia,Both,Age-standardized,Endocarditis,Percent,2012,3.73796444834e-05,4.29879758007e-05,3.26291079664e-05
All Population,Incidence,Australia,Both,Age-standardized,Endocarditis,Rate,2012,17.85104407845,20.213270432930003,15.70584093344
All Population,Incidence,Australia,Both,Age-standardized,Non-rheumatic valvular heart disease,Percent,2012,8.67843299088e-05,9.88482551402e-05,7.59350718343e-05
All Population,Incidence,Australia,Both,Age-standardized,Non-rheumatic valvular heart disease,Rate,2012,41.44546205744,46.71892365363,36.72989696132
All Population,Incidence,Australia,Both,Age-standardized,Cardiovascular diseases,Percent,2009,0.0009611593275932,0.0010532269927156,0.0008803882648812
All Population,Incidence,Australia,Both,Age-standardized,Cardiovascular diseases,Rate,2009,478.17622804292995,511.93403557543996,447.627675408
All Population,Incidence,Australia,Both,Age-standardized,Rheumatic heart disease,Percent,2009,8.1598276836e-06,9.0217905276e-06,7.3633800686e-06
All Population,Incidence,Australia,Both,Age-standardized,Rheumatic heart disease,Rate,2009,4.05942246064,4.54100753732,3.69617759755
All Population,Incidence,Australia,Both,Age-standardized,Ischemic heart disease,Percent,2009,0.0003054193941506,0.0003442244432351,0.0002693920597981
All Population,Incidence,Australia,Both,Age-standardized,Ischemic heart disease,Rate,2009,151.93894186545,167.70818258152,135.35579703109
All Population,Incidence,Australia,Both,Age-standardized,Stroke,Percent,2009,0.0001612573000089,0.0001786715006498,0.0001432770582824
All Population,Incidence,Australia,Both,Age-standardized,Stroke,Rate,2009,80.21946635073999,86.94190991345,73.93769706416
All Population,Incidence,Australia,Both,Age-standardized,Cardiomyopathy and myocarditis,Percent,2009,2.36997927609e-05,3.00789128393e-05,1.83059936553e-05
All Population,Incidence,Australia,Both,Age-standardized,Cardiomyopathy and myocarditis,Rate,2009,11.79250642802,15.084819451889999,9.15416781255
All Population,Incidence,Australia,Both,Age-standardized,Atrial fibrillation and flutter,Percent,2009,0.0001689473927757,0.0001982093294338,0.0001441291701087
All Population,Incidence,Australia,Both,Age-standardized,Atrial fibrillation and flutter,Rate,2009,84.07122641849,97.97515613455,72.2037677819
All Population,Incidence,Australia,Both,Age-standardized,Lower extremity peripheral arterial disease,Percent,2009,0.0001783669314371,0.0002332298885886,0.0001332443668557
All Population,Incidence,Australia,Both,Age-standardized,Lower extremity peripheral arterial disease,Rate,2009,88.73074049633,114.81806223095,66.95955726314
All Population,Incidence,Australia,Both,Age-standardized,Endocarditis,Percent,2009,3.43504249805e-05,3.91557152248e-05,2.98790149709e-05
All Population,Incidence,Australia,Both,Age-standardized,Endocarditis,Rate,2009,17.089239568569997,19.27885508328,14.97403790715
All Population,Incidence,Australia,Both,Age-standardized,Non-rheumatic valvular heart disease,Percent,2009,8.02634982643e-05,9.16497768259e-05,7.02518498613e-05
All Population,Incidence,Australia,Both,Age-standardized,Non-rheumatic valvular heart disease,Rate,2009,39.92895917192,45.80212082907,35.433474552810004
All Population,Incidence,Australia,Both,Age-standardized,Pulmonary Arterial Hypertension,Percent,2011,7.147018505e-07,8.810740806e-07,5.716890215e-07
All Population,Incidence,Australia,Both,Age-standardized,Pulmonary Arterial Hypertension,Rate,2011,0.3468087166,0.42370577199,0.27648245568
All Population,Incidence,Australia,Both,Age-standardized,Cardiovascular diseases,Percent,2013,0.0009579791250995,0.0010462024007885,0.0008709319976325
All Population,Incidence,Australia,Both,Age-standardized,Cardiovascular diseases,Rate,2013,450.01706268794004,488.02541806571,421.40999502273
All Population,Incidence,Australia,Both,Age-standardized,Rheumatic heart disease,Percent,2013,8.4638390682e-06,9.4360574831e-06,7.5905619927e-06
All Population,Incidence,Australia,Both,Age-standardized,Rheumatic heart disease,Rate,2013,3.9760462808600003,4.43686908522,3.5956160636499996
All Population,Incidence,Australia,Both,Age-standardized,Ischemic heart disease,Percent,2013,0.0002743255218258,0.0003093393528285,0.0002408524945235
All Population,Incidence,Australia,Both,Age-standardized,Ischemic heart disease,Rate,2013,128.86011225114,142.81249841581,114.27887557464999
All Population,Incidence,Australia,Both,Age-standardized,Stroke,Percent,2013,0.0001515556144394,0.0001694231259611,0.0001342710499799
All Population,Incidence,Australia,Both,Age-standardized,Stroke,Rate,2013,71.18849712981,77.24646258583,64.80152509772
All Population,Incidence,Australia,Both,Age-standardized,Cardiomyopathy and myocarditis,Percent,2013,2.51080736272e-05,3.20451778155e-05,1.96369589116e-05
All Population,Incidence,Australia,Both,Age-standardized,Cardiomyopathy and myocarditis,Rate,2013,11.796929664030001,15.08815438249,9.156746928939999
All Population,Incidence,Australia,Both,Age-standardized,Atrial fibrillation and flutter,Percent,2013,0.0001813621062989,0.0002148407823947,0.0001515704480734
All Population,Incidence,Australia,Both,Age-standardized,Atrial fibrillation and flutter,Rate,2013,85.20846341755,101.49993866633001,72.44104950108999
All Population,Incidence,Australia,Both,Age-standardized,Lower extremity peripheral arterial disease,Percent,2013,0.0001879371007616,0.0002448330693068,0.0001400861174657
All Population,Incidence,Australia,Both,Age-standardized,Lower extremity peripheral arterial disease,Rate,2013,88.28270473330001,112.54282641065001,66.88932272579001
All Population,Incidence,Australia,Both,Age-standardized,Endocarditis,Percent,2013,3.86152927729e-05,4.45634137285e-05,3.36952985854e-05
All Population,Incidence,Australia,Both,Age-standardized,Endocarditis,Rate,2013,18.13865316462,20.5047462396,16.0207213882
All Population,Incidence,Australia,Both,Age-standardized,Non-rheumatic valvular heart disease,Percent,2013,8.98655766545e-05,0.0001026258864191,7.81684270925e-05
All Population,Incidence,Australia,Both,Age-standardized,Non-rheumatic valvular heart disease,Rate,2013,42.215163047960004,48.044681226390004,37.328584265740005
All Population,Incidence,Australia,Both,Age-standardized,Cardiovascular diseases,Percent,2011,0.0009591238421978,0.0010525016872409,0.0008769011685358
All Population,Incidence,Australia,Both,Age-standardized,Cardiovascular diseases,Rate,2011,465.31059761537,500.79093066549,434.11965639567
All Population,Incidence,Australia,Both,Age-standardized,Rheumatic heart disease,Percent,2011,8.3097409813e-06,9.2500355317e-06,7.4867275845e-06
All Population,Incidence,Australia,Both,Age-standardized,Rheumatic heart disease,Rate,2011,4.03142956677,4.50721208069,3.65779725777
All Population,Incidence,Australia,Both,Age-standardized,Ischemic heart disease,Percent,2011,0.0002908892681677,0.0003291019418303,0.0002559894983462
All Population,Incidence,Australia,Both,Age-standardized,Ischemic heart disease,Rate,2011,141.11223651345,155.70770260457,124.95637839369999
All Population,Incidence,Australia,Both,Age-standardized,Stroke,Percent,2011,0.0001565665087381,0.0001737205203481,0.0001387742009598
All Population,Incidence,Australia,Both,Age-standardized,Stroke,Rate,2011,75.95161375164,82.40898147344001,69.62835995991
All Population,Incidence,Australia,Both,Age-standardized,Cardiomyopathy and myocarditis,Percent,2011,2.43098847179e-05,3.08623584339e-05,1.89102619247e-05
All Population,Incidence,Australia,Both,Age-standardized,Cardiomyopathy and myocarditis,Rate,2011,11.7960043,15.088081735200001,9.156348750460001
All Population,Incidence,Australia,Both,Age-standardized,Atrial fibrillation and flutter,Percent,2011,0.000175875239675,0.0002068949686233,0.0001489003113885
All Population,Incidence,Australia,Both,Age-standardized,Atrial fibrillation and flutter,Rate,2011,85.34251113329,100.26543934269,72.99649167873
All Population,Incidence,Australia,Both,Age-standardized,Lower extremity peripheral arterial disease,Percent,2011,0.0001823013641521,0.0002385855367804,0.0001358938153789
All Population,Incidence,Australia,Both,Age-standardized,Lower extremity peripheral arterial disease,Rate,2011,88.43822058264,114.25015418180999,66.65874830883
All Population,Incidence,Australia,Both,Age-standardized,Endocarditis,Percent,2011,3.62086829884e-05,4.17495792137e-05,3.16255734522e-05
All Population,Incidence,Australia,Both,Age-standardized,Endocarditis,Rate,2011,17.56634052293,19.84086584873,15.50855630829
All Population,Incidence,Australia,Both,Age-standardized,Non-rheumatic valvular heart disease,Percent,2011,8.39484509266e-05,9.53341693056e-05,7.34355989883e-05
All Population,Incidence,Australia,Both,Age-standardized,Non-rheumatic valvular heart disease,Rate,2011,40.72543252802,46.25567075432,35.849928856700004
All Population,Incidence,Australia,Both,Age-standardized,Pulmonary Arterial Hypertension,Percent,2013,7.459996509e-07,9.183046965e-07,5.999797897e-07
All Population,Incidence,Australia,Both,Age-standardized,Pulmonary Arterial Hypertension,Rate,2013,0.35049299865,0.42918160511,0.28041742892
All Population,Incidence,Australia,Both,Age-standardized,Cardiovascular diseases,Percent,2015,0.0009506130677733,0.0010467225726013,0.0008614269955701
All Population,Incidence,Australia,Both,Age-standardized,Cardiovascular diseases,Rate,2015,437.53991093646,475.84583883803003,408.48460858322005
All Population,Incidence,Australia,Both,Age-standardized,Rheumatic heart disease,Percent,2015,8.5609223024e-06,9.569103223e-06,7.5954385583e-06
All Population,Incidence,Australia,Both,Age-standardized,Rheumatic heart disease,Rate,2015,3.94047653686,4.39614115606,3.52862878091
All Population,Incidence,Australia,Both,Age-standardized,Ischemic heart disease,Percent,2015,0.0002573376296988,0.0002938053406103,0.0002255452933242
All Population,Incidence,Australia,Both,Age-standardized,Ischemic heart disease,Rate,2015,118.44544905649,132.43340305665998,105.71553193518999
All Population,Incidence,Australia,Both,Age-standardized,Stroke,Percent,2015,0.0001479137853314,0.0001654414699024,0.0001305745511171
All Population,Incidence,Australia,Both,Age-standardized,Stroke,Rate,2015,68.07376041141,75.05434564264,60.84934516312
All Population,Incidence,Australia,Both,Age-standardized,Cardiomyopathy and myocarditis,Percent,2015,2.56260923106e-05,3.28758821515e-05,2.00282279555e-05
All Population,Incidence,Australia,Both,Age-standardized,Cardiomyopathy and myocarditis,Rate,2015,11.7968359984,15.08642139481,9.15664089265
All Population,Incidence,Australia,Both,Age-standardized,Atrial fibrillation and flutter,Percent,2015,0.0001842771400879,0.0002231416084687,0.0001505829454955
All Population,Incidence,Australia,Both,Age-standardized,Atrial fibrillation and flutter,Rate,2015,84.82225790353,102.30101872179999,70.57844701565
All Population,Incidence,Australia,Both,Age-standardized,Lower extremity peripheral arterial disease,Percent,2015,0.0001918000921469,0.0002483115722497,0.000141422984483
All Population,Incidence,Australia,Both,Age-standardized,Lower extremity peripheral arterial disease,Rate,2015,88.27942733217999,112.39891276955998,66.74140587675001
All Population,Incidence,Australia,Both,Age-standardized,Endocarditis,Percent,2015,4.0410488438e-05,4.71266236699e-05,3.43776020101e-05
All Population,Incidence,Australia,Both,Age-standardized,Endocarditis,Rate,2015,18.59774634475,21.10442037168,16.22155214884
All Population,Incidence,Australia,Both,Age-standardized,Non-rheumatic valvular heart disease,Percent,2015,9.39176453833e-05,0.0001085444423658,8.05281681028e-05
All Population,Incidence,Australia,Both,Age-standardized,Non-rheumatic valvular heart disease,Rate,2015,43.22985580303,49.943861301110005,37.86263917678
All Population,Incidence,Australia,Both,Age-standardized,Pulmonary Arterial Hypertension,Percent,2015,7.692720737e-07,9.537450974e-07,6.16427267e-07
All Population,Incidence,Australia,Both,Age-standardized,Pulmonary Arterial Hypertension,Rate,2015,0.35410154977,0.4346187212,0.28377094794
All Population,Incidence,Australia,Both,Age-standardized,Cardiovascular diseases,Percent,2014,0.000954513653728,0.0010458357238724,0.0008647899492793
All Population,Incidence,Australia,Both,Age-standardized,Cardiovascular diseases,Rate,2014,443.06588888041,481.58071154567995,415.04903239630005
All Population,Incidence,Australia,Both,Age-standardized,Rheumatic heart disease,Percent,2014,8.5160548202e-06,9.4657369851e-06,7.5894583602e-06
All Population,Incidence,Australia,Both,Age-standardized,Rheumatic heart disease,Rate,2014,3.95310000569,4.40700750937,3.56008840791
All Population,Incidence,Australia,Both,Age-standardized,Ischemic heart disease,Percent,2014,0.000265350001741,0.0003006994495933,0.0002334532040921
All Population,Incidence,Australia,Both,Age-standardized,Ischemic heart disease,Rate,2014,123.16707231245,137.08052688972998,109.61238886237001
All Population,Incidence,Australia,Both,Age-standardized,Stroke,Percent,2014,0.0001492255903499,0.0001669807450969,0.0001316614409839
All Population,Incidence,Australia,Both,Age-standardized,Stroke,Rate,2014,69.26133034973,75.61075974115,62.47512003072
All Population,Incidence,Australia,Both,Age-standardized,Cardiomyopathy and myocarditis,Percent,2014,2.54092919999e-05,3.25191128108e-05,1.98658088384e-05
All Population,Incidence,Australia,Both,Age-standardized,Cardiomyopathy and myocarditis,Rate,2014,11.79658246825,15.08694293837,9.15637292834
All Population,Incidence,Australia,Both,Age-standardized,Atrial fibrillation and flutter,Percent,2014,0.0001831219426105,0.0002184811727482,0.0001518213588674
All Population,Incidence,Australia,Both,Age-standardized,Atrial fibrillation and flutter,Rate,2014,85.01023672624,101.99719329428,71.48262267898001
All Population,Incidence,Australia,Both,Age-standardized,Lower extremity peripheral arterial disease,Percent,2014,0.0001901516186288,0.000248022851106,0.0001407864611812
All Population,Incidence,Australia,Both,Age-standardized,Lower extremity peripheral arterial disease,Rate,2014,88.26317585395,112.02098971816,67.0587170614
All Population,Incidence,Australia,Both,Age-standardized,Endocarditis,Percent,2014,3.96345587755e-05,4.59886935326e-05,3.42455427181e-05
All Population,Incidence,Australia,Both,Age-standardized,Endocarditis,Rate,2014,18.395916791279998,20.82759371138,16.099895885280002
All Population,Incidence,Australia,Both,Age-standardized,Non-rheumatic valvular heart disease,Percent,2014,9.23452703721e-05,0.000106379106853,7.98728754622e-05
All Population,Incidence,Australia,Both,Age-standardized,Non-rheumatic valvular heart disease,Rate,2014,42.86597041147,49.17094360424,37.70083863051
All Population,Incidence,Australia,Both,Age-standardized,Pulmonary Arterial Hypertension,Percent,2014,7.593244299e-07,9.374413159e-07,6.087331059e-07
All Population,Incidence,Australia,Both,Age-standardized,Pulmonary Arterial Hypertension,Rate,2014,0.35250396133,0.4321306276,0.28287133200000003
All Population,Incidence,Australia,Both,Age-standardized,Cardiovascular diseases,Percent,2016,0.0009456422838274,0.0010382042841113,0.0008536804648588
All Population,Incidence,Australia,Both,Age-standardized,Cardiovascular diseases,Rate,2016,432.89896354924997,471.80366416434,404.91675901495
All Population,Incidence,Australia,Both,Age-standardized,Rheumatic heart disease,Percent,2016,8.5991312152e-06,9.5838573312e-06,7.6871392543e-06
All Population,Incidence,Australia,Both,Age-standardized,Rheumatic heart disease,Rate,2016,3.93658524699,4.3967290307199995,3.5335071640000004
All Population,Incidence,Australia,Both,Age-standardized,Ischemic heart disease,Percent,2016,0.000250039053739,0.0002835101888565,0.0002194892625658
All Population,Incidence,Australia,Both,Age-standardized,Ischemic heart disease,Rate,2016,114.46596881656,127.87503940649,102.43926254562
All Population,Incidence,Australia,Both,Age-standardized,Stroke,Percent,2016,0.0001473125305701,0.0001647420345667,0.0001291359313324
All Population,Incidence,Australia,Both,Age-standardized,Stroke,Rate,2016,67.42878162849999,74.22948963767,60.50624035862
All Population,Incidence,Australia,Both,Age-standardized,Cardiomyopathy and myocarditis,Percent,2016,2.57659672659e-05,3.29293612687e-05,2.01312997723e-05
All Population,Incidence,Australia,Both,Age-standardized,Cardiomyopathy and myocarditis,Rate,2016,11.797494477799999,15.085797085000001,9.15738825031
All Population,Incidence,Australia,Both,Age-standardized,Atrial fibrillation and flutter,Percent,2016,0.0001843969427369,0.0002250031622323,0.0001507457521118
All Population,Incidence,Australia,Both,Age-standardized,Atrial fibrillation and flutter,Rate,2016,84.42293852557,102.53601251766001,70.52165576726999
All Population,Incidence,Australia,Both,Age-standardized,Lower extremity peripheral arterial disease,Percent,2016,0.0001930037903893,0.0002497839796476,0.0001429339544292
All Population,Incidence,Australia,Both,Age-standardized,Lower extremity peripheral arterial disease,Rate,2016,88.35080577584,112.37674434401,67.04233729157
All Population,Incidence,Australia,Both,Age-standardized,Endocarditis,Percent,2016,4.09903661568e-05,4.73133129898e-05,3.53874180289e-05
All Population,Incidence,Australia,Both,Age-standardized,Endocarditis,Rate,2016,18.763008741089997,21.13156492093,16.44595774286
All Population,Incidence,Australia,Both,Age-standardized,Non-rheumatic valvular heart disease,Percent,2016,9.47579679204e-05,0.0001085025865208,8.27168703932e-05
All Population,Incidence,Australia,Both,Age-standardized,Non-rheumatic valvular heart disease,Rate,2016,43.37787170251,49.2724113445,38.378149875759995
All Population,Incidence,Australia,Both,Age-standardized,Pulmonary Arterial Hypertension,Percent,2016,7.765338337e-07,9.574272873e-07,6.205409968e-07
All Population,Incidence,Australia,Both,Age-standardized,Pulmonary Arterial Hypertension,Rate,2016,0.35550863435,0.43417498112,0.28480907145
All Population,Incidence,Australia,Both,Age-standardized,Cardiovascular diseases,Percent,2018,0.0009358718428678,0.0010295262208871,0.000842639577334
All Population,Incidence,Australia,Both,Age-standardized,Cardiovascular diseases,Rate,2018,424.08496063760003,463.50712936211,396.10219942874
All Population,Incidence,Australia,Both,Age-standardized,Rheumatic heart disease,Percent,2018,8.6866878898e-06,9.7505381305e-06,7.8092911625e-06
All Population,Incidence,Australia,Both,Age-standardized,Rheumatic heart disease,Rate,2018,3.9362520832600003,4.39191099853,3.5463803779100003
All Population,Incidence,Australia,Both,Age-standardized,Ischemic heart disease,Percent,2018,0.0002366419724209,0.0002658922290584,0.0002084327857146
All Population,Incidence,Australia,Both,Age-standardized,Ischemic heart disease,Rate,2018,107.23878302934999,120.79178397934,95.12952435546
All Population,Incidence,Australia,Both,Age-standardized,Stroke,Percent,2018,0.0001468385731307,0.0001646464264302,0.0001273772405312
All Population,Incidence,Australia,Both,Age-standardized,Stroke,Rate,2018,66.52836029597,72.91992110776,59.890613874079996
All Population,Incidence,Australia,Both,Age-standardized,Cardiomyopathy and myocarditis,Percent,2018,2.60316298482e-05,3.30982138374e-05,2.02297943033e-05
All Population,Incidence,Australia,Both,Age-standardized,Cardiomyopathy and myocarditis,Rate,2018,11.79904157813,15.085832820979999,9.15919826121
All Population,Incidence,Australia,Both,Age-standardized,Atrial fibrillation and flutter,Percent,2018,0.0001829303515265,0.0002287893067173,0.0001448379396343
All Population,Incidence,Australia,Both,Age-standardized,Atrial fibrillation and flutter,Rate,2018,82.91152355771999,103.05890204685001,67.25371881925
All Population,Incidence,Australia,Both,Age-standardized,Lower extremity peripheral arterial disease,Percent,2018,0.000195748205409,0.0002521849795664,0.0001459957890988
All Population,Incidence,Australia,Both,Age-standardized,Lower extremity peripheral arterial disease,Rate,2018,88.69365579566,112.74761090226,67.33387764779
All Population,Incidence,Australia,Both,Age-standardized,Endocarditis,Percent,2018,4.20538321978e-05,4.82950712174e-05,3.69479402349e-05
All Population,Incidence,Australia,Both,Age-standardized,Endocarditis,Rate,2018,19.05564162837,21.39371265086,16.82030244252
All Population,Incidence,Australia,Both,Age-standardized,Non-rheumatic valvular heart disease,Percent,2018,9.61488735005e-05,0.0001080949903364,8.37224424253e-05
All Population,Incidence,Australia,Both,Age-standardized,Non-rheumatic valvular heart disease,Rate,2018,43.56292021751,48.69930283768,38.97967774962
All Population,Incidence,Australia,Both,Age-standardized,Pulmonary Arterial Hypertension,Percent,2018,7.917169441e-07,9.700417704e-07,6.300400053e-07
All Population,Incidence,Australia,Both,Age-standardized,Pulmonary Arterial Hypertension,Rate,2018,0.3587824516,0.43625703384,0.28846474919
All Population,Incidence,Australia,Both,Age-standardized,Cardiovascular diseases,Percent,2017,0.0009407012189581,0.0010321201247795,0.0008484573248799
All Population,Incidence,Australia,Both,Age-standardized,Cardiovascular diseases,Rate,2017,428.30345165054996,467.71520560847,402.27888505427995
All Population,Incidence,Australia,Both,Age-standardized,Rheumatic heart disease,Percent,2017,8.6436118853e-06,9.6561110065e-06,7.7449607275e-06
All Population,Incidence,Australia,Both,Age-standardized,Rheumatic heart disease,Rate,2017,3.93543587855,4.40109211128,3.54523030592
All Population,Incidence,Australia,Both,Age-standardized,Ischemic heart disease,Percent,2017,0.0002431140021088,0.0002737478834708,0.0002135950903612
All Population,Incidence,Australia,Both,Age-standardized,Ischemic heart disease,Rate,2017,110.69449533483998,124.01390639668001,98.39432152564001
All Population,Incidence,Australia,Both,Age-standardized,Stroke,Percent,2017,0.0001469824479066,0.0001647983217908,0.0001279235199233
All Population,Incidence,Australia,Both,Age-standardized,Stroke,Rate,2017,66.91171167074,73.30642727902999,60.30385275572
All Population,Incidence,Australia,Both,Age-standardized,Cardiomyopathy and myocarditis,Percent,2017,2.59068017695e-05,3.30015972635e-05,2.01884195689e-05
All Population,Incidence,Australia,Both,Age-standardized,Cardiomyopathy and myocarditis,Rate,2017,11.7980475365,15.08539455862,9.15802503696
All Population,Incidence,Australia,Both,Age-standardized,Atrial fibrillation and flutter,Percent,2017,0.0001838103764902,0.0002265776766428,0.0001480952937638
All Population,Incidence,Australia,Both,Age-standardized,Atrial fibrillation and flutter,Rate,2017,83.70284469330001,102.82074689614001,68.70119649731
All Population,Incidence,Australia,Both,Age-standardized,Lower extremity peripheral arterial disease,Percent,2017,0.0001943828224414,0.0002514957167643,0.0001440074828579
All Population,Incidence,Australia,Both,Age-standardized,Lower extremity peripheral arterial disease,Rate,2017,88.49731635022,112.50266472369,67.18980463788
All Population,Incidence,Australia,Both,Age-standardized,Endocarditis,Percent,2017,4.15554807826e-05,4.77220643473e-05,3.60922659799e-05
All Population,Incidence,Australia,Both,Age-standardized,Endocarditis,Rate,2017,18.91901923868,21.21100231628,16.63949617304
All Population,Incidence,Australia,Both,Age-standardized,Non-rheumatic valvular heart disease,Percent,2017,9.55213788643e-05,0.0001073564766373,8.34582554491e-05
All Population,Incidence,Australia,Both,Age-standardized,Non-rheumatic valvular heart disease,Rate,2017,43.48746678104,48.60042396429,38.75339253097
All Population,Incidence,Australia,Both,Age-standardized,Pulmonary Arterial Hypertension,Percent,2017,7.842967093e-07,9.628510038e-07,6.273235415e-07
All Population,Incidence,Australia,Both,Age-standardized,Pulmonary Arterial Hypertension,Rate,2017,0.35711416666,0.43448165211,0.28662427443
All Population,Incidence,Australia,Both,Age-standardized,Cardiovascular diseases,Percent,2019,0.0009299508035208,0.001024662777364,0.0008352450289329
All Population,Incidence,Australia,Both,Age-standardized,Cardiovascular diseases,Rate,2019,420.54500377064,460.93877508402005,391.76864906218003
All Population,Incidence,Australia,Both,Age-standardized,Rheumatic heart disease,Percent,2019,8.7088525233e-06,9.7784328114e-06,7.7290631853e-06
All Population,Incidence,Australia,Both,Age-standardized,Rheumatic heart disease,Rate,2019,3.9382397790100003,4.40283805858,3.55005288667
All Population,Incidence,Australia,Both,Age-standardized,Ischemic heart disease,Percent,2019,0.0002303329320656,0.0002588690767445,0.0002021273943746
All Population,Incidence,Australia,Both,Age-standardized,Ischemic heart disease,Rate,2019,104.16945101548,117.50509750676,92.96211961116
All Population,Incidence,Australia,Both,Age-standardized,Stroke,Percent,2019,0.000146601077406,0.0001649587636851,0.000126834569536
All Population,Incidence,Australia,Both,Age-standardized,Stroke,Rate,2019,66.28522621096,73.22469249652,59.26339434496
All Population,Incidence,Australia,Both,Age-standardized,Cardiomyopathy and myocarditis,Percent,2019,2.60868975469e-05,3.3117433395e-05,2.0278324685e-05
All Population,Incidence,Australia,Both,Age-standardized,Cardiomyopathy and myocarditis,Rate,2019,11.80038194998,15.08698079254,9.16076953081
All Population,Incidence,Australia,Both,Age-standardized,Atrial fibrillation and flutter,Percent,2019,0.0001819454514828,0.0002298446480951,0.0001404820910931
All Population,Incidence,Australia,Both,Age-standardized,Atrial fibrillation and flutter,Rate,2019,82.30107662821001,103.65275761021,64.95932030771
All Population,Incidence,Australia,Both,Age-standardized,Lower extremity peripheral arterial disease,Percent,2019,0.0001966544909516,0.0002518403873676,0.0001474767073388
All Population,Incidence,Australia,Both,Age-standardized,Lower extremity peripheral arterial disease,Rate,2019,88.91989790118001,113.05874055644,67.86434411547
All Population,Incidence,Australia,Both,Age-standardized,Endocarditis,Percent,2019,4.23707470581e-05,4.84868695507e-05,3.73344756421e-05
All Population,Incidence,Australia,Both,Age-standardized,Endocarditis,Rate,2019,19.16077627001,21.51558004613,16.8461166296
All Population,Incidence,Australia,Both,Age-standardized,Non-rheumatic valvular heart disease,Percent,2019,9.64534914254e-05,0.0001088800487252,8.30779290812e-05
All Population,Incidence,Australia,Both,Age-standardized,Non-rheumatic valvular heart disease,Rate,2019,43.60957476624,49.39432776991,38.88252019256
All Population,Incidence,Australia,Both,Age-standardized,Cardiovascular diseases,Percent,2021,0.0008850043899072,0.0009807144691265,0.0007987907417329
All Population,Incidence,Australia,Both,Age-standardized,Cardiovascular diseases,Rate,2021,416.30053994188,458.53746420593006,388.0018417845
All Population,Incidence,Australia,Both,Age-standardized,Rheumatic heart disease,Percent,2021,8.3605421513e-06,9.3343915746e-06,7.3575648749e-06
All Population,Incidence,Australia,Both,Age-standardized,Rheumatic heart disease,Rate,2021,3.93263754714,4.37394302269,3.49573213042
All Population,Incidence,Australia,Both,Age-standardized,Ischemic heart disease,Percent,2021,0.0002105212829516,0.0002381223214197,0.0001829664513352
All Population,Incidence,Australia,Both,Age-standardized,Ischemic heart disease,Rate,2021,99.0271136886,111.68608482663,86.28557580283
All Population,Incidence,Australia,Both,Age-standardized,Stroke,Percent,2021,0.0001411605082827,0.0001578318086314,0.0001214900846989
All Population,Incidence,Australia,Both,Age-standardized,Stroke,Rate,2021,66.38785529196,73.28042538448,58.939007039
All Population,Incidence,Australia,Both,Age-standardized,Cardiomyopathy and myocarditis,Percent,2021,2.50856502015e-05,3.17115436622e-05,1.95330421314e-05
All Population,Incidence,Australia,Both,Age-standardized,Cardiomyopathy and myocarditis,Rate,2021,11.80386058106,15.09124951672,9.16451985602
All Population,Incidence,Australia,Both,Age-standardized,Atrial fibrillation and flutter,Percent,2021,0.000175015779303,0.0002255405868792,0.0001319533825496
All Population,Incidence,Australia,Both,Age-standardized,Atrial fibrillation and flutter,Rate,2021,82.34959351814,104.55995598655001,64.0133716469
All Population,Incidence,Australia,Both,Age-standardized,Lower extremity peripheral arterial disease,Percent,2021,0.0001910968668398,0.0002432682658694,0.000142199901991
All Population,Incidence,Australia,Both,Age-standardized,Lower extremity peripheral arterial disease,Rate,2021,89.88469537217,115.08164797571999,67.40615573574
All Population,Incidence,Australia,Both,Age-standardized,Endocarditis,Percent,2021,4.0688848596e-05,4.64830424291e-05,3.5696610625e-05
All Population,Incidence,Australia,Both,Age-standardized,Endocarditis,Rate,2021,19.13895633114,21.56457615056,17.104979156749998
All Population,Incidence,Australia,Both,Age-standardized,Non-rheumatic valvular heart disease,Percent,2021,9.23015839312e-05,0.0001036185344234,8.15990619167e-05
All Population,Incidence,Australia,Both,Age-standardized,Non-rheumatic valvular heart disease,Rate,2021,43.41205565539,48.54983390645,39.09511070053
All Population,Incidence,Australia,Both,Age-standardized,Pulmonary Arterial Hypertension,Percent,2019,7.96863061e-07,9.763977335e-07,6.337515463e-07
All Population,Incidence,Australia,Both,Age-standardized,Pulmonary Arterial Hypertension,Rate,2019,0.36037924954,0.43773585402000004,0.29008279312
All Population,Incidence,Australia,Both,Age-standardized,Cardiovascular diseases,Percent,2020,0.0009072744022945,0.0009971260115817,0.0008128509851436
All Population,Incidence,Australia,Both,Age-standardized,Cardiovascular diseases,Rate,2020,417.98399948544,459.68663143772005,389.90833628605003
All Population,Incidence,Australia,Both,Age-standardized,Rheumatic heart disease,Percent,2020,8.553959819e-06,9.6906472102e-06,7.5016832289e-06
All Population,Incidence,Australia,Both,Age-standardized,Rheumatic heart disease,Rate,2020,3.94063685099,4.418886204400001,3.5414136561
All Population,Incidence,Australia,Both,Age-standardized,Ischemic heart disease,Percent,2020,0.0002204280949023,0.0002494891203221,0.0001909195554272
All Population,Incidence,Australia,Both,Age-standardized,Ischemic heart disease,Rate,2020,101.56073626725001,114.84712446248001,90.36504824277999
All Population,Incidence,Australia,Both,Age-standardized,Stroke,Percent,2020,0.0001436995367077,0.000161490305172,0.0001236839295392
All Population,Incidence,Australia,Both,Age-standardized,Stroke,Rate,2020,66.18955440511,73.18831897482,59.05405130082
All Population,Incidence,Australia,Both,Age-standardized,Cardiomyopathy and myocarditis,Percent,2020,2.56110054097e-05,3.23626146821e-05,1.99223958207e-05
All Population,Incidence,Australia,Both,Age-standardized,Cardiomyopathy and myocarditis,Rate,2020,11.80207993105,15.088966405739999,9.16268255466
All Population,Incidence,Australia,Both,Age-standardized,Atrial fibrillation and flutter,Percent,2020,0.000178203164218,0.0002292902225578,0.0001342386130685
All Population,Incidence,Australia,Both,Age-standardized,Atrial fibrillation and flutter,Rate,2020,82.12077849666,105.08752668936,63.737029148999994
All Population,Incidence,Australia,Both,Age-standardized,Lower extremity peripheral arterial disease,Percent,2020,0.0001935400861636,0.0002456285452318,0.0001442668850601
All Population,Incidence,Australia,Both,Age-standardized,Lower extremity peripheral arterial disease,Rate,2020,89.15389310747,113.35162394052001,68.37437705844
All Population,Incidence,Australia,Both,Age-standardized,Endocarditis,Percent,2020,4.17238357255e-05,4.7606924544e-05,3.68067329475e-05
All Population,Incidence,Australia,Both,Age-standardized,Endocarditis,Rate,2020,19.222965656699998,21.639156449,16.96439213692
All Population,Incidence,Australia,Both,Age-standardized,Non-rheumatic valvular heart disease,Percent,2020,9.47294398067e-05,0.0001067118907556,8.10146736064e-05
All Population,Incidence,Australia,Both,Age-standardized,Non-rheumatic valvular heart disease,Rate,2020,43.6315851915,49.510963145549994,38.34231184526
All Population,Incidence,Australia,Both,Age-standardized,Pulmonary Arterial Hypertension,Percent,2021,7.733276499e-07,9.515278667e-07,6.161678449e-07
All Population,Incidence,Australia,Both,Age-standardized,Pulmonary Arterial Hypertension,Rate,2021,0.36377195625000003,0.44327436214,0.29250468019
All Population,Incidence,Australia,Both,Age-standardized,Cardiovascular diseases,Percent,2022,0.0007248231279931,0.0008177991826279,0.0006327529097945
All Population,Incidence,Australia,Both,Age-standardized,Cardiovascular diseases,Rate,2022,415.69548020621994,460.20321999157,386.71122160793
All Population,Incidence,Australia,Both,Age-standardized,Rheumatic heart disease,Percent,2022,6.8535301085e-06,7.8716818403e-06,5.8905777297e-06
All Population,Incidence,Australia,Both,Age-standardized,Rheumatic heart disease,Rate,2022,3.9305151124199997,4.4047822958,3.45575630573
All Population,Incidence,Australia,Both,Age-standardized,Ischemic heart disease,Percent,2022,0.0001703528520529,0.0001968110569019,0.0001429617665393
All Population,Incidence,Australia,Both,Age-standardized,Ischemic heart disease,Rate,2022,97.72124908894999,112.89337077082,83.47043459078
All Population,Incidence,Australia,Both,Age-standardized,Stroke,Percent,2022,0.0001161944020509,0.0001333811165026,9.90866581403e-05
All Population,Incidence,Australia,Both,Age-standardized,Stroke,Rate,2022,66.62109958385,73.99006657058999,58.81596505798
All Population,Incidence,Australia,Both,Age-standardized,Cardiomyopathy and myocarditis,Percent,2022,2.05773068002e-05,2.58863660645e-05,1.57490919036e-05
All Population,Incidence,Australia,Both,Age-standardized,Cardiomyopathy and myocarditis,Rate,2022,11.805948882940001,15.09393329378,9.16673155966
All Population,Incidence,Australia,Both,Age-standardized,Atrial fibrillation and flutter,Percent,2022,0.0001438731453372,0.00018761512919,0.0001077687894417
All Population,Incidence,Australia,Both,Age-standardized,Atrial fibrillation and flutter,Rate,2022,82.53893755751001,105.87274830468,64.60146946358
All Population,Incidence,Australia,Both,Age-standardized,Lower extremity peripheral arterial disease,Percent,2022,0.0001578297129551,0.0002075114546849,0.0001158422835616
All Population,Incidence,Australia,Both,Age-standardized,Lower extremity peripheral arterial disease,Rate,2022,90.48849562707,116.99790006061001,67.71619344138
All Population,Incidence,Australia,Both,Age-standardized,Endocarditis,Percent,2022,3.32086278765e-05,3.86718444384e-05,2.84495667113e-05
All Population,Incidence,Australia,Both,Age-standardized,Endocarditis,Rate,2022,19.04392094416,21.42941184481,16.89513093981
All Population,Incidence,Australia,Both,Age-standardized,Non-rheumatic valvular heart disease,Percent,2022,7.52969318953e-05,8.64910686485e-05,6.31549502603e-05
All Population,Incidence,Australia,Both,Age-standardized,Non-rheumatic valvular heart disease,Rate,2022,43.18016676531,48.22148657926,37.43071036639
All Population,Incidence,Australia,Both,Age-standardized,Pulmonary Arterial Hypertension,Percent,2020,7.852795419e-07,9.670373598e-07,6.246117895e-07
All Population,Incidence,Australia,Both,Age-standardized,Pulmonary Arterial Hypertension,Rate,2020,0.36176957867000004,0.43814720179000005,0.29189183937
All Population,Incidence,Australia,Both,Age-standardized,Pulmonary Arterial Hypertension,Percent,2023,6.308629885e-07,7.854996421e-07,4.843904712e-07
All Population,Incidence,Australia,Both,Age-standardized,Pulmonary Arterial Hypertension,Rate,2023,0.36513668575,0.44713985914,0.29322689396
All Population,Incidence,Australia,Both,Age-standardized,Cardiovascular diseases,Percent,2023,0.0007176599962308,0.0008021615970345,0.0006194010308212
All Population,Incidence,Australia,Both,Age-standardized,Cardiovascular diseases,Rate,2023,415.27143727181004,460.30963290845,386.89150881837
All Population,Incidence,Australia,Both,Age-standardized,Rheumatic heart disease,Percent,2023,6.5570792945e-06,7.5791346247e-06,5.6274235156e-06
All Population,Incidence,Australia,Both,Age-standardized,Rheumatic heart disease,Rate,2023,3.79399234313,4.26754580055,3.3647397466699998
All Population,Incidence,Australia,Both,Age-standardized,Ischemic heart disease,Percent,2023,0.0001702222316475,0.000198564506758,0.0001447142116588
All Population,Incidence,Australia,Both,Age-standardized,Ischemic heart disease,Rate,2023,98.50493002829,111.94638984515001,85.97726920019
All Population,Incidence,Australia,Both,Age-standardized,Stroke,Percent,2023,0.0001151134129381,0.0001317932405439,9.79046415844e-05
All Population,Incidence,Australia,Both,Age-standardized,Stroke,Rate,2023,66.59953901465,74.06685269703,59.50579394367001
All Population,Incidence,Australia,Both,Age-standardized,Cardiomyopathy and myocarditis,Percent,2023,2.03942819086e-05,2.54600141451e-05,1.57714702843e-05
All Population,Incidence,Australia,Both,Age-standardized,Cardiomyopathy and myocarditis,Rate,2023,11.80770116946,15.096636654680001,9.16838347181
All Population,Incidence,Australia,Both,Age-standardized,Atrial fibrillation and flutter,Percent,2023,0.0001424160387189,0.0001839492161853,0.0001031054536599
All Population,Incidence,Australia,Both,Age-standardized,Atrial fibrillation and flutter,Rate,2023,82.41899970789001,105.19272976018,64.12082551156
All Population,Incidence,Australia,Both,Age-standardized,Lower extremity peripheral arterial disease,Percent,2023,0.000154535124826,0.0001990591501891,0.000113215326922
All Population,Incidence,Australia,Both,Age-standardized,Lower extremity peripheral arterial disease,Rate,2023,89.40579133021001,115.90852285976001,67.71466325422
All Population,Incidence,Australia,Both,Age-standardized,Endocarditis,Percent,2023,3.31884842705e-05,3.86126631922e-05,2.82310903953e-05
All Population,Incidence,Australia,Both,Age-standardized,Endocarditis,Rate,2023,19.20681636899,21.59713165129,16.973507413540002
All Population,Incidence,Australia,Both,Age-standardized,Non-rheumatic valvular heart disease,Percent,2023,7.4602479638e-05,8.67992995077e-05,6.11552277502e-05
All Population,Incidence,Australia,Both,Age-standardized,Non-rheumatic valvular heart disease,Rate,2023,43.168530623399995,48.210592741899994,37.42410496282
All Population,Incidence,Australia,Both,Age-standardized,Pulmonary Arterial Hypertension,Percent,2022,6.366189163e-07,7.918048076e-07,4.982557194e-07
All Population,Incidence,Australia,Both,Age-standardized,Pulmonary Arterial Hypertension,Rate,2022,0.36514664398,0.44715873288999997,0.29323516362
