{"type":"Topology","arcs":[[[492804,93511],[69,-15],[28,-74],[35,-22],[10,-58],[26,-42],[89,-49],[23,-68],[53,-42],[-78,-22],[-44,-100],[-91,-93],[-80,-21],[-13,65],[17,65],[48,57],[11,121],[-16,51],[19,42],[-151,169],[-48,-22],[-49,47],[-48,-42],[-20,44],[24,38],[151,-5],[35,-24]],[[433709,81396],[-41,-7],[-69,63],[29,30],[41,-61],[40,-25]],[[430585,78082],[57,36],[34,-32],[-91,-4]],[[438453,84098],[-61,-36],[-30,10],[39,74],[68,-7],[-16,-41]],[[439445,85098],[29,-30],[-55,-18],[-57,25],[-22,45],[105,-22]],[[426606,65918],[-321,39],[-9,-61],[-72,-46],[-102,-107],[-87,-32],[-44,19],[-51,-6],[-63,36],[-81,-16],[-10,-43],[60,-4],[20,-39],[-35,-57],[1,-46],[-39,-4],[-33,-41],[16,-59]],[[425756,65451],[-10,-59],[-49,26],[-113,-36],[-71,-41],[-38,-43],[-155,-96],[9,-26],[-41,-29],[-38,-66],[4,-69],[82,-31],[-147,-103],[-37,-11],[-30,-56],[-105,-36],[-95,-64],[-75,-69],[-43,-77],[18,-33],[-30,-28],[-6,-68],[80,-60],[-49,-44],[-11,-69],[31,-14],[-19,-44],[70,-32],[-79,-36],[32,-29],[59,0],[3,-48],[-65,-15],[-50,-56],[-44,-9],[-62,-65],[-85,-72],[8,-19],[-29,-83],[-83,-28],[-119,-99],[-53,-63],[-23,-65],[-75,-91],[-77,-124],[-1,-41],[37,-43],[-35,-22],[-15,-42],[30,-39],[-19,-23],[13,-61],[37,-4],[32,-54],[-2,-61],[54,-74],[-127,-59],[-52,-66],[-24,-87],[-50,-48],[26,-37],[-24,-26],[-89,9],[-19,-40],[-40,-16],[-149,-209],[-34,-3],[-92,-62],[22,-33],[-21,-47],[56,-46],[-47,-69],[-30,28],[-45,3],[-51,-25],[-68,-66],[-24,-52],[9,-69],[43,-38],[-18,-116],[-28,-25],[-3,-73],[-51,13],[-32,-59],[-47,-19],[11,-38],[-39,-13],[8,-63],[-124,-14],[-13,32],[-46,9],[-50,42],[-54,6],[-30,36],[-70,18],[-158,-64],[11,65],[-63,12],[-73,-35],[-86,5],[-19,-31],[148,-79],[5,-80],[42,-18],[97,-106],[-37,-51],[-2,-58],[71,-28],[41,-59],[44,0],[24,-30],[17,-89],[-49,-55],[4,-76],[-53,-34],[28,-63],[-22,-87],[-60,-20],[-72,-6],[-73,22],[-99,-34],[-28,-71],[-40,-12],[5,-73],[44,-29],[50,20],[6,-45],[-134,10],[-71,-49],[-73,-85],[-47,-110],[-5,-62],[21,-67],[43,-6],[-1,-138],[26,-49],[-35,-48],[-11,-49],[40,-67],[-34,-48],[-38,-137],[13,-76],[56,-62],[-19,-85],[27,-41],[-91,-118],[-40,-82],[-23,-75],[1,-108],[-51,-44],[-19,-101],[11,-60],[28,-52],[-55,-132],[-36,-113],[-14,-98],[5,-126],[13,-28],[54,-30],[-12,-124],[-1,-176],[8,-32],[64,-87],[7,-49],[41,-84],[-27,-88],[21,-34],[-4,-107],[-68,-73],[-50,-86],[20,-21],[30,-96],[-45,-94],[-76,-42],[-160,-142],[-67,-72],[-78,-104],[-22,-57],[1,-51],[-29,-16],[-50,-73],[-31,-75],[-6,-121],[32,-56],[66,-24],[49,-34],[-56,-33],[-40,-77],[-9,-72],[22,-30],[-72,-64],[-65,-113],[-13,-113],[56,-87],[-22,-35],[8,-105],[-22,-10],[-19,-85],[15,-48],[70,-30],[19,-49],[-54,-27],[-51,-119],[23,-48],[-29,-37],[-56,-13],[-133,-202],[-8,-50],[-57,-54],[-79,-152],[-98,-147],[-35,-68],[-20,-125],[-43,-69],[-34,-17],[-32,-74],[1,-84],[35,-38],[58,-21],[-65,-70],[-3,-103],[-26,-93],[-88,-161],[-100,-40],[-56,-56],[-49,-75],[-24,-64],[-42,-184],[12,-44],[81,-45],[-69,-60],[-50,-98],[-7,-59],[11,-163],[-72,51],[-47,-16],[-73,-91],[-21,-73],[3,-71],[46,-106],[64,-46],[82,46],[72,-79],[-52,-95],[-32,-128],[-4,-80],[20,-107],[119,-124],[-35,-71],[-4,-59],[42,-78],[-5,-50],[-156,74],[-75,-58],[-38,-63],[57,-84],[-130,25],[-99,-54],[-86,-10],[-36,-33],[-5,-69],[48,-75],[61,-21],[67,35],[79,-71],[192,-18],[-5,69],[68,23],[68,-39],[33,0],[74,-62],[26,-36],[74,-12],[-20,-47],[91,-45],[56,-82],[47,18],[93,-32],[28,-144],[-47,-17],[18,-51],[40,-7],[15,-69],[71,-38],[-19,-44],[24,-137],[-22,-24],[17,-46],[42,-20],[31,-49],[10,-83],[34,-14],[15,-46],[102,-105],[-127,21],[-64,-6],[-82,24],[-237,111],[-69,-23],[-90,-51],[-101,-98],[-66,-96],[-16,-56],[64,-45],[-1,-56],[78,-42],[40,-48],[51,-161],[-106,-147],[-43,-94],[-28,-112],[43,-110],[-11,-139],[37,-142],[84,-123],[48,-33],[-22,-160],[34,-53],[-15,-93],[15,-50],[-22,-43],[18,-52]],[[420861,47696],[-1441,541],[-924,347],[-676,255],[-800,305],[-1067,406],[-1189,452],[-567,218],[-1124,434],[-930,359],[-607,234],[-938,366],[-1238,483],[-1342,525],[-1259,497],[-71,-62],[-41,45],[-86,43],[-45,-14],[-65,36],[-93,-44],[-78,6],[-63,-13],[-51,-72],[-89,70],[-30,47],[-3,79],[48,50],[17,45],[69,26],[-6,67],[93,39],[31,87],[-45,30],[65,25],[80,96],[43,-4],[88,68],[49,10],[15,63],[90,73],[-1,69],[37,60],[77,37],[-15,44],[26,48],[58,55],[55,129],[10,43],[34,24],[-9,47],[-68,54],[-58,19],[91,37],[19,48],[-110,78],[-107,33],[-4,60],[-88,-25],[-106,12],[-22,44],[-43,6],[15,47],[-55,35],[-84,-34],[-62,-11],[-17,58],[-54,64],[72,87],[4,41],[46,66],[-63,70],[-27,52],[0,52],[-75,64],[58,77],[-31,102],[18,48],[-112,59],[-70,0],[-110,39],[-7,152],[-34,14],[-18,62],[-28,27],[-127,21],[-48,57],[30,13],[-4,47],[-66,13],[-24,62],[-67,22],[54,37],[-53,34],[41,36],[-44,59],[138,255],[-30,32],[3,38],[48,10],[-25,44],[-44,-18],[-48,44],[-64,19],[23,42],[37,9],[-41,65],[18,59],[-46,42],[12,24],[-16,108],[43,26],[-35,48],[12,20],[-57,45],[33,45],[14,58],[-62,58],[50,76],[44,20],[15,50],[-44,107],[-76,52],[-29,70],[38,21],[36,74],[-50,39],[75,86],[-23,45],[-138,37],[-76,-20],[-8,57],[-50,61],[-50,30],[18,26],[-4,60],[35,68],[-8,22],[-73,39],[-50,48],[49,51],[37,119],[63,43],[-18,24],[5,58],[-40,-6],[-68,28],[-71,-16],[-27,32],[-89,-22],[-41,29],[-46,-33],[-92,29],[-59,-14],[-55,18],[4,98],[-93,15],[-10,38],[48,86],[-32,118],[-62,1],[-50,-27],[-111,1],[-95,59],[-89,22],[-95,-11],[12,61],[-78,-19],[-71,31],[-116,2],[-13,54],[-37,41],[-116,27],[-66,-26],[-39,12],[-49,-23],[-72,57],[-82,49],[-64,-20],[-65,7],[-101,69],[-88,25],[3,43],[-74,77],[-98,-50],[-75,-28],[-52,-44],[-61,15],[-147,-12],[-55,-15],[-36,-30],[-31,-89],[-144,-47],[-116,-74],[-69,7],[-21,51],[-94,16],[-59,-57],[-36,47],[-31,-7],[-108,25],[-41,-60],[5,-33],[89,48],[46,-45],[119,5],[29,-60],[-55,-30],[-61,-13],[-111,-91],[-51,-1],[-24,48],[-65,23],[-92,60],[-30,-7],[-23,63],[-32,22],[66,112],[-55,19],[-33,-26],[-40,32],[-18,42],[-51,45],[-58,20],[-20,-34],[-60,-4],[-18,48],[-118,-10],[-76,-57],[14,-48],[-64,-19],[-37,34],[-98,22],[-122,45],[-58,-9],[-32,36],[-70,-42],[-22,-38],[-9,-152],[-62,12],[-60,-31],[-77,-78],[-45,-19],[-59,-87],[13,-74],[-48,-23],[-25,-42],[3,-43],[49,-62],[-66,-75],[-97,-44],[-19,-50],[-89,-45],[-55,-7],[-35,31],[-51,91],[-115,43],[-43,-27],[-132,30],[-105,-17],[-64,23],[-26,-36],[-57,5],[-45,-40],[-87,8],[-85,-24],[-70,46],[-31,-5],[-61,47],[-177,56],[-52,-36],[-44,29],[-97,25],[-51,39],[-23,38],[3,57],[-40,106],[-25,-25],[-51,0],[22,-54],[-47,-11],[-45,-74],[-59,-30],[24,-100],[-38,-130],[-82,2],[-84,-89],[-49,27],[-54,-47],[-16,-56],[28,-65],[-85,-61],[-28,-102],[-107,-85],[-99,115],[-75,21],[23,59],[-138,17],[-77,1],[-38,-52],[-46,9],[-46,81],[-108,-23],[-66,-72],[9,-45],[-20,-48],[25,-32],[-53,-35],[-98,36],[-70,57],[-8,-41],[-90,19],[-27,51],[-42,14],[21,41],[-32,71],[-92,-38],[-78,4],[-60,106],[-102,-44],[0,-32],[-64,-2],[-26,-21],[-98,34],[-17,-29],[-66,-22],[-28,49],[40,33],[-30,25],[-54,2],[-31,56],[13,25],[-81,43],[-68,7],[-10,-59],[-58,6],[6,38],[-86,-5],[-42,15],[-90,-1],[-78,-25],[-27,23],[29,60],[-91,39],[-68,7],[14,104],[-40,32],[-43,-15],[-41,18],[-57,-21],[-48,-37],[-67,-2],[-54,-52],[-43,16],[-36,68],[26,52],[-52,11],[-37,-46],[-47,-8],[-59,19],[-47,45],[15,43],[-15,55],[-85,-12],[-66,39],[-41,57],[-72,19],[-77,61],[59,25],[-22,78],[-35,-14],[-68,30],[-39,-28],[-86,-7],[27,-47],[-55,-9],[-33,32],[-50,-6],[-49,79],[-22,-51],[-55,-75],[16,-31],[-49,-23],[-70,52],[-72,27],[6,48],[-46,42],[-55,6],[4,66],[-65,-25],[-85,45],[-1,-49],[-37,-65],[32,-38],[-58,-47],[83,-36],[-74,-18],[-46,11],[-22,39],[-75,18],[-65,-16],[-16,35],[33,27],[-107,75],[-13,30],[-58,-17],[-19,-75],[-46,4],[-24,58],[-82,22],[-37,-25],[30,-43],[-98,-63],[23,-24],[-101,-36],[-35,-56],[-1,-91],[-86,4],[-53,-39],[-17,-80],[7,-39],[62,-45],[-4,-22],[-158,-101],[-47,56],[-109,34],[-11,69],[-47,21],[-71,-1],[-31,-66],[21,-58],[-74,2],[-42,26],[-48,-1],[-32,-30],[-62,28],[12,-63],[-53,22],[-7,73],[9,81],[-52,-21],[-24,36],[65,24],[-20,34],[-94,-4],[-28,-83],[-131,103],[-54,-47],[-7,-40],[-36,-24],[-70,-2],[-112,-18],[-13,-50],[-66,61],[-45,-46],[-52,-17],[-6,55],[-95,-93],[-63,41],[-1,71],[-32,59],[-82,-33],[-51,21],[-19,-29],[-103,65],[-63,-25],[-16,72],[71,15],[-47,46],[-30,-12],[-51,-78],[-52,-29],[-81,28],[-25,45],[-71,-54],[0,-36],[-245,42],[-55,13],[-13,110],[-74,-32],[-68,15],[-53,48],[-90,-48],[-22,-41],[-83,22],[-39,-37],[-120,-38],[-150,57],[-35,-25],[-40,35],[31,37],[-45,50],[-35,12],[-9,105],[-50,63],[3,29],[76,10],[-12,26],[-76,-13],[-70,-76],[-74,2],[21,33],[-29,29],[-75,-1],[2,-27],[-114,50],[64,23],[-6,37],[-108,3],[-24,-25],[-48,9],[-43,-18],[-74,17],[-79,-39],[-44,7],[-7,-40],[-40,-34],[81,-17],[-119,-88],[-59,0],[-10,48],[-65,9],[13,-49],[-32,-20],[-56,18],[-18,-63],[-70,15],[14,31],[-119,13],[-2,70],[-129,9],[35,66],[-25,27],[-113,-39],[-8,30],[-48,24],[-78,-45],[-25,39],[-79,-9],[23,42],[-26,28],[-58,-21],[-79,28],[8,39],[72,22],[-38,53],[-67,-13],[-52,38],[-50,-38],[-31,23],[12,71],[-17,33],[-57,-21],[-24,-58],[-52,33],[-39,4],[-53,104],[-45,-1],[-21,75],[-67,29],[-21,42],[-65,-5],[-58,41],[-31,96],[-71,54],[64,6],[-19,47],[-87,-29],[-43,-35],[-43,21],[-16,-56],[-43,37],[19,55],[-74,4],[26,49],[4,55],[-80,3],[-62,83],[-86,46],[30,31],[-63,31],[-12,47],[-77,35],[-45,-65],[-45,40],[39,54],[-75,32],[-46,-27],[-42,-79],[-67,26],[-4,21],[-69,20],[-71,-2],[-2,-29],[-84,2],[-48,22],[-49,-3],[-19,-53],[-70,-69],[-79,42],[-22,-73],[-41,-33],[-45,44],[-37,-27],[-93,40],[-71,-56],[-7,-102],[-48,-16],[-136,6],[-99,-72],[-37,9],[-75,-23],[-18,-36],[-46,2],[-36,42],[-50,-16],[-66,57],[-67,32],[-53,-33],[-51,-9],[-33,-32],[-44,15],[-40,-16],[-40,51],[-60,-21],[-44,25],[-14,35],[-42,27],[-40,-56],[-69,30],[50,47],[-27,51],[-61,6],[-51,36],[-46,-25],[-48,29],[-44,-27],[-37,5],[-13,-75],[-54,8],[-23,43],[-45,-16],[-82,23],[-112,-1],[-29,-51],[-54,23],[-32,-29],[-86,34],[15,52],[-41,6],[-46,-24],[-109,7],[-3,39],[-93,5],[-97,22],[-50,-34],[-42,1],[-61,-55],[-41,62],[-102,-2],[-31,-56],[-62,-17],[-53,16],[-58,-15],[-75,-65],[-60,-30],[-43,19],[-34,-68],[-54,-13],[-69,23],[-201,-28],[-64,-20],[-25,-37],[34,-69],[-22,-28],[42,-38],[-14,-33],[-67,-62],[20,-39],[-50,-84],[-64,-35],[-31,-119],[9,-62],[41,-49],[-10,-45],[22,-71],[-90,-11],[-31,-28],[-84,-13],[-37,-40],[-21,-115],[49,-14],[51,-68],[81,-43],[-1,-59],[96,-52],[57,-68],[-1,-65],[18,-39],[113,-47],[31,-63],[7,-60],[-35,-55],[-140,-60],[-86,0],[-59,-23],[-78,50],[9,45],[-40,22],[-151,31],[-198,-4],[-109,45],[-90,-11],[4,-68],[-114,-63],[8,-39],[-67,-12],[10,-106],[-20,-30],[-46,15],[-38,-31],[-48,2],[-62,-56],[-70,20],[21,-80],[-34,-47],[-69,78],[-41,-68],[-40,-39],[-71,-18],[-35,35],[1,35],[-41,38],[-34,-29],[-53,7],[-24,-27],[-54,8],[-34,95],[-24,9],[-71,-36],[-33,-43],[-69,34],[6,98],[48,13],[-80,97],[-28,-39],[-43,-11],[-40,36],[-25,-41],[-43,17],[-61,-2],[-19,50],[32,75],[47,45],[-36,24],[0,38],[-66,-8],[-8,-54],[-203,-35],[10,53],[-15,33],[7,72],[-55,11],[-38,-29],[-31,61],[-99,-34],[19,-48],[-20,-28],[22,-35],[-53,-34],[-33,-43],[-46,49],[-16,40],[20,73],[48,75],[9,46],[-62,51],[-38,-26],[-17,-47],[-47,36],[-47,-43],[-24,37],[-45,-3],[-15,66],[40,24],[-66,47],[-169,57],[-25,82],[-52,19],[-37,-10],[-63,24],[-37,32],[-74,-12],[-36,12],[-27,40],[32,20],[8,71],[-26,24],[-165,45],[-95,86],[-1,32],[-45,39],[-71,26],[-17,24],[14,60],[-100,-29],[-114,46],[1,50],[-95,40],[-3,38],[-33,32],[-55,9],[0,35],[-60,2],[44,57],[-11,75],[-69,48],[-10,101],[39,10],[-14,47],[-125,6],[-66,52],[24,45],[-25,31],[-51,14],[-18,55],[23,70],[-69,0],[-16,36],[87,141],[11,51],[-38,33],[-50,-37],[-108,66],[-1,86],[-45,56],[-26,-28],[-73,16],[-12,25],[-85,14],[-1,49],[56,22],[-153,30],[-36,-47],[-38,42],[9,77],[-36,32],[-83,5],[-90,-70],[-55,-59],[-52,35],[5,26],[-59,52],[-1,32],[-55,44],[8,58],[-146,49],[-34,37],[-84,44],[16,70],[-28,65],[-66,-5],[-80,12],[-76,118],[-42,-23],[-104,20],[-30,-8],[-38,105],[-55,35],[35,34],[-21,24],[-101,-3],[-11,36],[-46,4],[-23,42],[-102,75],[-22,47],[9,40],[-22,96],[-55,50],[-10,36],[-151,49],[-42,-2],[-39,28],[-106,32],[14,41],[-84,49],[-54,17],[10,50],[-87,22],[-52,-19],[-93,22],[-46,-9],[-30,-70],[-99,57],[-56,20],[78,60],[-28,28],[10,38],[-39,21],[-112,-1],[-28,16],[-27,86],[-64,46],[6,40],[69,-2],[-54,58],[-52,-17],[-86,28],[-90,-16],[-139,17],[-55,44],[-39,-37],[-27,34],[-73,22],[-50,51],[-69,-12],[-53,50],[-39,-5],[-112,102],[1,50],[-63,-13],[-36,35],[-114,27],[-44,71],[-72,11],[44,53],[-74,32],[-44,-9],[-76,42],[-26,50],[-107,-12],[-55,15],[-46,-11],[-39,65],[48,38],[23,68],[-40,4],[14,56],[-55,-10],[-89,46],[-58,-38],[-56,-4],[-40,30],[-75,-18],[-71,4],[-58,41],[-26,41],[-167,73],[-71,4],[-16,-86],[-65,-19],[-30,-76],[-91,-47],[-31,28],[-57,14],[-16,26],[43,43],[-81,31],[-40,-2],[-48,51],[21,56],[-103,26],[6,25],[-49,57],[-104,66],[-19,37],[-50,2],[-70,-21],[-36,45],[14,80],[-9,71],[41,76],[78,37],[-10,32],[38,49],[5,37],[69,47],[-51,22],[50,38],[-69,13],[-48,51],[-39,0],[24,69],[-69,159],[67,6],[16,65],[40,57],[-11,39],[-123,86],[-38,-2],[-101,-35],[25,-40],[-51,-29],[-108,-26],[-53,12],[-24,42],[-116,-8],[-33,-33],[-68,-13],[-64,11],[-101,-7],[-42,35],[-10,88],[-33,-4],[-38,57],[-76,49],[-102,-10],[-70,11],[-54,-39],[-170,13],[-74,74],[55,50],[-29,44],[-58,-23],[27,117],[-27,32],[65,61],[-38,37],[2,37],[-79,62],[-20,46],[-94,45],[-36,93],[-36,40],[-30,-43],[-39,45],[12,48],[-38,33],[13,93],[-30,48],[17,44],[-21,21],[11,45],[-38,21],[-15,53],[-64,28],[-19,55],[96,7],[-12,126],[37,58],[-17,58],[-77,78],[-51,-7],[-12,58],[45,52],[-34,83],[2,153],[69,63],[100,-2],[9,68],[-23,25],[22,70],[-17,45],[-54,17],[-9,51],[-35,24],[5,39],[-47,33],[7,53],[72,-1],[52,25],[30,45],[-34,43],[82,45],[7,34],[-30,39],[23,54],[-56,19],[76,50],[-3,40],[26,32],[-17,52],[58,40],[-17,38],[-41,13],[-39,43],[35,69],[-51,40],[-75,-21],[-38,46],[-72,-26],[-53,12],[-11,53],[-48,18],[-79,-38],[-42,-40],[-68,-38],[-80,47],[18,45],[-18,47],[-82,27],[-14,-30],[-70,22],[13,61],[66,14],[70,39],[-72,61],[-106,-47],[-43,34],[-5,50],[-106,-4],[-17,-25],[13,-53],[-35,-9],[-43,48],[18,69],[-53,31],[6,75],[-65,-33],[-50,4],[-28,40],[-2,66],[-29,50],[-74,-15],[-113,-38],[-44,20],[13,78],[-4,48],[-30,22],[-47,-15],[-8,-30],[-58,-46],[-7,-37],[-73,39],[-28,65],[-191,-4],[-45,58],[-110,-55],[-112,43],[-33,51],[-1,72],[-38,-1],[-10,-66],[-60,-70],[-43,-15],[-44,18],[-55,-42],[-74,67],[-7,49],[-49,29],[-8,-62],[-69,-24],[-46,31],[0,37],[74,79],[-38,36],[-93,9],[-35,-33],[-45,49],[-111,-19],[45,-96],[-49,-90],[-68,21],[-34,115],[-38,37],[-101,35],[-12,33],[-80,24],[-19,35],[-70,-12],[14,55],[-107,-10],[-72,-27],[-22,-110],[-51,-82],[-48,-2],[-3,59],[-75,-22],[-23,12],[-30,73],[-65,-22],[-6,33],[52,27],[32,50],[-20,39],[-40,25],[-22,121],[-57,65],[-118,-31],[2,50],[-33,46],[-58,6],[-33,22],[9,36],[-48,6],[8,-66],[-36,-5],[-81,20],[-21,28],[14,44],[36,25],[13,51],[-67,-3],[-20,-59],[-28,0],[-65,52],[-15,53],[113,31],[-30,59],[51,56],[49,20],[-29,62],[-98,26],[-40,-5],[5,-47],[-57,-59],[-91,-30],[21,-25],[87,-30],[-24,-23],[-121,6],[-66,-8],[-69,20],[-22,-70],[29,-23],[89,4],[25,-64],[-70,-41],[-65,-7],[-114,26],[-59,56],[-27,-4],[-51,-58],[-90,22],[-31,-43],[37,-71],[-29,-25],[-77,1],[-4,-26],[94,-6],[-30,-97],[-26,-23],[18,-39],[-63,-83],[48,-65],[79,-3],[35,-27],[5,-99],[-68,-12],[-100,51],[-54,2],[-28,-67],[32,-90],[56,-56],[4,-42],[-35,-27],[-10,-49],[94,-42],[13,-41],[-65,-8],[-73,38],[-39,-40],[14,-25],[65,-22],[-51,-46],[-75,12],[-32,24],[-22,90],[-66,-40],[-105,-33],[-34,-23],[-44,12],[-66,46],[-44,-13],[-11,-67],[26,-62],[-4,-64],[19,-31],[50,-15],[68,21],[50,-9],[28,-39],[-16,-87],[-97,-67],[-130,-9],[-82,40],[-74,55],[-81,19],[-74,-9],[-84,33],[-32,-44],[-40,-18],[-53,54],[3,40],[-89,0],[-38,71],[-72,-46],[-131,74],[31,54],[-104,30],[14,44],[93,79],[-25,72],[71,74],[-52,26],[-62,-27],[-25,45],[85,22],[12,31],[-62,76],[-44,-9],[-17,77],[48,38],[77,6],[18,18],[-39,47],[-56,3],[-19,-46],[-86,-70],[-94,-4],[-36,12],[-22,39],[0,114],[33,68],[65,38],[-32,20],[-63,-35],[-51,43],[-65,-14],[-25,47],[79,34],[-43,67],[75,36],[-52,30],[50,44],[25,70],[-32,31],[-48,-2],[-18,29],[57,21],[54,60],[-38,84],[-104,51],[-49,-19],[24,-97],[53,-56],[-27,-35],[-42,13],[-48,59],[-70,-7],[-48,27],[6,43],[-46,32],[-95,-50],[-42,26],[35,95],[-32,43],[-47,12],[-65,-23],[-125,64],[-13,52],[-33,-5],[-20,59],[123,25],[113,0],[-38,59],[-117,-23],[-18,56],[54,37],[71,113],[-76,9],[-53,-9],[-63,-86],[-63,29],[-7,49],[19,41],[87,55],[19,29],[74,-9],[-31,81],[-72,-31],[-60,16],[-76,-9],[-1,47],[54,38],[35,95],[-33,36],[51,57],[-59,27],[40,50],[-69,7],[-29,37],[57,42],[-7,30],[-56,28],[36,43],[-34,45],[93,68],[54,18],[-16,104],[68,19],[-7,34],[-77,-18],[-21,30],[69,25],[84,-41],[65,24],[-41,38],[-16,60],[35,34],[55,-10],[9,47],[-37,26],[-93,27],[-47,-5],[-74,36],[-99,-43],[-32,-30],[-118,-20],[-96,18],[-62,57],[-67,-2],[-102,46],[-71,-20],[-25,37],[3,43],[54,68],[69,-3],[-80,83],[-68,-51],[-42,-3],[-44,61],[-97,-76],[-125,-18],[-53,44],[5,41],[76,30],[51,48],[-30,74],[38,76],[-61,68],[-62,7],[13,64],[62,21],[4,104],[-65,75],[61,46],[-1,57],[-40,35],[-36,-29],[-37,10],[-17,106],[9,28],[-62,60],[-30,7],[-80,-22],[-62,1],[-72,27],[-46,33],[-60,-67],[-80,13],[-53,86],[23,71],[33,45],[-4,31],[-159,24],[-61,-84],[-50,-1],[-54,27],[-50,-23],[18,-110],[-135,-24],[-85,41],[-87,-8],[-32,114],[-90,41],[-11,41],[22,29],[56,17],[18,53],[-23,30],[-101,36],[-79,2],[-88,-28],[-52,-1],[-42,39],[1,40],[29,45],[76,54],[-50,47],[-73,-52],[-105,10],[22,-85],[67,-39],[-19,-28],[-71,-1],[-119,53],[-41,-22],[-76,68],[-67,-8],[-41,-49],[-6,-42],[21,-75],[-60,-12],[-59,39],[-76,90],[-58,-18],[-18,-113],[-62,-3],[-32,23],[33,66],[-59,87],[-59,-9],[-88,32],[-145,-25],[28,-58],[-8,-29],[-61,-40],[-19,-43],[-62,55],[-63,9],[-47,-21],[-66,39],[-43,-49],[-134,37],[-85,51],[-64,6],[-36,34],[-70,0],[-47,29],[-52,-34],[-48,16],[37,77],[-33,15],[-98,-69],[-46,-5],[-35,28],[12,33],[64,32],[-25,25],[-54,-46],[-54,-4],[-78,77],[-32,16],[-44,-15],[0,-38],[32,-59],[-52,-55],[-50,-16],[-43,40],[-14,93],[-39,14],[-97,-28],[-26,-21],[-94,7],[-188,-122],[-148,-25],[-26,-18],[-14,-66],[17,-67],[-86,-80],[-7,-33],[-66,-12],[-62,57],[-72,-44],[-67,32],[14,-54],[86,12],[36,-72],[-10,-25],[-100,-50],[3,-37],[86,-14],[37,-46],[-39,-32],[-101,29],[0,-55],[-44,-24],[-75,21],[-41,32],[-78,-3],[-17,-42],[-87,-22],[-68,68],[-44,-33],[40,-58],[-23,-60],[-121,-18],[-39,-20],[-47,12],[8,47],[77,17],[-24,63],[-51,28],[-7,40],[91,64],[-62,25],[-42,54],[-30,76],[-57,47],[-69,-17],[-24,-51],[-78,30],[-48,-46],[-37,-1],[-77,33],[-67,-49],[-64,39],[-31,34],[21,86],[-27,12],[-100,-40],[-54,5],[-46,59],[34,75],[-10,30],[-45,10],[-97,-58],[-37,8],[-27,82],[-94,26],[-54,-11],[-11,58],[-43,21],[-67,-9],[-17,-25],[-4,-70],[-115,-56],[-26,-51],[-43,6],[25,63],[-13,26],[-54,-11],[-36,25],[40,59],[-45,35],[-81,-17],[-31,54],[-123,28],[-114,85],[-60,101],[-45,11],[-36,-21],[-12,-48],[-47,-11],[-15,36],[45,80],[-22,67],[-46,14],[-15,-60],[-83,-22],[-36,45],[-114,45],[-42,-33],[-29,-58],[-41,-9],[-33,-53],[44,-37],[-14,-35],[-67,-10],[-39,18],[-31,55],[0,63],[-24,5],[-36,-66],[-85,-16],[-34,35],[4,117],[-16,46],[-42,19],[-19,-56],[-50,15],[-134,-28],[-101,27],[-46,71],[-33,15],[-73,-33],[57,-48],[17,-62],[-45,-59],[-53,11],[-20,32],[24,56],[-46,15],[-50,-16],[-37,25],[-22,74],[-31,-28],[-71,-22],[-44,-33],[-54,14],[-12,53],[32,60],[-17,42],[-66,26],[-9,-86],[-52,-19],[12,-48],[-59,-9],[-11,67],[-72,29],[-57,53],[25,88],[-15,34]],[[349820,74341],[-1,566],[-1,1274],[-1,786],[0,822],[-1,1025],[-1,836],[-1,2035],[-1,987],[-1,706],[-1,1104],[0,500],[-2,2188],[-1,969],[0,886],[-1,946],[-1,1143],[-1,1111],[-1,705],[0,713],[-2,1224],[-1,1060],[0,820],[0,1316],[0,585],[1,1045],[-1,1571],[-1,503],[0,1303],[-1,627],[0,1021],[-3,399],[2,723],[-1,1312],[-2,1992],[-1,1090],[-1,954],[-3,1574]],[[349790,112762],[1590,1],[1377,-1],[998,1],[719,0],[864,-1],[792,0],[791,0],[942,0],[1366,0],[1651,0],[1583,1],[1584,0],[877,-1],[713,1],[1388,0],[907,-1],[865,0],[1583,0],[689,0],[1293,0],[774,-1],[1071,1],[660,0],[1310,0],[1173,0],[1564,0],[1231,0],[729,0],[1308,0],[1300,0],[662,0],[1270,0],[691,0],[1287,0],[1328,0],[1307,0],[915,0],[1046,0],[915,0],[1046,0],[1367,0],[725,0],[1176,0],[945,0],[1337,0],[724,0],[914,0],[654,0],[1397,0],[932,0],[808,0],[967,0],[734,0],[1030,0],[906,0],[1339,0],[975,0],[1124,0],[797,0],[39,20],[19,41],[45,44],[9,54],[164,51],[31,-9],[50,34],[25,65],[39,32],[53,-20],[132,42],[16,69],[28,11],[44,74],[-22,47],[33,11],[31,58],[59,50],[-21,67],[63,114],[-73,8],[37,53],[34,7],[52,63],[41,84],[38,8],[0,112],[48,12],[10,30],[82,47],[44,-19],[78,34],[64,-13],[52,-30],[24,45],[64,13],[29,29],[2,51],[-26,40],[0,42],[91,-5],[75,-24],[77,33],[130,90],[-21,37],[35,96],[48,47],[62,3],[130,60],[69,6],[5,44],[34,53],[56,4],[54,73],[39,-9],[85,38],[31,-57],[55,21],[-17,43],[72,20],[64,51],[-10,27],[56,80],[59,10],[77,-18],[42,9],[30,39],[70,-9],[1,61],[132,20],[17,43],[38,2],[43,49],[43,-38],[62,10],[35,-36],[43,21],[55,-33],[48,62],[-10,30],[47,57],[53,-5],[56,67],[4,34],[47,63],[-2,29],[60,5],[39,87],[-18,46],[9,44],[42,2],[56,39],[-27,72],[69,53],[32,4],[33,67],[52,16],[101,-4],[39,28],[13,44],[67,-3],[50,50],[89,20],[92,-43],[145,48],[148,-29],[34,24],[92,29],[58,-6],[106,-26],[35,-21],[-1,-73],[42,14],[26,-41],[-4,-49],[43,-21],[69,36],[80,11],[90,-33],[34,-38],[17,-62],[71,-16],[26,36],[33,-20],[-5,-39],[58,-28],[17,-44],[-27,-30],[82,-16],[136,9],[43,-18],[35,28],[-28,31],[31,27],[-30,28],[50,46],[36,-27],[30,35],[54,20],[7,-45],[40,-15],[48,10],[54,-15],[22,45],[72,3],[68,-24],[91,11],[33,24],[53,-12],[89,10],[44,21],[86,-4],[30,-43],[70,36],[31,39],[67,1],[64,-48],[28,31],[78,-8],[32,33],[28,-35],[51,4],[26,-39],[70,-23],[22,-30],[122,-1],[29,66],[131,9],[39,-23],[104,-12],[88,42],[66,-32],[37,21],[92,11],[68,53],[42,5],[39,40],[87,35],[33,56],[140,26],[47,-44],[63,-8],[102,26],[5,36],[45,11],[63,-13],[42,-33],[128,48],[-18,92],[57,10],[95,-48],[45,28],[23,36],[138,-16],[53,15],[36,68],[44,-32],[99,25],[36,-51],[68,-22],[154,-29],[34,-39],[89,-7],[-9,38],[56,13],[56,-15],[56,60],[12,45],[109,21],[48,48],[50,8],[49,33],[127,-12],[44,37],[30,-3],[64,-85],[65,-14],[36,-38],[51,-11],[23,-74],[52,-42],[95,-22],[67,2],[-6,-61],[37,-47],[67,0],[8,-66],[36,-27],[-34,-35],[38,-60],[13,-59],[69,-44],[65,3],[-16,-44],[52,-13],[41,38],[42,13],[53,-51],[56,-12],[-12,-126],[51,14],[56,-15],[73,-71],[40,-22],[86,-13],[56,-22],[104,63],[51,-26],[52,51],[47,-14],[171,-24],[44,17],[41,43],[55,-8],[61,-32],[-110,-52],[70,-44],[30,11],[107,-5],[23,55],[-48,36],[13,28],[47,14],[30,-58],[72,26],[109,15],[138,-67],[4,-48],[143,-16],[11,30],[103,-56],[74,91],[129,45],[92,40],[22,25],[58,-84],[60,26],[39,33],[68,-12],[65,25],[-6,34],[122,51],[20,40],[200,8],[17,-38],[112,4],[32,-44],[80,-4],[91,-71],[83,8],[82,-30],[38,-73],[96,-6],[64,-36],[80,-14],[18,-44],[92,-62],[42,21],[42,-68],[38,37],[43,-9],[44,-35],[30,51],[86,10],[52,-61],[65,-40],[36,14],[54,-54],[19,-134],[99,-42],[12,-38],[40,-22],[65,7],[21,-16],[63,46],[65,-6],[21,-23],[58,-3],[171,-57],[119,-89],[23,-110],[-61,-12],[40,-102],[-9,-73],[64,0],[63,-30],[5,-141],[-38,-27],[1,-61],[45,-40],[-29,-26],[56,-67],[99,-8],[100,10],[0,28],[89,52],[71,-9],[33,-20],[59,13],[95,-107],[78,0],[53,-72],[63,-24],[26,23],[67,-41],[75,1],[15,-36],[65,-56],[58,-23],[44,17],[123,-47],[57,-59],[2,-48],[63,-46],[114,-34],[42,30],[31,-34],[15,-81],[24,-33],[52,-15],[61,-45],[44,1],[34,-33],[56,-18],[9,-32],[46,-48],[-8,-113],[-58,-30],[-11,-38],[73,-52],[-36,-40],[17,-93],[35,-45],[3,-113],[-76,-54],[-17,-47],[36,-38],[68,1],[9,-96],[35,-23],[-38,-49],[0,-56],[-84,-88],[-4,-42],[28,-20],[8,-112],[30,-47],[70,-68],[74,1],[25,-55],[110,-132],[-70,-62],[20,-112],[30,-37],[52,-5],[100,-62],[31,-34],[114,27],[42,26],[170,-36],[60,14],[63,-16],[53,45],[3,42],[58,92],[52,36],[67,1],[36,21],[23,47],[120,71],[53,49],[29,56],[40,144],[109,54],[83,28],[50,121],[74,15],[-4,33],[-95,63],[55,115],[-17,91],[21,72],[40,39],[26,69],[24,10],[57,66],[37,10],[18,47],[70,33],[42,43],[-12,29],[41,43],[29,128],[26,3],[148,85],[29,-19],[68,2],[91,100],[104,26],[64,30],[41,-20],[72,19],[58,-50],[30,61],[56,38],[47,-3],[126,93],[69,-16],[24,57],[59,54],[9,32],[75,4],[49,49],[34,79],[55,-28],[48,16],[56,49],[59,-35],[-18,-74],[38,-82],[36,-43],[-12,-29],[52,-107],[9,-46],[52,-11],[72,-94],[84,-23],[3,-75],[-25,-61],[54,-10],[43,24],[51,4],[33,31],[106,32],[61,-41],[-22,-39],[12,-31],[98,-32],[78,55],[4,64],[31,43],[-38,82],[15,92],[22,54],[59,34],[99,13],[72,-53],[79,3],[21,14],[89,-30],[22,15],[144,-51],[72,-61],[113,48],[116,18],[36,18],[37,-15],[60,18],[31,50],[86,27],[91,61],[54,-75],[72,14],[49,91],[52,30],[53,160],[58,43],[-16,45],[-47,26],[-51,3],[-65,34],[26,45],[-10,49],[33,10],[97,65],[10,99],[15,34],[-10,54],[21,48],[-28,65],[27,14],[22,50],[-39,26],[18,34],[-12,122],[39,30],[-3,40],[54,55],[-13,50],[-30,15],[92,48],[65,56],[73,25],[37,51],[-76,88],[-14,47],[27,43],[-38,44],[-85,-22],[-64,70],[4,36],[-47,29],[-59,-12],[-86,17],[-52,-14],[-64,92],[-32,24],[3,79],[-90,120],[-7,29],[28,48],[-36,100],[24,50],[-30,22],[-19,76],[-78,65],[-73,8],[-26,38],[-54,33],[13,35],[-31,39],[14,81],[-24,23],[7,44],[32,54],[-22,61],[114,74],[27,34],[75,13],[24,-59],[-10,-44],[34,-67],[24,6],[69,-25],[128,22],[18,54],[133,82],[64,62],[14,31],[75,35],[36,-1],[59,43],[21,127],[80,-15],[89,17],[124,40],[40,-9],[80,27],[48,52],[59,14],[52,74],[35,24],[64,10],[15,26],[66,15],[171,-46],[31,35],[115,-30],[21,-43],[78,-42],[35,33],[32,58],[24,2],[18,56],[56,47],[9,43],[77,49],[55,62],[36,20],[49,77],[120,-16],[58,26],[11,49],[27,29],[106,78],[16,47],[51,-6],[36,-25],[92,-11],[79,3],[117,52],[67,-38],[105,4],[54,-25],[51,49],[15,39],[42,39],[18,40],[72,42],[58,76],[-55,86],[1,76],[25,25],[-5,43],[27,36],[38,-19],[74,15],[38,-16],[68,17],[-13,39],[23,51],[53,51],[23,3],[49,66],[-13,38],[30,43],[76,17],[85,-5],[33,34],[39,-7],[130,37],[52,-20],[46,-68],[58,-7],[59,-32],[-28,-50],[-1,-55],[-31,-54],[4,-87],[-27,-61],[60,-36],[42,-5],[41,-58],[78,-42],[81,7],[65,-25],[18,-56],[39,-39],[45,82],[32,19],[100,143],[-36,122],[18,59],[29,33],[102,57],[11,-82],[47,-48],[-10,-33],[49,-80],[55,-27],[35,-39],[69,-9],[84,27],[67,-14],[48,-48],[3,-63],[44,-33],[54,11],[16,-44],[81,-6],[77,-66],[39,21],[77,-20],[63,-63],[74,-52],[84,-36],[45,2],[42,41],[-17,44],[140,50],[34,-5],[92,-57],[86,4],[39,22],[1,66],[74,54],[36,-4],[4,51],[61,70],[59,-19],[38,20],[46,64],[80,-2],[49,-16],[98,14],[87,-28],[88,-77],[48,-3],[89,-40],[46,-4],[87,-46],[38,22],[48,-7],[44,15],[178,14],[82,-48],[49,12],[50,-26],[111,-10],[96,25],[65,-13],[61,-29],[54,34],[33,-23],[128,-17],[70,-61],[265,-48],[28,16],[34,67],[90,88],[27,45],[-43,49],[8,50],[57,-1],[22,41],[59,-1],[0,58],[77,21],[17,44],[73,-13],[38,36],[-21,62],[-42,41],[111,42],[-29,115],[41,73],[91,16],[89,-69],[63,27],[91,-79],[110,-13],[22,64],[66,72],[46,-2],[113,31],[40,37],[41,5],[24,29],[74,-9],[76,12],[68,-45],[77,19],[121,3],[17,-71],[57,-34],[53,16],[91,-6],[59,14],[140,76],[58,20],[9,53],[52,69],[65,60],[73,28],[23,52],[51,21],[91,82],[133,47],[36,4],[11,42],[79,96],[67,42],[71,-1],[358,-139],[28,-18],[54,66],[85,35]],[[449172,119147],[-5,-36],[-39,-31],[15,-61],[-47,-34],[-34,22],[-73,-59],[-52,16],[-87,-8],[6,-81],[-74,13],[-52,-34],[22,-126],[38,-37],[131,25],[-84,62],[31,30],[14,89],[18,29],[136,12],[120,-27],[33,18],[36,-50],[22,-67],[-51,-30],[19,-32],[-31,-25],[7,-39],[-53,-8],[-29,-32],[21,-29],[-45,-74],[75,32],[38,42],[-12,43],[59,77],[23,84],[-9,61],[-115,180],[9,31],[48,7],[41,-118],[70,-121],[-23,-117],[1,-105],[34,-123],[46,-57],[67,-28],[-75,-282],[-29,-146],[-9,-108],[37,-58],[-7,-145],[23,-74],[-28,-59],[-52,-174],[-75,-323],[-37,-210],[-14,-166],[-2,-102],[8,-217],[36,-125],[28,-161],[41,-138],[37,-90],[90,-137],[65,-83],[82,-78],[67,-39],[74,-23],[39,1],[40,45],[79,3],[-13,-38],[-55,-67],[-43,-85],[-54,-135],[-24,-89],[-8,-86],[17,-33],[23,-120],[-56,-73],[-52,-116],[-64,-191],[-19,-174],[13,-55],[80,-64],[-15,-87],[26,-13],[-3,-68],[-18,-76],[17,-14],[-69,-95],[-70,-143],[-42,17],[-46,50],[-9,59],[-45,76],[-9,-126],[47,-42],[-75,-33],[-145,45],[-123,-18],[-49,-21],[20,-35],[139,6],[64,-10],[63,-36],[70,-15],[22,51],[43,-24],[-153,-144],[-106,-109],[-280,-308],[-102,-118],[-136,-174],[-142,-199],[-96,-173],[-99,-227],[-42,-145],[-11,-85],[15,-84],[127,-58],[-13,-113],[39,-52],[-44,-71],[-137,-117],[-97,-91],[-141,-176],[-71,-104],[-34,-79],[-115,-138],[-114,-171],[-62,-112],[-39,-89],[-25,-82],[-21,-141],[5,-93],[22,-77],[60,-96],[55,-34],[39,2],[42,-40],[48,-1],[-1,-49],[-35,-52],[23,-25],[-35,-59],[12,-79],[-26,-49],[-27,-122],[69,-29],[-57,-21],[3,-58],[24,-20],[-41,-98],[-36,-112],[15,-81],[56,-45],[-31,-29],[-38,-77],[33,-69],[-24,-38],[6,-38],[-24,-33],[18,-74],[-30,-9],[-40,-53],[-35,-103],[-63,-102],[-9,-73],[-28,-58],[-19,-96],[24,-85],[52,-39],[-88,-122],[-56,-139],[-19,-104],[6,-76],[38,-42],[62,-12],[-57,-92],[-81,-84],[-90,-136],[-73,-164],[-31,-127],[32,-76],[3,-43],[53,-55],[-3,-24],[-60,-42],[-56,-104],[5,-68],[45,-136],[-74,-46],[-58,-80],[-62,-126],[-26,-132],[7,-80],[56,-69],[-18,-67],[-4,-119],[-84,-87],[5,-73],[-29,-17],[18,-47],[-52,-32],[-74,-103],[-88,-105],[-12,-31],[-84,-116],[-75,-131],[-112,-175],[-14,-53],[9,-79],[45,-49],[15,-57],[-40,-219],[14,-70],[83,-6],[-59,-120],[5,-39],[-30,-39],[-12,-49],[18,-114],[-95,-103],[-4,-51],[-61,-34],[-118,-137],[-38,-75],[-7,-58],[-52,-95],[-5,-50],[-68,-84],[-41,-79],[-15,-52],[38,-68],[15,-75],[-33,-22],[-14,-92],[28,-54],[-20,-25],[3,-48],[-68,-49],[-86,-85],[-60,-78],[-56,-107],[-38,-170],[-101,-95],[-82,-117],[-36,-84],[-12,-84],[28,-41],[-64,-59],[-135,-159],[-76,-111],[-33,-66],[-42,-118],[-27,-181],[-26,-84],[9,-71],[23,-34],[-51,-47],[-44,-81],[-35,-121],[15,-123],[-35,-91],[0,-58],[54,-216],[18,-41],[-56,-19],[-93,-161],[-34,-78],[-33,-108],[-25,-158],[-2,-109],[21,-74],[58,-19],[25,-38],[-6,-68],[-18,-34],[-11,-183],[34,-78],[-5,-57],[8,-131],[18,-107],[58,-164],[38,-64],[55,-65],[38,5],[72,-76],[115,-27],[78,-3],[55,29],[-8,57],[79,-37],[-7,-70],[48,-44],[-4,-89],[52,-51],[-18,-41],[24,-40],[-34,-14],[-88,-90],[-37,-54],[-95,-107],[-65,-117],[-47,-107],[-34,-122],[-11,-87],[6,-135],[45,-103],[70,-54],[103,30],[-8,-56],[-68,-65],[-7,-109],[-56,-3],[-115,-105],[-282,-309],[-105,-159],[-59,-128],[-14,-81],[56,-77],[-62,-38],[-84,-166],[-28,-109],[-3,-92],[57,-43],[24,-77],[-30,-106],[17,-33],[-29,-98],[-7,-100],[8,-31],[60,-72],[-114,-109],[-166,-219],[-123,-209],[-54,-150],[-4,-120],[86,-86],[10,-63],[44,-40],[-10,-32],[40,-64],[-16,-48],[30,-34],[-23,-31],[-213,-173],[-254,-246],[-98,-107],[-90,-123],[-55,-94],[-33,-75],[-8,-54],[63,-74],[-41,-37],[-67,-150],[0,-79],[70,-79],[-15,-25],[-58,-17],[-153,-148],[-77,-94],[-51,-82],[-42,-102],[-1,-62],[91,-79],[8,-44],[-55,-22],[-267,-266],[-79,-91],[-81,-107],[-65,-123],[-27,-104],[27,-103],[50,-43],[74,25],[-2,-54],[-39,7],[-115,-56],[-92,-54],[-133,-93],[-26,-32],[-78,-14],[-45,-45],[-150,-97],[-241,-185],[-215,-205],[-118,-178],[-54,-41],[-72,-76],[-39,-78],[-46,-45],[-6,-60],[-93,-70],[-87,-133],[-16,-92],[51,-75],[-37,-65],[36,-52],[-35,-54],[-52,-24],[-112,-113],[-49,-77],[-59,-146],[-29,-140],[5,-145],[20,-56],[41,-49],[129,-15],[47,-18],[13,-87],[45,-31],[-1,-27],[136,-41],[82,-65],[-45,-53],[12,-48],[-67,-34],[-59,-54],[-64,-76],[-63,-95],[-63,-133],[-25,-110],[-1,-133],[43,-26],[64,-110],[83,9],[32,-46],[-53,-27],[-77,-154],[-35,-93],[11,-55],[-37,-27],[-48,-75],[-40,-146],[28,-145],[75,-43],[65,5],[19,-72],[-32,4],[-98,-25],[-68,-48],[-108,-29],[-145,-30],[-297,-92],[-251,-100],[-54,-40],[-221,-86],[-117,-55],[-227,-142],[-92,-72],[-94,-87],[-81,-97],[-116,-240],[-34,-28],[-309,-104],[-98,-49],[-135,-91],[-100,-97],[-57,-71],[-28,-52],[-33,-100],[-6,-101],[41,-87],[128,-5],[-37,-41],[-54,-13],[-45,19],[-5,37],[-40,30],[-7,33],[-44,47],[-82,11],[-80,-27],[-30,20],[-95,2],[-26,-41],[-59,0],[-23,20],[0,51],[63,23],[5,27],[-59,11],[-33,46],[-35,-3],[-60,-91],[9,-57],[-55,3],[-69,-38],[-65,16],[-76,-34],[-39,6],[-57,-18],[-26,56],[-77,-3],[-42,44],[73,39],[18,75],[-12,39],[22,34],[-63,22],[-54,-32],[-39,-53],[23,-109],[-13,-27],[-78,11],[1,45],[-55,47],[-24,-27],[-117,9],[-68,-20],[-70,24],[-43,42],[-45,-8],[-72,28],[-56,-22],[14,-34],[-32,-32],[-75,-40],[-11,-65],[12,-39],[43,-32],[100,20],[54,-47],[-6,-70],[-33,-4],[-52,-47],[-152,-20],[-41,-24],[3,-92],[-29,-49],[57,-14],[44,40],[52,-10],[75,25],[32,27],[38,-7],[66,19],[38,49],[52,-56],[101,3],[34,44],[60,5],[83,-28],[77,-38],[162,26],[2,-82],[56,4],[24,34],[-36,44],[-10,59],[-59,58],[58,42],[39,-15],[31,-87],[45,-17],[21,-34],[56,-25],[70,1],[36,38],[-25,27],[90,25],[135,-30],[137,26],[117,55],[26,-36],[55,-38],[108,4],[-21,-86],[5,-56],[-88,-39],[-8,-41],[28,-48],[-55,-59],[-45,18],[-32,-42],[-117,5],[-75,-16],[-61,0],[-79,-68],[34,-34],[-9,-53],[-37,-44],[-91,35],[-89,-22],[-147,55],[-94,-6],[-300,-56],[-131,-32],[-238,-68],[-205,-64],[-207,-71],[-202,-76],[-144,-59],[-230,-105],[-131,-68],[-204,-120],[-69,-51],[-64,-64],[-35,-65],[-7,-49],[21,-71],[-43,-21],[-42,16],[-19,51],[106,157],[24,57],[-3,77],[-28,52],[22,77],[76,39],[73,82],[55,75],[-12,53],[-67,26],[-121,11],[-74,-9],[-90,-38],[-22,-33],[30,-54],[-43,-53],[1,-67],[-208,32],[-52,31],[-19,35],[-53,33],[-159,34],[-56,0],[-78,61],[12,-60],[-7,-80],[54,-64],[53,-34],[45,-113],[23,29],[-20,79],[-69,62],[-34,-11],[-1,114],[134,-18],[102,-21],[-3,-42],[37,-36],[168,-48],[134,-5],[45,-11],[42,-75],[-29,-15],[27,-75],[30,-32],[1,-82],[-47,-69],[-30,8],[8,88],[-100,29],[-139,70],[6,-31],[151,-82],[46,-74],[11,-90],[-23,-66],[23,-25],[73,-7],[91,9],[12,-16],[-85,-46],[-51,-46],[-39,-4],[-111,-67],[-12,-23],[-77,-41],[-67,-51],[-1,-40],[-50,-31],[-36,-46],[34,-76],[-20,-173],[-166,-85],[-149,-97],[-106,-83],[-89,-95],[-38,-67],[-17,-64],[25,-70],[-103,12],[-37,20],[-13,118],[52,34],[-27,30],[57,19],[41,92],[6,44],[-59,43],[-63,-6],[-68,19],[-41,100],[1,36],[97,55],[-13,32],[-75,42],[97,66],[22,26],[-4,50],[-58,33],[-47,-20],[-38,55],[-75,30],[-57,-44],[83,-84],[-11,-58],[-23,-17],[-4,-55],[14,-71],[-52,-10],[-29,41],[10,39],[-73,1],[-62,21],[-52,-16],[54,-65],[22,51],[46,-59],[-31,-38],[95,-87],[-11,-14],[56,-114],[45,-65],[-42,-29],[-34,51],[-9,48],[-37,48],[-98,35],[-41,-27],[60,-63],[13,-68],[27,-31],[4,-61],[-89,73],[-40,-61],[35,-43],[-48,-11],[8,-41],[72,21],[62,-32],[91,-2],[-6,-43],[-32,-15],[-81,54],[-79,5],[-17,-16],[-96,-7],[-5,33],[-94,63],[-50,9],[-51,-30],[16,-40],[-71,-39],[-46,-81],[-60,-37],[-127,-22],[24,-33],[-26,-29],[31,-26],[49,7],[44,-25],[100,22],[73,95],[92,-10],[14,-54],[37,0],[-7,-77],[-22,-62],[-41,25],[-59,-37],[-43,40],[-46,-22],[-9,-72],[-59,3],[-45,21],[-29,-17],[-12,-63],[-35,-40],[53,-13],[60,-134],[29,4],[28,80],[40,37],[32,-57],[-2,-41],[77,-28],[-3,-21],[58,-79],[55,-17],[11,32],[-21,55],[41,43],[-18,48],[-130,47],[30,57],[4,49],[76,-34],[85,57],[15,30],[79,72],[-2,-62],[-38,-22],[54,-50],[-30,-38],[31,-31],[-26,-60],[73,-90],[29,37],[-27,41],[58,33],[-20,78],[9,39],[83,45],[-10,56],[26,58],[12,80],[39,41],[44,20],[6,100],[41,68],[35,-14],[-7,-90],[34,-22],[-24,-37],[36,-38],[46,0],[14,36],[56,0],[24,-34],[-68,-45],[-41,-69],[8,-70],[-8,-60],[-35,-17],[15,-50],[-40,-52],[-57,-45],[-18,-65],[37,-13],[14,-43],[-37,-10],[24,-57],[-51,-36],[7,-59],[-47,-4],[-11,-77],[-45,-36],[-33,1],[-98,-65],[-69,-65],[-101,-79],[-51,-53],[-61,-99],[-18,-103],[14,-68],[85,-69],[-31,-66],[-99,-55],[-163,-78],[-75,-48],[-97,-85],[-64,-72],[-45,-22],[14,76],[54,7],[40,58],[50,126],[45,47],[118,97],[26,53],[-26,39],[-106,57],[81,13],[103,115],[95,24],[-14,73],[64,17],[31,34],[55,118],[35,28],[-57,42],[-34,52],[-102,3],[-48,-28],[65,-65],[-26,-27],[-53,-115],[65,-56],[3,-43],[-97,41],[-145,-21],[-37,85],[2,39],[-61,6],[-86,-25],[-13,-72],[72,-80],[-14,-43],[34,-97],[-56,7],[-33,-24],[-81,3],[-47,-46],[-1,-60],[-35,-40],[-101,-17],[4,-26],[-46,-51],[-64,-32],[-68,-4],[-43,-25],[-42,-53],[32,-18],[30,-65],[47,-42],[-90,-21],[-26,-32],[-11,-65],[40,-68],[69,-58],[128,-62],[46,7],[81,74],[43,88],[-1,36],[69,-4],[42,-57],[6,-59],[-37,-36],[-7,-46],[-79,-51],[-44,-92],[26,-71],[-17,-42],[-68,-70],[-59,-17],[-48,-42],[-4,-27],[-62,-39],[-58,-60],[-26,-47],[16,-72],[52,-28],[-94,-54],[-37,-53],[6,-40],[34,-13],[12,-76],[33,-25],[-20,-43],[-81,-2],[-46,-26],[-22,-49],[24,-44],[-73,-31],[17,-53],[-33,-44],[-52,7],[-36,-46],[-74,14],[-17,22],[-56,-5],[-43,-62],[-96,26],[-78,-27],[-91,-56],[-89,20],[27,46],[-26,71],[34,18],[25,-53],[53,34],[46,-21],[38,15],[-32,64],[-90,67],[-25,83],[52,-3],[66,42],[44,-27],[46,-3],[0,-42],[45,-11],[49,54],[-44,29],[29,83],[1,66],[-93,-21],[-27,-63],[31,-40],[-105,-13],[-31,45],[-71,7],[-50,37],[42,39],[84,-25],[64,46],[-52,68],[30,71],[75,38],[19,52],[-75,4],[-57,-42],[-59,24],[-55,83],[-58,14],[-48,-39],[55,-28],[-24,-114],[-89,-6],[-33,-57],[54,-44],[-6,-31],[37,-35],[-38,-46],[-98,29],[-1,-36],[69,-78],[66,63],[98,-21],[-47,-77],[9,-34],[116,-58],[32,-61],[-45,-13],[-62,19],[-49,-71],[-90,-13],[-51,-28],[18,-41],[-49,-48],[10,-99],[-65,-19],[-196,45],[-66,-42],[-2,-63],[-42,8],[-40,-49],[-58,88],[-39,24],[41,58],[33,75],[-47,63],[-91,9],[25,42],[-27,32],[-2,61],[69,21],[-9,60],[-110,-63],[15,-44],[-12,-67],[-68,19],[-33,-14],[-67,10],[-1,60],[-83,81],[-11,87],[55,55],[47,0],[21,56],[68,-29],[45,11],[32,46],[-92,-19],[-64,10],[-80,-25],[3,-34],[-58,-55],[-4,-159],[29,-42],[7,-49],[34,-47],[-43,-15],[-44,49],[-17,79],[-65,93],[-61,5],[-50,-33],[-24,-75],[-43,28],[24,127],[-22,45],[-52,13],[57,110],[41,47],[-37,41],[-70,8],[12,40],[43,28],[30,72],[74,23],[-12,56],[-95,-42],[-53,-87],[-54,-5],[1,-44],[-32,-100],[-45,-13],[-61,36],[-54,16],[-64,-18],[-44,-44],[-26,-66],[-86,1],[-19,23],[-30,96],[-10,62],[-38,63],[-67,-16],[12,-62],[45,20],[38,-146],[40,-51],[60,-23],[66,5],[24,42],[56,46],[82,35],[71,-60],[84,10],[55,57],[23,-15],[-41,-49],[-20,-68],[-41,-63],[26,-34],[74,-26],[-22,-73],[15,-85],[-52,-25],[-60,-6],[-33,70],[-42,13],[-27,-34],[-50,43],[9,58],[-74,-11],[94,-117],[47,16],[15,-56],[70,-41],[-8,-56],[-23,-23],[-83,33],[-26,-25],[103,-37],[55,28],[31,-15],[-10,-87],[40,-52],[-116,-43],[-47,-1],[-26,-99],[58,-25],[31,20],[-45,49],[3,31],[159,-5],[44,29],[6,43],[-62,36],[-7,35],[30,77],[-51,25],[51,46],[50,-6],[27,45],[63,35],[38,45],[59,-83],[14,-45],[53,-40],[44,-9],[6,-43],[41,-11],[113,21],[44,-12],[34,43],[-200,-30],[-1,25],[118,1],[89,34],[-19,-67],[31,-27],[-59,-92],[-79,-36],[-8,-40],[55,-8],[90,88],[124,-128],[-38,-52],[-34,-6],[-37,-63],[-100,18],[-52,-39],[-7,-86],[-54,-8],[-49,-27],[-41,-45],[-59,4],[-131,-47],[41,-24],[60,14],[33,28],[67,-4],[70,52],[83,20],[65,31],[-43,55],[81,1],[25,-17],[76,25],[104,-25],[-39,115],[89,-11],[92,54],[32,0],[52,39],[2,34],[118,8],[79,-24],[21,-26],[-27,-56],[-45,-18],[-5,-46],[-67,-82],[96,10],[-32,-78],[18,-48],[-65,-18],[-91,-6],[36,-50],[-103,-32],[17,-34],[62,-43],[41,-73],[53,-33],[100,-25],[-65,84],[45,74],[-3,42],[68,34],[26,118],[27,-43],[39,-3],[-8,81],[-74,76],[21,58],[61,38],[-5,-80],[78,-39],[-25,-32],[8,-62],[39,-5],[16,-38],[-11,-91],[-57,-20],[17,-48],[-34,-8],[-51,-96],[22,-47],[-36,-19],[-41,-83],[-46,-66],[-14,-56],[26,-23],[-24,-46],[-89,-24],[-9,-56],[-51,-4],[-72,23],[-90,-45],[38,-69],[64,69],[90,-49],[48,124],[58,13],[-49,-89],[-12,-60],[16,-66],[74,-91],[-58,-23],[-49,6],[-5,-42],[38,-71],[6,-46],[-70,-49],[2,-45],[-33,-32],[-13,-91],[47,-49],[36,12],[45,-58],[-19,-110],[-14,-20],[-114,37],[24,83],[-18,45],[-36,27],[-66,-18],[-3,-87],[-97,-21],[-14,27],[-61,30],[5,41],[-66,3],[-70,61],[13,39],[-75,-17],[30,-33],[11,-89],[-18,-50],[-48,-10],[16,-46],[46,38],[48,10],[-1,51],[50,-14],[63,-42],[0,-85],[81,6],[-8,-93],[-69,-15],[-69,-53],[-49,18],[-70,-14],[-16,18],[-80,13],[28,-55],[-10,-25],[-73,32],[-31,-4],[-65,40],[-29,35],[-76,23],[-80,63],[-46,-60],[-53,43],[-37,-18],[41,-39],[61,-13],[-15,-33],[-152,48],[-16,-28],[-147,-5],[-68,30],[-85,16],[-72,85],[-46,32],[-79,-16],[-69,-78],[40,-18],[54,92],[53,-11],[-4,-30],[47,-30],[4,-74],[49,34],[46,-2],[26,-91],[-7,-41],[52,-32],[62,-7],[-23,73],[129,37],[45,-35],[33,62],[40,-25],[53,-71],[-110,-56],[-41,-9],[31,-54],[88,63],[76,31],[-4,23],[68,25],[28,31],[36,-22],[25,-46],[36,18],[28,-39],[-3,-61],[42,-13],[-10,104],[83,0],[52,-35],[65,-15],[50,-72],[67,38],[22,-57],[53,27],[74,-15],[57,10],[34,39],[-50,108],[43,30],[90,11],[-35,38],[46,26],[43,-93],[-12,-57],[-26,-31],[12,-91],[-14,-26],[23,-61],[2,-53],[-64,3],[-27,-19],[3,-43],[-34,-10],[7,-102],[-105,-51],[20,-136],[40,-21],[-61,-39],[-9,-39],[69,-59],[0,-71],[-110,28],[46,-51],[3,-41],[-53,-15],[23,-33],[-8,-62],[-29,-56],[-94,10],[-1,52],[-43,-2],[-24,86],[-47,27],[-105,-49],[13,80],[-74,5],[-30,108],[-54,-4],[32,-114],[-33,0],[-37,149],[-87,-14],[-61,40],[-49,-29],[-32,-44],[-53,-114],[-19,-66],[6,-87],[-59,-23],[-17,-46],[-94,-19],[-29,25],[-9,48],[66,82],[-40,4],[-65,-44],[-4,-34],[-68,-41],[-42,12],[3,37],[-82,21],[-173,-23],[-35,63],[-51,28],[-65,-65],[-129,0],[27,60],[-78,-7],[-5,-32],[46,-40],[127,-9],[13,-59],[40,27],[85,22],[48,-16],[63,16],[49,-9],[22,-76],[31,28],[53,-24],[39,11],[62,-16],[13,-44],[81,23],[-13,-40],[43,-57],[23,-80],[29,-29],[116,-11],[70,62],[-4,21],[-71,47],[-49,18],[-28,34],[119,8],[54,54],[-3,48],[88,-63],[8,-51],[-53,15],[-86,-14],[11,-50],[170,-34],[41,49],[86,-9],[16,81],[103,17],[88,49],[43,-21],[27,-101],[-49,-129],[-38,-39],[-51,-16],[-69,11],[-53,-13],[-37,39],[-67,16],[-75,-12],[-87,-37],[-37,-34],[-44,-76],[27,-23],[-23,-45],[8,-56],[-65,-17],[-15,71],[-57,-5],[9,-67],[-47,17],[-34,37],[-32,-26],[-113,-18],[15,70],[-55,13],[-2,56],[-67,46],[-61,-99],[-77,-21],[31,-26],[101,52],[70,-88],[-21,-18],[32,-66],[134,55],[62,0],[12,-41],[41,-9],[49,20],[34,-28],[54,26],[57,-11],[44,45],[22,-83],[-48,-66],[-110,-112],[0,-36],[-82,-13],[-90,-102],[-14,-60],[-50,-17],[-130,-93],[-57,-15],[-21,-33],[-116,-67],[-80,-18],[-107,-70],[-50,-50],[-47,-10],[-54,-68],[-42,-8],[-105,-81],[-59,-55],[-11,-38],[-52,-16],[-33,-41],[-55,-13],[-129,-136],[11,-25],[-45,-44],[9,-25],[-46,-34],[-208,-269],[-1,-37],[-50,-33],[-78,-110],[-8,-49],[23,-18],[-59,-178],[10,-80],[71,-52],[-80,-62],[-103,-123],[-36,-79],[-4,-72],[41,-69],[-33,-60],[-23,-94],[9,-125],[-36,24],[-82,24],[-7,-21],[82,-57],[33,-8],[32,-67],[83,-15],[-3,-53],[29,-65],[-68,-15],[-113,-77],[-71,-72],[-63,-102],[-26,-86],[-67,24],[-28,37],[49,27],[38,139],[-2,64],[106,9],[-2,48],[-59,-11],[-66,7],[-116,59],[-70,2],[-129,-48],[49,-79],[-133,0],[-40,-10],[-29,-46],[61,-81],[-52,-9],[-35,-63],[40,-45],[-64,-68],[-68,-26],[20,-34],[50,4],[6,-35],[-85,-4],[68,-47],[28,30],[58,-1],[11,31],[69,-35],[57,9],[31,38],[7,70],[88,7],[37,32],[81,-2],[56,-54],[-16,-88],[13,-33],[-9,-91],[36,-55],[14,-72],[66,-37],[118,12],[48,-32],[-73,-34],[-41,23],[-47,-63],[-69,-12],[-25,29],[-55,-7],[-71,-69],[-2,-45],[48,-68],[-50,-101],[34,-53],[2,-36],[-40,-45],[18,-68],[27,-34],[-46,-26],[35,-42],[6,-53],[-46,-9],[21,-39],[-10,-37],[-47,-28],[13,-74],[-41,-34],[-8,-68],[-80,-62],[-18,-55],[24,-23],[-28,-102],[-36,-27],[4,-57],[-39,-29],[-127,-8],[-126,-68],[-118,-109],[-113,-153],[-58,-127],[-43,-160],[-10,-136],[9,-97],[15,-41],[68,-76],[86,36],[-14,-66],[-25,-42],[0,-62],[25,-67],[26,-25],[68,-24],[-27,-56],[-10,-70],[25,-179],[42,-104],[105,-132],[67,-50],[85,-34],[31,0],[65,76],[68,-10],[38,15],[52,-63],[-77,-85],[-28,-69],[-12,-80],[15,-46],[51,-15],[-31,-98],[-47,-86],[-47,-5],[-61,-61],[-32,-8],[-67,-70],[-52,15],[0,62],[-88,50],[-23,37],[-37,-1],[-23,-56],[-40,3],[-1,111],[45,86],[22,70],[37,36],[-13,70],[-112,67],[-28,53],[67,26],[-5,67],[-60,52],[-57,30],[-74,11],[-80,-9],[-96,-26],[-31,-21],[-2,-69],[-78,-24],[-45,22],[-78,-24],[-96,-51],[-91,-83],[-23,-52],[38,-59],[-2,-63],[-24,-82],[21,-57],[95,-24],[37,-33],[-15,-54],[22,-66],[-9,-38],[14,-110],[21,-54],[33,-34]],[[414967,65161],[-65,21],[-77,-3],[-32,-53],[-58,14],[40,66],[-13,34],[-58,67],[-49,2],[-16,63],[48,26],[5,43],[-44,46],[-62,28],[43,78],[-27,33],[-72,22],[-56,-15],[-54,46],[13,94],[-112,-24],[-4,51],[-86,28],[11,33],[-152,46],[-66,-25],[-80,-58],[-74,-27],[-15,-25],[-582,-331],[-1061,-603],[-583,-331],[-72,-110],[5,-56],[-64,-76],[41,-69],[-16,-79],[71,-52],[-13,-84],[36,-48],[-40,-49],[-62,-32],[2,-104],[-81,-17],[25,-70],[0,-65],[-62,-52],[-49,-65],[-15,-59],[24,-41],[-34,-66],[-36,-15],[-3,-44],[30,-33],[30,-81],[-73,-36],[-19,-36],[19,-74],[22,-151],[34,-37],[-19,-64],[1,-57],[63,-99],[5,-38],[-45,-33],[126,-157],[-44,-54],[-76,-24],[-38,-44],[74,-70],[10,-70],[32,-45],[-25,-34],[-75,-54],[21,-119],[65,-2],[70,-27],[63,-58],[-15,-120],[-42,-54],[-23,-62],[62,-88],[142,-81],[36,9],[72,-57],[55,-110],[97,-76],[56,-6],[7,-61],[59,13],[-13,36],[53,108],[-27,37],[55,54],[12,41],[41,50],[71,-33],[44,-70],[-31,-41],[46,-135],[37,1],[36,-51],[-8,-41],[-57,-57],[-1,-107],[22,-76],[-88,-118],[46,-50],[33,-10],[8,-52],[74,-37],[-31,-44],[7,-55],[31,-63],[40,-36],[56,-14],[-2,-27],[164,-115],[32,-43],[109,-78],[7,-29],[130,25],[177,-35],[-4,-32],[90,-3],[28,13],[83,-49],[39,-51],[50,13],[59,-26],[59,-44],[47,48],[18,50],[-44,30],[80,92],[0,88],[197,242],[72,20],[-29,79],[21,51],[-9,35],[56,72],[4,73],[-32,42],[24,76],[-53,19],[-2,31],[33,44],[-45,26],[-8,64],[45,98],[-1,70],[35,56],[-12,54],[38,46],[-36,66],[20,53],[44,41],[15,44],[-114,151],[18,25],[-12,51],[14,150],[-15,53],[-64,6],[3,90],[-29,47],[2,54],[-42,53],[-8,163],[51,43],[194,-25],[131,-26],[37,-27],[98,-14],[-16,32],[-69,240],[5,62],[138,289],[12,139],[-51,125],[-52,65],[-27,112],[53,18],[18,38],[58,19],[29,59],[-27,22],[-90,-5],[-17,33],[50,50],[15,60],[88,63],[206,212],[166,242],[106,47],[105,-7],[97,54],[47,40],[102,-8],[49,-29],[128,-21],[67,33],[57,3],[38,-21],[54,0],[193,-30],[89,-80],[70,-3],[69,32],[11,47],[65,18],[127,54],[52,50],[0,102],[-19,59],[-41,4],[-47,-29],[-79,13],[-30,-26],[-66,-6],[3,45],[-91,29],[-21,59],[-37,-3],[-43,39],[-81,34],[-40,-33],[-49,38],[-8,43],[-133,31],[-73,-27],[-30,31],[-109,6],[12,89],[-126,15],[-55,71],[-77,16],[-48,41],[53,29],[44,58],[-64,53],[-55,2]],[[422875,57338],[-25,-114],[-35,24],[16,100],[44,-10]],[[431237,77279],[56,11],[14,-32],[-26,-29],[-44,50]],[[349525,43482],[10,476],[15,901],[20,837],[6,582],[6,277],[-2,222],[8,898],[1,350],[-6,914],[0,249],[-17,622],[5,382],[3,859],[-11,1189],[-5,476],[-5,187],[-6,690],[3,529],[-3,870],[-3,0],[-3,780],[-1,519],[-2,58],[-7,893],[-7,623],[-14,1374],[-3,1038],[-3,856],[15,1625],[10,1124],[-2,1158],[-2,1004],[-1,752],[-2,1283],[-4,1551],[-2,735],[-2,788],[-4,535],[-10,1269],[-6,818],[9,0],[6,881],[35,-9],[2,-108],[95,-28],[3,-38],[32,-35],[-35,-52],[38,-33],[4,-55],[32,-32],[38,17],[12,65],[55,-7]],[[420861,47696],[-110,-75],[-37,-2],[-134,-36],[-126,-49],[-70,-46],[-74,-81],[-132,16],[-176,2],[-99,-15],[-79,-24],[-108,11],[-73,-3],[-142,-21],[-181,-57],[-160,-89],[33,-55],[-131,-42],[-77,-41],[-76,-115],[-76,-79],[-26,-52],[11,-22],[-93,-184],[-140,-109],[-13,-32],[-73,-93],[6,-32],[-31,-57],[-65,-20],[-119,-13],[-84,-20],[-192,-60],[-84,-49],[-41,-39],[-5,-37],[-45,-72],[-39,27],[-99,-2],[-123,-18],[-115,-27],[-42,-29],[-79,-15],[-86,-41],[-69,-56],[-60,-14],[-63,-35],[-15,-112],[-48,-46],[-42,-6],[-77,36],[-62,9],[-100,-4],[-112,-17],[-63,-41],[-81,26],[-87,6],[-56,-17],[-110,-6],[-25,-14],[-154,23],[-161,-8],[-109,-16],[-107,-31],[-71,-3],[-165,-50],[-87,-77],[-20,-34],[-81,43],[29,42],[-52,44],[-84,39],[-118,21],[-184,12],[-96,-2],[-52,-14],[-149,10],[-262,1],[-147,6],[-620,-20],[-570,-6],[-175,1],[-206,-7],[-109,-10],[-176,-31],[-45,-24],[-109,30],[-226,12],[-262,-15],[-327,-47],[-145,-34],[-51,-27],[-38,-45],[-93,-18],[-75,34],[-96,18],[-246,1],[-220,-18],[-156,-30],[-118,34],[-229,13],[-248,-11],[-243,15],[-187,-3],[-286,3],[-746,-19],[-317,-25],[-289,-29],[-237,-32],[-332,-60],[-305,-66],[-191,-48],[-276,-79],[-368,-121],[-89,-24],[-84,0],[-130,-31],[-262,-72],[-183,-67],[-158,-23],[-74,-17],[-325,-107],[-462,-160],[-216,-83],[-276,-113],[-294,-139],[-358,-189],[-229,-131],[-385,-233],[-225,-148],[-138,-84],[-58,-45],[-259,-168],[-274,-188],[-323,-235],[-184,-140],[-228,-186],[-289,-214],[-399,-311],[-446,-337],[-260,-204],[-524,-385],[-371,-296],[-111,-77],[-354,-267],[-379,-308],[-233,-197],[-113,-99],[-346,-321],[-198,-155],[-186,-139],[-12,34],[41,76],[78,12],[20,51],[-83,4],[-17,43],[-49,10],[-61,-34],[-31,11],[-169,7],[-30,-20],[-8,-52],[-113,21],[-7,19],[-97,-8],[-193,-97],[-5,-39],[-34,-33],[30,-52],[-34,-43],[-62,4],[-76,-19],[-11,-46],[-71,25],[-54,-31],[-14,-46],[-81,-8],[-84,27],[-49,57],[-76,25],[-1,-45],[29,-55],[-39,-46],[-60,15],[-60,-38],[-27,-44],[-83,35],[-133,8],[41,41],[-20,69],[-71,70],[-51,24],[-43,-25],[-9,-46],[46,-17],[-24,-71],[-88,-46],[-243,-40],[-64,-31],[-32,22],[-60,0],[-5,-81],[-37,0],[-13,44],[-138,18],[-23,-41],[40,-27],[7,-46],[-81,-3],[-37,23],[0,-95],[-97,46],[0,68],[-134,0],[-17,-44],[-121,19],[-4,71],[-84,-38],[-2,-67],[-50,-11],[-127,-4],[-35,-24],[-179,52],[-39,-38],[-165,-48],[-91,-91],[2,-33],[-118,20],[-58,-2],[-7,96],[-38,60],[16,107],[-53,34],[-32,-22],[-76,26],[-22,34],[-53,25],[-102,-57],[-51,-5],[-8,-49],[-166,-33],[-50,0],[-92,-27],[-193,56],[-8,-23],[-72,-10],[-42,-24],[-63,-3],[-12,59],[-93,-13],[4,-35],[-40,-86],[-66,-36],[-72,-1],[15,-35],[-24,-39],[-56,30],[-27,-14],[-60,-94],[-32,-100],[57,-15],[34,-67],[30,-18],[15,-60],[36,-27],[88,-31],[33,-46],[40,-175],[35,-56],[61,-23],[93,12],[111,32],[29,-19],[-12,-89],[-28,-60],[31,-117],[23,-135],[120,-44],[56,-95],[-46,-67],[-2,-57],[37,-74],[85,-18],[106,8],[61,18],[55,65],[43,109],[82,37],[54,60],[71,13],[51,47],[82,-3],[70,34],[37,39],[37,-10],[157,25],[32,118],[5,114],[-8,60],[54,94],[63,19],[23,131],[42,6],[45,-23],[84,-10],[68,5],[39,-62],[34,-3],[9,-69],[-48,-141],[-17,-101],[33,-95],[-52,-157],[-2,-74],[43,-60],[64,-34],[-3,-43],[42,-12],[6,-101],[-63,-73],[-46,-13],[-90,-103],[-78,-114],[-63,-112],[-61,-143],[8,-30],[68,-114],[-14,-59],[-94,-21],[-2,-55],[30,-37],[52,-12],[19,33],[59,-17],[72,2],[55,-25],[-27,-55],[49,-35],[-87,-17],[42,-41],[96,-12],[-2,-71],[46,-58],[-38,-44],[-112,35],[-69,59],[-61,-19],[-31,-56],[-105,-14],[-39,-75],[-4,-63],[69,-40],[27,-33],[-19,-107],[-57,-5],[-28,-49],[-27,-88],[-49,2],[-68,-41],[-134,-22],[-12,29],[-52,4],[-17,-30],[-88,-4],[-122,66],[-48,-1],[-21,34],[4,56],[-76,55],[-3,37],[-76,59],[-26,47],[1,76],[116,-7],[50,68],[-1,77],[-60,10],[-20,55],[-68,-12],[-28,27],[49,64],[-48,45],[-67,14],[-70,76],[-98,-2],[4,83],[-75,47],[-61,81],[-76,3],[51,112],[-20,67],[-43,47],[-83,118],[-43,94],[-103,152],[-111,121],[-160,151],[-123,103],[-94,51],[-193,126],[-196,114],[-182,78],[-117,38],[-176,35],[-122,6],[-119,-20],[-133,-63],[-55,-34],[-88,-155],[-6,-87],[35,-27],[-3,-42],[42,-76],[-159,-97],[-58,-43],[-61,-14],[-201,12],[-73,-16],[-25,-34],[-78,-48],[-38,10],[-44,67],[-13,48],[39,95],[-13,56],[-117,222],[-47,152],[-57,71],[-66,156],[-57,108],[-198,261],[-106,127],[-99,101],[-216,212],[-143,109],[-103,68],[-249,127],[-10,23],[-124,-4],[-43,-16],[-109,-11],[-58,-24],[-67,-83],[-93,-55],[-67,-16],[-16,-35],[-188,19],[-44,12],[-137,-28],[-24,-17],[-88,63],[-57,17],[-79,75],[-111,33],[-33,23],[-20,53],[-122,201],[-153,172],[-98,89],[-68,83],[-72,70],[-83,64],[-70,32],[-187,22],[-17,22],[-91,42],[-103,28],[-46,-11],[-113,2],[-82,15],[-168,-5],[-13,68],[-50,25],[-1,26],[201,9],[72,25],[157,21],[51,31],[28,64],[48,62],[-14,97],[-34,40],[-64,34],[44,37],[30,69],[-3,109],[34,29],[-4,77],[-75,124],[134,35],[105,-36],[47,30],[173,12],[63,-60],[95,-14],[96,7],[43,17],[126,121],[59,85],[53,115],[28,131],[-13,61],[-66,69],[-68,20],[-79,3],[-65,-14],[-2,142],[48,101],[5,44],[-47,71],[-92,47],[-52,72],[-28,136],[-33,43],[6,63],[-22,48],[-50,34],[-174,28],[-57,57],[-87,15],[-22,18],[-124,-1],[-58,-73],[-31,-15],[-110,14],[-110,39],[-111,-14],[-43,7],[-91,55],[-73,2],[-36,-66],[14,-50],[-71,-50],[-47,-1],[-39,-46],[-87,-41],[-97,-6],[-146,13],[-46,20],[36,74],[-57,77],[-53,15],[-45,-25],[-42,8],[10,-98],[44,-45],[-75,-26],[-24,-42],[-86,-92],[-80,-55],[-48,-100],[6,-42],[33,-26],[-22,-99],[-135,20],[-22,49],[-75,-19],[53,-91],[-44,-27],[24,-46],[-29,-50],[96,-99],[65,-13],[28,-58],[-40,-64],[13,-79],[54,-49],[-56,-36],[-109,50],[-35,51],[-29,-49],[179,-78],[26,-37],[-7,-44],[68,-30],[49,-67],[-79,-5],[-150,16],[-133,45],[-111,22],[-37,-6],[-120,30],[-182,21],[-108,-36],[-42,-45],[-116,-11],[-96,-67],[-51,-53],[-13,-57],[-67,6],[-86,-37],[-53,-3],[-76,-129],[-65,-73],[-4,-68],[-40,-39],[-9,-71],[-53,-28],[-63,28],[-142,-46],[-30,12],[-108,-48],[-91,30],[-102,-13],[-67,-24],[4,-29],[-79,1],[-70,-18],[-105,62],[-38,-14],[-94,-3],[-49,-41],[-23,25],[-10,74],[20,51],[-79,73],[-38,61],[-244,209],[-177,124],[-59,54],[-98,65],[-98,87],[-46,25],[-203,140],[-133,111],[-41,12],[-81,52],[-223,110],[-131,82],[-27,-2],[-69,60],[16,31],[96,22],[61,-30],[137,-48],[15,-17],[206,-37],[47,-17],[13,-66],[68,-68],[114,-50],[-3,-37],[89,-45],[298,-64],[196,-20],[179,26],[369,108],[139,30],[107,46],[64,16],[235,106],[92,66],[52,64],[9,42],[-90,64],[86,103],[49,43],[9,45],[41,1],[72,51],[81,84],[23,108],[-24,73],[50,50],[18,65],[86,10],[135,96],[57,67],[37,90],[35,49],[45,22],[28,52],[89,18],[36,42],[71,33],[43,63],[29,80],[24,168],[0,96],[-16,123],[-43,153],[-33,83],[-88,166],[-88,117],[-45,30],[-89,94],[-95,63],[-81,29],[-103,-73],[-61,21],[-105,105],[-54,72],[6,52],[-69,88],[-76,62],[37,47],[-96,89],[14,38],[-20,60],[-11,94],[19,36],[-15,53],[-56,48],[-19,56],[7,46],[-44,40],[4,29],[-52,39],[-223,101],[-68,19],[-67,3],[-40,-20],[31,-40],[-38,-17],[-46,59],[-51,-3],[-32,-57],[42,-31],[19,-60],[60,-2],[31,-27],[-89,-53],[-92,36],[-120,3],[-34,53],[-36,13],[-98,-36],[-46,-4],[-79,-57],[-121,4],[-85,-32],[-47,-40],[-7,-85],[-36,-34],[-40,-71],[-10,-60],[19,-75],[-60,-37],[-106,-3],[-64,-22],[-72,-49],[-134,-15],[-81,-38],[-83,-55],[-38,-45],[-84,-59],[-69,-62],[-86,-4],[-77,-60],[-155,-102],[-70,-55],[-82,0],[-133,14],[-162,-17],[-80,-17],[-87,-49],[-51,-74],[-57,-13],[-46,-80],[-45,-27],[-45,3],[-135,-52],[-142,-21],[-26,-49],[-3,-54],[29,-36],[-35,-86],[1,-64],[-34,-50],[-70,19],[-86,70],[-74,11],[-54,-51],[-42,48],[-57,0],[-86,-73],[-279,19],[-46,22],[-70,58],[-68,-22],[-49,-57],[-13,-101],[-125,-61],[6,-35],[-48,-35],[-34,-183],[98,-62],[43,-2],[87,24],[30,-39],[46,-7],[64,-45],[113,3],[20,79],[-7,33],[25,72],[36,33],[51,-99],[80,-75],[76,-49],[125,-54],[99,-12],[136,27],[59,-7],[122,18],[49,-6],[181,38],[36,-4],[81,33],[154,119],[83,54],[65,27],[187,102],[43,36],[143,-41],[95,7],[56,-7],[190,-59],[55,-56],[51,-18],[66,-98],[40,-24],[-27,-54],[-1,-77],[27,-77],[-57,-116],[-14,-72],[-34,-95],[-53,-25],[31,84],[-83,62],[-120,-59],[-32,-37],[-61,-23],[-31,-55],[-73,-67],[-68,-80],[-61,-46],[-90,-110],[82,-65],[-4,-37],[67,7],[111,42],[72,11],[-60,-89],[-118,17],[-114,-10],[-91,-31],[-30,-65],[-3,-50],[-52,11],[-244,85],[-218,51],[-188,12],[-106,-16],[-73,-39],[-31,-37],[7,-55],[-114,18],[-79,2],[-316,51],[-65,-6],[-111,-67],[-66,-13],[-55,-35],[-63,-7],[-94,-33],[-3,-27],[-60,-41],[-137,-47],[-99,-22],[-89,-41],[-28,-93],[-66,-59],[-110,-21],[-53,-59],[-59,-37],[-29,-52],[-54,-39],[-56,-19],[-51,-42],[-69,-16],[-40,-44],[-1,-61],[-47,2],[-165,-23],[-195,-57],[-55,-59],[-90,-25],[-19,-90],[-229,-6],[-91,-18],[-58,-25],[-51,-80],[-33,-14],[-29,-78],[-51,-20],[-48,-63],[-88,5],[-208,-5],[-146,-20],[-99,-31],[-57,-91],[-89,-39],[-54,-44],[-78,-92],[-91,-70],[-80,-96],[-20,-80],[76,-41],[-109,-140],[-50,-5],[-51,-66],[-92,-8],[-79,-48],[-44,-42],[-52,-16],[-56,-51],[16,-28],[-41,-100],[-68,-94],[-129,-68],[6,-34],[-69,-64],[-80,-31],[-67,-72],[-12,-61],[20,-18],[-189,-56],[-11,-89],[-29,-16],[-207,-2],[-75,-37],[-95,-7],[-101,-28],[-45,-27],[-64,8],[-62,-24],[-44,-40],[-166,-34],[-19,-32],[-75,-29],[-144,-35],[-104,-39],[-60,-41],[-51,-59],[-1,-61],[67,-36],[-88,-42],[-25,-29],[-31,-94],[-130,-69],[-39,8],[-93,-9],[-98,-28],[-211,-175],[-49,-62],[11,-25],[-36,-45],[-63,-45],[-74,-33],[-56,-69],[-95,11],[-128,-20],[-73,6],[-55,-18],[-69,40],[-26,41],[-51,24],[1,48],[-50,54],[-146,120],[-21,36],[-173,118],[-80,42],[-49,51],[-96,12],[-38,-14],[-108,80],[-188,97],[-128,41],[-119,-11],[-147,7],[-156,37],[-64,-42],[-114,-25],[-21,-29],[-87,-3],[-15,-48],[-62,-10],[-63,18],[-129,16],[-19,29],[-86,16],[-43,25],[-154,122],[-40,6],[-12,51],[-46,17],[-76,81],[-176,153],[-169,129],[-54,54],[-86,58],[-125,69],[-74,26],[-49,45],[-73,26],[-83,0],[-61,53],[-120,29],[-14,39],[-49,2],[-68,40],[-88,19],[-59,-2],[-127,17],[-64,-27],[-79,5],[-46,16],[-123,22],[-29,-36],[-187,48],[-51,-3],[-93,60],[-162,19],[-58,-13],[-21,38],[-85,-5],[-14,46],[-52,56],[-56,10],[-45,27],[-59,-6],[-51,23],[16,33],[-45,30],[-38,-14],[-79,56],[-86,-13],[-149,78],[-139,103],[-200,130],[-115,90],[-112,66],[-45,13],[-130,115],[-110,38],[-60,51],[-86,50],[-60,48],[-143,84],[-70,27],[-19,29],[-95,34],[-87,66],[-60,22],[-168,112],[-58,21],[-143,70],[-84,32],[-145,20],[-68,48],[-65,25],[-106,-9],[-41,-51],[-114,35],[-95,77],[-73,33],[-91,65],[-173,88],[-257,102],[-142,-6],[-136,-25],[-23,-38],[-43,10],[-92,-22],[-62,28],[-74,-29],[-39,3],[-71,-37],[-32,15],[-105,-2],[-57,-13],[-84,-44],[-47,-49],[-16,-42],[16,-53],[70,-16],[-72,-40],[-94,32],[-168,-4],[-103,-17],[-124,30],[-85,8],[-74,-15],[-117,18],[-88,66],[-103,23],[-34,29],[-83,18],[-83,47],[-197,75],[-121,68],[-163,110],[-186,120],[-192,100],[-293,127],[-161,60],[-216,61],[-164,39],[-362,42],[-279,16],[-272,40],[-218,3],[-301,-48],[-201,-68],[-81,-50],[-36,-5],[-65,-54],[-37,-11],[-108,-68],[-40,-10],[-191,-98],[-53,-49],[-18,-59],[84,-94],[-15,-68],[93,-1],[21,-22],[-9,-69],[31,-59],[91,-116],[48,-8],[-10,-37],[68,-71],[-165,-4],[-26,-30],[15,-60],[-29,-9],[-54,43],[-20,46],[-93,12],[-70,27],[-123,9],[-64,-31],[-42,-92],[-58,-12],[-18,-83],[15,-45],[-49,-66],[-97,1],[-111,72],[-26,78],[53,46],[-74,116],[-158,88],[-302,126],[-86,17],[-119,-3],[-85,-13],[-93,-29],[-47,-28],[-10,-44],[25,-24],[38,-122],[-55,-15],[-53,14],[-35,33],[-74,26],[-92,-1],[-81,75],[4,53],[29,73],[120,85],[54,20],[60,66],[-46,141],[-34,60],[-135,169],[-105,116],[-148,122],[-47,49],[-211,173],[-264,205],[-206,147],[-151,99],[-343,197],[-140,67],[-147,79],[-157,73],[-86,29],[-95,48],[-72,22],[-75,49],[-216,86],[-172,79],[-180,64],[-193,55],[-198,29]],[[420303,47243],[-9,41],[32,28],[48,-10],[27,-35],[-13,-65],[-78,15],[-7,26]],[[378831,41956],[-30,9],[54,71],[60,55],[25,-19],[-25,-67],[90,19],[-1,28],[83,11],[-17,-52],[-69,-25],[-170,-30]],[[383654,40946],[-16,42],[24,50],[-30,76],[-2,62],[37,84],[39,161],[-7,22],[33,68],[-4,64],[34,166],[109,8],[81,-26],[42,-31],[86,-18],[59,-88],[77,-49],[213,-28],[83,8],[84,37],[121,27],[100,-26],[238,5],[43,-28],[49,-64],[7,-46],[56,-56],[96,-49],[36,0],[101,-107],[-180,-75],[-31,-28],[-122,4],[-82,-18],[-139,-11],[-49,-15],[-52,12],[-71,-5],[-65,-33],[-79,-58],[-26,-44],[24,-61],[-59,-20],[8,-59],[-72,-24],[-46,47],[-56,-14],[-120,-110],[-50,42],[-133,25],[-58,21],[-58,50],[-190,48],[-71,-8],[15,-49],[-60,-50],[-21,48],[36,39],[18,82]],[[357782,40719],[-83,-58],[-20,70],[38,19],[92,12],[-27,-43]],[[382738,40301],[47,44],[214,74],[30,29],[134,29],[120,-7],[52,20],[87,-12],[235,-18],[102,7],[23,-62],[134,-11],[4,-43],[-76,-25],[-29,-58],[-49,-31],[4,-53],[79,-8],[45,-47],[-77,-41],[6,-56],[139,-21],[138,38],[48,-36],[62,-6],[86,14],[48,-53],[-111,-30],[-44,-39],[-22,-99],[124,-100],[51,-7],[-39,-68],[20,-43],[-76,-11],[-53,38],[12,69],[-61,78],[-186,149],[-56,38],[-166,64],[-103,16],[-11,20],[-75,-17],[-61,30],[-115,-21],[-44,-22],[-14,-46],[-51,-63],[-44,-33],[-41,29],[-46,-7],[-28,43],[-74,8],[-47,29],[-144,10],[-48,21],[-84,10],[-173,-64],[-110,-3],[-37,10],[71,57],[145,28],[40,56],[-5,47],[72,134],[28,22]],[[393876,38232],[30,47],[71,9],[31,-31],[122,-62],[53,-73],[-70,-21],[-132,-71],[-129,-107],[-63,-37],[-90,-25],[-84,22],[-43,31],[-97,31],[-183,43],[-179,186],[-52,76],[50,34],[-1,51],[153,-5],[125,34],[52,-5],[23,-38],[-76,-27],[59,-25],[87,59],[92,5],[-19,-73],[-39,7],[-46,-38],[-75,-24],[-39,-46],[85,-26],[-83,-31],[30,-25],[233,52],[77,51],[127,52]],[[396127,39058],[-122,-40],[-144,-58],[-135,-2],[-61,20],[8,32],[-27,51],[33,27],[51,-6],[10,83],[164,53],[31,-20],[124,-11],[54,38],[124,-30],[116,-1],[-16,-72],[-52,-22],[-97,-12],[-61,-30]],[[394345,38374],[-113,8],[-77,-32],[-132,76],[14,50],[141,86],[72,1],[40,-23],[129,-34],[35,53],[128,-20],[120,-3],[29,-32],[-11,-54],[-125,-11],[-54,-24],[-196,-41]],[[393046,38451],[104,13],[110,-12],[76,-43],[-55,-40],[-71,51],[-56,-14],[-67,17],[-38,-37],[-119,-49],[-53,-1],[-22,26],[58,100],[76,11],[57,-22]],[[396055,38836],[40,56],[-90,2],[143,68],[73,64],[40,-14],[7,-34],[-72,-70],[-201,-170],[11,71],[49,27]],[[395822,38734],[4,-32],[-160,3],[5,29],[151,0]],[[395114,38730],[-27,79],[55,-2],[65,-40],[-93,-37]],[[394896,38653],[2,22],[86,59],[27,-32],[-13,-33],[29,-29],[-120,-29],[-11,42]],[[391213,35584],[-51,26],[-28,95],[39,0],[28,-85],[92,-39],[-30,-59],[-30,7],[-20,55]],[[394367,38371],[70,18],[101,-7],[17,-32],[-182,12],[-6,9]],[[395836,38869],[-72,-2],[-104,-38],[6,56],[170,-16]],[[394676,38689],[57,41],[27,-60],[-39,-19],[-45,38]],[[395424,38869],[-54,8],[4,33],[86,-11],[-36,-30]],[[391928,35155],[23,48],[42,-26],[-65,-22]],[[384139,40133],[34,-42],[-73,-1],[39,43]],[[444296,137665],[18,-27],[-30,-99],[44,-21],[36,27],[93,14],[98,-34],[55,-71],[-8,-89],[-36,-47],[3,-42],[-53,-51],[-70,12],[-45,-16],[-24,25],[-55,16],[12,-180],[50,59],[126,-1],[75,17],[44,-14],[3,-51],[61,2],[-38,52],[22,40],[44,-1],[87,-78],[122,-58],[32,-42],[19,-93],[24,-53],[-26,-52],[-43,13],[-34,-38],[12,-51],[-64,-41],[-52,-55],[18,-24],[73,11],[12,48],[64,50],[47,-65],[40,-25],[-15,-80],[-31,-57],[-47,19],[-61,-24],[-32,-33],[25,-23],[-38,-101],[53,-80],[-34,-54],[25,-31],[68,62],[60,-36],[-11,-26],[-113,-51],[-73,-53],[-4,-24],[43,-176],[107,-45],[-4,34],[-41,38],[82,12],[-13,101],[96,-27],[7,70],[30,32],[-66,14],[5,32],[44,61],[23,-49],[45,36],[-20,76],[-119,36],[-34,70],[4,53],[87,0],[57,28],[63,-16],[41,46],[-6,100],[64,4],[3,35],[-52,38],[13,47],[-66,19],[-45,58],[5,112],[33,21],[26,55],[3,70],[40,31],[86,-22],[-28,74],[-82,26],[38,34],[70,-17],[15,-25],[15,-201],[15,-110],[40,-172],[62,-148],[148,-197],[105,-97],[129,-76],[114,-31],[94,-6],[101,34],[37,64],[4,65],[34,10],[47,-48],[-11,-30],[-44,-13],[-109,-207],[-177,-357],[-112,-254],[-108,-283],[-66,-158],[-132,-385],[-87,-284],[-71,-258],[-70,-308],[-19,-105],[-31,-263],[1,-131],[19,-116],[37,-127],[67,-116],[67,-53],[61,-17],[60,54],[59,18],[67,-25],[-11,-62],[14,-32],[-18,-37],[-36,-169],[-36,-144],[-50,-247],[-39,-257],[-14,-212],[24,-49],[55,-63],[-19,-70],[-20,-187],[-2,-119],[8,-74],[27,-77],[-7,-185],[-19,-23],[37,-39],[6,-73],[39,-103],[28,-13],[71,-64],[70,-23],[57,32],[-16,-205],[-8,-179],[22,-210],[-2,-127],[16,-63],[36,-60],[41,-13],[20,-82],[-68,-6],[-55,-46],[-55,27],[-46,-33],[-14,-78],[5,-46],[-19,-55],[-71,-106],[-8,-83],[24,-75],[-48,-82],[19,-63],[-133,-66],[-80,-3],[-73,-95],[-79,65],[-31,-76],[29,-47],[-18,-64],[13,-34],[-26,-39],[-53,2],[-49,-52],[-20,-46],[118,-123],[59,-14],[2,-83],[-51,-38],[55,-28],[28,-36],[-10,-38],[-39,-25],[61,-28],[11,-73],[103,-63],[-16,-33],[79,-40],[71,-57],[19,-64],[60,-73],[-49,-38],[47,-50],[105,13],[64,-30],[82,-70],[-10,-36],[-103,-49],[-88,15],[-80,-19],[-227,-117],[-87,-50],[-42,-37],[-64,-108],[-56,-125],[-55,-70],[18,-19],[-67,-49],[10,-22],[-56,-103],[33,-100],[30,-35],[102,13],[163,-47],[76,-7],[65,-25],[112,41],[27,69],[67,-4],[13,-136],[20,-25],[-21,-43],[-9,-70],[21,-35],[-25,-35],[-28,-79],[-4,-62],[-22,-53],[-34,-12],[-24,35],[-62,18],[-63,-15],[-41,-39],[-64,52],[-19,73],[60,118],[-7,28],[-168,-14],[11,-38],[45,-18],[41,-74],[20,-76],[25,-37],[49,-22],[-116,-146],[7,-136],[38,-98],[45,-50],[57,-9],[39,-58],[-39,-31],[89,-43],[111,-68],[115,-34],[129,-67],[108,-1],[32,-18],[18,-125],[-97,-63],[32,-49],[-38,-62],[-3,-56],[-36,-57],[-38,-27],[-129,-60],[-75,-86],[-121,-36],[-90,-3],[-106,28],[-50,-13],[212,-51],[69,14],[126,63],[47,50],[82,50],[45,12],[48,34],[75,112],[44,52],[-14,53],[34,71],[55,53],[167,235],[106,-57],[-182,-251],[34,-57],[-46,-24],[-79,19],[-15,-56],[61,-28],[1,-84],[-28,-10],[11,-113],[31,-65],[48,-38],[43,-7],[-3,-37],[60,-9],[3,-51],[-35,-23],[56,-93],[45,7],[9,-51],[71,-19],[75,-6],[74,12],[44,35],[35,-29],[144,-16],[11,-31],[-29,-36],[53,-63],[-29,-107],[14,-18],[89,0],[123,17],[-39,-130],[-51,-73],[33,-17],[-9,-42],[31,-53],[45,-44],[140,-30],[4,-32],[-30,-38],[62,-79],[-23,-36],[-59,-48],[-5,-61],[21,-66],[55,-45],[-7,-70],[19,-120],[-34,-46],[-2,-63],[24,-50],[68,-71],[-29,-73],[52,-129],[-73,-48],[-100,-9],[-1,-49],[68,-8],[93,29],[54,101],[85,-9],[74,24],[42,-36],[25,-91],[50,14],[52,-11],[20,31],[88,-19],[65,21],[85,-99],[30,-111],[30,-37],[44,-19],[89,-1],[102,47],[-24,-66],[-5,-142],[-53,-96],[-32,-32],[-137,-18],[-185,-18],[-17,-16],[75,-57],[-63,-44],[-81,-1],[-53,27],[35,-87],[0,-64],[73,-36],[46,-58],[-34,-23],[-13,-39],[43,-33],[59,13],[21,-48],[5,-86],[43,-48],[-56,-40],[-10,-48],[-65,1],[-37,29],[-26,-56],[35,-46],[-7,-41],[-72,-35],[-118,20],[-37,-84],[-41,-8],[-30,-54],[37,-48],[73,24],[10,49],[-15,49],[16,54],[78,-27],[103,39],[32,113],[56,-1],[63,18],[-32,-71],[3,-24],[50,-72],[41,-116],[-18,-144],[36,-93],[-2,-93],[16,-4],[49,-81],[45,20],[2,147],[-25,26],[34,29],[38,-15],[-8,-272],[17,-217],[19,-128],[31,-158],[48,-192],[52,-139],[31,-42],[40,-8],[5,-36],[98,-180],[43,-54],[85,-43],[99,-134],[74,-69],[113,-68],[129,-5],[72,38],[17,-17]],[[349790,112762],[1,2364],[0,1158],[0,814],[1,1241],[0,912],[1,1112],[0,1001],[0,1672],[0,1072],[0,1374],[0,1114],[-1,668],[0,1446],[0,1166],[0,725],[0,1115],[0,891],[0,1001],[-1,1942],[0,181],[-710,0],[-1199,0],[-2546,-1],[-637,0],[-1913,0],[-1906,0],[-636,0],[-3182,-1],[-637,0],[-1196,0],[-1349,-1],[-1909,0],[-409,0],[-2451,0],[-431,0],[-1496,-1],[-1146,0]],[[326038,135727],[-1,889],[-1,2556],[0,1000],[0,2111],[0,2333],[0,3445],[0,1000],[0,556],[0,1570],[-1,795],[-1,1619],[0,1066],[-2,2729],[-1,1267],[-1,956],[0,1001],[-1,998],[0,1223],[-1,1247],[-1,1643],[-1,1000],[0,779],[-1,1220],[-2,1448],[-1,2286],[-1,1817],[-1,1261],[0,751],[-1,1112],[-1,1683],[0,795],[-1,2086],[-1,442],[-1,1669],[-1,1668],[-1,1257],[1,930],[1,854],[-1,852],[0,1112],[-2,955],[1,482],[-3,3345],[0,1378],[-2,1619],[0,1339],[-1,890],[0,556],[-1,1669],[-1,556],[-1,1668],[-1,1669],[0,1201]],[[326003,208080],[52,-48],[143,-81],[70,-59],[14,-43],[96,-41],[85,-88],[59,-96],[85,-70],[72,-43],[165,-155],[93,-76],[32,-40],[50,-16],[101,-68],[143,-68],[51,-63],[122,-76],[154,-78],[152,-57],[163,-49],[250,-55],[65,-33],[112,-89],[136,-59],[70,-17],[69,-55],[8,37],[41,8],[28,47],[97,-31],[60,21],[71,-5],[76,-22],[114,-49],[131,-74],[102,-86],[34,-4],[64,-47],[63,36],[117,-5],[74,-35],[73,-13],[63,-29],[-4,43],[31,7],[30,-47],[78,27],[121,-16],[241,-4],[163,31],[86,8],[138,-3],[58,15],[86,5],[44,27],[92,2],[20,20],[228,-68],[3,-40],[55,-55],[87,-53],[128,-56],[163,-57],[112,-31],[219,-85],[40,-54],[28,4],[82,-40],[115,-41],[175,-46],[118,-25],[66,-43],[45,-43],[61,-30],[105,-31],[100,-15],[80,-26],[47,-39],[96,-11],[137,60],[79,-45],[100,-21],[52,-33],[79,21],[113,-16],[78,8],[85,-25],[81,-12],[78,-32],[65,-44],[161,-79],[12,-52],[-44,-48],[16,-90],[52,-99],[90,-81],[46,-19],[77,-56],[56,-53],[-6,-27],[30,-80],[54,-55],[50,-35],[78,-21],[101,-50],[135,-52],[101,-29],[96,-54],[-36,-40],[-15,-59],[-45,-73],[-37,-157],[-3,-78],[16,-100],[41,-96],[25,-172],[24,-121],[8,-127],[29,-95],[24,-28],[53,-143],[25,-37],[-1,-46],[97,-150],[61,-150],[94,-162],[36,-91],[116,-173],[55,-46],[60,-67],[83,-62],[140,-86],[128,-65],[42,-32],[179,-87],[114,-26],[141,-65],[151,0],[46,7],[215,10],[106,-2],[83,-16],[231,-122],[47,-37],[28,8],[165,-50],[158,-106],[122,-120],[86,-29],[71,-35],[81,-75],[79,-90],[-35,-51],[45,-26],[90,-12],[60,-34],[98,-21],[58,-33],[39,-101],[48,-66],[42,7],[54,-95],[53,-39],[130,-57],[65,-66],[31,6],[99,-23],[61,-25],[56,5],[162,-30],[72,-6],[28,-40],[55,38],[109,-52],[44,-54],[86,-35],[51,-1],[-14,-72],[75,-5],[65,22],[102,-6],[105,-37],[22,26],[75,-17],[60,57],[42,0],[36,-24],[14,-36],[78,-67],[2,-47],[-34,-28],[0,-64],[62,30],[44,42],[239,-105],[125,-41],[240,-66],[98,-46],[42,-60],[-38,-52],[27,-26],[-7,-41],[14,-52],[39,-71],[53,-69],[103,-97],[139,-106],[106,-53],[83,-28],[98,-22],[221,-28],[253,0],[114,-5],[82,18],[165,10],[110,36],[107,19],[62,-6],[80,28],[114,7],[32,19],[149,22],[75,-51],[22,23],[186,52],[97,15],[50,-5],[262,44],[112,26],[200,10],[146,19],[93,24],[111,18],[113,36],[167,83],[131,84],[47,41],[93,46],[54,-5],[-3,-29],[63,-21],[45,32],[63,-4],[187,57],[134,54],[104,51],[31,24],[257,149],[174,35],[45,-7],[50,45],[241,131],[110,78],[68,71],[22,-1],[122,121],[-1,23],[146,91],[103,52],[59,61],[130,-38],[73,21],[68,103],[121,109],[80,52],[133,28],[114,45],[90,25],[130,-4],[-9,53],[63,82],[80,74],[5,29],[98,143],[61,75],[108,157],[31,27],[17,97],[60,150],[3,55],[44,161],[7,154],[32,37],[23,57],[-17,65],[30,48],[1,159],[32,164],[74,133],[24,8],[-5,100],[71,90],[54,30],[-18,45],[58,153],[39,61],[-11,41],[33,178],[9,113],[-4,67],[24,57],[-13,37],[4,59],[-13,100],[-24,45],[4,55],[-37,90],[5,43],[44,170],[39,112],[75,144],[48,73],[63,21],[10,22],[105,77],[120,102],[224,262],[89,118],[112,160],[68,132],[41,127],[-13,79],[26,148],[21,27],[86,-5],[163,96],[114,88],[95,83],[171,172],[175,197],[113,171],[45,48],[33,80],[68,118],[31,77],[30,126],[13,156],[51,118],[0,121],[43,68],[45,35],[30,96],[56,53],[71,13],[53,-34],[31,66],[-5,49],[58,100],[56,142],[64,114],[34,108],[34,169],[-26,124],[-70,70],[-45,68],[0,107],[-9,27],[38,41],[6,47],[39,-4],[38,110],[32,51],[43,98],[51,83],[28,77],[55,195],[49,124],[76,233],[33,168],[-15,101],[6,39],[59,123],[153,221],[36,63],[74,102],[4,18],[100,133],[95,160],[74,135],[22,66],[44,83],[13,60],[-9,121],[-24,62],[-22,18],[-54,85],[-13,40],[-47,71],[-51,226],[-34,93],[-36,184],[-19,69],[-58,115],[-95,147],[60,39],[94,-10],[38,27],[-9,72],[52,102],[50,119],[51,256],[17,196],[36,453],[11,204],[52,291],[34,147],[0,88],[50,102],[35,138],[25,130],[43,147],[60,230],[59,210],[83,208],[41,46],[9,47],[57,70],[56,105],[39,115],[78,199],[66,141],[78,207],[67,222],[-18,45],[51,135],[77,84],[66,101],[46,113],[56,255],[24,171],[4,108],[-21,102],[27,7],[40,64],[47,28],[19,50],[159,146],[97,69],[70,90],[13,36],[17,108],[-78,170],[22,53],[31,20],[-10,55],[45,110],[34,53],[45,13],[32,65],[39,40],[43,154],[19,121],[1,77],[-18,81],[-33,94],[-38,72],[-39,25],[-138,167],[-63,102],[-41,114],[-148,288],[-72,184],[-22,34],[-42,324],[-25,108],[-52,174],[-24,49],[0,48],[-41,192],[0,160],[-8,95],[-36,220],[-58,239],[-5,35],[12,259],[-11,122],[-18,77],[-49,144],[-45,229],[-18,28],[-19,98],[-73,231],[0,30],[48,260],[70,238],[80,293],[105,292],[118,256],[35,52],[81,202],[40,127],[32,190],[-25,288],[-41,149],[9,18],[-14,137],[35,129],[12,78],[-3,95],[-77,221],[-55,114],[-78,119],[-104,119],[-221,208],[-156,153],[-131,156],[-168,255],[-40,156],[-3,117],[-15,88],[4,225],[39,217],[58,240],[81,254],[7,80],[21,79],[49,289],[13,148],[17,273],[64,314],[41,125],[14,74],[40,141],[117,284],[58,115],[41,100],[37,54],[95,82],[179,190],[74,122],[44,94],[96,288],[51,124],[54,111],[34,29],[158,190],[-2,15],[221,263],[61,109],[29,72],[21,111],[-42,213],[-34,27],[-52,120],[-45,39],[-36,-6],[-48,60],[-46,9],[-16,58],[-43,57],[-19,113],[-56,79],[-39,28],[-51,7],[4,45],[-15,107],[-39,59],[-12,157],[-39,80],[-22,68],[23,56],[18,100],[0,72],[-15,45],[12,78],[-8,47],[-33,78],[-72,72],[-70,38],[-42,-25],[-18,112],[-39,56],[62,120],[21,67],[36,75],[25,79],[38,14],[60,69],[64,93],[54,100],[62,55],[21,-59],[43,-20],[40,6],[75,47],[50,60],[36,76],[54,18],[72,66],[75,3],[116,31],[26,23],[56,88],[59,45],[62,9],[64,74],[47,98],[69,79],[33,61],[43,110],[32,136],[42,70],[71,194],[72,159],[55,188],[8,118],[19,85],[114,48],[149,-122],[61,-15],[52,27],[30,-9],[48,-46],[89,153],[-48,17],[-23,29],[-75,46],[-46,-23],[-80,-17],[-58,49],[-36,54],[-6,35],[40,51],[23,-23],[47,9],[35,39],[122,16],[41,69],[42,-4],[41,68],[38,-7],[60,47],[31,63],[6,93],[-20,29],[-95,44],[-47,-47],[-87,-7],[-101,-37],[-28,17],[-90,6],[-59,-22],[-38,-44],[-51,32],[0,54],[-20,31],[-66,38],[-92,-8],[-18,41],[-92,22],[-88,64],[-17,45],[22,58],[-59,20],[11,60],[-64,43],[-79,-7],[-38,14],[-52,53],[-71,17],[-120,54],[-59,-4],[-49,-109],[18,-86],[-89,-124],[-149,4],[-56,-6],[-80,-31],[-64,-66],[4,-26],[-76,5],[-75,-41],[-34,38],[-94,43],[-58,-1],[-18,27],[-55,32],[18,82],[56,99],[47,112],[18,83],[65,154],[80,139],[32,76],[138,274],[61,139],[134,330],[115,315],[105,344],[15,142],[28,51],[51,148],[24,40],[73,33],[53,45],[57,98],[83,180],[30,54],[172,391],[35,63],[126,275],[84,208],[64,127],[50,73],[116,122],[120,237],[77,83],[157,147],[62,17],[55,-14],[92,4],[-18,-35],[-46,-36],[-67,-87],[-26,-84],[37,-49],[4,-64],[57,-97],[42,-44],[32,3],[7,-54],[40,-56],[33,-98],[-20,-63],[1,-160],[17,-93],[16,-29],[35,-222],[42,-91],[108,-94],[10,-28],[-134,-107],[-115,-25],[88,-29],[119,72],[53,47],[17,46],[-6,38],[-89,84],[-44,118],[-3,67],[-16,57],[8,121],[24,94],[111,108],[92,110],[61,2],[33,-15],[104,-83],[88,-36],[143,157],[-43,46],[-17,85],[-25,62],[-53,52],[-67,96],[-116,110],[-77,33],[-99,-40],[-48,25],[-13,32],[-5,103],[8,112],[25,109],[-1,38],[21,92],[16,150],[1,74],[39,241],[56,250],[47,143],[75,192],[56,66],[110,64],[28,51],[-2,88],[11,82],[72,249],[30,195],[65,38],[0,69],[19,115],[76,224],[11,51],[45,127],[29,144],[35,136],[49,112],[78,118],[14,56],[92,213],[62,190],[17,16],[78,-4],[-1,73],[-25,-4],[1,70],[64,210],[30,124],[31,88],[30,123],[24,40],[-2,141],[34,181],[14,112],[3,242],[5,91],[-10,159],[-17,76],[-36,32],[4,53],[73,37],[17,48],[34,21],[34,77],[46,213],[13,142],[6,136],[14,57],[63,70],[-23,27],[-4,59],[-51,90],[2,35],[42,2],[-11,79],[-52,151],[9,107],[-11,82],[-71,197],[-8,89],[-21,69],[-49,87],[33,81],[-3,69],[28,39],[16,56],[65,61],[102,68],[161,86],[134,48],[64,7],[33,-10],[85,-55],[80,4],[54,17],[119,76],[60,-9],[21,-30],[49,-3],[51,23],[77,-42],[28,-1],[66,30],[55,54],[21,-5],[56,45],[52,-1],[20,-31],[126,116],[62,32],[51,12],[53,46],[38,97],[6,44],[31,23],[7,76],[101,63],[45,55],[37,20],[36,58],[36,149],[48,36],[39,63],[23,77],[-3,58],[17,73],[36,76],[35,38],[30,69],[-5,47],[-23,39],[46,32],[-6,24],[80,90],[33,-19],[41,-57],[93,-17],[80,0],[137,23],[44,21],[46,-9],[98,59],[-11,28],[147,74],[26,54],[75,-75],[-28,-32],[13,-35],[42,-44],[61,-7],[54,-114],[93,24],[-2,-46],[45,-13],[43,57],[18,-69],[39,7],[33,-23],[0,-36],[108,-54],[-71,-81],[4,-67],[-50,-17],[-45,-64],[22,-26],[-51,-25],[-23,-35],[-3,-52],[-61,19],[-29,-12],[-29,-45],[-24,-95],[-89,-143],[-41,-13],[-31,-52],[-64,-24],[-43,11],[-75,-13],[10,-34],[-42,-93],[5,-111],[-8,-69],[21,-8],[20,-60],[-15,-128],[-31,-32],[-47,-7],[0,-48],[-23,-75],[-48,-50],[19,-44],[-1,-100],[-43,-49],[-96,-70],[1,-52],[57,17],[74,61],[72,114],[4,46],[59,86],[45,24],[67,79],[14,3],[93,109],[-4,67],[26,56],[81,77],[6,31],[46,1],[96,61],[12,-54],[36,-30],[88,-33],[-54,76],[30,52],[58,-33],[93,-80],[65,-71],[17,-109],[-12,-34],[14,-41],[-50,-65],[-26,-70],[43,-61],[66,-12],[47,12],[24,27],[47,9],[106,-22],[131,-35],[57,-79],[-7,-22],[51,-105],[80,-33],[47,0],[116,53],[20,53],[50,-72],[50,-18],[1,-42],[25,-36],[125,-73],[6,-80],[43,-26],[-24,-150],[47,-53],[8,-67],[82,-28],[19,-60],[-13,-22],[49,-55],[54,-17],[24,-48],[25,-11],[18,-95],[2,-155],[12,-65],[-16,-99],[37,-29],[-11,-58],[32,-43],[-1,-42],[27,-21],[4,-75],[-25,-94],[-2,-91],[-15,-64],[-41,-114],[-2,-39],[-42,-52],[32,-28],[2,-90],[46,-90],[11,-64],[-13,-139],[75,-115],[72,-24],[44,26],[30,-16],[63,-162],[91,-38],[71,-130],[44,-49],[8,-73],[60,-48],[-13,-93],[22,-64],[29,-40],[-112,-145],[-51,-74],[-83,-96],[-37,-72],[-6,-65],[-26,-89],[-3,-131],[-10,-52],[59,-83],[43,-21],[5,-99],[-28,-56],[4,-159],[-17,-145],[3,-60],[36,-53],[42,-88],[34,-14],[23,-54],[-2,-249],[57,-119],[4,-207],[-7,-64],[17,-24],[-7,-283],[-9,-75],[9,-106],[17,-92],[-23,-71],[7,-81],[-33,-77],[-27,-102],[-8,-111],[20,-82],[-14,-70],[29,-158],[120,-70],[12,-70],[24,-31],[81,-45],[54,-1],[55,16],[22,-20],[16,-53],[35,-67],[97,-64],[14,47],[43,-4],[136,-58],[63,-64],[12,-36],[45,-32],[73,-102],[74,-19],[35,25],[32,-25],[73,-21],[157,-3],[181,25],[94,34],[71,40],[31,1],[37,42],[160,84],[51,47],[14,62],[64,-33],[28,-69],[40,17],[54,-8],[82,-51],[31,12],[42,-65],[52,-6],[7,-171],[18,-34],[63,-34],[55,-136],[57,-50],[357,121],[10,38],[44,0],[60,-83],[70,-7],[33,-58],[-84,-84],[-49,-18],[-58,21],[-1,27],[-42,45],[-44,-4],[-195,-120],[-38,-88],[-20,-70],[-51,-67],[-43,-75],[-10,-51],[-40,-74],[-66,-56],[2,-22],[-71,-140],[-58,-76],[-10,-45],[-81,-88],[-77,-133],[-19,-17],[-39,-96],[-47,-86],[-65,-92],[-78,-23],[-39,-30],[45,-30],[9,-33],[67,-25],[2,-75],[-49,-93],[9,-35],[39,-2],[-6,-55],[33,-71],[-42,-48],[-40,-108],[-5,-65],[15,-27],[46,-10],[-8,-51],[-33,-58],[-9,-60],[-49,-105],[-33,-185],[2,-138],[18,-74],[28,-51],[55,7],[15,28],[89,-10],[79,26],[40,-31],[51,-12],[80,-2],[54,12],[127,-18],[79,4],[91,31],[22,-53],[90,-5],[16,-20],[94,-62],[54,-6],[58,-84],[70,-69],[77,-10],[65,27],[14,-79],[54,-7],[79,-29],[-8,-42],[50,-34],[7,-118],[-19,-127],[41,-8],[22,-60],[-6,-52],[-41,-105],[25,-55],[14,-68],[-26,-84],[14,-25],[-8,-94],[32,-48],[43,-7],[41,-32],[2,-48],[29,-40],[40,8],[24,-111],[43,-55],[71,-33],[97,-3],[67,-69],[54,-10],[82,26],[49,-54],[128,-61],[64,-50],[29,-45],[44,-32],[106,-18],[49,33],[69,-96],[-34,-34],[11,-41],[62,21],[97,-1],[-15,-67],[-89,-85],[-89,-114],[-67,-66],[-39,-70],[0,-53],[20,-57],[125,19],[-5,-29],[-56,-38],[-29,-37],[-68,-50],[-34,-95],[-41,-34],[-52,-150],[-4,-95],[-14,-38],[-83,-91],[-37,-89],[-29,-110],[-43,-108],[-2,-103],[21,-142],[-20,-20],[7,-52],[-29,-49],[-9,-82],[9,-65],[-31,-139],[32,-32],[43,19],[56,-5],[70,-60],[49,41],[18,48],[68,6],[-8,-77],[37,-25],[51,21],[-37,71],[24,49],[5,61],[42,54],[60,3],[104,40],[48,52],[119,37],[87,-80],[109,-37],[182,29],[103,52],[57,73],[110,7],[30,35],[45,-19],[24,-30],[-64,-75],[-40,-79],[11,-43],[-153,-238],[-28,-116],[-60,-90],[-25,-178],[28,-47],[86,-19],[-14,-79],[-50,-104],[9,-38],[46,-27],[-9,-56],[37,-61],[-23,-130],[-33,-49],[-8,-62],[48,-49],[-16,-60],[17,-50],[-49,-112],[-20,-195],[-8,-30],[-6,-145],[24,-154],[-2,-27],[80,-132],[40,-46],[13,-58],[-23,-51],[-13,-99],[8,-58],[-13,-97],[1,-303],[25,-91],[21,-42],[-7,-118],[16,-66],[11,-149],[15,-63],[34,-40],[34,-69],[19,-64],[166,-132],[108,-42],[60,-8],[16,-67],[20,-13],[3,-94],[19,-64],[30,-46],[38,-19],[9,-84],[-3,-135],[-90,-237],[-19,-95],[-24,-67],[-9,-113],[26,-31],[6,-91],[30,-46],[-5,-100],[-80,-123],[-26,-24],[-93,-166],[-76,-248],[-13,-110],[-23,-85],[-3,-288],[-13,-122],[2,-43],[-24,-156],[-73,-151],[-15,-75],[27,-99],[37,-50],[17,-124],[50,-120],[41,-66],[58,-69],[24,-3],[66,-51],[37,-56],[37,-108],[85,-73],[64,-186],[-4,-114],[13,-79],[57,-96],[37,-96],[23,-107],[42,-94],[82,-127],[42,-42],[124,-75],[88,-82],[90,-42],[28,-26],[29,-79],[5,-134],[47,-166],[30,-43],[8,-165],[-10,-25],[32,-62],[3,-91],[46,-117],[-15,-134],[12,-58],[-2,-62],[-24,-189],[12,-83],[49,-166],[78,-170],[72,-112],[42,-116],[5,-53],[75,-280],[34,-150],[43,-103],[115,-225],[61,-103],[89,-130],[120,-146],[54,-56],[164,-133],[42,-21],[161,-128],[70,-42],[163,-60],[106,-24],[66,-2],[210,14],[61,-33],[25,-47],[69,-9],[25,32],[69,39],[113,-21],[69,1],[120,22],[154,37],[89,-19],[47,63],[122,51],[74,22],[150,81],[124,78],[86,75],[51,59],[120,173],[46,24],[67,-22],[46,34],[-6,23],[33,58],[59,36],[77,28],[16,70],[84,97],[108,159],[3,47],[28,75],[14,79],[5,124],[-31,28],[27,128],[-34,16],[13,46],[-19,49],[55,13],[64,-10],[14,37],[33,15],[49,-36],[13,-31],[68,-45],[39,11],[20,38],[34,-13],[72,-65],[64,-111],[58,-66],[131,-58],[57,41],[72,-43],[96,-36],[50,12],[43,-10],[54,9],[111,36],[87,50],[17,37],[110,0],[34,15],[95,93],[72,41],[123,22],[118,40],[125,96],[96,98],[60,79],[35,84],[44,58],[79,136],[50,157],[2,35],[34,12],[93,-25],[69,8],[60,-25],[6,-52],[48,-57],[42,-31],[22,-97],[49,-68],[64,-43],[5,-33],[41,-74],[50,3],[42,-17],[32,-35],[2,-59],[19,-42],[38,10],[110,-96],[-6,-53],[-80,-182],[-38,-130],[37,-52],[-8,-96],[24,-20],[1,-94],[-14,-77],[29,-83],[89,-14],[54,24],[14,24],[87,-24],[59,7],[159,67],[29,-46],[-17,-92],[-66,-78],[-59,-133],[-55,-154],[-15,-16],[-37,-163],[19,-28],[3,-63],[-26,-86],[0,-55],[50,-112],[88,-46],[14,-27],[91,-46],[50,-16],[53,-67],[20,13],[27,-88],[25,-23],[17,-68],[43,-94],[41,-47],[62,-21],[181,-41],[-1,30],[144,5],[128,20],[39,42],[68,-35],[47,14],[49,37],[19,-91],[0,-123],[9,-72],[24,-71],[104,-33],[12,-16],[96,4],[63,-71],[110,6],[23,-45],[45,-9],[247,22],[87,-14],[21,27],[145,-5],[67,-32],[26,-111],[22,-8],[48,-59],[9,-35],[-15,-86],[16,-75],[27,-27],[130,5],[54,-85],[13,-64],[-30,-95],[6,-87],[18,-77],[-5,-64],[22,-65],[39,-5],[90,-85],[162,-24],[47,-28],[55,23],[37,-28],[-5,-36],[-42,-3],[-2,-42],[20,-51],[27,-27],[46,-12],[61,-35],[11,-86],[84,-20],[54,-2],[141,-26],[97,17],[30,-8],[51,-45],[81,14],[54,-37],[69,-88],[71,-51],[55,-1],[103,-60],[61,16],[73,-6],[85,-27],[36,-28],[83,-24],[58,5],[26,32],[55,8],[64,-13],[151,15],[25,50],[34,-36],[-65,-169],[-24,-90],[3,-57],[29,-62],[40,-47],[27,-7],[48,-59],[47,-24],[23,-80],[148,-109],[4,-25],[63,-58],[62,-130],[72,-53],[60,-13],[95,18],[10,44],[30,17],[108,-25],[97,84],[57,1],[34,-58],[-5,-95],[-15,-29],[37,-88],[-54,-30],[-265,-242],[-197,-208],[-125,-184],[-80,-136],[-17,-58],[-96,-136],[-53,-111],[-33,-104],[-26,-34],[35,-34],[9,-37],[-38,-119],[13,-70],[19,-23],[-6,-123],[15,-46],[51,-61],[30,-92],[36,-60],[6,-53],[47,-99],[69,-66],[205,-7],[116,-11],[96,41],[43,53],[4,82],[29,69],[51,18],[28,-18],[17,-62],[-11,-81],[52,-50],[30,-75],[3,-105],[-34,13],[-49,-11],[-18,21],[-81,-27],[-142,-92],[-185,-158],[-55,-100],[29,-82],[87,-71],[-19,-50],[-78,-96],[20,-98],[-49,-51],[-41,-9],[-123,-116],[-104,-133],[-66,-168],[-9,-87],[19,-65],[-72,-17],[8,-28],[62,-16],[47,9],[16,44],[59,20],[52,-35],[4,-82],[62,-7],[15,-92],[30,-79],[40,12],[12,-45],[-51,-61],[-42,-111],[-16,-107],[19,-41],[71,-39],[4,-31],[36,-61],[31,-10],[66,16],[39,49],[30,-9],[29,-56],[55,-45],[25,-41],[-27,-21],[23,-118],[73,-38],[-25,-75],[-40,6],[-38,-29],[-16,-47],[26,-69],[11,-78],[-55,-75],[4,-36],[38,-48],[56,-26],[67,-47],[4,-96],[86,-136],[51,-33],[9,-42],[73,-129],[31,-119],[13,-103],[-8,-69],[22,-34],[-31,-111],[-44,-55],[-24,-52],[-29,-106],[33,-78],[13,-122],[34,-22],[83,2],[33,-47],[1,-32],[-33,-37],[-57,-113],[-42,-134],[-34,-89],[-5,-82],[17,-64],[37,-50],[63,-51],[53,-14],[32,21],[37,-56],[70,-71],[76,0],[8,-24],[68,-58],[4,-44],[106,-123],[-6,-51],[16,-45],[42,-48],[0,-49],[41,-17],[86,-66],[16,-102],[26,-63],[63,-42],[7,-120],[-6,-89],[56,-96],[31,-37],[-57,-52],[-7,-105],[-62,-82],[6,-110],[-49,-70],[-41,-84],[-23,-73],[1,-89],[-26,-66],[1,-77],[21,-111],[33,-14],[49,10],[27,-33],[57,-15],[26,-25],[9,-191],[86,-37],[6,-52],[-36,-100],[12,-57],[30,-26],[-45,-29],[-136,-115],[-84,-5],[-28,-70],[-46,-77],[-100,-109],[-72,-106],[-16,-54],[4,-103],[-19,-46],[-17,-87],[45,-40],[16,-50],[-22,-68],[-36,-70],[-21,-71],[-20,-125],[16,-185],[31,-79],[132,-72],[33,22],[72,-1],[60,-47],[121,11],[31,-56],[-17,-90],[3,-89],[14,-47],[40,-45],[12,-40],[67,-87],[46,-37],[-6,-29],[65,-44],[58,-103],[32,-37],[42,-125],[54,-10],[9,-105],[34,-20],[29,-58],[105,-68],[39,-58],[58,-40],[80,-101],[38,-138],[47,-112],[39,-67],[64,-11],[55,-39],[59,-1],[149,-53],[99,-88],[48,-64],[86,-75],[22,3],[57,-43],[28,11],[45,-34],[-6,-70],[19,-93],[60,-103],[31,-34],[53,-17],[27,36],[63,-114],[14,3],[77,-84],[56,4],[70,-110],[47,-124],[61,-101],[73,-84],[56,-48],[68,-26],[43,-35],[18,-85],[-94,-53],[-21,-78],[20,-72],[129,-117],[-19,-91],[3,-46],[46,-5],[-13,46],[22,87],[34,39],[16,55],[151,34],[5,29],[84,34],[27,75],[62,32],[46,51],[101,30],[6,-43],[78,-86],[-5,-98],[85,-26],[64,-1],[45,17],[21,40],[34,-1],[28,37],[72,-14],[15,64],[42,48],[42,73],[-26,62],[98,-8],[64,-83],[46,-30],[34,-69],[67,-15],[9,-107],[-93,-7],[-53,-53],[-52,-73],[-13,-41],[28,-36],[22,-63],[-21,-61],[-45,-8],[-78,-79],[-90,-100],[-43,-61],[-32,-114],[29,-63],[-75,-194],[-14,-135],[3,-75],[20,-51],[33,-14],[29,-50],[66,-72],[62,-38],[21,-44],[19,-89],[63,-99],[150,-91],[17,-26],[14,-82],[1,-90],[27,-53],[59,-37],[14,-25],[-26,-64],[0,-89],[24,-97],[45,-60],[20,-109],[-15,-86],[21,-74],[51,-10],[40,-35],[27,-73],[59,-91],[17,-100],[21,-34],[0,-45],[66,-202],[94,-182],[86,-105],[33,7],[40,-84],[48,-74],[64,-49],[54,16],[41,-20],[51,-76],[-30,-206],[-20,-50],[-19,-121],[2,-95],[20,-64],[50,-70],[33,-14],[-4,-156],[-42,-20],[-58,-49],[-57,4],[-13,-43],[3,-63],[-96,-6],[-78,-23],[79,-30],[41,31],[95,19],[-20,53],[17,37],[64,-7],[3,-85],[78,-63],[-1,-40],[75,-98],[18,-84],[52,-49],[142,-95],[98,-108],[7,-53],[-55,-10],[-52,-71],[66,-31],[22,31],[-2,66],[52,4],[25,-47],[12,-78],[-7,-38],[55,-57],[-24,-44],[68,-100],[-83,-59],[-56,-59],[-89,-121],[-54,-101],[-57,-193],[-13,-74],[1,-133],[27,-115],[36,-80],[-33,-47],[-102,-84],[-27,-44],[-2,-78],[42,-14],[20,-47],[28,-3],[21,-41],[-46,-101],[1,-33],[41,-58],[8,-72],[65,-40],[-57,-98],[-24,-78],[-32,-60],[-25,-117],[1,-206],[-47,-142],[12,-122],[57,-12],[5,-49],[-64,-15],[-51,-43],[-48,-62],[-78,-68],[-92,-155],[-20,-75],[-100,-94],[-43,-87],[-31,-102],[-32,-146],[-30,-22],[-15,-50],[-130,-210],[-11,-45],[-2,-110],[23,-153],[-15,-92],[34,-250],[50,-230],[-15,-73],[26,-62],[54,-72],[81,-69],[101,-39],[2,-44],[64,-66],[55,-86],[135,-94],[4,-58],[122,-126],[42,-76],[39,-36],[81,-43],[69,-21],[10,-35],[68,-14],[36,31],[33,-94],[110,-158],[14,-84],[49,-175],[51,-31],[-48,-80],[26,-20],[70,15],[42,-5],[62,14],[61,-58],[-8,-23],[-86,-36],[-9,-67],[15,-38],[113,-7],[42,19],[49,-1],[23,-42],[94,-89],[92,-22],[76,0],[85,-16],[110,-62],[74,-30],[77,-13],[61,-54],[87,-51],[50,20],[32,-25],[36,15],[72,-40],[-13,-55],[72,-161],[4,-39],[-44,-29],[20,-112],[-25,-73],[-14,-116],[1,-75],[-145,-257],[41,-7],[56,45],[44,135],[20,-8],[-20,-83],[-126,-211],[-75,-150],[-78,-175],[-75,-229],[-28,-104],[-10,-87],[-19,-14],[-6,-88],[-49,-208],[-22,-181],[5,-231],[-7,-26],[27,-84],[26,-4],[15,-86],[54,-96],[36,-20],[27,-50],[48,-32],[61,-74],[40,-12],[103,-161],[15,-77],[32,-58],[63,-24],[79,-3],[71,-54],[32,-88],[46,-90],[56,-57],[127,-6],[41,-60],[31,-10],[48,-85],[50,-47],[23,-49],[50,-54],[86,-128],[82,-100],[67,-53],[102,3],[27,-14],[72,-79],[72,-56],[80,-31],[36,9],[69,-11],[94,-57],[33,-42],[83,-37],[39,-40],[51,-88],[42,-48],[45,-28],[76,-20],[109,4],[87,-25],[119,-91],[128,-78],[83,-25],[100,-19],[101,-68],[117,-45],[74,-20],[58,25],[56,-23],[119,40],[54,50],[31,-9],[64,18],[129,-8],[70,-27],[31,5],[62,-34],[16,-163],[31,-103],[42,-78],[39,-45],[55,-27],[26,30],[38,4],[83,-85],[38,-21],[26,26],[80,-12],[23,37],[31,-13],[48,-61],[-90,-102],[57,-29],[42,-5],[140,-128],[53,-55],[75,-47],[54,-15],[66,-3],[79,15],[22,17],[105,-1],[44,28],[114,19],[51,-7],[67,-35],[22,59],[42,34],[91,39],[28,55],[62,69],[31,58],[100,145],[-24,27],[43,84],[84,51],[28,30],[10,61],[-37,33],[11,40],[-13,53],[126,-85],[52,-42],[20,-111],[-2,-60],[24,-68],[36,-7],[21,-51],[51,-57],[-17,-60],[20,-83],[-15,-28],[-56,31],[-35,-15],[-21,-105],[-28,-46],[59,-34],[60,-155],[96,-184],[85,-100],[183,-159],[56,-37],[42,-45],[-28,-72],[33,-43],[25,-63],[36,0],[31,-89],[70,27],[13,51],[-14,40],[114,-6],[98,18],[7,-34],[54,-27],[25,25],[98,-12],[88,-29],[36,-33],[83,-27],[38,1],[37,28],[112,8],[55,-72],[43,-34],[94,13],[60,50],[124,23],[74,40],[7,21],[92,43],[59,-25],[48,17],[64,-50],[22,8],[253,-41],[225,14],[59,-14],[114,-49],[76,-1],[90,16],[80,25],[85,114],[23,81],[-15,79],[-47,52],[-6,89],[-36,48],[-46,28],[-75,85],[-9,55],[-54,19],[-21,69],[32,43],[99,-93],[58,-82],[97,-173],[27,-36],[57,-117],[42,-124],[48,-232],[22,-57],[37,-48],[-9,-25],[84,-159],[72,-77],[6,-31],[67,-3],[65,-46],[9,-59],[87,-115],[2,-19],[61,-77],[68,-3],[61,-101],[86,-174],[49,-140],[17,-108],[-17,-79],[41,-36],[12,-70],[24,-43],[-54,-31],[55,-46],[35,-69],[0,-32],[103,28],[47,-42],[88,-175],[21,-64],[-22,-45],[-124,4],[17,-27],[-48,-145],[-28,-29],[-43,-90],[52,-52],[30,-75],[5,-52],[28,-69],[51,-72],[91,-90],[88,-73],[239,-150],[55,-89],[1,-43],[29,-25],[96,-29],[65,-4],[66,-22],[68,-44],[85,-12],[3,23],[76,-14],[19,44],[137,10],[123,-19],[64,79],[-47,85],[32,38],[-32,120],[10,20],[-31,54],[-82,55],[-55,55],[-12,43],[8,55],[52,80],[1,37],[30,32],[4,46],[26,32],[-1,37],[-49,118],[87,17],[115,-37],[131,-1],[88,21],[62,-17],[68,5],[66,-54],[20,-58],[61,-45],[29,20],[42,-88],[12,-47],[-32,-65],[29,-38],[2,-51],[-24,-20],[1,-69],[-33,-38],[38,-26],[42,-253],[52,-201],[57,-112],[69,-85],[57,-53],[97,-42],[125,-157],[79,-67],[119,-48],[103,18],[104,-49],[72,-11],[54,4],[41,-17],[122,9],[42,47],[88,40],[12,94],[64,56],[136,23],[21,35],[109,-33],[83,27],[55,35],[40,-35],[74,-185],[37,-107],[35,-59],[91,-67],[159,-32],[97,-33],[20,-26],[131,-36],[53,59],[99,14],[38,23],[50,-43],[79,-17],[63,6],[82,-54],[52,-111],[75,-78],[103,-13],[36,6],[19,62],[59,-55],[9,-71],[-15,-9],[0,-86],[25,-63],[-19,-82],[-64,47],[-58,-44],[-29,44],[-96,-65],[-50,-84],[32,-91],[39,-36],[45,6],[72,-27],[73,-78],[107,-33],[68,-47],[-67,-40],[-12,-25],[27,-98],[204,-85],[18,-61],[89,-91],[31,-42],[77,-27],[37,18],[35,-26],[-9,-48],[28,-47],[76,-12],[30,-25],[78,-4],[33,11],[55,-33],[103,-18],[82,23],[94,-36],[96,32],[42,-42],[46,-14],[16,26],[-11,60],[49,60],[51,37],[97,6],[44,41],[26,60],[-9,34],[58,32],[-5,50],[-108,-4],[-39,38],[-57,-16],[-43,15],[5,54],[-24,29],[8,100],[-12,102],[29,60],[61,51],[37,-30],[76,11],[65,-21],[82,-113],[64,-19],[6,-41],[58,-26],[50,27],[40,-44],[138,-7],[17,43],[59,18],[7,68],[65,34],[51,-16],[23,60],[61,-68],[4,-44],[-46,-28],[-8,-48],[-39,-21],[-6,-52],[32,-126],[41,9],[40,-21],[-26,-60],[39,-51],[70,46],[12,-54],[-15,-51],[-82,-43],[-13,-40],[87,-35],[-41,-58],[-12,-48],[60,-17],[39,39],[35,-24],[68,-2],[-23,-37],[-52,-11],[-28,-35],[-4,-83],[14,-29],[112,-41],[40,71],[55,72],[80,32],[-50,-105],[-41,-49],[-41,-19],[5,-33],[-25,-40],[74,-38],[33,-34],[28,33],[37,6],[57,-32],[30,39],[-8,74],[-16,19],[-17,86],[44,68],[33,87],[59,-25],[1,-182],[17,-27],[-21,-78],[60,-36],[66,80],[-6,28],[49,30],[20,43],[54,28],[-17,68],[31,10],[-8,-100],[-56,-45],[-37,-51],[-7,-55],[-27,-34],[10,-52],[26,-26],[18,-55],[-36,-22],[-3,-86],[49,2],[21,64],[49,55],[26,6],[32,-81],[-46,-82],[1,-108],[-15,-44],[-42,-25],[4,-50],[37,-14],[57,38],[47,8],[0,40],[30,14],[37,-22],[93,81],[42,1],[34,-43],[55,9],[-4,-55],[81,-61],[13,26],[-49,63],[31,96],[89,-33],[46,41],[-15,57],[11,29],[-5,78],[90,14],[45,-16],[31,-49],[26,-107],[-12,-35],[7,-64],[26,-43],[38,28],[46,-44],[54,-23],[-42,-42],[22,-25],[-77,-31],[-39,25],[-33,-10],[-34,34],[-42,-35],[26,-65],[63,-44],[41,-13],[95,-61],[-9,-44],[75,-4],[43,17],[58,-14],[56,-65],[-16,-38],[-54,-31],[-28,15],[-23,-48],[73,-6],[81,43],[112,-107],[3,-33],[-30,-78],[-57,-11],[24,-38],[2,-54],[-41,-72],[68,8],[32,-62],[-7,-99],[-35,-28],[20,-38],[0,-87],[11,-20],[61,-2],[96,-138],[98,-58],[15,-54],[28,-41],[38,-17],[86,59],[53,2],[70,-83],[-19,-31],[-67,21],[-54,-6],[-51,-80],[29,-48],[36,-12],[37,-43],[55,1],[39,-58],[51,-13],[70,-64],[49,-109],[-34,-30],[-47,37],[-49,-29],[-62,3],[-107,-40],[-32,103],[-29,30],[-125,-3],[-22,-39],[-77,10],[-17,48],[15,45],[-79,0],[-7,90],[-70,24],[-51,-19],[-44,14],[20,115],[-5,99],[-67,88],[47,36],[-5,56],[40,66],[-36,32],[28,49],[-36,41],[-31,-73],[23,-65],[-67,27],[15,66],[-10,75],[-63,14],[-42,-34],[-16,55],[-61,9],[-24,-104],[44,-104],[-35,-7],[-34,98],[-54,29],[-24,-32],[49,-70],[27,-99],[-15,-80],[-81,-45],[-72,-61],[-30,34],[-69,-4],[-118,-63],[-43,40],[-70,27],[-26,59],[-31,33],[-79,27],[-39,30],[-18,63],[-72,46],[-58,-9],[30,-45],[60,-2],[-15,-84],[54,-82],[66,-49],[64,-67],[-9,-18],[22,-69],[-26,-69],[-29,-31],[7,-33],[-32,-65],[-88,-132],[-80,-89],[-31,-15],[-25,-66],[-66,-123],[-49,-57],[7,-28],[49,-41],[45,17],[88,-71],[16,-54],[33,-40],[-29,-34],[-5,-48],[57,-92],[38,-38],[79,-7],[12,-22],[57,9],[26,77],[42,-13],[-2,-44],[32,-30],[-55,-26],[-41,-82],[-8,-39],[-68,-22],[-23,-39],[79,-64],[48,-7],[19,-53],[62,-17],[-19,-73],[4,-136],[155,-48],[48,-6],[52,-63],[33,-19],[64,20],[24,-8],[-8,-52],[10,-47],[-8,-73],[26,-55],[55,-3],[49,-34],[64,-63],[43,-1],[30,33],[146,-40],[65,-96],[-99,-8],[-54,-35],[14,-37],[-33,-27],[-61,-7],[-65,-28],[6,-35],[80,-14],[98,-57],[41,4],[81,-26],[-6,-27],[82,-150],[-44,-19],[-9,-37],[41,-8],[-26,-124],[8,-27],[110,51],[60,11],[51,-73],[38,15],[3,45],[-23,52],[41,41],[-9,42],[46,22],[7,-66],[40,-56],[-4,-101],[110,-57],[70,-7],[17,-43],[30,-4],[72,66],[40,-35],[65,13],[37,62],[72,13],[31,-109],[54,-50],[70,-26],[53,28],[12,41],[122,-34],[-20,-49],[77,-72],[95,1],[52,90],[40,21],[47,-9],[33,-31],[44,2],[34,-33],[-34,-31],[-6,-34],[46,-64],[86,-19],[-9,-25],[-83,-16],[-46,6],[-29,52],[-24,-13],[-65,14],[-71,-40],[-37,-63],[25,-31],[56,-18],[16,-51],[37,-56],[-59,2],[-32,-89],[-1,-88],[-36,-67],[53,-22],[66,43],[89,-20],[23,48],[44,32],[22,-16],[90,49],[194,-9],[41,-20],[84,-75],[21,-52],[66,-57],[107,18],[44,38],[35,-26],[90,-26],[69,3],[-13,-113],[35,-88],[67,-70],[56,37],[33,-24],[40,9],[15,-55],[54,-118],[53,-83],[65,-72],[133,108],[25,-60],[-2,-59],[-31,-174],[44,-10],[20,-36],[-65,-71],[-14,4],[-20,-117],[9,-126],[-21,-2],[-41,76],[-47,58],[-70,13],[-7,-68],[-76,-3],[-84,48],[-51,-19],[175,-52],[118,-5],[37,-42],[-52,-24],[-34,-35],[-42,-94],[-19,-108],[-15,-30],[0,-81],[20,-90],[-10,-33],[-51,9],[12,-44],[54,38],[35,-9],[37,-46],[63,-175],[-65,-112],[-37,-26],[-15,-66],[-55,-30],[-29,6],[-55,-24],[27,-26],[45,7],[86,-11],[-91,-123],[23,-27],[57,28],[40,76],[63,39],[11,41],[62,43],[19,35],[60,10],[26,41],[128,56],[45,34],[4,-65],[19,-63],[31,-28],[10,-40],[65,-51],[39,-12],[84,35],[16,34],[57,-24],[-26,-94],[1,-120],[-9,-151],[45,-94],[-23,-57],[62,-34],[80,-71],[3,-29],[-47,-10],[-8,-39],[25,-48],[57,-8],[-27,-83],[-4,-59],[-77,-16],[-13,-46],[-86,23],[-7,27],[-52,22],[-18,-50],[-51,-23],[9,-24],[70,12],[24,-36],[-24,-44],[70,-38],[58,31],[108,6],[74,-31],[56,24],[17,-70],[26,-45],[-15,-42],[-59,33],[-56,68],[-38,-8],[-13,-46],[-82,-2],[-55,-19],[-39,-94],[-4,-130],[-28,-37],[50,-67],[-82,-37],[-67,15],[-15,-34],[95,-62],[33,-72],[2,-60],[68,-36],[17,66],[27,-4],[93,56],[17,25],[131,38],[14,69],[53,5],[16,-47],[66,-57],[22,-60],[-31,-32],[65,-19],[66,25],[16,20],[149,33],[9,-38],[-15,-55],[-41,-6],[-42,-218],[14,-35],[103,13],[37,-19],[11,-34],[-31,-53],[83,32],[58,12],[66,-5],[17,-21],[112,-43],[5,-60],[36,-103],[32,-3],[41,109],[37,20],[2,49],[45,46],[34,98],[130,6],[22,-60],[3,-72],[-17,-88],[4,-60],[-43,5],[-43,-30],[-20,-61],[4,-57],[-157,-103],[-50,-73],[-53,-145],[-3,-152],[36,-61],[6,-65],[56,-27],[28,-64],[-18,-83],[36,-135],[-3,-33],[101,30],[21,-20],[-12,-75],[22,-63],[49,-8],[-23,-104],[-25,42],[-120,76],[-157,-116],[-70,-18],[32,-47],[1,-57],[-19,-160],[8,-103],[-11,-24],[26,-74],[27,-29],[56,-8],[52,-41],[46,-5],[38,-36],[-29,-48],[-28,-12],[54,-69],[71,-5],[-24,-43],[-33,-106],[-18,-128],[12,-111],[17,-48],[-8,-86],[11,-154],[27,-16],[38,-113],[52,-87],[33,-17],[-11,-68],[39,-148],[75,-89],[96,-62],[32,-41],[2,-41],[48,-43],[23,-54],[-30,-40],[-26,-145],[10,-84],[-6,-78],[51,-97],[2,-52],[121,-200],[35,-15],[-2,-86],[82,-49],[2,-52],[21,-33],[19,-127],[66,-46],[-76,-68],[-13,-56],[45,-4],[6,-79],[36,-73],[46,-147],[36,-58],[50,-31],[31,-51],[35,-4],[54,-38],[15,-56],[-27,-155],[217,-115],[30,1],[18,-46],[91,-114],[20,-44],[61,-50],[37,-67],[9,-127],[91,-6],[90,77],[87,-14],[50,-104],[46,-64],[49,-2],[22,100],[75,43],[66,25],[60,-56],[53,-4],[19,-30],[60,-43],[74,-33],[1,-38],[-85,-23],[-53,-62],[6,-55],[-11,-155],[-25,-65],[5,-45],[63,-69],[154,122],[21,34],[66,190],[13,83],[212,-14],[53,-57],[22,-49],[63,-60],[130,-54],[47,-55],[7,-53],[33,-51],[26,-100],[84,-164],[63,-71],[87,-135],[158,-67],[55,-39],[52,-15],[30,-37],[10,-60],[67,-33],[69,-5],[52,-47],[94,-52],[40,-66],[77,-98],[64,-137],[44,-60],[1,-116],[77,-26],[46,-62],[3,-53],[73,-112],[84,-48],[55,-50],[25,-59],[39,-3],[-3,64],[-47,41],[16,59],[-60,7],[-10,49],[12,64],[-83,119],[-18,56],[0,48],[-55,51],[-42,144],[-6,90],[-21,45],[15,66],[-9,59],[-66,57],[-78,120],[-21,64],[-7,96],[-61,151],[-82,79],[-51,154],[-79,153],[-53,119],[-68,86],[-107,224],[-39,106],[20,32],[91,-23],[17,162],[-47,12],[-47,-9],[-21,54],[47,34],[14,50],[-52,76],[22,79],[-8,67],[14,34],[53,51],[41,5],[4,76],[47,99],[17,67],[33,26],[-15,55],[12,92],[42,65],[56,124],[64,85],[97,36],[84,45],[28,48],[13,55],[43,35],[60,20],[157,-31],[39,22],[4,59],[31,17],[10,39],[43,10],[58,-15],[40,-40],[67,-22],[-5,-28],[20,-72],[52,-33],[69,38],[21,-16],[-3,-88],[26,-35],[25,-109],[100,-221],[20,-73],[52,-46],[6,-45],[46,-39],[44,2],[15,-50],[35,-30],[43,-10],[22,-29],[65,-10],[58,-39],[-15,-20],[3,-70],[58,-109],[13,-68],[-32,-23],[19,-55],[47,-26],[109,-31],[120,-98],[-27,-10],[-23,-72],[-56,-38],[-32,-86],[21,-64],[50,-33],[123,-44],[52,12],[28,-89],[48,-37],[3,-45],[48,9],[233,-55],[30,8],[81,-35],[75,-3],[34,23],[151,-60],[18,-40],[-6,-48],[44,-36],[74,-31],[60,-3],[89,-110],[62,-4],[31,-37],[99,-50],[86,-74],[92,-5],[29,-15],[16,-51],[80,-28],[55,-43],[16,-60],[1,-56],[78,17],[75,-35],[87,-77],[86,-104],[85,-6],[118,-22],[29,-33],[66,-29],[59,-61],[-4,-50],[54,-88],[31,86],[-4,58],[-98,94],[-20,60],[45,-1],[32,-68],[49,-58],[71,-32],[78,-58],[95,-24],[94,-65],[-18,-126],[-61,-81],[5,-81],[53,-22],[-38,89],[74,107],[20,52],[54,49],[84,-32],[47,-53],[4,-24],[148,19],[4,77],[-55,73],[-39,96],[-102,150],[11,140],[-93,83],[-35,64],[22,30],[116,3],[78,-26],[-6,33],[-182,25],[-65,52],[-58,66],[-61,89],[12,37],[146,-55],[60,0],[93,-27],[56,-30],[12,-41],[51,19],[-28,38],[-64,48],[-45,-5],[-82,29],[-83,12],[-57,27],[-2,47],[-32,37],[50,50],[-30,40],[-1,116],[-40,-10],[-18,49],[26,57],[-22,87],[7,49],[40,25],[8,66],[-3,95],[29,44],[55,16],[4,45],[40,40],[-2,63],[55,23],[27,32],[77,-69],[79,-32],[25,26],[64,-15],[12,-38],[35,-11],[30,31],[41,1],[52,-24],[59,11],[63,-53],[70,-28],[24,-37],[-37,-76],[-4,-47],[-92,50],[-40,52],[-53,2],[37,-55],[50,-35],[40,-69],[54,-26],[-20,-63],[-113,-47],[-37,44],[-49,-14],[86,-70],[59,-19],[28,35],[92,-10],[94,-164],[-23,-36],[8,-59],[-44,-61],[59,-90],[49,5],[-32,45],[13,164],[24,49],[-5,38],[44,46],[-26,70],[-79,83],[-46,92],[54,20],[35,33],[-25,42],[17,47],[38,9],[78,-54],[37,-59],[4,-49],[-17,-32],[63,-33],[-21,-62],[6,-66],[26,-110],[-2,-26],[45,-131],[80,-68],[44,2],[61,-35],[41,4],[69,-30],[47,28],[82,-19],[5,-53],[31,-55],[57,-63],[-71,-50],[-75,7],[-85,-109],[-17,-56],[-3,-143],[-28,-6],[-82,16],[-62,35],[-51,13],[-20,28],[28,38],[-69,39],[-39,4],[-36,59],[-57,-55],[-120,56],[-19,-26],[86,-84],[49,-16],[9,-37],[-78,-23],[-5,-25],[36,-53],[-5,-29],[35,-35],[12,-42],[109,-68],[-32,-44],[1,-57],[-56,-84],[35,-14],[39,55],[38,15],[4,39],[133,17],[69,-17],[31,-21],[43,-90],[0,-91],[-60,-134],[7,-45],[37,-72],[50,-24],[8,-65],[-25,-35],[-59,-32],[-74,14],[-19,56],[-46,48],[13,-94],[65,-51],[66,4],[120,67],[54,82],[-25,149],[35,108],[54,57],[55,40],[30,140],[40,39],[-68,27],[-23,32],[14,38],[-27,83],[79,-24],[55,11],[50,-8],[89,-77],[-70,-33],[10,-50],[53,-25],[-20,-75],[-32,-57],[-27,-128],[-25,-226],[4,-87],[17,-104],[27,-57],[73,-29],[27,35],[60,2],[26,-25],[-13,-71],[12,-104],[70,-63],[68,-8],[73,-29],[-24,-34],[-15,-68],[28,-41],[-54,-62],[-12,-74],[23,-70],[-41,-18],[-18,-51],[0,-68],[-33,-25],[-38,-174],[-14,-109],[2,-50],[27,-32],[-25,-53],[34,-87],[-56,12],[-52,-74],[-32,-159],[-39,-229],[-12,-129],[-4,-167],[8,-64],[36,-10],[14,-36],[-21,-107],[-108,-142],[1,-68],[-15,-227],[-26,-163],[-3,-232],[-28,-117],[-71,-148],[-57,-139],[-19,-129],[8,-105],[94,-49],[49,-122],[46,-54],[70,-9],[11,53],[60,-23],[-10,-36],[17,-83],[46,-9],[6,-30],[-51,-26],[-1,-109],[-34,-61],[21,-48],[54,-72],[1,-28],[64,-18],[41,21],[40,46],[29,-100],[39,-45],[-7,-91],[38,-20],[-13,-94],[-27,-65],[-51,-47],[-35,-54],[-51,-3],[-58,-85],[-50,-52],[-61,-22],[-66,15],[-53,58],[-85,27],[-5,-26],[65,-18],[24,-39],[-18,-25],[11,-53],[98,-50],[81,20],[11,-91],[-17,-61],[8,-103],[-13,-18],[39,-67],[20,-81],[46,-126],[86,-174],[46,-67],[111,-136],[121,-128],[141,-123],[27,-39],[-46,-48],[-17,-80],[-20,-35],[-86,-38],[-186,22],[-91,-5],[-81,26],[-108,-7],[-4,-29],[47,-22],[95,-68],[296,-143],[82,-27],[182,-17],[-10,-77],[14,-76],[-85,-68],[-5,-43],[137,23],[88,38],[90,74],[94,36],[65,38],[35,36],[39,8],[41,-19],[91,-17],[37,-39],[-20,-190],[23,-130],[-7,-39],[-60,-39],[-146,-32],[-63,-66],[44,-37],[39,41],[61,32],[97,8],[71,26],[32,31],[29,106],[7,170],[10,93],[25,14],[75,-36],[169,-54],[53,15],[95,-55],[31,-72],[-2,-91],[76,-158],[33,-88],[96,-85],[45,-1],[87,-29],[134,-76],[50,-61],[107,-22],[99,-84],[32,-100],[64,-73],[-6,-37],[-90,-12],[-11,-22],[34,-45],[72,9],[-9,-41],[114,-70],[32,-42],[15,-85],[49,-57],[-55,-57],[-64,-99],[44,-84],[38,-3],[8,85],[76,36],[12,-87],[44,-72],[52,-46],[-114,-41],[54,-84],[9,-67],[57,-35],[78,-8],[32,-32],[58,5],[40,21],[74,-15],[47,7],[74,53],[24,0],[48,-53],[97,-72],[32,5],[119,-30],[18,-95],[58,-59],[55,11],[29,-24],[76,-15],[58,22],[27,31],[67,-55],[-12,-110],[46,-7],[20,-103],[62,-142],[37,-54],[52,-41],[80,-132],[84,-8],[98,-103],[136,-91],[67,-26],[75,-63],[102,-100],[43,-115],[1,-28],[-32,-63],[51,-82],[-19,-54],[-34,-15],[-25,-90],[75,-83],[29,-79],[45,-37],[-10,84],[9,135],[-29,69],[24,62],[88,-51],[27,-46],[-13,-72],[10,-79],[45,31],[30,-36],[-4,-50],[57,17],[54,-5],[-21,148],[-72,67],[-93,71],[-53,21],[-68,65],[-23,51],[-9,112],[48,13],[61,-32],[78,-15],[47,31],[110,-58],[80,-30],[79,-52],[83,-38],[129,-47],[92,-20],[35,-19],[10,-58],[-26,-7],[-104,21],[-169,-41],[-50,4],[0,-39],[78,-16],[77,-37],[49,-64],[5,-27],[-76,-37],[5,-57],[50,-65],[5,-38],[106,-4],[44,19],[60,-20],[27,16],[-2,-161],[25,5],[12,67],[22,1],[1,112],[-23,46],[14,40],[97,-59],[15,-46],[35,3],[-18,57],[-35,27],[-143,47],[31,109],[54,76],[0,73],[63,-6],[29,-71],[114,-21],[42,18],[61,-11],[62,34],[79,-90],[67,4],[38,-15],[17,-37],[2,-63],[37,-35],[85,-13],[11,-82],[66,21],[120,-60],[13,35],[-44,65],[22,18],[-82,55],[-20,81],[64,0],[60,-41],[1,64],[-51,54],[-41,-24],[-60,106],[-75,44],[-99,-10],[-10,34],[57,29],[-62,44],[-6,53],[-67,-4],[-29,31],[-95,12],[-58,-14],[-19,22],[19,46],[3,93],[38,70],[83,-2],[49,23],[33,-26],[54,-12],[63,24],[51,-39],[71,-30],[41,4],[50,-20],[29,-39],[49,-30],[46,-56],[70,-44],[140,-60],[82,-5],[20,-17],[-18,-58],[-47,-43],[-69,-34],[-53,1],[18,-54],[37,-19],[-15,-67],[49,-1],[40,-83],[32,-7],[58,69],[-43,47],[-12,38],[46,41],[77,48],[32,47],[2,67],[-32,37],[-21,116],[18,18],[54,-95],[71,-46],[52,37],[45,-48],[3,-61],[-46,-45],[29,-43],[8,-152],[49,-177],[97,-270],[-64,-61],[29,-12],[44,39],[51,-32],[12,-34],[73,-108],[118,-101],[91,-60],[-57,-27],[95,-50],[31,-6],[59,43],[106,-13],[106,27],[-36,-58],[-29,-12],[-20,-52],[-2,-61],[-62,-74],[29,-20],[67,53],[32,44],[-8,63],[71,46],[27,31],[20,155],[31,-6],[42,-149],[6,-58],[37,-104],[50,-86],[87,-8],[44,-40],[15,-63],[56,-74],[74,-32],[32,-86],[40,-156],[-5,-25],[32,-126],[23,-36],[40,-136],[48,-74],[11,-55],[45,-140],[31,-60],[9,-61],[30,-99],[115,-306],[79,-181],[132,-232],[42,-60],[104,-183],[100,-89],[-10,-47],[-83,-57],[15,-13],[86,41],[25,24],[49,-41],[91,-164],[104,-147],[62,-72],[101,-82],[197,-229],[62,-64],[82,-69],[99,-67],[153,-84],[107,-17],[230,-146],[93,-101],[73,-70],[120,-84],[126,-75],[144,-66],[160,-53],[269,-73],[93,33],[10,47],[88,-5],[143,-120],[-98,-83],[-40,-102],[29,-92],[40,40],[-42,55],[20,56],[46,28],[143,21],[44,-9],[62,-132],[61,-31],[66,-62],[56,-89],[89,-25],[58,-76],[43,-37],[-14,-68],[57,-83],[40,-26],[-11,-47],[48,-91],[-3,-94],[41,-91],[-4,-76],[21,-50],[16,-166],[-45,-74],[-9,-121],[6,-60],[42,-203],[40,-92],[127,-214],[220,-306],[53,-54],[-47,-16],[-47,-82],[90,46],[28,-45],[27,-79],[54,-85],[86,-91],[116,-93],[101,-58],[130,-57],[141,-83],[0,-22],[-72,-118],[-70,-28],[-45,2],[-68,29],[-98,-14],[-83,35],[-62,-3],[-91,-39],[-125,-99],[-20,-61],[55,-28],[9,68],[64,44],[102,5],[105,-36],[99,-8],[157,32],[49,-41],[66,-78],[95,-151],[209,-209],[53,8],[51,-23],[101,-63],[137,-50],[131,-34],[326,-15],[85,1],[143,22],[64,22],[23,80],[-31,41],[71,29],[112,-33],[-20,-42],[6,-56],[60,-115],[150,-55],[58,-7],[152,9],[91,16],[103,-16],[39,-59],[47,-23],[-76,-104],[-25,-55],[31,-81],[-12,-42],[38,-60],[-8,-43],[56,-80],[-4,-32],[27,-48],[-38,-32],[-24,-65],[50,-171],[-11,-57],[25,-57],[35,-118],[-104,85],[-99,-8],[-57,-39],[61,-10],[78,7],[8,-30],[-94,-34],[-117,-72],[-63,4],[-38,-34],[-24,-103],[-42,-22],[-49,-72],[-25,-87],[-18,-14],[-97,-1],[-102,-60],[105,-13],[91,-20],[104,57],[33,32],[97,150],[149,87],[60,15],[120,4],[52,34],[32,58],[-2,26],[35,46],[30,8],[40,-27],[37,14],[66,-9],[-23,-33],[7,-41],[-41,-59],[-50,-9],[30,-70],[-86,-52],[-74,-12],[-62,-87],[-47,-44],[-98,-67],[23,-41],[13,-121],[37,-73],[-7,-59],[-49,-60],[-158,-72],[-70,-65],[34,-20],[-33,-56],[38,-46],[4,-62],[-12,-86],[8,-52],[-9,-94],[63,-25],[54,-4],[-5,-40],[38,-38],[39,-143],[0,-44],[-39,-10],[5,-38],[51,-39],[32,-94],[-81,16],[-110,-5],[-34,-21],[-6,-47],[80,-42],[39,-6],[36,-43],[68,-32],[35,-47],[70,-9],[24,-32],[-44,-64],[-38,-29],[2,-36],[34,-43],[-14,-40],[35,-15],[94,-3],[39,-17]],[[362755,253286],[-30,24],[79,53],[14,-41],[38,2],[85,-25],[54,-26],[-38,-92],[-29,-39],[-73,-59],[-43,-4],[-44,18],[5,39],[43,-10],[9,34],[41,49],[-56,62],[-55,15]],[[362588,253499],[-47,49],[92,31],[44,-78],[-51,16],[-38,-18]],[[358507,255835],[-10,25],[31,42],[24,-30],[-45,-37]],[[374052,258768],[-35,-74],[-100,-40],[-35,4],[-26,64],[19,35],[74,40],[47,9],[56,-38]],[[363904,258847],[7,-28],[-55,-18],[-58,19],[-19,63],[58,10],[77,-18],[-10,-28]],[[364834,259178],[-13,37],[25,58],[23,-10],[71,25],[80,5],[57,-24],[48,-51],[51,-8],[13,-29],[-85,-19],[-87,-33],[-79,-17],[-68,11],[-36,55]],[[365434,259644],[6,-75],[-26,-2],[0,69],[20,8]],[[362851,259893],[-2,-57],[-46,-10],[-136,-8],[-29,26],[50,103],[58,-22],[51,7],[54,-39]],[[368812,260011],[33,9],[105,-11],[-94,-49],[-54,-10],[-20,29],[30,32]],[[358109,255288],[-11,32],[15,52],[87,10],[5,-51],[-96,-43]],[[358321,256105],[16,-49],[-40,-8],[-44,33],[68,24]],[[358308,256324],[52,-56],[-21,-20],[-31,76]],[[364188,256495],[17,26],[57,16],[-8,-51],[-66,9]],[[371771,261340],[74,-19],[-23,-74],[-62,-78],[-103,-7],[-43,72],[28,72],[55,-9],[52,12],[22,31]],[[361890,262516],[15,88],[62,0],[52,-69],[-3,-43],[-30,-28],[-66,-21],[-30,73]],[[358708,255318],[0,51],[66,1],[32,-49],[5,-57],[24,-53],[-41,-84],[-44,-8],[-36,31],[-7,93],[-19,16],[20,59]],[[360235,261429],[7,-30],[-41,-45],[-60,-4],[-113,38],[-68,-4],[-134,40],[-35,24],[-34,50],[16,29],[68,17],[83,-2],[90,-16],[151,-57],[33,-4],[37,-36]],[[360156,254163],[37,34],[49,-102],[13,-64],[-7,-51],[-35,-27],[-57,-12],[-74,8],[-18,30],[-102,76],[51,40],[89,3],[50,43],[4,22]],[[364326,257819],[-58,32],[-16,35],[24,51],[145,17],[83,-16],[-5,-37],[62,-69],[22,-51],[-74,-50],[-6,-44],[-51,22],[-98,94],[-28,16]],[[407413,181309],[11,69],[46,-36],[43,0],[30,-25],[-82,-29],[-48,21]],[[358931,253727],[-4,24],[-61,16],[121,66],[65,-5],[-80,-89],[-41,-12]],[[361573,256186],[2,-46],[-32,-41],[-29,3],[-48,69],[26,27],[71,13],[10,-25]],[[358897,256532],[-12,-55],[-46,11],[-3,37],[61,7]],[[361717,256876],[57,29],[13,-48],[-50,-12],[-20,31]],[[409004,181586],[2,-61],[-26,-33],[-9,-64],[16,-13],[-3,-172],[-11,-23],[-52,-18],[-97,14],[-90,52],[20,60],[-71,110],[6,44],[44,65],[-2,38],[-34,49],[0,91],[52,81],[40,9],[50,-22],[64,-110],[-1,-22],[89,-49],[13,-26]],[[359425,254099],[61,-7],[52,-85],[-51,-41],[-45,-185],[-66,-14],[-17,-23],[-70,-12],[-10,-34],[-138,102],[34,79],[31,4],[32,56],[52,-29],[29,6],[25,59],[16,76],[65,48]],[[359455,253726],[40,14],[39,-13],[26,-37],[-27,-41],[-52,-31],[-63,-6],[-47,-21],[-30,79],[58,12],[56,44]],[[359019,256365],[-7,89],[48,8],[-8,-57],[29,-26],[-31,-31],[-31,17]],[[358769,263684],[-9,47],[70,40],[89,15],[83,30],[92,23],[74,50],[76,42],[69,6],[73,38],[84,14],[43,-33],[36,-86],[99,-107],[41,21],[39,-8],[22,29],[62,20],[62,-6],[166,-65],[8,-21],[-19,-66],[-42,-42],[-25,-59],[-75,-38],[-61,-2],[-73,20],[-63,-23],[-62,-2],[-34,13],[-244,17],[-115,-2],[-214,44],[-36,-1],[-174,56],[-42,36]],[[358963,263879],[14,59],[37,92],[77,1],[44,-12],[68,-48],[-3,-19],[-55,-39],[-108,-33],[-48,-24],[-26,23]],[[359571,264019],[9,42],[63,-22],[56,-48],[-17,-52],[-66,17],[-45,63]],[[412211,181140],[-38,26],[-1,56],[26,4],[4,56],[80,-13],[43,-55],[-18,-80],[-28,-5],[-41,29],[-27,-18]],[[409972,180468],[34,64],[61,9],[-11,-75],[-84,2]],[[410380,180786],[-36,8],[-18,38],[70,60],[-16,-106]],[[409535,181145],[-34,-36],[-34,31],[38,27],[30,-22]],[[363172,262863],[69,-31],[73,-9],[87,55],[55,21],[63,7],[78,31],[76,-12],[35,12],[63,-19],[257,-22],[26,-26],[0,-49],[-34,-45],[-54,-31],[-85,9],[-197,-74],[-44,-51],[-13,-64],[-38,-33],[-122,-21],[-65,-24],[-30,4],[-60,-24],[-115,27],[-104,-8],[-30,7],[-144,-29],[-47,6],[-59,30],[-145,19],[-130,52],[-92,54],[-8,38],[26,38],[-5,78],[69,52],[73,3],[39,33],[93,52],[84,31],[47,3],[65,-13],[66,-60],[29,-11],[148,-6]],[[363015,262889],[2,32],[50,47],[84,32],[39,-1],[86,-29],[80,-3],[88,-27],[11,-23],[-143,-53],[-77,-6],[-45,18],[-112,2],[-63,11]],[[393971,191044],[-29,-18],[-65,42],[30,82],[44,20],[-8,74],[17,108],[39,59],[46,41],[-67,105],[-8,61],[-62,65],[15,41],[76,-65],[102,16],[-21,-46],[33,-70],[109,-42],[41,-5],[42,-65],[102,-113],[1,-99],[69,-78],[179,33],[66,44],[74,25],[41,-30],[-15,-83],[51,-26],[8,-43],[-84,8],[-31,-44],[-34,18],[-46,-4],[-23,-32],[-121,-58],[-72,4],[-63,79],[-39,23],[-59,9],[-50,-30],[-52,50],[-48,-25],[-69,26],[-61,-4],[-58,-53]],[[395988,187873],[-90,73],[-65,25],[-92,50],[-11,41],[-44,46],[-46,96],[-66,20],[-25,37],[34,51],[29,4],[23,52],[42,9],[158,-27],[92,26],[20,51],[44,17],[34,-27],[13,-41],[47,-24],[81,-7],[61,28],[-19,47],[46,28],[42,-61],[76,9],[-43,-90],[-28,-84],[-3,-90],[-34,-13],[-74,-56],[-33,-56],[-40,17],[-33,-88],[-41,-51],[-55,-12]],[[393224,192181],[46,50],[-16,64],[41,16],[-6,37],[-69,11],[-30,85],[37,44],[-12,70],[64,-40],[38,-69],[2,-76],[52,-58],[-30,-101],[47,-51],[14,-56],[-26,-12],[15,-84],[-27,-71],[8,-44],[-39,-50],[-84,-32],[1,83],[43,83],[37,36],[10,36],[-116,129]],[[393469,191685],[-31,55],[-6,96],[67,8],[53,-89],[-7,-79],[-19,-21],[11,-61],[-4,-79],[-18,-75],[-71,39],[-41,66],[6,23],[58,81],[2,36]],[[393759,191723],[-77,127],[-42,14],[52,46],[28,-2],[86,-66],[69,-81],[-43,-35],[-29,-85],[-56,42],[12,40]],[[393371,192719],[8,-70],[-36,-60],[-44,5],[-53,36],[10,56],[-11,37],[26,59],[48,-1],[52,-62]],[[393680,190495],[58,-15],[-3,-74],[-85,47],[-54,51],[39,27],[45,-36]],[[394143,188965],[-11,54],[69,-9],[37,18],[62,-11],[-43,-53],[-63,18],[-51,-17]],[[394389,189065],[31,-7],[-14,-60],[-34,24],[17,43]],[[359621,253520],[38,37],[47,80],[106,49],[73,16],[63,-18],[78,5],[79,38],[38,0],[7,-64],[107,-107],[5,-50],[36,-100],[-51,-27],[-83,-109],[-108,-55],[-106,-5],[-118,-29],[-85,47],[-34,35],[-59,97],[-72,76],[25,25],[14,59]],[[359121,253566],[8,-44],[-64,-60],[-121,6],[-52,57],[29,30],[78,9],[107,59],[29,-6],[-14,-51]],[[359100,258328],[-19,77],[-59,48],[3,25],[146,46],[91,-28],[29,11],[11,-52],[-42,3],[-39,-26],[-47,-64],[-11,-52],[-55,-9],[-8,21]],[[391337,194635],[-41,32],[-16,70],[-45,31],[-29,48],[30,52],[-8,90],[-48,58],[21,63],[-69,74],[27,132],[-28,57],[14,45],[43,17],[0,-97],[36,-100],[60,-23],[81,-99],[103,-23],[87,2],[140,30],[35,30],[40,-25],[30,-51],[-72,-57],[-83,-171],[-34,-85],[-43,-137],[-12,-82],[7,-46],[114,-62],[-3,-60],[26,-29],[66,-21],[1,-64],[36,-52],[62,-11],[41,19],[99,-63],[20,-52],[-17,-37],[43,-10],[12,-69],[-48,-15],[-39,38],[-27,-56],[-8,-78],[97,-18],[24,-70],[70,-44],[46,-3],[-66,-118],[-58,7],[-21,-86],[-52,-45],[-16,-102],[27,-88],[-5,-71],[-20,-23],[-115,-34],[-54,-31],[-74,11],[-49,37],[-85,-14],[-138,3],[-40,12],[-50,-13],[-69,16],[-20,19],[-136,58],[0,43],[-68,121],[-6,36],[-65,44],[-26,58],[0,44],[19,156],[32,52],[-3,51],[-22,35],[-21,80],[-43,43],[-38,79],[-116,95],[0,40],[-35,13],[-62,115],[-101,148],[-52,36],[-87,16],[-113,54],[-66,72],[-89,44],[-102,129],[-59,38],[-74,113],[105,31],[103,50],[87,24],[32,-20],[120,13],[31,-39],[55,-9],[44,-38],[41,7],[72,-88],[62,-39],[75,-23],[58,-4],[81,-52],[30,-46],[109,-27],[47,4],[65,-24],[58,-59],[37,-19],[85,-13]],[[337799,203642],[-34,4],[-35,46],[1,92],[-29,28],[-71,9],[-210,-50],[-15,-46],[-60,-33],[-15,-88],[86,-51],[27,-68],[-49,0],[-22,58],[-65,33],[-54,0],[-37,37],[-13,74],[-67,50],[1,46],[-42,71],[-10,70],[142,-5],[90,52],[52,66],[69,26],[89,62],[34,50],[7,80],[27,65],[40,36],[47,-8],[30,-32],[29,83],[37,-23],[36,16],[44,62],[0,44],[31,46],[-26,28],[21,48],[-21,74],[100,-42],[10,-37],[87,-120],[153,-126],[51,-61],[85,-27],[3,-34],[-38,-44],[9,-76],[40,-102],[41,-53],[71,-54],[31,-74],[-62,-5],[-114,-55],[-77,6],[-75,-8],[-110,-38],[-31,-40],[-13,-63],[-40,-14],[-35,23],[-99,22],[-52,-30]],[[335048,206043],[13,-40],[57,-30],[15,-76],[-28,-22],[-90,13],[-36,-10],[-38,-48],[-77,-40],[9,-56],[-14,-34],[-58,26],[-56,-2],[-30,39],[-29,72],[-4,49],[36,64],[-5,33],[205,64],[93,50],[37,-52]],[[338750,203491],[-49,68],[1,129],[70,14],[62,52],[-12,80],[91,118],[-10,83],[13,36],[69,-29],[42,-67],[-41,-45],[-8,-40],[-33,-32],[-73,-130],[-50,-75],[-10,-64],[19,-105],[-81,7]],[[335800,204364],[87,-41],[44,-90],[101,-85],[-4,-19],[-81,-7],[3,43],[-25,36],[-116,-6],[-49,50],[-22,53],[-25,10],[-60,-20],[-21,91],[-32,39],[-10,75],[14,29],[47,8],[23,-62],[66,-38],[60,-66]],[[390746,194081],[53,-82],[-18,-111],[28,-50],[-13,-73],[-102,52],[-31,105],[-49,62],[-83,168],[98,-38],[45,-38],[48,32],[24,-27]],[[390626,195546],[3,121],[23,67],[91,8],[12,-23],[65,-21],[55,-60],[1,-32],[-101,-92],[-46,22],[-48,-18],[-55,28]],[[390744,197167],[-12,29],[-58,56],[-97,8],[-54,71],[-47,43],[39,31],[-8,29],[34,28],[40,-10],[26,-49],[65,-33],[31,-40],[49,-18],[16,-43],[-24,-102]],[[390834,193731],[-21,50],[8,53],[-26,65],[31,111],[49,-100],[41,-40],[-9,-99],[23,-72],[-2,-58],[-50,-20],[-47,38],[-25,46],[28,26]],[[389418,205119],[-31,-83],[-66,-49],[-54,3],[-15,62],[41,23],[14,42],[69,24],[42,-22]],[[391034,193375],[-17,-82],[-51,-14],[-73,9],[-14,24],[15,59],[68,28],[42,3],[30,-27]],[[334448,205395],[62,-5],[51,-80],[-46,-28],[-38,45],[-35,2],[-51,50],[32,49],[25,-33]],[[336068,204559],[-42,67],[25,39],[34,-4],[36,-40],[11,-45],[-64,-17]],[[390795,193755],[31,-20],[-58,-45],[-33,-1],[-27,39],[3,50],[28,7],[56,-30]],[[390880,193547],[-26,-39],[-107,-25],[-8,26],[34,42],[99,19],[8,-23]],[[391177,194775],[91,-44],[22,-72],[-34,2],[-55,37],[-24,77]],[[390778,193591],[-42,30],[-4,38],[47,31],[36,-34],[-37,-65]],[[334489,205554],[-36,-56],[-34,37],[45,54],[25,-35]],[[338312,203560],[1,42],[45,61],[43,-2],[-89,-101]],[[390567,196828],[-66,41],[77,41],[-11,-82]],[[337019,203998],[-27,-24],[-114,22],[52,23],[89,-21]],[[389513,203355],[-49,-38],[-40,37],[39,31],[50,-30]],[[390795,193566],[-9,16],[38,56],[38,-32],[-5,-27],[-62,-13]],[[335150,206409],[-12,-40],[-60,-8],[10,58],[62,-10]],[[391584,195826],[30,39],[43,-62],[-73,23]],[[335506,207134],[-41,-34],[-74,-17],[-56,15],[-52,-11],[-34,15],[-30,60],[-3,71],[-33,76],[-33,35],[74,84],[19,48],[-10,57],[116,84],[46,46],[212,145],[69,103],[4,32],[-31,43],[56,69],[-18,41],[98,52],[87,79],[16,77],[-16,28],[112,61],[65,20],[213,121],[62,82],[89,52],[49,1],[77,-30],[61,-7],[114,27],[127,78],[183,-1],[161,45],[106,13],[103,-23],[179,-1],[74,15],[134,81],[56,56],[79,34],[230,85],[54,31],[23,37],[-9,35],[42,11],[68,53],[66,-37],[109,-24],[208,-19],[55,-25],[100,-137],[113,-72],[52,-74],[83,-61],[73,-11],[134,2],[30,-32],[16,-53],[-12,-54],[45,13],[38,-14],[19,-42],[39,-33],[27,-70],[-24,-66],[9,-109],[79,-87],[12,-77],[-54,-19],[-139,-2],[-1,50],[-43,61],[-58,11],[-135,-3],[-51,-50],[-63,-8],[-34,-45],[-38,7],[-48,-16],[-34,-31],[-86,-33],[-139,-99],[-22,28],[5,40],[-38,33],[3,73],[-72,31],[-7,53],[-22,41],[39,42],[-4,39],[-27,36],[-147,64],[4,73],[-36,1],[-97,-34],[-7,-63],[-32,-48],[-55,-49],[25,-33],[-45,-28],[-117,-2],[-33,35],[-71,-28],[-53,-63],[-95,-4],[-16,-53],[54,-82],[40,-13],[168,8],[20,-19],[15,-78],[-78,-102],[-1,-70],[-45,13],[-42,64],[3,57],[-94,33],[-76,-9],[-61,-32],[-66,-63],[44,-20],[23,30],[31,-71],[-12,-30],[18,-50],[-34,-134],[43,-56],[-7,-36],[-47,-82],[-41,-14],[-39,14],[-103,-8],[18,-54],[36,-61],[16,-160],[-104,-54],[-75,16],[-99,-13],[6,59],[-13,43],[-63,103],[-113,61],[-51,-16],[-62,-81],[34,-50],[-22,-34],[-89,-75],[-11,-94],[49,-26],[-86,-30],[-98,10],[-34,-37],[-104,-80],[-28,-32],[-40,-12],[-51,-92],[-5,-32],[-35,-30],[-43,40],[-47,0],[-60,-34],[-47,-43],[-57,17],[-54,-9],[-48,16],[-31,46],[-105,7],[-60,-11],[-112,-48],[-46,135],[-43,39],[-65,16],[-40,-18],[-39,19],[-32,104],[9,129],[-31,60],[-24,18],[40,39]],[[335408,206855],[34,-176],[-34,-42],[-69,-12],[-78,-58],[-21,-28],[-2,-74],[-104,4],[-53,-40],[-15,33],[62,134],[-27,102],[-29,28],[-2,70],[37,51],[11,57],[53,56],[147,104],[66,-6],[60,-43],[13,-31],[-24,-86],[-25,-43]],[[375539,226205],[10,50],[66,-5],[96,31],[31,-62],[0,-87],[52,-131],[-58,-24],[-30,18],[-90,-4],[-37,23],[-130,15],[-72,57],[9,67],[105,10],[37,-23],[11,65]],[[339708,208413],[-47,34],[-51,-12],[-34,16],[-54,86],[-2,38],[56,15],[23,89],[41,71],[73,-1],[35,-28],[-8,-92],[9,-50],[31,-39],[-8,-153],[-23,-24],[-41,50]],[[337573,207046],[91,49],[35,-13],[45,-82],[-71,-63],[-33,-97],[-86,-55],[-62,9],[-36,21],[2,40],[-25,30],[40,53],[4,39],[67,62],[29,7]],[[384993,222387],[41,15],[29,34],[-28,40],[37,76],[150,-116],[-8,-23],[32,-43],[-19,-54],[-33,2],[-26,-34],[-155,2],[-20,101]],[[375415,226455],[87,-41],[45,-39],[69,24],[50,-39],[-162,-15],[-25,-16],[-40,-85],[-66,11],[-36,-47],[-41,14],[-4,-60],[-75,10],[56,46],[89,102],[-27,30],[6,50],[35,83],[39,-28]],[[381121,223617],[-16,60],[135,22],[55,26],[62,-40],[29,-40],[0,-46],[-87,-21],[-173,61],[-5,-22]],[[340849,207187],[1,65],[48,12],[15,-28],[66,-39],[-56,-22],[-28,-44],[-54,-5],[-70,-40],[-51,-15],[-43,57],[26,17],[113,7],[33,35]],[[375638,225700],[-44,10],[-44,59],[2,46],[55,-38],[135,34],[11,-43],[-9,-55],[-61,-47],[-45,34]],[[376146,226752],[1,36],[64,55],[25,-16],[8,-49],[-22,-50],[-31,-25],[-47,0],[2,49]],[[375149,225727],[55,71],[67,42],[36,79],[51,1],[15,-64],[-46,-32],[-84,-12],[-94,-85]],[[368516,236035],[49,14],[49,-14],[5,-42],[-18,-49],[-28,2],[-36,37],[-51,10],[30,42]],[[379913,224176],[29,41],[57,25],[22,-26],[-4,-42],[-41,-34],[-63,36]],[[371326,228480],[-46,34],[5,45],[37,16],[33,-66],[-29,-29]],[[368762,236034],[42,-93],[-50,-3],[15,52],[-7,44]],[[370212,233744],[-9,-50],[-31,-9],[26,137],[21,-13],[-7,-65]],[[368644,236054],[-9,31],[56,3],[35,-41],[-55,-12],[-27,19]],[[377729,226571],[-36,8],[15,60],[34,-22],[-13,-46]],[[336174,210140],[-40,-45],[-24,44],[64,1]],[[380874,222856],[6,35],[73,-66],[-36,-10],[-43,41]],[[340524,206816],[23,49],[67,-22],[-90,-27]],[[383443,222453],[4,68],[36,4],[23,-32],[-14,-30],[-49,-10]],[[340350,208397],[-33,52],[11,24],[74,-40],[-52,-36]],[[384964,222196],[49,28],[15,-45],[-39,-8],[-25,25]],[[371571,227965],[48,54],[26,-29],[-43,-38],[-31,13]],[[384422,219154],[81,-13],[-34,-34],[-47,47]],[[381191,223487],[115,9],[-27,-29],[-39,-3],[-49,23]],[[360206,256433],[-58,-38],[-37,-54],[-11,-49],[-86,-84],[-24,-11],[-45,-87],[-63,9],[-54,80],[-34,32],[-172,71],[-116,30],[-83,-58],[-14,73],[-135,122],[-30,64],[-31,29],[-29,59],[13,32],[42,17],[40,40],[13,39],[51,71],[46,208],[65,80],[69,44],[66,14],[82,-4],[49,-16],[68,13],[30,49],[38,-7],[70,-58],[72,-27],[59,-4],[34,20],[75,-89],[37,-13],[25,22],[53,12],[56,-70],[-11,-23],[18,-117],[94,-57],[-27,-106],[-39,-26],[-30,-91],[-17,-1],[-63,-65],[-60,-46],[4,-29]],[[358658,256951],[-51,33],[-32,-29],[-66,61],[-34,4],[-63,83],[29,41],[-8,35],[-46,47],[49,48],[27,74],[47,5],[39,52],[14,53],[32,-4],[24,46],[-2,70],[46,-25],[63,-9],[61,9],[73,36],[200,40],[62,20],[37,-5],[15,-59],[-1,-86],[17,-61],[22,-3],[29,-153],[-41,-207],[7,-97],[-12,-36],[-64,6],[-71,-69],[-41,-149],[-39,40],[-77,3],[-57,-28],[-76,11],[-18,88],[-39,82],[-55,33]],[[359268,253549],[65,-5],[-5,-33],[41,-57],[2,-64],[21,-27],[102,-69],[66,-102],[55,-42],[41,-7],[21,-50],[-11,-41],[24,-61],[49,-42],[56,-73],[33,-70],[51,-52],[2,-72],[-22,-69],[-23,6],[-10,-82],[-30,-3],[-15,44],[-63,62],[-57,-1],[-9,-68],[-58,-60],[-5,-38],[-53,-36],[-58,126],[-54,-4],[-73,-22],[-80,-96],[-13,-38],[-57,-17],[-23,-39],[21,-60],[-16,-59],[-62,-31],[-21,16],[-86,16],[-21,31],[-93,1],[-33,43],[-2,74],[-42,35],[-20,48],[-76,11],[-13,44],[-40,38],[-45,5],[-22,30],[18,40],[29,10],[-42,114],[-23,35],[-8,65],[34,7],[2,75],[-28,15],[2,68],[62,43],[29,64],[61,75],[50,-36],[47,25],[38,49],[-7,36],[49,55],[59,-19],[60,11],[60,50],[66,86],[20,51],[83,41]],[[363266,250883],[31,-105],[-108,-10],[1,94],[-38,65],[-98,28],[-47,-26],[-129,87],[-15,49],[17,39],[212,-11],[37,-40],[73,-17],[78,-97],[-14,-56]],[[362493,252463],[-81,53],[-72,113],[86,12],[63,-89],[66,-15],[39,-39],[4,-67],[46,-28],[-44,-28],[-48,45],[-28,1],[-31,42]],[[359975,252553],[-25,70],[54,30],[17,55],[22,18],[70,-50],[-1,-64],[15,-40],[-9,-37],[-81,-57],[-26,2],[-36,73]],[[360761,252376],[-13,23],[46,48],[34,59],[-2,62],[-27,34],[43,45],[84,29],[36,-20],[-30,-83],[-60,-105],[-88,-90],[-23,-2]],[[362764,251085],[9,-32],[-30,-50],[-100,19],[-15,44],[32,31],[73,4],[31,-16]],[[358509,250538],[5,106],[61,49],[10,-36],[-27,-49],[-34,9],[-14,-69],[42,-26],[58,4],[12,-52],[-57,-10],[-37,26],[-19,48]],[[368710,236122],[-1,44],[70,12],[19,-61],[-56,-25],[-32,30]],[[367739,242888],[-31,96],[45,-5],[46,-70],[-60,-21]],[[368677,236176],[23,-7],[3,-56],[-67,-7],[-7,50],[48,20]],[[366292,244585],[57,1],[39,-26],[-36,-31],[-60,56]],[[368872,240604],[38,20],[13,-48],[-35,-19],[-16,47]],[[369472,243405],[-37,-15],[-36,18],[18,45],[42,-2],[13,-46]],[[368817,236981],[-27,-47],[-20,75],[47,-28]],[[369305,243526],[45,48],[19,-22],[-8,-43],[-56,17]],[[431164,153473],[10,-22],[60,-32],[30,-127],[36,-110],[32,-182],[30,-66],[50,-54],[-42,-31],[-28,31],[-106,-110],[-8,-46],[38,-67],[-49,-36],[-14,-35],[-128,98],[-41,55],[-46,-52],[-70,4],[-38,-86],[-38,4],[-39,-39],[-39,34],[-15,-61],[-50,22],[-27,-10],[-64,68],[-59,38],[-62,74],[-44,25],[14,47],[-103,110],[-99,161],[-25,89],[-35,25],[-42,76],[-62,80],[-1,31],[-39,46],[-3,42],[-129,123],[-186,33],[-35,80],[-95,56],[-124,54],[-44,41],[-68,20],[-33,26],[-20,95],[-48,85],[-19,68],[3,74],[-26,66],[-158,128],[-78,144],[-16,61],[-54,87],[-10,72],[-23,17],[-8,55],[-63,16],[-31,30],[35,38],[72,19],[-3,20],[158,32],[31,22],[-14,33],[33,56],[-9,57],[29,18],[192,-32],[61,17],[25,48],[48,-9],[38,-36],[84,-53],[42,-58],[-43,-14],[-24,-37],[43,-47],[3,-48],[57,9],[4,45],[61,-21],[59,-42],[47,20],[38,-42],[65,-20],[25,25],[280,-148],[123,-8],[129,14],[74,-9],[30,-32],[-32,-42],[-31,5],[-18,-88],[51,-10],[74,44],[67,62],[2,34],[36,35],[-29,45],[78,38],[29,30],[-12,59],[37,25],[32,-34],[-32,-42],[3,-285],[-38,-114],[-42,-157],[-8,-103],[18,-59],[-16,-46],[7,-123],[27,-49],[61,-46],[6,-109],[15,-53],[51,-24],[10,-64],[66,-65],[83,-23],[50,25],[35,-48],[8,-60]],[[412761,179683],[39,7],[32,37],[-46,26],[-10,28],[27,77],[-47,-6],[-82,-114],[-31,19],[13,115],[38,-15],[62,73],[19,166],[40,66],[-5,88],[-26,141],[85,15],[80,-33],[14,-64],[-43,-43],[50,-84],[-33,-98],[16,-55],[133,25],[21,-25],[2,-77],[-32,3],[-29,-68],[52,-34],[-17,-143],[103,100],[35,0],[-59,-100],[6,-65],[72,34],[90,124],[5,-45],[-60,-55],[-14,-54],[13,-123],[55,89],[125,-192],[56,-47],[51,-23],[62,2],[-8,-38],[-60,3],[-48,-73],[-32,41],[-123,-32],[-20,-34],[8,-37],[-54,-26],[-65,38],[-42,57],[-55,-25],[-73,67],[-40,-22],[-5,-66],[23,-40],[-114,-71],[-79,1],[-27,82],[24,99],[-93,14],[54,36],[23,75],[-36,10],[-9,-47],[-75,-39],[-24,-39],[-65,-22],[-22,24],[8,51],[-119,58],[-31,35],[111,12],[9,55],[25,35],[90,11],[10,41],[45,46],[27,48]],[[419955,165003],[11,89],[45,42],[21,44],[-19,50],[44,109],[-39,57],[31,55],[-7,54],[83,68],[-35,31],[36,107],[-14,72],[124,106],[48,19],[44,-16],[5,-55],[-34,-50],[19,-36],[-24,-49],[53,-148],[39,-53],[8,-95],[40,-82],[61,-44],[-42,-74],[-32,-86],[21,-107],[0,-56],[-21,-83],[-30,-65],[14,-74],[-35,-78],[-92,-124],[-36,-22],[-59,-3],[-141,53],[-38,22],[-16,44],[25,42],[67,34],[3,54],[-30,9],[-35,67],[-35,28],[7,73],[-35,71]],[[424787,164114],[14,39],[-36,106],[58,46],[121,-27],[-28,45],[-56,29],[32,32],[6,56],[76,62],[-87,42],[-13,-21],[-66,3],[7,34],[-42,49],[37,31],[33,81],[81,-1],[43,-39],[44,0],[60,-55],[92,-46],[16,-32],[-8,-55],[22,-48],[46,-16],[3,-50],[-40,-49],[38,-46],[31,1],[17,-41],[-4,-50],[110,-29],[20,-17],[26,-78],[44,-21],[-65,-71],[-39,50],[-35,-39],[-14,-101],[13,-44],[-56,-5],[-64,23],[-85,-66],[30,-44],[-81,-35],[-21,35],[-49,-22],[-32,-46],[-46,11],[-26,-55],[-41,-11],[-21,60],[-37,48],[64,87],[-36,14],[41,40],[12,44],[-105,123],[-95,-18],[50,79],[41,8]],[[412725,180961],[11,-69],[74,-16],[-54,-89],[-63,89],[-13,-61],[-47,7],[-1,-54],[43,-41],[-29,-34],[43,-62],[18,-97],[-3,-143],[-26,-52],[-97,-91],[-33,55],[24,66],[29,3],[11,43],[-36,22],[15,49],[0,58],[-28,29],[-60,-84],[-1,-76],[-16,-74],[-60,-45],[-55,62],[37,88],[19,8],[33,99],[-2,67],[-54,-87],[-63,2],[7,-66],[-35,-86],[-74,-20],[-31,89],[21,62],[-11,28],[18,74],[-21,38],[29,29],[12,66],[48,8],[27,25],[42,-21],[59,72],[-36,26],[29,26],[10,43],[-54,16],[-20,58],[33,54],[62,49],[62,2],[-21,-60],[31,-49],[64,45],[13,31],[50,-3],[13,37],[74,-9],[32,35],[65,-9],[39,-41],[-57,-7],[-24,-77],[-72,-37]],[[431849,152083],[24,72],[-31,48],[-18,139],[-36,38],[-42,2],[-76,-46],[-40,7],[-10,75],[6,62],[-39,33],[-20,49],[-24,105],[2,54],[56,56],[-15,84],[51,-24],[21,-158],[47,-85],[32,-30],[78,-19],[59,-79],[49,-28],[32,-111],[59,-85],[12,-57],[61,-147],[-44,-35],[0,-40],[-42,-12],[-26,-34],[-49,-5],[-9,30],[-49,20],[-1,72],[-18,49]],[[421159,165493],[82,-40],[100,34],[28,-38],[-47,-25],[-14,36],[-79,-19],[-73,19],[-21,-36],[76,-28],[19,-40],[-54,-38],[-58,4],[-42,-56],[-41,-7],[-86,-46],[-36,-30],[-31,-71],[-28,-26],[-239,-101],[-37,75],[-58,75],[27,56],[67,29],[37,50],[62,14],[92,-13],[35,99],[61,38],[47,-5],[40,30],[35,-49],[35,-18],[26,53],[-26,39],[60,64],[41,-29]],[[423011,168776],[-38,9],[11,48],[-19,40],[5,73],[30,0],[8,109],[-16,37],[19,41],[47,-6],[80,-81],[76,-22],[41,18],[87,-44],[97,-138],[-29,-37],[-38,19],[-42,-8],[-105,-91],[-77,64],[-92,35],[-58,-27],[13,-39]],[[413662,177576],[-14,75],[-78,-21],[-35,-34],[-58,9],[-3,40],[66,82],[82,7],[47,58],[16,84],[-9,72],[60,0],[-19,58],[8,45],[59,32],[-33,28],[-27,65],[32,28],[75,-11],[4,-49],[-33,-47],[93,-100],[34,-15],[32,-63],[-61,3],[-5,-64],[-90,48],[-12,-50],[-75,-45],[21,-22],[-6,-43],[-50,-4],[-4,-143],[-17,-23]],[[428488,157138],[12,21],[-46,36],[5,109],[-30,22],[5,43],[94,-31],[51,4],[15,33],[51,51],[95,61],[38,-8],[-27,-66],[21,-71],[60,-40],[56,-8],[-5,-28],[-42,-53],[-25,29],[-67,0],[-74,-29],[-29,-29],[-35,26],[-92,-42],[-31,-30]],[[423887,168339],[-73,-47],[-27,-41],[22,-58],[-37,-41],[20,-48],[-60,-43],[-55,-14],[-52,23],[5,25],[-114,55],[-37,66],[-36,23],[8,30],[90,26],[39,-19],[92,-14],[67,17],[86,75],[54,24],[8,48],[43,-5],[-8,-37],[-35,-45]],[[424386,164048],[13,33],[-46,26],[-14,55],[149,91],[21,56],[24,13],[-75,51],[7,34],[61,48],[21,79],[111,27],[33,23],[33,-38],[-56,-15],[-7,-28],[52,-37],[11,-55],[-72,0],[68,-49],[-2,-44],[-53,-4],[-84,-49],[-117,-43],[-39,-42],[4,-121],[-43,-11]],[[418070,175044],[19,-90],[-43,-77],[-47,-43],[-66,39],[-54,-41],[-41,3],[-64,67],[-48,16],[-17,33],[44,58],[93,-17],[41,-36],[40,27],[-32,100],[25,33],[56,-21],[94,-51]],[[416571,174482],[-42,21],[-14,33],[30,54],[-38,12],[-6,61],[84,3],[16,26],[52,-34],[9,33],[53,-20],[7,-36],[51,-30],[-4,-51],[-55,-93],[-43,-13],[-40,-48],[-29,28],[-74,-25],[-51,13],[52,48],[42,18]],[[411950,178967],[5,-34],[50,-66],[42,-31],[39,-85],[35,-26],[24,-72],[-20,-18],[21,-47],[-71,-22],[-34,19],[-12,48],[-40,-3],[-32,56],[5,37],[-23,38],[1,46],[-29,88],[28,74],[-31,49],[41,33],[2,44],[-24,19],[8,49],[55,10],[6,-123],[-31,-21],[-15,-62]],[[413878,179528],[11,50],[38,47],[22,-18],[-20,-56],[-33,-18],[-29,-52],[-36,-30],[11,-44],[29,-24],[1,-85],[-80,26],[-42,-24],[-29,15],[22,41],[-55,2],[7,65],[44,42],[12,96],[47,-9],[54,10],[26,-34]],[[412823,178937],[78,0],[31,25],[35,-6],[22,-45],[-36,-19],[-32,-79],[-55,14],[12,78],[-53,-34],[-50,-61],[-67,32],[10,90],[-13,37],[22,26],[6,69],[58,-55],[-11,-44],[43,-28]],[[413364,178146],[11,43],[-47,43],[55,12],[14,67],[26,-4],[26,-59],[58,31],[52,-30],[18,-94],[-40,-8],[-45,-50],[-90,-18],[-38,67]],[[416262,174565],[-4,71],[-71,48],[33,17],[64,3],[37,28],[93,-47],[75,-138],[-41,-43],[-33,32],[4,33],[-146,29],[-11,-33]],[[422517,166463],[-43,-29],[-10,-62],[12,-59],[-87,0],[-29,46],[-7,49],[-38,65],[70,14],[21,21],[84,-9],[27,-36]],[[415315,175547],[-1,56],[-18,39],[53,49],[38,6],[69,-37],[2,-72],[51,-12],[6,-72],[-44,27],[-53,-6],[-12,-23],[-84,28],[-7,17]],[[428227,157999],[-21,43],[-56,3],[-59,-30],[-38,44],[16,62],[53,36],[-10,78],[57,-13],[0,-53],[23,-12],[71,-101],[23,-70],[-59,13]],[[418546,171440],[-38,37],[-38,67],[-43,7],[-33,33],[26,59],[62,-4],[4,-48],[50,-1],[63,-23],[33,-30],[-12,-30],[18,-43],[-25,-32],[-67,8]],[[419475,169408],[67,19],[19,-21],[-26,-43],[72,-61],[-59,-11],[-57,8],[-48,-50],[-45,-14],[-32,53],[-50,-28],[31,96],[62,-11],[45,19],[21,44]],[[412316,175085],[-32,30],[-18,127],[65,9],[62,-34],[4,-71],[63,-69],[-96,-27],[-48,35]],[[415364,175459],[-11,-20],[69,-80],[-47,-8],[-28,50],[-58,-16],[-57,37],[-95,21],[56,55],[111,10],[60,-49]],[[411918,179530],[-56,-74],[-39,-16],[-41,26],[-30,57],[34,10],[-12,48],[15,63],[41,-41],[38,-5],[48,34],[32,-35],[-40,-30],[10,-37]],[[420367,164543],[13,-61],[-21,-96],[-40,-58],[-81,-8],[-11,64],[68,121],[40,45],[32,-7]],[[414301,176355],[9,55],[60,111],[50,-1],[-1,-48],[27,-28],[6,-71],[-44,25],[-31,-32],[-56,-22],[-2,-30],[-39,-24],[-19,44],[40,21]],[[416929,167575],[-79,95],[67,-11],[61,35],[84,-20],[33,-78],[-83,-44],[-83,23]],[[412628,178819],[1,-30],[42,-68],[-57,-6],[-51,60],[3,79],[-16,30],[20,48],[-18,30],[28,43],[42,-7],[-1,-79],[20,-34],[-13,-66]],[[419831,166242],[-13,43],[165,13],[29,60],[58,0],[19,-26],[-24,-44],[-102,-41],[5,-40],[-106,3],[-31,32]],[[420094,164371],[-39,55],[1,53],[47,30],[32,-11],[65,-94],[-8,-37],[-98,4]],[[413709,176686],[28,-46],[35,-15],[64,-81],[-44,-1],[-20,38],[-104,107],[-83,97],[-16,84],[89,-61],[13,-60],[51,-40],[-13,-22]],[[427808,154567],[-54,10],[-45,41],[-22,50],[107,-6],[77,-25],[29,-23],[-25,-44],[-67,-3]],[[423403,164446],[1,29],[97,16],[35,27],[73,-20],[-17,-57],[-54,-19],[-115,-7],[-20,31]],[[413420,180381],[0,58],[38,1],[15,-37],[-51,-64],[-4,-73],[-83,93],[-39,-5],[8,51],[65,6],[51,-30]],[[412406,179515],[38,82],[-16,38],[36,36],[55,-4],[14,-28],[-11,-65],[-34,-56],[-39,-19],[-43,16]],[[411783,179754],[-29,1],[-50,55],[-4,24],[-72,105],[46,-9],[75,-48],[36,-86],[-2,-42]],[[423732,168828],[-79,23],[-14,60],[90,21],[23,-42],[44,-7],[16,-41],[-80,-14]],[[443914,138902],[33,38],[41,-4],[20,-37],[8,-96],[-19,-24],[-57,27],[-26,96]],[[414603,176342],[-22,59],[-71,41],[-5,27],[65,35],[98,-42],[-54,-25],[-11,-95]],[[420219,173818],[31,33],[-39,30],[0,32],[63,15],[26,-10],[48,-106],[-43,-10],[-35,25],[-51,-9]],[[420413,164767],[-8,36],[29,59],[18,89],[51,-41],[5,-42],[-75,-99],[-20,-2]],[[413936,177396],[71,48],[51,-10],[-5,-56],[-56,23],[-61,-5]],[[426466,166604],[4,97],[17,15],[49,-44],[-30,-75],[9,-45],[-66,14],[17,38]],[[432402,150605],[-57,61],[28,50],[53,1],[21,-53],[-4,-58],[-41,-1]],[[427793,154726],[0,27],[145,34],[1,-54],[-45,-36],[-101,29]],[[416345,175719],[51,-32],[-77,-15],[-37,-32],[-62,75],[70,22],[55,-18]],[[441345,141990],[21,33],[85,2],[38,-35],[3,-41],[-147,41]],[[416879,175881],[-6,44],[-54,52],[11,38],[52,-26],[41,-46],[19,-44],[-63,-18]],[[423041,163511],[17,22],[100,29],[61,86],[8,-39],[-35,-22],[-30,-74],[-30,-39],[-29,45],[-62,-8]],[[443924,138997],[73,71],[36,-49],[2,-43],[-36,-17],[-57,4],[-18,34]],[[444210,138841],[-34,-30],[-21,66],[0,61],[41,12],[32,-57],[-18,-52]],[[422041,166345],[22,50],[66,-38],[11,-48],[-58,-26],[-47,19],[6,43]],[[418007,175639],[-27,58],[35,22],[47,61],[29,-96],[-53,-4],[-31,-41]],[[423058,169949],[42,9],[70,62],[29,8],[40,-33],[-130,-48],[-51,2]],[[418761,170473],[-23,73],[44,47],[35,-63],[-20,-15],[21,-48],[-57,6]],[[434561,156348],[-46,18],[31,43],[63,7],[34,-20],[-28,-44],[-54,-4]],[[420099,164318],[32,27],[76,12],[7,-56],[-78,-14],[-37,31]],[[417573,166391],[69,58],[26,-17],[-53,-70],[-42,29]],[[414106,178865],[-53,32],[15,73],[57,-18],[5,-56],[-24,-31]],[[421928,166820],[-21,76],[46,9],[9,-52],[-34,-33]],[[413402,178511],[-78,19],[-9,30],[26,35],[78,-32],[-17,-52]],[[443848,139045],[33,7],[-4,-100],[-37,3],[-36,53],[44,37]],[[423197,170206],[-21,62],[75,7],[-54,-69]],[[420318,162645],[-48,36],[-27,39],[6,44],[76,-55],[-7,-64]],[[419741,168885],[-34,84],[30,35],[47,-79],[-3,-40],[-40,0]],[[414185,178021],[-18,-56],[-55,8],[-24,36],[39,17],[58,-5]],[[444076,139157],[29,-7],[-35,-108],[-45,53],[51,62]],[[418340,166466],[-5,61],[52,-6],[6,-77],[-53,22]],[[419407,167542],[7,57],[57,15],[28,-39],[-92,-33]],[[423913,166166],[36,49],[61,-73],[-38,-26],[-59,50]],[[420772,162651],[52,-25],[23,-78],[-23,-7],[-53,84],[1,26]],[[433218,150366],[-9,19],[45,46],[47,-50],[-51,-30],[-32,15]],[[419121,163142],[-23,9],[8,72],[17,16],[53,-41],[-55,-56]],[[417672,165340],[38,46],[47,-72],[-85,26]],[[443891,139105],[44,27],[59,-8],[-30,-40],[-50,0],[-23,21]],[[414725,176354],[25,-39],[-6,-60],[-48,54],[29,45]],[[416996,169361],[21,36],[62,-28],[-17,-36],[-57,3],[-9,25]],[[429587,157473],[26,-43],[-18,-28],[-82,18],[74,53]],[[419504,166404],[36,33],[35,-40],[-42,-20],[-29,27]],[[413786,178290],[-8,35],[30,57],[54,20],[-13,-52],[-63,-60]],[[420388,170150],[-18,-47],[-56,22],[-6,27],[80,-2]],[[414001,179409],[-6,83],[-39,-6],[-7,60],[30,24],[38,-69],[-16,-92]],[[434129,150643],[71,30],[24,-40],[-28,-34],[-67,44]],[[444195,138671],[52,-44],[-25,-50],[-41,57],[14,37]],[[430194,155550],[-21,40],[46,30],[35,-31],[-60,-39]],[[420190,164444],[-5,49],[75,5],[-32,-59],[-38,5]],[[419133,163252],[-3,52],[72,8],[-33,-53],[-36,-7]],[[419788,170547],[56,29],[59,-44],[-71,-8],[-44,23]],[[419384,174032],[-112,6],[37,39],[67,-25],[8,-20]],[[442528,150100],[-9,54],[58,0],[-8,-43],[-41,-11]],[[418309,166838],[-59,-38],[-31,22],[70,50],[20,-34]],[[413630,176619],[-48,24],[-23,35],[34,17],[37,-76]],[[443782,139944],[37,18],[31,-40],[-56,-19],[-12,41]],[[443666,139626],[9,80],[34,-24],[-43,-56]],[[412128,176881],[-41,7],[11,40],[49,-18],[-19,-29]],[[423203,164571],[-22,-40],[-62,35],[58,15],[26,-10]],[[412504,175052],[-24,61],[80,-31],[-56,-30]],[[426351,165582],[31,61],[26,-38],[-57,-23]],[[414493,179684],[-15,23],[32,45],[22,-65],[-39,-3]],[[444677,140977],[42,-44],[7,-58],[-36,3],[-71,104],[-61,35],[-78,15],[-66,114],[-57,32],[24,83],[54,-39],[13,-38],[66,-62],[86,-48],[46,-76],[31,-21]],[[447268,143691],[103,-61],[140,-19],[54,11],[12,-24],[-5,-97],[21,-159],[41,-57],[-25,-97],[-34,-78],[-92,-163],[-110,-212],[-62,-137],[-73,-144],[-129,-272],[-60,-136],[-147,-302],[-51,-92],[-72,-151],[-371,-735],[-26,-68],[-69,-130],[-165,-369],[-189,-408],[-79,-189],[-79,-171],[-150,-371],[-69,-190],[-76,-240],[-43,-162],[-40,-211],[-12,-169],[25,-256],[14,-63],[52,-153],[6,-59],[-66,-157],[-27,-108],[-53,-26],[-85,-13],[-87,9],[-99,36],[-58,40],[-113,132],[-29,61],[-3,70],[-30,68],[-40,21],[-53,64],[-40,108],[-15,95],[18,68],[-6,57],[-60,92],[-18,48],[-2,61],[-60,111],[-20,61],[4,40],[38,52],[-18,51],[-83,58],[21,80],[-78,65],[-54,20],[-31,48],[46,79],[-4,111],[20,28],[-11,44],[105,86],[65,138],[113,93],[25,142],[-1,55],[-51,155],[24,114],[61,109],[83,102],[25,80],[116,122],[95,85],[-2,19],[109,178],[-13,34],[11,47],[30,21],[-23,174],[14,21],[-59,170],[26,46],[-25,36],[-23,78],[59,149],[9,42],[-16,44],[39,10],[-68,65],[-20,88],[-52,-9],[-61,23],[-78,-58],[-49,-3],[-106,34],[-41,-4],[6,47],[57,94],[100,93],[43,61],[104,98],[120,39],[110,51],[84,50],[345,256],[121,84],[15,21],[101,83],[154,142],[137,179],[133,164],[111,173],[26,31],[65,118],[30,79],[20,18],[-19,60],[43,136],[15,141],[-11,71],[-65,142],[-98,135],[-108,177],[-89,125],[-84,98],[-103,89],[-63,40],[-119,51],[-80,11],[-71,-26],[-19,29],[29,76],[74,85],[157,144],[60,66],[58,85],[130,126],[227,167],[109,52],[134,57],[54,30],[103,0],[29,-14],[4,-96],[-20,-188],[-19,-265],[-17,-312],[0,-133],[11,-166],[33,-199],[40,-124],[111,-241],[32,-55],[65,-82],[120,-99]],[[447972,124226],[-17,28],[64,54],[20,105],[68,10],[42,35],[49,134],[-3,21],[57,167],[27,113],[-23,72],[18,74],[120,48],[50,-31],[105,-128],[76,-53],[77,-22],[129,-22],[56,3],[97,-39],[55,16],[63,-11],[-9,-89],[-75,-109],[-44,-79],[-114,-260],[-88,-210],[-138,-366],[-83,-253],[-25,-91],[-72,-305],[-37,-193],[-24,-174],[-6,-82],[8,-107],[-119,-37],[-9,47],[50,0],[12,83],[-71,-14],[-37,-78],[39,-43],[-93,-50],[-56,-1],[-52,17],[-46,48],[-4,77],[-97,117],[56,33],[16,77],[-43,78],[37,101],[-12,57],[72,38],[75,58],[25,53],[-73,148],[-28,22],[-12,84],[25,20],[26,91],[-16,56],[13,62],[-24,85],[12,145],[-21,84],[6,106],[22,55],[-22,78],[-74,47]],[[447683,127078],[42,134],[2,150],[-20,124],[-46,101],[126,82],[67,23],[29,34],[97,22],[13,-24],[70,26],[123,31],[-3,19],[83,9],[134,64],[34,-27],[75,-10],[-6,-47],[-28,-30],[-43,-95],[-108,-315],[-59,-217],[-29,-82],[-18,-88],[-33,-107],[-26,-119],[-26,-160],[-22,-179],[-11,-158],[-2,-148],[8,-136],[49,-220],[85,-113],[15,-63],[7,-120],[-50,-129],[-36,-12],[-62,40],[31,88],[-5,80],[-132,252],[4,40],[-64,168],[-63,93],[-99,192],[-15,121],[-26,60],[-51,83],[9,61],[44,94],[0,92],[-83,264],[19,52]],[[445861,128903],[60,-225],[125,-417],[85,-220],[95,-198],[91,-146],[64,-82],[42,-85],[20,-101],[-42,-43],[-35,-69],[-169,-29],[-70,1],[-59,75],[-40,135],[-67,38],[-21,39],[-38,18],[-30,46],[-30,139],[-52,11],[-46,56],[-81,42],[-78,56],[-16,115],[-52,82],[-54,16],[-54,61],[23,68],[-4,68],[53,43],[35,91],[-56,49],[14,25],[-17,43],[-62,64],[20,97],[48,35],[135,50],[102,62],[33,38],[45,12],[30,73],[-1,93],[14,10],[-32,90],[52,173],[-21,-167],[13,-111],[0,-90],[28,-131]],[[448218,121989],[12,71],[37,44],[12,43],[-27,51],[18,49],[1,61],[54,-39],[-64,-338],[-35,-203],[-44,-317],[-17,-235],[-1,-68],[39,-188],[-58,4],[-38,94],[30,118],[-1,73],[-23,82],[38,36],[2,44],[-30,53],[-69,70],[-16,42],[-20,130],[16,22],[6,73],[58,34],[67,68],[53,126]],[[447977,123122],[-43,-68],[-60,-38],[32,-58],[10,-58],[-4,-86],[16,-52],[-38,-96],[-43,-38],[-84,21],[-41,27],[-29,53],[30,57],[35,22],[-3,33],[37,34],[-6,46],[-35,20],[-55,-11],[-6,131],[47,51],[149,0],[91,10]],[[444123,139329],[-40,63],[-16,93],[22,49],[66,17],[56,46],[47,65],[113,27],[53,-29],[26,-92],[-44,-62],[-41,-86],[-69,-37],[-2,-28],[-128,-56],[-43,30]],[[447857,122042],[130,21],[70,-43],[-31,-121],[-36,-54],[-66,-54],[-84,-13],[-56,19],[-26,66],[35,36],[115,89],[-51,54]],[[446664,125472],[0,69],[90,59],[39,-14],[36,-43],[85,-26],[23,-58],[-36,-6],[-33,-44],[-58,-37],[-49,2],[-57,24],[-40,44],[0,30]],[[447701,123337],[35,47],[41,-67],[-75,-92],[-141,78],[2,144],[21,13],[47,92],[-3,38],[50,11],[-13,-121],[-23,-68],[11,-57],[48,-18]],[[447524,124129],[-47,128],[55,25],[52,-1],[97,32],[55,-4],[30,-68],[-141,-34],[-101,-78]],[[446561,125070],[45,88],[53,55],[34,-16],[39,-147],[-35,-64],[-26,-15],[-102,69],[-8,30]],[[447392,123140],[10,56],[57,-33],[42,-55],[-15,-73],[-80,-110],[-12,81],[-37,61],[35,73]],[[447329,122841],[56,31],[67,-43],[39,-58],[-6,-35],[-93,3],[-48,35],[-15,67]],[[444374,138904],[-52,7],[-13,137],[33,25],[53,-7],[6,-113],[-27,-49]],[[447614,123000],[2,-45],[48,-133],[-46,-25],[-45,23],[-6,39],[47,141]],[[444444,138511],[-18,128],[68,-1],[22,-33],[-22,-38],[-16,-81],[-34,25]],[[447945,125425],[-6,66],[67,61],[0,-93],[22,-45],[-44,-25],[-39,36]],[[447360,123658],[27,73],[41,18],[54,-30],[-10,-52],[-112,-9]],[[444493,139593],[-21,58],[14,50],[42,29],[34,-61],[-30,-65],[-39,-11]],[[444301,138747],[-52,-8],[-11,73],[20,56],[51,-74],[-8,-47]],[[447454,123280],[33,28],[23,-51],[61,-24],[14,-38],[-35,-27],[-86,84],[-10,28]],[[447752,123237],[7,56],[98,26],[-6,-55],[-56,-44],[-43,17]],[[447991,121363],[-23,46],[43,11],[39,-18],[-7,-41],[-36,-54],[-40,11],[24,45]],[[444430,138722],[22,51],[53,-42],[-15,-49],[-42,-19],[-18,59]],[[447875,121772],[34,11],[39,-25],[-5,-43],[-83,4],[15,53]],[[447701,123163],[59,25],[47,-22],[-19,-28],[-87,25]],[[447932,121682],[4,-51],[-82,-7],[-30,33],[14,34],[51,-33],[43,24]],[[447461,123310],[-20,35],[20,61],[41,26],[-4,-100],[-37,-22]],[[444451,139478],[27,41],[41,15],[-44,-103],[-46,0],[22,47]],[[444335,139103],[24,39],[42,16],[-26,-85],[-40,30]],[[445477,127998],[-21,-28],[-44,13],[26,61],[39,-46]],[[446638,124834],[39,-48],[-29,-21],[-33,53],[23,16]],[[446293,124986],[-80,38],[41,20],[39,-58]],[[448286,122390],[43,47],[24,-27],[-23,-33],[-44,13]],[[254808,92201],[0,1937],[0,560],[0,4566],[-1,3506],[0,9732],[0,7016],[0,10486],[0,1170],[0,1376],[0,825],[0,978],[0,1361]],[[254807,135714],[1018,0],[1400,0],[935,0],[807,0],[982,0],[776,0],[1140,0],[1678,0],[1124,0],[1330,0],[900,0],[1694,0],[2164,0],[1400,0],[1413,0],[1287,0],[1282,0],[1871,0],[891,0],[2291,0],[1322,0],[2732,0],[1164,0],[938,0],[675,0],[932,0],[1463,0],[916,0],[855,0],[1345,0],[935,0],[712,0],[1093,0],[1124,0],[1108,0],[1457,0],[697,0],[1021,0],[879,1],[1058,0],[1855,0],[982,0],[1393,0],[826,0],[1553,0],[1291,1],[669,0],[1946,2],[1352,1],[1979,1],[1320,1],[1319,1],[1320,2],[733,0],[1246,1],[660,1],[1319,1],[659,0]],[[349525,43482],[-192,19],[-188,9],[-124,32],[-121,0],[-104,-22],[-91,41],[-156,33],[-185,-8],[-88,-50],[-143,28],[-112,-28],[-65,-60],[-116,5],[-41,-19],[-71,32],[-76,1],[-99,20],[-163,-39],[-159,-5],[-51,-20],[-60,1],[-133,99],[-25,45],[-101,20],[-66,-13],[-22,57],[-90,38],[-129,25],[-77,-36],[-32,40],[-42,17],[5,59],[-38,42],[-69,22],[-49,-3],[-76,27],[-68,46],[-136,50],[-66,46],[-47,80],[-101,104],[-73,26],[-19,25],[-68,18],[-62,71],[-59,42],[-117,37],[-35,-9],[-65,21],[-50,-5],[-18,40],[-44,-4],[-72,65],[-57,20],[-51,86],[-53,34],[-50,5],[-33,86],[-61,61],[-45,151],[-45,75],[-91,115],[-18,43],[-102,137],[11,29],[-63,88],[-22,59],[-58,71],[-27,61],[-68,84],[-41,89],[-69,82],[-27,61],[-113,149],[-151,182],[-184,189],[-123,120],[-192,177],[-90,69],[-43,11],[-32,38],[-99,43],[-66,58],[-47,8],[-39,34],[-150,97],[22,42],[68,21],[45,56],[10,73],[-23,65],[-63,86],[-114,91],[-88,52],[-153,77],[-58,72],[-73,67],[-76,41],[-140,32],[-96,-20],[-40,-40],[-3,-45],[-103,7],[-38,32],[-2,48],[-55,47],[-72,32],[-97,91],[-61,82],[-74,44],[-39,71],[-56,45],[-74,39],[-43,95],[-113,126],[-128,76],[-36,34],[-60,109],[-82,92],[-48,97],[-72,47],[-57,-1],[11,42],[-152,148],[-79,99],[-17,40],[-59,44],[1,24],[-57,59],[-4,36],[-65,50],[-13,61],[-46,78],[-42,27],[-2,46],[-32,11],[-92,146],[-8,27],[-69,96],[-56,29],[-82,84],[33,60],[-16,42],[52,74],[33,-40],[65,1],[121,-27],[54,17],[40,40],[44,87],[15,68],[-5,92],[-33,107],[-70,119],[-52,61],[-74,61],[-77,11],[-95,29],[-35,95],[-7,123],[27,52],[-2,117],[-94,114],[-68,65],[-129,90],[-98,57],[-131,107],[-51,67],[6,46],[35,80],[165,14],[180,92],[76,72],[102,37],[47,34],[255,82],[75,44],[84,94],[67,29],[84,67],[54,84],[85,65],[51,72],[60,123],[33,163],[40,145],[18,116],[5,241],[8,145],[-19,233],[-50,197],[-72,246],[-193,553],[-65,162],[-96,265],[-107,246],[-139,277],[-99,169],[-120,236],[-33,80],[-115,206],[-113,229],[-110,164],[-89,162],[-100,145],[-130,222],[-320,456],[-189,258],[-319,398],[-218,252],[-309,336],[-287,280],[-271,274],[-188,169],[-54,55],[-415,362],[-241,199],[-250,202],[-448,334],[-84,48],[-77,60],[-299,204],[-404,261],[-266,164],[-295,173],[-406,218],[-234,120],[-321,141],[-174,82],[-154,47],[-406,149],[-209,64],[-186,49],[-235,45],[-212,19],[-99,-39],[-48,-33],[20,-34],[-35,-42],[-100,-27],[-116,0],[-147,-24],[-108,-33],[-49,-52],[6,-48],[-49,-7],[-53,-31],[-4,-26],[-106,-97],[-9,-59],[58,-27],[-112,-45],[-62,-37],[-13,-39],[-105,-18],[-43,-22],[-55,-65],[-122,-78],[-120,-94],[-64,-3],[-86,39],[-97,23],[-86,9],[-32,-19],[-109,35],[-78,-18],[-43,17],[-82,-5],[-75,13],[-78,-33],[-86,-53],[-234,12],[-99,-26],[-63,17],[-475,15],[-95,-16],[-34,11],[-144,-20],[-84,-64],[-90,-42],[-26,6],[-65,-39],[-73,-17],[-42,9],[-58,-20],[-76,1],[-73,-15],[-112,12],[-47,20],[-51,-2],[-63,23],[-136,66],[-19,21],[-69,11],[-30,39],[-52,20],[-39,42],[-79,5],[-61,58],[0,104],[-13,53],[17,24],[79,40],[74,101],[64,159],[91,95],[29,9],[96,80],[4,21],[87,62],[25,52],[30,8],[195,-41],[143,79],[12,15],[83,9],[212,115],[76,33],[169,115],[67,26],[64,78],[48,93],[44,54],[131,198],[31,89],[87,97],[50,16],[92,59],[33,37],[147,55],[24,-14],[81,38],[121,11],[174,102],[62,15],[51,130],[8,165],[-23,166],[-18,44],[9,107],[53,16],[60,41],[26,38],[4,89],[47,18],[18,42],[-19,152],[26,59],[-14,157],[-29,135],[1,44],[31,30],[-7,97],[-17,52],[23,22],[-15,154],[28,86],[79,117],[101,79],[12,74],[58,108],[47,127],[54,43],[16,85],[-47,162],[-17,129],[12,110],[-4,43],[-98,240],[-15,69],[-60,200],[-20,88],[-60,186],[-18,77],[2,87],[27,73],[73,130],[11,61],[-18,112],[-20,43],[-59,59],[76,95],[69,42],[67,15],[71,-27],[15,-38],[-39,-151],[-6,-70],[17,-55],[-6,-82],[-40,-61],[26,-13],[49,92],[1,39],[206,-46],[-10,28],[78,59],[20,51],[-22,40],[4,46],[-30,28],[-38,73],[10,65],[-22,61],[-71,80],[-49,74],[-76,54],[-180,72],[-82,103],[-59,40],[-28,43],[-60,-8],[-31,47],[-42,27],[-86,80],[-46,19],[-62,56],[-5,31],[50,78],[70,-6],[-23,67],[-79,121],[-48,61],[-65,0],[-40,50],[-1,58],[-52,68],[-97,17],[-114,86],[-42,5],[-79,53],[-17,58],[-76,56],[-19,75],[-67,152],[-76,102],[-35,27],[-102,37],[-83,47],[-100,98],[-167,84],[-54,63],[-29,93],[12,54],[-28,159],[-69,159],[-15,81],[-57,126],[-99,119],[-20,33],[43,138],[2,30],[-32,124],[1,39],[-36,97],[-121,122],[-95,152],[-68,32],[-77,-13],[-70,8],[-72,-13],[-83,32],[-20,31],[22,31],[109,30],[39,136],[-5,50],[-51,110],[-10,63],[-103,135],[-80,28],[0,31],[-44,65],[-126,142],[-62,46],[-27,86],[-107,55],[-100,-11],[-70,-55],[-16,-54],[-36,-35],[-58,-97],[-65,-42],[-66,-108],[-53,-135],[-14,-109],[-15,-45],[-75,-32],[-72,-71],[-56,-152],[-2,-43],[157,-177],[-22,-133],[-21,-52],[-6,-120],[-64,-187],[-86,-90],[-80,-69],[-116,-73],[-204,-151],[-83,-89],[-72,-58],[-80,-95],[9,-42],[-45,-79],[-1,-76],[-50,-96],[-3,-32],[-46,-58],[-12,-66],[13,-28],[-69,-73],[-37,-93],[14,-36],[-16,-47],[9,-49],[-4,-107],[-20,-56],[9,-106],[-64,-106],[-3,-133],[26,-40],[107,-64],[115,-26],[-43,-50],[-5,-81],[-43,-55],[-78,-50],[4,-26],[-36,-95],[-41,-48],[27,-130],[4,-75],[-29,-45],[1,-52],[-24,-22],[-42,-91],[9,-25],[-24,-105],[4,-41],[-40,-127],[-28,-46],[-4,-48],[37,-50],[-72,-67],[-34,-58],[-142,-122],[-49,-105],[-12,-80],[-45,-40],[-59,-111],[-28,-35],[-16,-63],[-42,-62],[-36,-127],[5,-91],[67,-44],[-103,-69],[-19,-70],[-30,-35],[-9,-92],[-82,-97],[-44,-100],[-56,-97],[-32,-101],[31,-97],[3,-111],[23,-70],[-3,-46],[-45,-33],[-122,22],[-101,-28],[-26,-26],[82,-151],[65,-46],[25,-77],[-41,-94],[0,-48],[124,-83],[-126,-64],[-12,-25],[-76,-39],[-167,-36],[-108,-44],[-74,-51],[-24,-37],[-28,-95],[-35,-20],[-121,-2],[-151,16],[-41,-15],[-55,51],[-56,18],[-104,98],[-115,54],[-87,62],[-31,2],[-84,48],[-122,55],[-147,27],[-121,4],[-79,-43],[-48,11],[-66,51],[-227,82],[-136,19],[-209,-1],[-79,-24],[-69,-45],[-254,-104],[-169,-103],[-67,-73],[-27,-55],[19,-84],[-69,-49],[-166,21],[-65,-2],[-37,-21],[-119,26],[-69,28],[-132,17],[-175,-42],[-30,-30],[-95,-44],[-85,-70],[-132,-149],[-32,-47],[18,-38],[-22,-26],[-14,-100],[-35,10],[-51,-21],[-18,-32],[-114,-8],[-75,-16],[-56,-32],[-122,20],[-80,24],[-79,-19],[-117,66],[-143,39],[-34,-14],[-180,43],[-98,11],[-163,-1],[-114,-15],[-85,-43],[-69,-66],[-16,-45],[20,-48],[-100,-19],[-27,-69],[4,-45],[-79,3],[-87,-17],[-29,-73],[14,-29],[-121,-10],[-39,-20],[-92,-7],[-98,9],[-23,-55],[-53,-43],[-59,-13],[-35,53],[-62,50],[-75,-10],[-43,42],[-39,7],[-48,101],[-118,141],[35,63],[-22,52],[86,12],[31,32],[2,76],[-28,48],[19,46],[-8,78],[18,54],[46,-18],[70,2],[38,-16],[126,42],[64,34],[35,46],[3,123],[35,36],[110,29],[56,78],[107,30],[61,85],[17,86],[-15,79],[46,10],[44,54],[9,36],[47,36],[5,69],[-42,116],[-76,139],[-76,112],[-45,14],[19,38],[86,23],[45,91],[55,-1],[64,40],[51,73],[9,58],[-5,76],[-19,18],[9,59],[30,87],[-6,38],[35,15],[-11,60],[29,23],[98,20],[59,56],[102,65],[13,49],[-42,126],[60,28],[29,-47],[121,-4],[99,-25],[128,-79],[101,-34],[130,-10],[177,7],[120,12],[121,-6],[95,19],[207,73],[71,36],[51,6],[77,-19],[100,-11],[78,9],[86,23],[37,33],[63,-15],[97,25],[70,7],[108,-48],[44,-102],[64,-80],[44,-29],[89,-27],[209,12],[41,-30],[5,-65],[64,-58],[115,-30],[163,44],[108,46],[160,98],[66,55],[84,89],[66,158],[6,127],[-10,37],[22,159],[-9,95],[14,90],[-7,99],[51,156],[41,64],[44,142],[12,79],[3,107],[54,170],[25,43],[23,173],[0,82],[15,66],[64,74],[38,89],[28,184],[-3,178],[-17,135],[-81,173],[-61,71],[-18,81],[-38,110],[-49,50],[-15,60],[32,22],[43,99],[4,72],[22,42],[-19,159],[-15,51],[29,24],[-17,70],[-29,40],[-103,69],[-107,-27],[-73,-75],[-35,-141],[-94,-87],[-45,-7],[-57,84],[-6,66],[47,43],[58,28],[83,106],[61,164],[10,67],[52,12],[34,-34],[49,-2],[63,27],[37,48],[42,152],[-3,45],[15,169],[67,138],[51,51],[21,147],[-14,89],[-20,39],[14,83],[-10,56],[41,30],[-25,63],[1,95],[13,40],[-10,61],[-36,74],[-43,57],[-1,34],[-51,103],[-67,58],[-85,106],[-34,65],[-21,83],[-62,88],[40,56],[85,-8],[54,-31],[61,-3],[108,29],[92,-31],[86,22],[38,26],[29,56],[13,120],[45,55],[45,22],[47,74],[15,104],[50,7],[48,69],[6,44],[37,45],[35,75],[-13,76],[-51,89],[-55,59],[-62,42],[-52,6],[-56,53],[48,20],[26,46],[87,-6],[58,34],[20,37],[-9,46],[30,49],[89,30],[27,67],[64,63],[37,51],[84,66],[23,-5],[66,43],[94,32],[46,34],[5,66],[-16,82],[-30,56],[-78,29],[-48,47],[-68,40],[1,20],[67,59],[53,30],[78,112],[103,102],[25,43],[70,42],[49,45],[73,35],[113,113],[127,84],[54,26],[134,93],[48,50],[52,125],[26,107],[45,37],[103,145],[46,29],[98,101],[83,40],[41,36],[67,13],[66,62],[9,42],[101,78],[-7,30],[54,15],[12,45],[58,58],[102,26],[112,90],[31,43],[54,115],[30,14],[23,61],[91,43],[16,25],[98,16],[113,-9],[39,-76],[-90,-133],[-66,-9],[1,57],[-28,59],[-29,-131],[-27,-29],[2,-41],[43,-16],[84,11],[74,25],[63,96],[24,161],[39,72],[9,58],[-13,132],[13,27],[72,-10],[21,-35],[13,-102],[88,1],[30,-20],[54,102],[41,9],[-21,51],[17,27],[-48,34],[-63,-44],[-83,13],[-59,-10],[-49,48],[12,32],[4,111],[24,132],[-82,66],[-28,64],[3,83],[-87,124],[-57,105],[-19,92],[-81,57],[-51,81],[-134,118],[-39,63],[1,47],[25,104],[2,92],[17,28],[50,16],[19,105],[-4,74],[-30,103],[-48,-4],[-72,43],[-38,-88],[-71,20],[-73,74],[31,71],[-90,35],[-75,56],[-67,69],[-49,89],[13,105],[69,40],[43,55],[-44,28],[41,86],[11,53],[39,40],[16,71],[29,40],[47,1],[21,-38],[47,17],[-21,54],[15,35],[135,63],[83,49],[105,23],[23,29],[124,33],[2,-39],[78,-1],[59,21],[42,49],[47,78],[144,-34],[-29,63],[79,6],[95,62],[85,11],[100,93],[53,-6],[-44,-87],[92,-74],[9,-111],[-21,-66],[55,-44],[46,5],[66,82],[-40,2],[-39,-61],[-61,20],[22,115],[15,24],[66,32],[-58,21],[34,37],[84,18],[100,62],[37,64],[11,102],[-47,39],[-94,47],[-27,-30],[-66,8],[-2,26],[164,88],[7,24],[-31,82],[-93,146],[-16,53],[-75,118],[-33,29],[-117,66],[-111,37],[-18,-12],[-95,32],[-48,-9],[-104,80],[2,48],[45,79],[-14,61],[-42,57],[-88,200],[-15,142],[-31,84],[-3,50],[-74,288],[-97,161],[-6,83],[-50,125],[-25,188],[8,188],[19,44],[87,2],[-26,69],[29,21],[100,-52],[102,11],[0,65],[-48,38],[-128,53],[-27,45],[-73,55],[-105,40],[-17,55],[-35,25],[-176,43],[-72,27],[-104,58],[-6,38],[38,35],[101,-1],[33,79],[36,31],[-13,90],[-64,47],[-42,82],[5,38],[-68,-20],[-14,32],[-57,11],[-139,122],[-33,13],[-34,50],[-56,50],[-5,27],[41,58],[48,26],[43,87],[40,-33],[35,7],[-3,57],[45,20],[-25,47],[-68,59],[-90,31],[-76,-15],[-112,20],[-50,32],[-7,117],[35,29],[-10,31],[-54,34],[-78,0],[15,77],[-3,63],[-73,75],[-13,40],[92,64],[10,52],[-19,34],[-65,69],[-30,-17],[69,-64],[-11,-83],[-71,-38],[-12,-60],[75,-93],[-54,-71],[-41,-85],[1,-46],[68,-159],[-20,-63],[38,-31],[0,-69],[25,-73],[8,-99],[-16,-161],[-23,-36],[-21,-132],[-29,-68],[11,-68],[-23,-44],[-10,-81],[32,-41],[19,-86],[-47,-43],[-16,-39],[18,-55],[0,-67],[95,12],[77,50],[75,-17],[41,-45],[10,-46],[49,-19],[50,-47],[17,-48],[45,-46],[-2,-63],[-54,-24],[-32,-71],[-17,-106],[22,-25],[7,-59],[37,-50],[-13,-57],[15,-31],[-10,-47],[23,-90],[24,-31],[10,-92],[-6,-56],[-93,-74],[21,-44],[-72,-24],[43,-99],[9,-74],[-36,-48],[-10,-74],[-27,-47],[-141,16],[-32,25],[-110,2],[-32,-93],[6,-36],[56,-145],[72,-112],[57,-64],[45,-85],[25,-101],[-101,-2],[-103,21],[12,-35],[-98,2],[-201,37],[-2,22],[-56,71],[-12,33],[-58,14],[-106,95],[-148,28],[-93,38],[-210,-60],[-32,-41],[-149,-78],[-74,-116],[-57,-69],[38,-150],[-51,-23],[-62,-7],[31,-58],[49,-42],[-49,-40],[-127,-34],[-33,-46],[-43,-5],[6,-42],[-53,-23],[-9,-51],[-45,-32],[-57,-70],[-64,-50],[40,-26],[-48,-43],[-57,-6],[-45,-46],[-93,-45],[-78,-11],[-27,-56],[-36,-22],[-140,-39],[-62,-31],[-39,2],[-35,-53],[-70,-31],[-51,-96],[8,-31],[-3,-139],[-23,-29],[-14,-154],[2,-151],[-53,-60],[-6,-60],[-59,-73],[-12,-35],[-62,-59],[-57,-133],[-61,-25],[-8,-58],[-74,-25],[-2,-38],[-44,-36],[-21,-70],[5,-59],[-27,-85],[22,-31],[-26,-118],[24,-80],[-8,-45],[24,-69],[26,-16],[-11,-44],[-49,-54],[-2,-53],[-21,-45],[-74,-74],[-40,-60],[-17,-107],[16,-74],[-51,-40],[-140,-92],[-15,-19],[-72,-9],[-41,-69],[-44,-22],[-34,-71],[-40,-51],[-20,-57],[18,-39],[-72,-45],[-64,-192],[24,-28],[-32,-38],[-67,-164],[-15,-60],[-49,-23],[-51,-45],[-49,-132],[-21,-17],[-22,-87],[-97,-120],[-104,-99],[-32,-85],[-53,-75],[-53,-42],[-94,-22],[-123,-52],[-75,-110],[-38,-22],[-95,-19],[-121,-37],[-128,-23],[-161,11],[-84,-15],[-188,20],[-57,-14],[-62,-43],[-101,-7],[-57,-21],[-73,-76],[-220,-43],[-59,-6],[-161,-109],[-82,-70],[-73,-49],[-243,-98],[-150,-75],[-175,-58],[-169,-94],[-92,-19],[-161,10],[-124,-12],[-79,-17],[-32,-39],[-45,-23],[-82,-80],[-13,-70],[-82,7],[-217,-16],[-98,-31],[-50,-32],[-94,-81],[-62,-34],[-24,-42],[-60,-36],[-50,-9],[-70,-37],[-6,-25],[-85,-40],[-99,-21],[-57,-33],[-70,0],[-113,-20],[-81,-42],[-141,-28],[-31,-23],[-30,-69],[-46,-15],[-48,-45],[-16,-40],[34,-90],[6,-44],[-46,-28],[-103,-25],[-46,-60],[-124,-61],[-54,-41],[-143,-86],[-55,-58],[-123,-54],[-154,-45],[-176,-26],[-103,-51],[-26,-33],[-160,-98],[-17,-30],[-156,-125],[-65,-44],[-52,-53],[-91,-58],[-37,-47],[-25,-62],[6,-39],[-36,-25],[-38,-63],[31,-46],[-17,-72],[43,-34],[-61,-74],[-21,-66],[-96,-75],[-66,-175],[4,-87],[-59,-16],[-31,-52],[-93,-37],[-53,-83],[-93,-106],[-32,0],[-29,-80],[-70,-70],[34,-24],[-65,-119],[-14,-75],[-59,-35],[-53,-76],[-202,-195],[-108,-77],[-69,-65],[-79,-56],[-109,-40],[-144,9],[-137,-17],[-59,-20],[-91,-61],[-88,-104],[-39,-93],[2,-39],[34,-41],[38,-8],[52,-139],[-64,-43],[-35,-69],[-58,19],[-62,-79],[27,-24],[74,1],[30,50],[64,4],[24,-63],[-21,-30],[12,-44],[-26,-20],[-8,-94],[16,-42],[45,-27],[-78,-48],[-17,-56],[62,-63],[-3,-38],[-34,-42],[-21,-130],[-86,-39],[-30,-49],[24,-35],[-24,-50],[-54,-35],[-30,101],[56,31],[-25,74],[-104,84],[61,41],[-10,50],[-43,59],[-116,50],[-46,6],[-145,-7],[-77,-15],[-31,-36],[1,-38],[-71,-60],[28,-21],[-17,-45],[53,-52],[-39,-8],[-27,55],[-88,2],[-65,-40],[-105,-3],[-11,62],[-74,7],[-113,-39],[-134,-80],[-74,-69],[-26,-58],[24,-68],[-52,-12],[-71,-123],[-10,-36],[-83,-133],[-6,-98],[64,-84],[54,-17],[47,29],[59,-8],[-2,-78],[27,-33],[-30,-64],[16,-15],[23,-117],[-74,28],[5,29],[-32,64],[-84,30],[17,57],[-41,29],[-115,22],[-111,-30],[-67,-36],[-93,-88],[-35,-183],[-16,-44],[11,-172],[-15,-207],[54,-45],[51,-9],[101,10],[52,-51],[-21,-52],[-54,-29],[40,-64],[55,-5],[22,-34],[-73,-19],[-28,-52],[-48,-14],[-27,-42],[-53,26],[9,71],[-54,28],[-83,-11],[-137,-107],[-72,-46],[-81,-70],[-56,-66],[1,-26],[-103,-68],[-30,-55],[85,-23],[91,-3],[146,-35],[61,-7],[67,12],[28,30],[95,19],[17,27],[53,-6],[133,4],[103,25],[66,93],[49,42],[59,9],[34,37],[53,98],[68,-12],[122,69],[51,-49],[15,-43],[-12,-86],[55,-18],[60,1],[65,22],[10,49],[42,56],[-29,78],[36,49],[0,41],[-36,18],[19,41],[-25,37],[-51,34],[43,28],[46,-9],[31,21],[24,-62],[75,-36],[32,-40],[-13,-58],[41,-33],[-12,-56],[-56,-65],[-31,-74],[9,-72],[58,-27],[-49,-39],[-29,-131],[-51,-85],[-84,-14],[-161,-108],[-25,-39],[11,-80],[-3,-79],[18,-60],[75,-72],[-14,-26],[48,-51],[-8,-78],[59,-10],[29,-27],[-20,-41],[35,-29],[32,-75],[-53,-28],[0,-56],[49,-20],[-2,-39],[-31,-29],[9,-70],[52,16],[17,-66],[37,-63],[-15,-69],[-62,43],[-48,-13],[-25,-60],[-70,-38],[-16,26],[-102,-6],[-16,-39],[18,-64],[-104,-1],[-33,26],[-1,81],[-14,45],[57,34],[-15,44],[-96,14],[-29,33],[-22,83],[34,42],[-28,35],[-153,88],[-130,45],[-101,13],[-17,35],[-116,41],[-59,-61],[-28,54],[29,52],[1,72],[24,36],[-40,35],[-58,106],[-241,100],[-114,36],[-80,16],[-227,33],[-91,4],[-128,-13],[-110,-28],[-74,-29],[-37,-69],[6,-97],[-53,-154],[-50,6],[-23,-36],[-73,13],[-33,-33],[72,-74],[-11,-98],[27,-19],[-48,-54],[-106,17],[-126,52],[-102,1],[-19,-46],[-90,1],[-34,-27],[-38,53],[-7,48],[30,66],[11,126],[-45,27],[4,42],[-31,45],[-76,8],[-3,100],[-87,60],[-21,40],[-53,27],[-13,30],[-63,53],[-37,49],[-138,108],[10,31],[-93,67],[-9,26],[-62,42],[-247,189],[-81,88],[22,48],[-102,98],[-56,73],[-111,88],[-158,104],[-130,69],[-120,77],[-231,98],[-94,29],[-99,19],[-79,0],[-126,-64],[-58,51],[27,20],[31,81],[92,-14],[47,34],[21,69],[-5,58],[-58,161],[-42,66],[-101,85],[-66,36],[-95,25],[-39,28],[-82,120],[-60,54],[-29,49],[-192,128],[-109,45],[-81,18],[-117,-14],[-56,-35],[29,-57],[-65,17],[-150,-6],[-74,8],[-64,-47],[-56,-5],[-95,-85],[-8,-76],[16,-24],[-31,-44],[-115,12],[-21,26],[-49,1],[-52,-27],[-37,20],[13,36],[47,10],[67,37],[11,154],[33,21],[28,72],[-13,95],[-21,30],[47,38],[61,25],[1,79],[-38,27],[57,31],[107,99],[44,60],[64,125],[92,25],[41,58],[6,95],[34,59],[79,35],[36,-37],[54,-165],[-37,-49],[19,-84],[-13,-65],[28,-102],[81,-46],[100,-32],[58,-5],[119,-34],[168,14],[101,-5],[49,-47],[94,-23],[22,-20],[-16,-48],[-45,-36],[-75,-118],[44,-99],[74,-42],[94,-9],[31,-40],[159,-27],[44,-41],[14,-67],[-31,-38],[-21,-68],[14,-37],[53,-40],[15,-50],[101,-22],[64,8],[78,-11],[56,-29],[-17,-53],[-29,-27],[-86,51],[-71,11],[-13,-69],[-40,-29],[101,-19],[53,5],[109,55],[66,8],[27,-17],[156,25],[131,35],[37,48],[-10,57],[93,12],[19,-38],[71,-22],[28,40],[130,33],[60,-54],[88,6],[32,63],[-21,64],[-48,61],[-94,-36],[-229,60],[-51,36],[-39,2],[-25,-36],[-57,-23],[-19,-43],[81,-42],[-59,-25],[-112,42],[46,111],[11,55],[41,91],[-12,171],[24,81],[-73,35],[-98,23],[-35,-78],[-81,15],[42,128],[-13,44],[-45,49],[-40,12],[0,-80],[-53,-47],[18,-42],[-51,-37],[54,-27],[48,-55],[107,8],[32,-27],[-107,-38],[-12,-46],[36,-29],[-14,-93],[32,-102],[-32,-22],[-74,13],[-10,-31],[117,-60],[-166,16],[-31,35],[83,210],[-19,53],[-16,102],[-30,23],[-42,106],[-66,36],[-5,72],[14,34],[83,40],[50,79],[-34,53],[15,67],[-37,67],[23,46],[-35,88],[10,95],[-50,22],[-40,60],[-61,-4],[-27,59],[-50,19],[35,69],[13,217],[-123,116],[53,4],[16,67],[-6,65],[16,46],[-26,200],[-59,164],[19,62],[-19,91],[-39,115],[-156,319],[-72,136],[-94,137],[-89,69],[-97,36],[-65,5],[-87,47],[-55,75],[-57,6],[-44,40],[26,48],[46,6],[96,96],[84,17],[48,35],[-31,46],[-3,133],[-13,88],[64,109],[-13,57],[-38,77],[-6,62],[-39,89],[-33,23],[55,52],[-10,70],[-93,124],[-11,55],[-42,87],[-190,231],[-225,214],[-44,24],[-1,54],[-40,44],[25,71],[-33,87],[-46,66],[-60,37],[-36,3],[-57,-40],[-56,71],[-35,79],[-64,63],[-68,19],[-45,89],[-90,43],[-30,47],[-98,64],[-52,46],[-64,16],[-36,27],[-112,151],[-64,70],[-110,101],[-14,23],[-144,115],[-324,203],[-25,26],[-99,40],[-105,58],[-151,72],[-53,57],[-38,8],[-50,46],[-98,31],[-34,45],[-59,37],[-68,22],[-41,34],[36,92],[-62,57],[-65,3],[-71,-66],[-126,88],[-104,39],[-21,28],[102,11],[13,94],[-27,130],[50,69],[59,174],[71,99],[1,105],[-21,223],[-40,189],[-98,382],[-59,165],[-16,61],[-57,148],[-74,146],[-123,262],[-53,6],[-94,62],[-20,36],[-37,-3],[-81,29],[-46,29],[-39,63],[1,27],[-124,153],[-118,68],[-101,29],[-31,-13],[-89,11],[-67,101],[-93,51],[-102,81],[76,17],[145,10],[46,40],[90,-17],[-1,-27],[75,-7],[39,52],[-3,41],[-37,7],[-7,37],[-48,6],[62,67],[-7,48],[-69,111],[-74,76],[-118,11],[-144,79],[-72,3],[-76,-17],[-112,5],[-126,62],[-132,98],[-48,19],[-50,-10],[-82,-90],[-121,-49],[-39,-24],[12,-40],[78,-92],[36,-23],[17,-59],[173,-55],[63,-7],[66,63],[74,-47],[34,14],[64,55],[71,-66],[-73,-30],[-60,31],[-37,-16],[57,-123],[44,-47],[43,-17],[75,30],[86,-13],[6,-42],[-112,14],[-38,-5],[-27,-64],[-44,-16],[-22,-78],[-184,203],[-28,1],[-67,50],[-9,55],[-41,-10],[-135,99],[-144,-2],[-64,21],[-46,67],[-45,7],[-54,41],[-72,16],[-109,85],[-83,31],[-136,34],[-54,-18],[-35,29],[-138,52],[-21,-17],[-95,12],[-160,-29],[-63,-78],[-95,-32],[-83,-73],[-126,-20],[-22,141],[-20,36],[-30,193],[-99,56],[-60,57],[-25,70],[-38,56],[-77,51],[-121,6],[-58,65],[-52,32],[11,25],[-31,68],[11,47],[66,37],[-31,80],[-79,30],[-15,76],[-27,27],[-54,-4],[-76,-45],[9,-31],[54,11],[50,-18],[-54,-49],[63,-81],[-96,-30],[-42,-25],[-9,-93],[14,-82],[26,-36],[111,-97],[-11,-51],[49,-47],[83,-36],[79,41],[57,7],[61,-71],[-32,-28],[59,-23],[25,-34],[83,-40],[83,-20],[25,10],[59,-70],[-49,-49],[3,-27],[-48,-21],[3,-48],[-19,-43],[27,-57],[11,-81],[-106,-58],[-60,-9],[-22,27],[-66,13],[1,54],[-61,37],[-49,6],[-44,44],[-54,19],[-22,40],[-93,39],[-45,1],[-27,40],[-58,38],[52,108],[-19,78],[2,49],[-39,88],[22,17],[-7,70],[-18,33],[-51,4],[-55,135],[-36,24],[-15,43],[21,34],[-36,42],[-2,50],[-50,56],[-62,33],[-55,-6],[-130,42],[-61,-2],[-72,-47],[6,-53],[-115,-18],[-34,56],[-32,16],[-111,95],[-49,100],[63,-2],[148,51],[181,-48],[84,67],[24,52],[15,92],[-4,85],[-26,101],[-93,152],[-88,89],[-139,56],[-40,3],[-105,-33],[-25,-51],[25,-62],[-60,18],[-13,39],[-52,15],[13,64],[-78,86],[-101,17],[-76,-48],[-44,-59],[-99,28],[23,24],[-67,20],[-13,31],[63,134],[-32,64],[14,34],[92,38],[39,-14],[43,30],[-9,56],[99,-12],[64,23],[54,60],[50,17],[52,187],[-35,97],[6,16],[-64,148],[-54,100],[-93,126],[-82,92],[-54,47],[-140,79],[-24,66],[-78,68],[22,36],[120,43],[18,20],[76,-16],[59,-44],[76,-30],[100,13],[200,0],[108,-14],[105,26],[50,-5],[50,-30],[161,-19],[-35,-29],[-115,17],[-68,-13],[-96,28],[-83,-21],[78,-73],[101,-23],[41,-23],[55,7],[7,-38],[68,-17],[-23,-27],[-16,-64],[-38,-69],[36,-58],[-6,-99],[30,-36],[57,-11],[63,13],[78,41],[10,30],[62,38],[12,78],[-7,64],[62,23],[8,77],[132,84],[56,64],[62,115],[3,37],[70,32],[6,40],[42,4],[24,71],[-52,43],[8,43],[51,42],[24,93],[-37,48],[-55,14],[-29,57],[6,43],[-15,242],[-46,168],[-45,103],[-64,104],[-64,74],[-218,198],[-69,105],[-51,25],[-88,95],[-105,99],[-159,101],[-33,0],[-183,88],[-136,28],[-117,-26],[-139,0],[-61,-94],[-172,65],[-120,14],[-54,-11],[-31,-33],[-57,-12],[-133,-66],[-29,-34],[-65,-37],[-28,-36],[33,-90],[-38,-30],[-122,18],[-89,44],[-152,26],[-79,-12],[-112,-3],[-107,-103],[2,-63],[-60,-24],[-49,-59],[-22,-102],[-76,32],[-34,31],[-80,-32],[-83,64],[1,86],[-28,64],[-46,10],[41,79],[-15,34],[78,33],[15,44],[-93,161],[34,63],[-10,20],[70,110],[0,57],[39,68],[6,55],[-16,91],[18,25],[73,-17],[83,18],[0,-88],[83,-6],[-90,-96],[51,-46],[117,30],[81,-26],[51,32],[93,26],[37,63],[42,7],[40,97],[2,56],[-37,69],[-49,19],[-52,-14],[-3,59],[-27,94],[-61,41],[-14,41],[-75,99],[-8,43],[-72,110],[-95,58],[-46,9],[-28,34],[-36,112],[-68,85],[-61,6],[-36,68],[-126,114],[-64,1],[-42,23],[10,66],[-12,39],[-40,32],[-50,16],[-58,-16],[-18,-51],[-60,-95],[-116,-9],[-50,-26],[-20,-46],[-56,16],[-29,35],[11,58],[-54,59],[-16,67],[53,59],[-23,66],[4,44],[-52,51],[-64,17],[-61,-10],[-33,32],[-145,28],[-98,-13],[-24,-15],[-94,-5],[-68,-25],[-1,49],[32,25],[7,62],[34,54],[-9,54],[60,71],[-9,41],[-74,64],[-74,39],[-39,0],[-63,-37],[-111,-36],[-40,61],[38,22],[63,-14],[90,35],[29,27],[12,74],[-3,138],[-45,27],[-45,-14],[-71,53],[-60,21],[-72,-30],[-14,34],[-56,37],[-40,-11],[-34,36],[-125,22],[-67,-22],[-82,-63],[-31,-69],[20,-23],[-52,-52],[-6,-54],[46,-33],[-10,-51],[48,-71],[-92,-58],[-39,-45],[-92,-31],[-17,-79],[-143,26],[-108,114],[25,65],[-43,22],[-17,47],[-65,-26],[59,-78],[-46,-48],[-55,-9],[-56,32],[-21,35],[51,60],[8,70],[-138,19],[17,95],[-88,101],[-58,7],[-58,-22],[-60,-56],[-30,-71],[23,-122],[-42,-4],[-29,71],[-26,14],[-60,-40],[-99,15],[-51,-27],[-23,-34],[-94,-16],[-27,-31],[-11,-50],[27,-10],[-21,-69],[44,-31],[4,-43],[97,-19],[-12,-35],[118,25],[28,-48],[57,18],[21,42],[53,-13],[56,21],[35,-20],[124,-37],[7,-29],[139,-110],[-4,-35],[-96,61],[-137,61],[-124,43],[-62,3],[-101,-50],[2,-80],[-128,-2],[-11,-24],[-105,26],[-38,-37],[-43,46],[-106,39],[-110,30],[-176,36],[-30,-15],[-64,18],[-73,-15],[-168,7],[-117,-20],[-33,-30],[9,-57],[-53,-28],[-12,-36],[-73,-24],[-88,18],[-117,94],[-109,43],[-59,9],[-119,61],[-132,40],[-162,11],[-94,-34],[-27,-90],[59,-15],[-38,-60],[-101,-4],[-38,47],[25,33],[43,8],[24,44],[-31,68],[-171,174],[-117,98],[-89,62],[-81,46],[-186,125],[-173,51],[-73,48],[-127,62],[-85,-33],[-71,-64],[23,-39],[-92,-29],[27,55],[-36,53],[31,20],[-4,51],[-57,71],[-197,124],[-16,16],[-100,-2],[-77,49],[-60,59],[-113,36],[-16,27],[-79,50],[-166,125],[-88,60],[-30,-7],[-59,65],[-206,113],[-164,77],[-176,73],[-138,46],[-130,33],[-65,-7],[-48,-31],[-127,-14],[-45,17],[-179,23],[-29,-34],[-129,-15],[-63,12],[-50,47],[-175,60],[-275,55],[-179,10],[-150,2],[-177,-16],[-284,-51],[-139,-38],[-81,-42],[-100,-67],[-68,-76],[-46,-91],[-27,-82],[4,-53],[31,-51],[41,5],[107,-28],[21,-47],[77,-49],[6,-56],[-45,13],[-77,48],[-32,-16],[-126,99],[-48,23],[-88,63],[-44,7],[-142,-12],[-125,-74],[-86,-17],[-139,5],[-80,-22],[-17,-63],[-45,-48],[-60,11],[-303,21],[-12,16],[-78,-8],[-53,-31],[-2,-35],[-78,2],[-50,20],[-151,11],[-126,27],[-40,-15],[-45,18],[-68,-24],[-38,34],[-94,36],[-60,-1],[-73,98],[-82,31],[-39,-13],[-34,29],[-19,50],[-114,96],[-51,94],[-60,52],[4,44],[-104,106],[-114,64],[-73,49],[-60,69],[-73,35],[-89,59],[-88,42],[-78,50],[-111,52],[-131,73],[-120,87],[-43,22],[-158,123],[-105,68],[-105,52],[-194,128],[-165,87],[-32,10],[-175,98],[-49,21],[-34,55],[-118,86],[-271,174],[-130,67],[-50,17],[-68,49],[-79,36],[-336,170],[-136,73],[-149,74],[-168,70],[-80,42],[-198,88],[-90,46],[-132,53],[-227,113],[-115,44],[-119,58],[-107,40],[-57,31],[-313,130],[-199,70],[-102,53],[-54,12],[-102,49],[-66,11],[-30,23],[-62,13],[-208,96],[-32,-4],[-59,37],[-102,26],[-225,94],[-39,27],[-199,69],[-126,57],[-28,0],[-71,37],[-160,62],[-104,24],[-184,76],[-170,55],[-303,64],[-151,-6],[-116,-87],[-41,-6],[-65,-41],[-95,-34],[-61,-35],[-82,-82],[-47,-32],[-33,-91],[-30,-29],[-116,-63],[-131,-60],[-147,-51],[-165,-49],[-30,-20],[-205,-53],[-140,-52],[-294,-75],[-138,-54],[-77,-23],[-231,-83],[-77,-18],[-199,-29],[-41,-13],[-116,-11],[-181,-3],[-60,10],[-210,0],[-213,26],[-35,-5],[-174,21],[-68,0],[-230,29],[-30,12],[-208,28],[-111,22],[-249,23],[-102,0],[-120,-13],[-116,-38],[-289,-5],[-143,16],[-149,32],[-130,8],[-49,14],[-178,-7],[-30,8],[-144,3],[-62,-10],[-254,8],[-165,31],[-82,-3],[-201,37],[-105,11],[-219,-1],[-200,-46],[-128,12],[-113,-1],[-58,10],[-165,-6],[-47,10],[-88,-6],[-74,-25],[-27,6],[-105,-50],[-242,4],[-74,-10],[-327,-5],[-151,14],[-252,-16],[-142,-23],[-254,19],[-272,-26],[-42,-17],[-100,-11],[-158,-64],[-116,-21],[-146,-12],[-499,2],[-115,-23],[-149,-10],[-108,-14],[-163,3],[-70,-15],[-100,-7],[-186,7],[-84,-6],[-94,6],[-153,-5],[-125,-17],[-256,-11],[-78,-13],[-86,3],[-150,-10],[-232,-42],[-104,-8],[-92,-18],[-85,-1],[-239,-42],[-104,-3],[-201,-17],[-31,-9],[-160,5],[-255,-44],[-94,3],[-68,-17],[-179,-11],[-45,-19],[-139,-1],[-206,-17],[-47,-14],[-167,-12],[-189,-8],[-157,-27],[-98,-11],[-65,-17],[-117,-16],[-129,-2],[-96,-10],[-83,3],[-83,-14],[-90,-1],[-45,-13],[-184,-18],[-165,-31],[-98,-42],[-116,-18]],[[290770,87558],[-4,92],[-15,31],[74,37],[-3,72],[63,9],[50,-32],[29,6],[75,83],[58,6],[-24,-54],[-54,-46],[59,-4],[115,65],[206,153],[48,-10],[202,65],[63,-27],[-118,-19],[-208,-98],[-62,-45],[-31,-46],[70,-83],[-65,-80],[-29,-100],[4,-30],[-65,-52],[-46,30],[-26,-16],[-81,-3],[3,-51],[-75,-45],[-63,15],[-48,69],[-97,74],[-5,34]],[[290446,87395],[11,63],[62,36],[61,12],[60,-15],[11,-36],[-56,-42],[-123,-48],[-26,30]],[[292703,87057],[50,36],[157,-9],[-23,-52],[78,1],[36,-47],[50,-23],[112,-71],[-116,29],[-98,7],[-95,71],[-113,30],[-38,28]],[[290228,86907],[8,64],[65,17],[0,-89],[-21,-27],[-52,35]],[[289377,86776],[59,19],[-1,-70],[-72,0],[14,51]],[[293042,87065],[-53,-4],[-57,36],[73,20],[32,-7],[5,-45]],[[297948,76324],[6,32],[50,59],[-32,80],[47,-2],[42,25],[24,64],[-23,31],[26,71],[-20,79],[39,28],[-18,57],[115,1],[64,24],[42,42],[124,13],[72,40],[49,4],[30,-113],[33,-51],[-8,-28],[25,-74],[74,-47],[-162,-10],[-28,-15],[-41,32],[-61,-47],[-51,-13],[24,-44],[-55,-59],[-95,-65],[-15,-22],[-112,-70],[-64,-61],[-21,5],[-74,-49],[-39,12],[33,71]],[[320901,70824],[50,46],[55,101],[90,-49],[11,-31],[-21,-78],[25,-23],[-5,-44],[34,-42],[-72,-68],[-24,-104],[-35,-79],[-47,6],[-36,-22],[-46,34],[-48,10],[2,144],[-35,65],[24,93],[22,-7],[56,48]],[[288733,85804],[0,46],[-55,82],[-97,48],[23,32],[84,6],[104,-58],[53,-2],[71,28],[6,-77],[-69,-72],[-2,-34],[-118,1]],[[312473,70505],[-56,-95],[41,-37],[16,-48],[-77,-22],[-35,23],[-8,44],[49,40],[-2,130],[20,45],[5,66],[32,5],[30,-61],[-36,-49],[21,-41]],[[300781,77514],[-125,27],[-52,34],[-52,-11],[-28,45],[57,22],[174,-28],[24,-25],[2,-64]],[[291594,86345],[39,-22],[-41,-41],[-68,-18],[-112,48],[14,34],[50,17],[63,-28],[55,10]],[[296505,74774],[-64,72],[47,32],[-34,23],[-24,48],[116,13],[22,-27],[-4,-45],[-63,-26],[-32,-32],[64,-40],[-28,-18]],[[291764,86452],[18,27],[52,4],[29,-63],[-122,-53],[-48,-42],[-21,35],[26,51],[46,6],[20,35]],[[288679,85465],[46,27],[-32,49],[70,-4],[62,15],[-60,-79],[-86,-8]],[[299652,80521],[52,38],[-16,50],[55,-11],[28,-49],[-41,-53],[-78,25]],[[296561,84641],[30,-36],[-48,-17],[-108,25],[25,29],[101,-1]],[[288721,85370],[35,-41],[-68,-26],[-38,42],[71,25]],[[312201,70480],[-4,34],[38,24],[42,-35],[-76,-23]],[[289103,86033],[-26,68],[49,6],[2,-42],[-25,-32]],[[322600,62483],[51,20],[40,-9],[72,16],[50,34],[48,-49],[87,0],[112,69],[91,-49],[-33,-65],[-3,-123],[-24,-33],[-63,53],[-88,-7],[-76,-35],[-76,-49],[-150,-130],[-11,-32],[13,-74],[106,-75],[95,-1],[168,49],[125,-45],[70,12],[16,-112],[-66,-42],[-28,1],[-78,-36],[-125,-104],[-19,-55],[1,-52],[-99,-63],[-100,-98],[35,-21],[-44,-35],[8,-37],[61,-50],[132,-26],[121,7],[72,25],[181,-37],[146,-24],[227,-1],[72,6],[137,35],[72,-10],[134,39],[153,58],[93,-7],[31,-26],[14,-59],[53,-24],[4,-55],[69,-48],[11,-50],[-21,-21],[-83,-32],[-71,-70],[-75,-54],[14,-42],[-115,-27],[-8,-20],[-92,-58],[-17,-39],[15,-135],[42,-12],[-17,-70],[55,-21],[97,61],[34,45],[58,-55],[117,-28],[92,58],[54,9],[-11,66],[-108,47],[-61,-15],[-60,2],[-59,25],[-40,-41],[-42,26],[-20,95],[84,-1],[46,33],[6,74],[64,-40],[102,-48],[172,-33],[235,40],[58,64],[174,160],[85,56],[-3,99],[22,19],[-8,113],[55,64],[52,22],[67,-22],[95,0],[62,27],[44,0],[22,-35],[105,-6],[64,15],[65,-1],[139,-35],[71,-8],[120,-40],[53,-38],[62,-12],[31,-30],[99,-13],[8,-29],[52,-17],[85,-54],[34,-56],[-13,-132],[42,-81],[37,-37],[90,-59],[124,-42],[70,-4],[68,20],[30,-19],[-48,-80],[36,-58],[-3,-52],[87,-71],[-67,-35],[-118,-2],[-48,-39],[-114,-68],[-123,-113],[-78,-29],[-47,-50],[-14,-48],[-132,-80],[-23,11],[-123,0],[-95,37],[-28,32],[-149,58],[-83,-1],[-39,55],[-274,109],[-49,1],[-149,25],[-23,13],[-76,-24],[-140,-58],[-72,0],[-43,55],[-155,42],[-152,15],[-86,22],[-115,11],[-91,-12],[-189,14],[-104,0],[-100,-10],[-63,-37],[21,-29],[-56,-54],[-34,-65],[-49,6],[-147,-7],[-137,-18],[-167,-37],[-143,-54],[-183,-104],[-51,-37],[-65,-73],[-68,-138],[6,-108],[27,-72],[50,-65],[70,-45],[-17,-60],[5,-52],[-63,-51],[-44,-98],[-72,-9],[-56,-70],[-37,9],[-149,-35],[-88,9],[-39,-22],[-80,-14],[-114,-88],[-46,-23],[-28,-48],[-55,-27],[-19,-39],[-66,9],[-81,-18],[-58,-69],[-116,-49],[-116,75],[-52,45],[-148,87],[-172,127],[-40,38],[-102,67],[-35,10],[7,44],[-47,20],[-25,53],[-63,-4],[-40,26],[-90,14],[-47,-16],[-41,19],[-98,-20],[-163,20],[-80,22],[-117,-18],[-111,64],[-62,22],[-53,-15],[-99,10],[-60,39],[-156,24],[-88,-7],[-116,-49],[-33,-33],[2,-61],[74,-30],[-92,-52],[-9,-43],[-58,-9],[0,-28],[-57,-12],[-7,-47],[-81,-4],[-39,18],[-63,-31],[-3,-34],[-49,-35],[-73,28],[7,24],[-162,67],[-80,-53],[-72,29],[-123,8],[-135,-26],[-15,-24],[-143,-1],[-50,31],[-113,28],[-66,-7],[-39,16],[-46,-21],[-149,-3],[-59,-43],[-94,-4],[-42,-19],[-37,24],[-148,-83],[-21,-28],[-54,-17],[-100,49],[-63,45],[-184,65],[-30,25],[-60,15],[-49,-14],[-98,9],[-74,-13],[-47,-55],[-8,-34],[-58,-14],[-14,-24],[-120,32],[-42,-6],[-100,12],[-50,-20],[-25,-33],[15,-40],[-86,-13],[-54,-34],[-30,26],[-156,22],[-53,-12],[-111,-83],[-48,-51],[-80,33],[78,71],[10,88],[-63,123],[-58,55],[-29,72],[-91,95],[-95,127],[-103,81],[-109,34],[-72,2],[-39,46],[-164,-50],[-70,0],[-9,46],[-51,32],[-58,14],[1,132],[-157,149],[-37,9],[-12,37],[-94,77],[52,90],[-103,-15],[-22,83],[44,63],[10,56],[29,21],[141,36],[19,27],[-28,158],[59,55],[-18,85],[42,18],[5,52],[57,45],[-5,91],[-25,55],[-9,79],[52,36],[13,53],[42,38],[233,28],[94,-28],[115,16],[83,21],[133,-4],[165,38],[45,1],[117,62],[45,68],[56,7],[66,-18],[29,13],[115,-12],[61,8],[60,57],[98,28],[38,87],[135,2],[212,27],[95,7],[78,21],[78,-10],[128,50],[128,-10],[48,22],[198,32],[208,55],[74,7],[111,-15],[164,17],[46,12],[94,-15],[130,15],[32,16],[79,-2],[90,24],[128,-10],[43,34],[55,2],[123,44],[42,-3],[155,48],[34,69],[66,43],[65,59],[114,-6],[49,-18],[146,53],[31,35],[96,-26],[57,1],[53,59],[94,-7],[88,82],[185,33],[37,17],[39,-23],[144,42],[88,59],[49,6],[32,46],[47,30],[98,11],[89,-14],[123,-55],[97,-3],[65,15],[94,-39],[184,22],[147,-25],[56,-22],[142,-16],[117,59],[136,23],[28,29],[68,3],[81,-59],[9,-35],[40,-15],[116,5],[60,16],[107,46],[140,111]],[[311363,66873],[-128,89],[-55,20],[-95,69],[2,39],[-108,23],[-59,-16],[-44,17],[8,53],[33,28],[-82,30],[31,51],[47,26],[80,18],[42,55],[39,-11],[55,-87],[108,-54],[10,-75],[35,-60],[83,-105],[97,-76],[40,-3],[54,-57],[49,-32],[78,-14],[68,-66],[-39,-58],[31,-98],[-8,-59],[23,-47],[56,-43],[3,-61],[-38,-7],[-69,97],[-81,-51],[-88,1],[-107,108],[-18,149],[56,33],[-14,99],[-32,37],[-63,38]],[[313791,65743],[7,57],[52,3],[19,-38],[69,-54],[75,-30],[110,-60],[-19,-105],[-46,-4],[-55,56],[-121,49],[-24,-22],[-63,-5],[-66,42],[-21,31],[5,64],[78,16]],[[309587,69055],[18,77],[-42,38],[-48,13],[28,47],[-15,92],[72,-43],[70,19],[10,-33],[46,-17],[33,-52],[-30,-35],[5,-90],[66,-35],[11,-53],[-91,19],[-51,-51],[-39,38],[5,27],[-48,39]],[[330180,68627],[-26,43],[19,26],[59,-101],[97,-108],[41,-85],[-29,-16],[-105,-12],[-45,-54],[-43,30],[-14,42],[18,139],[28,96]],[[312893,69529],[46,3],[66,-20],[9,-48],[-32,-76],[-63,-32],[-43,20],[-56,63],[14,55],[59,35]],[[310223,67787],[-5,47],[58,57],[33,-11],[17,-73],[-13,-106],[-43,0],[-47,86]],[[309835,69985],[2,77],[-53,50],[1,49],[53,4],[49,-58],[-12,-46],[14,-52],[-54,-24]],[[310651,65059],[50,86],[55,7],[29,-38],[1,-69],[-40,-13],[-95,27]],[[310020,66668],[45,3],[12,-70],[-71,-29],[-51,40],[-16,69],[81,-13]],[[310618,67086],[-4,18],[72,81],[44,-4],[34,-42],[-55,-32],[-91,-21]],[[307185,66909],[-3,101],[71,-15],[-20,-90],[-48,4]],[[330199,68310],[52,53],[51,15],[49,-41],[-56,-41],[-96,14]],[[312638,69965],[26,34],[96,1],[14,-45],[-37,-9],[-53,22],[-46,-3]],[[317009,63996],[-34,24],[33,37],[68,-27],[-67,-34]],[[310461,67557],[52,7],[-44,-78],[-43,38],[35,33]],[[313884,65951],[53,22],[63,-43],[-49,-16],[-67,37]],[[312418,69298],[-103,6],[-2,30],[67,6],[38,-42]],[[309170,68548],[41,58],[43,-17],[-45,-37],[-39,-4]],[[254804,220768],[-2,-1437],[-2,-1498],[-4,-782],[0,-519],[0,-1894],[0,-1365],[0,-974],[0,-1050],[0,-1175],[0,-1412],[0,-1489],[0,-992],[0,-494],[0,-987],[0,-1411],[0,-2602],[0,-5630],[0,-1952],[0,-1428],[0,-1068],[0,-1500],[0,-674],[0,-829],[0,-982],[0,-12663],[0,-1785],[0,-4855],[0,-2908],[0,-5921],[1,-3209],[0,-2917],[0,-2415],[0,-11656],[0,-2581],[10,0]],[[254808,92201],[-75,-9],[-232,-45],[-118,-52],[-147,-45],[-58,-25],[-77,-15],[-53,-30],[-76,-9],[-201,-87],[-41,-34],[-112,-50],[-74,-17],[-126,-49],[-50,-41],[-133,-35],[-82,-52],[-27,-32],[-135,-47],[-141,-93],[-121,-43],[-150,-85],[-109,-35],[-54,-49],[-37,-12],[-103,-70],[-120,-35],[-45,-27],[-28,-54],[-122,-77],[-205,-46],[-41,-20],[-116,-27],[-51,-65],[-147,-16],[-157,-34],[-68,-26],[-106,-80],[-190,-78],[-78,-40],[-9,-34],[-84,-24],[-58,-3],[-83,-26],[-71,-49],[-88,-14],[-85,-59],[-33,5],[-162,-32],[-76,-42],[-52,-6],[-55,-29],[-124,-39],[-84,-40],[-288,-110],[-87,-48],[-99,-5],[-118,-39],[-49,-43],[-87,-9],[-124,-38],[-51,-38],[-152,-22],[-121,-50],[-127,-36],[-26,2],[-130,-52],[-61,-9],[-183,-54],[-60,-34],[-166,-39],[-138,-47],[-97,-53],[-116,-22],[-154,-65],[-87,-8],[-261,-85],[-84,-6],[-151,-34],[-95,-32],[-222,-28],[-119,-41],[-68,-7],[-109,-36],[-191,-10],[-229,-36],[-62,-25],[-183,-37],[-70,-7],[-95,-26],[-70,4],[-177,-38],[-134,-40],[-29,1],[-189,-38],[-134,-22],[-109,-48],[-79,-15],[-93,-31],[-240,-55],[-119,-53],[-37,-33],[-92,-13],[-119,-37],[-64,-8],[-124,-62],[-167,-58],[-83,-77],[-47,-8],[-45,-62],[-61,-32],[-157,-4],[-84,-17],[-51,3],[-111,-21],[-30,-15],[-87,-7],[-96,-34],[-71,-10],[-153,-45],[-122,-10],[-114,-29],[-19,-19],[-75,-5],[-209,-49],[-73,-44],[-75,-18],[-213,-26],[-44,-22],[-146,-14],[-52,-20],[-56,3],[-184,-22],[-70,-37],[-126,-14],[-350,3],[-38,-13],[-261,-11],[-60,-14],[-42,9],[-92,-17],[-140,11],[-35,-17],[-122,1],[-97,-9],[-117,-32],[-57,3],[-171,-24],[-147,-5],[-203,-34],[-188,-19],[-305,2],[-111,-6],[-101,11],[-157,3],[-105,-9],[-149,26],[-178,9],[-36,9],[-171,-6],[-57,7],[-82,-19],[-83,-47],[-104,-32],[-63,-9],[-184,2],[-130,-20],[-144,2],[-141,19],[-217,17],[-102,-1],[-144,22],[-148,-5],[-49,13],[-125,0],[-421,51],[-158,15],[-147,26],[-58,-4],[-141,27],[-47,-5],[-259,41],[-87,35],[-55,7],[-189,45],[-114,50],[-144,15],[-91,29],[-302,46],[-102,32],[-181,36],[-93,45],[-134,24],[-69,2],[-265,-22],[-124,-42],[-233,-120],[-84,-63],[-183,-62],[-132,-30],[-64,4],[-66,25],[-164,32],[-98,-46],[-102,-20],[-47,4],[-132,-32],[-83,-8],[-56,-24],[-83,-10],[-81,-32],[-107,-62],[-101,-34],[-102,-69],[-101,-35],[-83,-51],[-156,-108],[-88,-17],[-129,-54],[-44,-1],[-49,-48],[-63,-15],[-78,-58],[-84,-30],[-29,-25],[-128,-72],[-97,-79],[-83,-36],[-54,-46],[-71,-21],[-169,-115],[-76,-28],[-90,-86],[-168,-84],[-76,-57],[-32,-44],[-97,-59],[-82,-80],[-222,-113],[-148,-114],[-94,-55],[-151,-138],[-67,-43],[-155,-56],[-42,-45],[-120,-26],[-50,-21],[-229,-47],[-68,-66],[-176,-49],[-94,-49],[-55,-5],[-102,-32],[-238,-9],[-165,-26],[-106,-31],[-50,-30],[-53,-1],[-85,-33],[-126,-24],[-171,-62],[-119,-68],[-121,-43],[-52,-2],[-35,-42],[-99,-21],[-75,-32],[-47,-37],[-61,-25],[-67,-51],[-142,-62],[-76,-43],[-36,-5],[-92,-64],[-112,-38],[-107,-52],[-112,-68],[-90,-69],[-71,-38],[-111,-37],[-155,-11],[-138,-29],[-199,-26],[-78,-57],[-10,-35],[-75,-102],[-150,-92],[-67,-6],[-160,-61],[-44,-36],[-85,-36],[-108,-75],[-167,-161],[-54,-102],[-105,-70],[-78,-42],[-134,-36],[-129,-51],[-76,-66],[-110,-53],[-186,-69],[-141,-40],[-101,-60],[-140,-49],[-284,-41],[-212,-44],[-147,-6],[-132,-17],[-271,-47],[-163,-14],[-93,-24],[-86,3],[-297,-24],[-45,-14],[-256,-20],[-313,-35],[-155,-36],[-84,-12],[-273,-55],[-310,-84],[-388,-159],[-286,-152],[-40,-16],[-227,-130],[-173,-153],[-123,-100],[-87,-89],[-141,-118],[-119,-123],[-128,-145],[-117,-154],[-121,-208],[-55,-106],[-48,-116],[-50,-140],[-21,-123],[-35,-125],[-96,-223],[-133,-272],[-151,-250],[-73,-142],[-28,-86],[-34,-57],[-95,-287],[-45,-72],[-36,-136],[-2,-39],[-59,-251],[-2,-144],[-27,-261],[-22,-133],[-33,-69],[-110,-87],[-84,-25],[-38,-25],[-87,-2],[-56,-79],[-42,3],[-143,-35],[-101,1],[-73,-23],[-85,-53],[-34,-56],[-12,-78],[38,-7],[7,-109],[-153,-48],[-115,-56],[-225,-133],[-109,-86],[-103,-108],[-72,-61],[-98,-125],[-40,-66],[-47,-161],[-3,-79],[-30,-153],[19,-66],[50,-76],[45,-29],[-82,-31],[-52,-54],[-66,-23],[-146,-12],[-117,-52],[-18,-36],[-69,-62],[-81,-19],[-71,-29],[-47,-34],[-82,-31],[-118,-153],[-11,-48],[-53,-49],[-112,26],[-102,-52],[-19,17],[-109,-3],[-81,-23],[-51,-27],[-40,-96],[-60,-18],[-33,-156],[-78,-92],[-53,-4],[-46,-35],[-52,-12],[-65,16],[-58,-22],[-40,72],[10,76],[-33,33],[-137,62],[-102,35],[-144,37],[-180,29],[-44,-1],[-120,29],[-62,-6],[-132,5],[-130,-15],[-104,-24],[-28,-51],[-78,-58],[-116,-42],[-41,-95],[11,-29],[-144,-133],[-56,-4],[-13,-27],[27,-36],[-52,-44],[-31,-54],[-57,-18],[-78,4],[-78,-66],[-79,-87],[-74,32],[-46,-3],[-49,25],[-55,-1],[-29,-42],[-63,-31],[-185,-66],[-21,3],[-80,-43],[-73,-8],[-29,-23],[-82,37],[89,42],[-16,30],[46,32],[11,37],[-19,53],[-94,76],[38,93],[-5,50],[-48,51],[36,38],[-92,82],[14,22],[-93,118],[-2,48],[-100,99],[-186,120],[-159,80],[-135,52],[-187,48],[-71,12],[-132,-7],[-51,-82],[-43,-18],[-11,-45],[18,-37],[-156,-19],[-55,-26],[11,-80],[-62,-16],[-7,66],[-49,19],[-175,23],[-67,-2],[-232,-24],[-165,-54],[-42,-33],[-98,9],[-138,-21],[-16,-23],[-69,4],[-67,-39],[-38,24],[-15,54],[-89,78],[-154,59],[-87,22],[-117,8],[-101,-27],[-49,-48],[15,-35],[-60,-30],[-62,32],[-60,-6],[-150,19],[-101,-18],[-75,21],[-61,-4],[-69,13],[-115,-2],[-57,-41],[-53,19],[-112,0],[-109,-18],[-104,-48],[-41,-57],[-71,-29],[-49,-59],[0,-41],[39,-24],[23,-55],[54,-3],[-34,-64],[-36,-10],[-70,-54],[10,-65],[-53,-6],[28,100],[-87,17],[-51,73],[-130,15],[-77,-18],[-34,-22],[-46,-77],[-70,-28],[-47,100],[-64,34],[-42,-25],[-39,37],[-75,18],[-106,50],[-100,29],[-38,-12],[-28,32],[-358,56],[-189,2],[-128,-24],[-78,-54],[14,-72],[-41,-12],[-35,48],[-68,-5],[-99,-29],[-78,-41],[-61,-47],[-119,-50],[-105,-80],[-50,-66],[36,-124],[62,-42],[-67,-70],[-49,24],[-67,-23],[-64,-44],[-17,55],[-74,54],[-69,19],[-60,-34],[22,-21],[-110,-52],[-73,25],[-28,-13],[-9,-53],[-60,-7],[12,-66],[-44,15],[-31,35],[-76,-9],[5,56],[-87,9],[-32,-35],[-9,-48],[-92,-3],[-20,40],[-40,18],[-183,-81],[-33,22],[34,74],[-36,44],[-93,1],[-34,37],[99,23],[33,-13],[39,67],[33,29],[-40,116],[-108,196],[-69,173],[-49,106],[-53,72],[-170,179],[-88,57],[-47,72],[-74,62],[-103,65],[-74,36],[-101,26],[-59,0],[-38,-37],[24,-34],[-135,10],[-105,22],[-180,-6],[-145,-31],[-62,-29],[-37,-38],[-9,-51],[-59,-75],[11,-44],[51,-25],[-22,-52],[-93,-25],[-22,26],[-79,18],[-88,-39],[-7,-41],[-93,-8],[-119,9],[-77,-27],[-35,-45],[-157,-27],[-52,-35],[-8,-33],[-65,6],[-86,84],[-259,146],[-329,122],[-123,8],[-58,-11],[-45,-44],[20,-47],[-55,-14],[-45,-58],[-82,-38],[-30,-61],[-35,7],[23,66],[-44,54],[-64,54],[-102,67],[-273,151],[-177,83],[-85,33],[-165,29],[-37,-56],[-88,-6],[-87,-44],[-61,39],[-109,49],[-143,41],[-47,-23],[-165,42],[-74,-22],[-6,-33],[-230,66],[-197,24],[-103,2],[-83,-31],[-21,-64],[-151,40],[-87,11],[-153,-30],[-20,-50],[1,-57],[-78,-26],[-64,7],[-37,-52],[-40,-16],[-108,28],[-107,16],[-186,18],[-144,-14],[-50,-28],[-3,-58],[-42,-52],[-60,-29],[-25,-38],[-42,32],[-106,13],[-72,47],[-206,64],[-136,15],[-109,0],[-72,-19],[-43,-85],[-42,16],[-146,20],[-91,2],[-37,-21],[-47,8],[-144,-15],[-37,-18],[-5,-58],[-175,31],[-50,-16],[-95,7],[-66,19],[-49,-2],[-110,27],[-105,-26],[-62,-37],[-15,34],[-85,35],[-162,31],[-134,9],[-146,-42],[-79,-35],[-4,-46],[-118,-42],[-140,-86],[-232,23],[-149,-25],[-378,-30],[-243,58],[-93,5],[-158,-8],[-78,-44],[-298,45],[-118,-14],[-136,-40],[-61,-27],[-69,-56],[29,-114],[0,-46],[-81,-11],[-129,-36],[-153,-66],[-60,-63],[-75,-37],[-82,-28],[-92,-2],[-35,-77],[-154,24],[-78,-42],[-55,-13],[-277,81],[-45,6],[-197,50],[-139,25],[-98,10],[-158,45],[-129,6],[-303,40],[-61,15],[-179,14],[-81,-17],[-128,-1],[-88,-9],[-61,14],[-139,-22],[-145,-60],[-125,-14],[-54,-40],[-65,-2],[-46,57],[-91,16],[-72,25],[-129,63],[-81,4],[-66,36],[-107,21],[-95,-24],[-77,-44],[-90,-35],[-84,17],[-86,-22],[-5,-62],[-53,-71],[-50,13],[-65,-28],[-3,-40],[-126,-69],[-45,-42],[-120,28],[-36,26],[-148,10],[-24,-13],[-245,-4],[-180,2],[-152,-77],[-62,-11],[-149,-71],[-88,-96],[-44,-16],[0,-66],[-53,-99],[-42,-8],[-73,-75],[-130,-26],[-7,-32],[-45,-22],[-86,-99],[-71,20],[-103,-24],[-48,-22],[-52,-48],[-53,-9],[-93,-68],[-15,19],[-73,-9],[-146,-62],[-87,-61],[-46,-67],[0,-34],[54,-24],[-88,-38],[-64,-15],[-98,-55],[-82,-58],[-78,-75],[-56,-71],[-27,-75],[4,-34],[73,-29],[-39,-23],[-83,-79],[-23,-5],[-99,-98],[-22,-9],[-93,-98],[-91,-118],[-70,-110],[-59,-113],[-63,-159],[-24,-84],[-82,15],[-23,28],[-77,20],[-81,-43],[-106,-28],[28,-47],[38,3],[31,43],[82,-1],[56,-45],[59,44],[71,-7],[-27,-139],[-7,-118],[23,-174],[46,-96],[79,-2],[17,-26],[70,-33],[21,-40],[68,-71],[38,-15],[45,28],[147,27],[40,-22],[23,-54],[-50,-24],[-104,-8],[-79,8],[-23,-29],[-60,2],[-79,-83],[-53,6],[-28,-50],[-111,-13],[-41,28],[-46,-8],[-89,27],[-18,23],[69,29],[44,42],[-8,63],[-71,73],[-109,0],[-30,-29],[-93,2],[-3,53],[-25,27],[-61,14],[-115,-20],[-108,-40],[-72,-43],[-49,-56],[4,-41],[57,-7],[-109,-152],[-10,-61],[43,-37],[51,2],[-2,-54],[-44,-55],[54,-34],[-12,-61],[109,-32],[-138,-27],[-42,15],[-43,-25],[-31,-43],[-14,-62],[43,-25],[-39,-50],[-94,11],[-28,28],[-94,43],[22,43],[52,10],[11,34],[-37,70],[-50,27],[-59,2],[-12,30],[-92,13],[-120,0],[-78,-8],[-100,-26],[-99,-45],[-103,-91],[17,-59],[42,-12],[-32,-74],[19,-35],[46,-23],[12,-123],[-58,-49],[4,-59],[-100,54],[-57,-17],[-50,-108],[-104,-13],[-128,28],[133,112],[-97,98],[-65,38],[-141,51],[-163,44],[-82,-72],[-176,17],[6,36],[-26,36],[-89,49],[-103,25],[-44,33],[-34,-7],[-88,39],[-43,-11],[-203,62],[-87,-36],[-198,52],[-234,33],[-150,11],[-203,-3],[-194,-29],[-206,-74],[-44,-45],[-10,-62],[50,-22],[7,-59],[-48,-93],[-144,12],[-298,-14],[-102,-37],[-83,0],[-91,-21],[-45,-22],[-41,-63],[-98,-25],[-146,-76],[-65,-43],[-101,-97],[-56,-94],[-22,-74],[48,-152],[73,-26],[6,-41],[52,-21],[122,-23],[-9,-34],[-58,-37],[-113,-24],[-74,-79],[-9,-57],[-64,-15],[-40,-56],[-122,-71],[-114,18],[-147,-74],[-76,-8],[-89,-34],[-92,-75],[5,-66],[-41,-20],[-114,26],[-83,4],[-107,-26],[-50,-58],[-35,17],[-81,-10],[-10,-28],[-235,-33],[-47,-36],[-235,-58],[-64,-32],[10,-27],[-73,-19],[-36,7],[-81,-26],[-102,-46],[-183,-107],[-118,-96],[-107,-115],[-64,-92],[-74,-134],[-52,-137],[-38,-142],[-6,-168],[16,-84],[66,-38],[23,24],[115,-27],[34,-55],[-36,-14],[26,-48],[-183,-65],[30,-56],[-65,-34],[-45,29],[-15,45],[-98,39],[-86,1],[-82,-14],[-69,34],[-78,-13],[-62,39],[-102,-49],[-143,-4],[-1,-63],[-41,-8],[-146,8],[-83,26],[-50,-2],[-41,-57],[-78,-16],[-58,26],[-129,-51],[-68,-46],[-36,-55],[17,-46],[-89,-5],[-18,15],[-133,10],[-38,-22],[-32,-68],[2,-111],[39,-48],[55,-17],[105,14],[116,-56],[10,-67],[-88,-95],[41,-74],[-100,-110],[-12,44],[-34,22],[-84,11],[-38,48],[6,39],[-32,47],[-141,42],[-121,16],[-265,19],[-167,-36],[-147,-63],[-12,-30],[-59,-27],[-25,-65],[-52,-14],[-26,18],[-79,-45],[-37,33],[-123,-8],[-78,51],[-173,-18],[-53,-20],[-81,17],[-66,41],[-36,44],[19,40],[166,11],[61,36],[2,99],[-51,124],[40,63],[-115,43],[-40,-3],[-81,33],[-31,-98],[22,-60],[-18,-86],[5,-34],[-52,-24],[12,-60],[60,-56],[-138,-51],[-101,-91],[-17,-51],[56,-33],[-30,-61],[-39,3],[-80,-23],[-171,71],[-41,-6],[-81,22],[-74,-3],[-47,-28],[-32,-106],[6,-43],[39,-43],[97,-17],[41,-45],[61,-8],[21,-52],[49,-41],[167,-53],[91,18],[54,59],[9,80],[-133,83],[35,20],[72,-49],[59,10],[49,-28],[-30,-44],[0,-93],[34,-88],[40,-27],[61,-2],[52,-23],[54,9],[108,-17],[185,68],[82,-45],[37,-51],[-59,-31],[-32,41],[-65,6],[-174,-6],[-8,-28],[-60,-13],[22,-61],[-34,-41],[-95,-37],[-6,-37],[-57,-6],[11,49],[-73,28],[-46,-20],[-84,2],[-6,30],[-98,17],[-127,-43],[-16,41],[-61,42],[-94,12],[-35,-16],[-48,57],[-69,30],[0,24],[-157,86],[-458,192],[-176,54],[-248,42],[-97,5],[-34,-36],[-52,-5],[-56,49],[-114,0],[-80,-53],[-46,-10],[-110,-61],[-19,-35],[38,-62],[24,-69],[-10,-31],[-57,9],[-45,-27],[0,-91],[-69,-90],[46,-59],[6,-35],[53,-9],[-27,-70],[-38,41],[-54,9],[-11,-41],[-57,27],[-33,-18],[-53,32],[10,47],[-15,46],[-70,28],[-30,38],[-147,94],[-119,60],[-93,37],[-192,65],[-22,-21],[-59,17],[-14,-65],[-67,0],[-90,-53],[-70,27],[15,53],[-41,35],[-209,105],[-120,53],[-122,74],[-158,73],[-32,1],[-163,65],[-51,13],[-84,41],[-38,-18],[-66,10],[-77,-11],[-46,23],[52,36],[203,90],[149,22],[93,2],[15,-61],[60,-30],[86,-24],[102,-57],[94,-1],[114,39],[71,-31],[3,51],[-61,10],[1,59],[90,-11],[87,77],[-14,69],[-32,70],[-38,43],[-67,16],[-42,28],[-91,-33],[-49,-66],[-127,-36],[-89,44],[-42,41],[-144,35],[-49,-20],[-29,22],[-61,-6],[-40,-61],[-15,-68],[-32,-32],[-74,27],[-72,-31],[-28,-34],[5,-74],[-63,-27],[-19,-52],[31,-45],[6,-68],[47,-32],[-45,-61],[-61,-10],[-83,53],[-84,38],[-56,12],[-85,38],[-114,32],[-47,4],[-70,-45],[-66,-18],[-82,15],[-22,26],[-88,28],[-140,21],[-76,0],[-100,-14],[-89,-32],[-76,-49],[-18,-44],[15,-70],[-44,-10],[-40,-48],[34,-45],[-40,-28],[-30,40],[-71,29],[-111,59],[-101,28],[-82,61],[-147,24],[-110,-58],[-58,66],[-36,-11],[-95,15],[-83,26],[-79,-26],[-33,-44],[-61,31],[-120,27],[-93,36],[-146,21],[-120,-25],[-54,-27],[-87,-80],[-72,-209],[-50,4],[-97,58],[-118,5],[-48,54],[-80,-21],[-46,21],[-80,-22],[-84,42],[-33,39],[-52,7],[-52,-27],[-57,70],[-80,48],[-178,68],[-117,25],[-153,-4],[-70,-20],[-66,-51],[-20,-42],[64,-12],[-101,-61],[-103,8],[11,32],[-105,45],[-54,-41],[-102,-1],[-82,-61],[-84,-41],[-63,1],[-6,-25],[-84,15],[-35,-28],[-64,-13],[-12,-34],[-56,2],[-12,42],[31,53],[-111,76],[-75,38],[-43,-17],[-70,1],[-167,65],[-31,49],[-164,58],[-102,49],[-132,-17],[-50,9],[-70,-27],[-20,-50],[-115,-7],[-1,40],[-42,55],[-119,91],[-51,27],[-98,72],[-134,78],[-52,19],[-160,93],[-97,48],[-78,25],[-23,53],[-71,30],[-84,51],[-56,-2],[-95,63],[-133,70],[-117,43],[-77,43],[-40,1],[-31,43],[-117,63],[-171,68],[-183,55],[-178,36],[-69,7],[-154,54],[-83,36],[-254,53],[-221,-12],[-78,-25],[-56,19],[-47,-6],[-86,31],[-114,16],[-156,2],[-88,31],[-46,-25],[-56,15],[-27,-16],[-74,-4],[-5,51],[-34,23],[48,45],[12,56],[-32,79],[-111,158],[-155,165],[-53,33],[21,27],[-17,45],[17,46],[-71,106],[0,33],[-259,238],[-232,205],[-190,177],[-237,208],[-185,151],[-113,101],[-515,415],[-201,135],[-150,122],[-42,23],[-122,107],[-168,116],[-54,27],[-163,112],[-238,143],[-162,76],[-95,36],[-96,-70],[-54,14],[25,51],[-182,144],[-136,61],[-134,30],[-63,28],[-69,48],[-129,105],[-116,68],[-163,78],[-222,87],[-28,19],[-131,45],[-208,52],[-225,34],[-245,26],[-171,8],[-158,-17],[-193,-8],[-96,-14],[-103,-28],[-115,-49],[-82,6],[-25,58],[25,37],[-24,55],[181,89],[15,74],[-23,33],[-67,-18],[-82,-4],[-57,58],[-35,-25],[52,-136],[-39,-30],[33,-72],[-15,-49],[44,-93],[38,-18],[-25,-193],[-26,-73],[-63,-61],[-56,11],[-93,-15],[-36,76],[-61,40],[-34,85],[-72,73],[-160,98],[-71,114],[-59,60],[-96,70],[-102,108],[-56,31],[-74,11],[13,39],[-14,45],[-62,15],[54,147],[-6,45],[-60,66],[84,63],[34,104],[-16,83],[-28,63],[-31,130],[-53,84],[-32,116],[-183,258],[-32,28],[43,103],[53,51],[-55,100],[20,62],[-9,48],[20,75],[-20,41],[23,49],[-13,67],[8,60],[-93,187],[16,18],[-9,70],[-31,38],[-49,103],[70,31],[26,32],[2,156],[-41,78],[8,53],[-19,22],[21,65],[-18,33],[-24,149],[-37,79],[20,35],[61,41],[-14,40],[56,50],[3,140],[27,63],[-6,111],[25,103],[-26,53],[-27,95],[-37,93],[32,70],[-33,65],[0,56],[-68,173],[1,42],[-41,51],[1,36],[71,-23],[51,37],[45,141],[-12,61],[36,-1],[49,43],[12,36],[59,-6],[41,31],[21,55],[-4,66],[52,49],[-24,120],[-64,181],[-25,91],[-65,160],[44,42],[-20,64],[-9,76],[-27,61],[77,-5],[95,-29],[44,7],[2,-56],[37,-25],[154,-2],[60,-91],[32,-23],[89,-24],[80,-46],[-11,-37],[110,-82],[8,-66],[59,-147],[105,-90],[95,-38],[54,-3],[224,-75],[134,-33],[168,-62],[150,-24],[289,-18],[143,18],[140,-3],[77,7],[158,34],[160,56],[58,3],[88,21],[149,51],[203,104],[120,80],[112,101],[99,120],[169,169],[93,85],[353,380],[62,51],[50,74],[161,136],[61,70],[79,138],[68,94],[88,192],[52,138],[100,296],[41,74],[16,66],[50,100],[50,-11],[-23,-58],[108,-5],[70,-45],[31,27],[-48,56],[79,58],[75,167],[11,75],[3,202],[16,249],[-5,176],[3,124],[17,141],[0,71],[25,78],[2,142],[-41,381],[-25,200],[-52,322],[-36,188],[-66,237],[-18,89],[-21,187],[-25,120],[-85,264],[-68,179],[-33,212],[-6,124],[-53,219],[-43,326],[-21,126],[-55,163],[11,135],[13,49],[41,55],[11,90],[28,92],[25,45],[5,53],[29,47],[40,111],[65,44],[65,85],[51,5],[127,131],[67,96],[51,55],[71,126],[54,46],[44,-19],[21,-47],[44,-37],[12,-49],[-25,-134],[-58,-52],[-69,-2],[-62,-51],[-128,-22],[-36,-29],[-29,-74],[42,-62],[-29,-23],[-104,-27],[-42,-71],[-56,-23],[-8,-44],[13,-84],[47,-37],[-13,-100],[77,-101],[-18,-31],[22,-81],[44,-52],[18,-73],[54,-74],[-19,-98],[22,-24],[2,-78],[54,-31],[-12,-41],[49,-46],[-2,-57],[58,-26],[16,-30],[-3,-72],[34,-40],[45,-16],[6,-67],[71,-31],[-7,91],[91,-54],[34,119],[-1,95],[-37,65],[-92,48],[23,54],[-4,41],[-51,85],[-36,35],[-40,164],[-99,96],[22,79],[-18,24],[-5,86],[-139,144],[16,60],[-22,84],[34,11],[96,-94],[101,-58],[62,-71],[115,24],[17,60],[74,-17],[38,-43],[84,-48],[52,26],[75,3],[103,59],[-51,55],[26,79],[24,22],[7,105],[15,53],[-112,32],[27,31],[-9,44],[-33,10],[12,52],[-28,38],[-87,31],[-64,-4],[-48,-22],[-80,-12],[-37,25],[26,45],[-23,36],[6,72],[20,39],[-81,139],[94,11],[32,26],[91,136],[55,177],[2,79],[28,202],[-33,231],[-26,55],[-99,123],[-132,121],[74,7],[92,34],[37,41],[29,71],[7,95],[-30,122],[-73,84],[-135,40],[-93,-4],[13,58],[-20,36],[15,39],[-32,79],[65,14],[149,-3],[117,76],[122,125],[30,103],[-33,99],[103,122],[47,106],[4,86],[-37,119],[-55,25],[24,87],[-16,101],[-51,23],[-81,11],[64,40],[32,49],[22,88],[-7,45],[-47,38],[23,34],[-69,110],[5,79],[-25,84],[-42,9],[-35,37],[38,20],[78,74],[58,11],[48,116],[51,-25],[41,4],[64,79],[3,49],[95,-39],[76,-19],[59,-31],[14,-39],[62,34],[28,44],[4,88],[58,0],[65,32],[25,-18],[29,-67],[-2,-52],[30,-115],[51,-15],[58,48],[64,-8],[73,57],[50,16],[-26,39],[-96,-34],[-25,-67],[-61,33],[-22,-41],[-53,88],[0,62],[-28,62],[17,71],[-14,48],[-44,70],[-5,65],[38,8],[98,-36],[64,28],[60,1],[86,54],[-39,14],[-20,-39],[-38,6],[-189,58],[-98,-37],[-67,-62],[-62,-14],[-30,-26],[-10,-77],[-59,-54],[-24,-51],[-144,-33],[-37,62],[-6,44],[-33,15],[-73,-5],[-18,-76],[24,-11],[-18,-66],[76,-52],[-60,-65],[-59,20],[-87,-26],[41,-55],[-16,-44],[-79,-10],[-91,-97],[-47,1],[28,86],[52,9],[72,118],[13,104],[-13,110],[31,169],[3,377],[6,179],[-31,204],[6,19],[-4,188],[-27,105],[-68,97],[-21,11],[-75,108],[37,86],[8,74],[-9,71],[-53,198],[-59,162],[-68,83],[-30,108],[-59,110],[-9,69],[-46,37],[-11,79],[-31,91],[-44,73],[-75,75],[-53,87],[-8,64],[-79,91],[-28,70],[-101,190],[-83,99],[-28,64],[-113,118],[-38,95],[-111,114],[-80,69],[24,22],[-55,119],[-46,57],[-47,36],[-34,130],[-59,103],[-14,55],[-89,146],[-29,30],[-172,251],[-81,67],[-57,100],[-69,71],[-224,304],[-50,44],[-99,140],[-58,162],[-65,143],[-8,53],[-196,379],[-30,158],[-60,144],[-3,48],[-52,129],[-67,43],[-14,76],[-35,74],[-42,56],[-69,129],[-35,32],[2,34],[-69,154],[-61,78],[-40,10],[27,51],[-22,101],[-26,20],[12,43],[-48,92],[-20,18],[-25,82],[-157,201],[-34,27],[-21,84],[-84,117],[-64,51],[7,66],[-83,153],[-60,79],[-74,44],[-28,78],[-109,133],[-40,58],[-61,44],[-82,29],[-92,-15],[0,108],[10,56],[-21,144],[-60,123],[-14,49],[-54,78],[-56,134],[-45,43],[-42,83],[-12,93],[-90,218],[-62,110],[-14,77],[-85,125],[-49,127],[-59,49],[7,34],[-43,45],[8,87],[-43,61],[-66,18],[-18,22],[24,112],[30,35],[6,54],[-45,97],[-41,47],[-67,42],[-2,59],[-64,66],[-78,4],[-10,52],[49,38],[52,61],[16,100],[-67,155],[-3,70],[-44,70],[-53,136],[11,201],[-14,142],[-20,114],[-36,100],[-6,86],[-46,59],[-123,97],[26,46],[71,37],[47,47],[32,135],[-4,69],[-41,156],[-57,109],[-40,30],[-172,54],[-33,31],[-18,56],[6,48],[-36,20],[36,59],[-20,100],[29,31],[7,60],[34,24],[-9,52],[29,45],[-26,81],[13,21],[-24,62],[1,44],[-55,106],[-2,46],[-85,256],[-51,43],[-80,-8],[-33,20],[23,64],[-5,66],[-48,39],[-25,53],[23,12],[5,65],[33,80],[-1,55],[34,22],[11,42],[-39,88],[2,65],[-15,92],[57,75],[25,51],[12,78],[25,20],[36,190],[-2,107],[-23,66],[3,94],[-10,57],[8,46],[-11,71],[30,85],[-7,51],[-49,96],[-18,55],[-61,129],[-20,152],[9,42],[-32,111],[9,44],[-18,148],[14,201],[-13,67],[11,80],[-12,85],[9,132],[46,134],[15,97],[-2,81],[54,147],[15,146],[17,49],[3,88],[-7,114],[23,78],[52,113],[37,39],[52,122],[-9,56],[9,61],[-13,64],[-103,243],[-32,55],[-48,116],[-43,144],[-70,91],[-19,78],[27,71],[-10,138],[-34,101],[-61,138],[-70,89],[-85,75],[-23,52],[-2,66],[-22,77],[-52,75],[40,20],[22,61],[-28,133],[-72,145],[-31,86],[-34,57],[-34,123],[-24,59],[-19,94],[-29,45],[-3,88],[-47,87],[-22,66],[-39,74],[-16,93],[-131,175],[-132,142],[-51,66],[-75,58],[-81,93],[-84,55],[-60,73],[-83,85],[-135,123],[-111,81],[-169,153],[-57,62],[-179,144],[-34,19],[-83,79],[-72,85],[-124,134],[-143,135],[-76,86],[-15,30],[23,38],[-7,39],[-47,37],[-37,96],[22,30],[15,69],[-37,78],[-35,107],[-69,94],[-117,25],[-45,46],[-110,2],[-3,47],[96,22],[61,-9],[77,19],[71,89],[24,98],[3,97],[14,74],[-11,80],[-54,152],[-46,75],[4,54],[30,30],[20,85],[-14,58],[-44,71],[-27,177],[-43,68],[-8,41],[-98,164],[-6,40],[-55,43],[-34,78],[-62,106],[-2,37],[-48,84],[-8,39],[-53,51],[-129,189],[-16,48],[-33,29],[-41,67],[-181,216],[-62,67],[-155,142],[-68,50],[-64,85],[-23,-1],[-136,109],[-32,49],[-20,98],[-58,53],[-47,78],[-53,62],[7,71],[-68,98],[-107,94],[-87,97],[-4,39],[-95,87],[-60,33],[-59,80],[-50,42],[-59,79],[-15,54],[-91,155],[-101,56],[-236,88],[-152,102],[-39,39],[-119,49],[-44,89],[-42,60],[-109,124],[-126,165],[-75,76],[-103,52],[-13,20],[-41,128],[-36,201],[7,22],[-34,106],[-39,181],[1,57],[-42,109],[-46,190],[-38,179],[-60,201],[-25,101],[-81,236],[-65,167],[-46,81],[-7,34],[28,126],[30,49],[-4,70],[45,121],[3,68],[66,182],[53,44],[16,68],[41,78],[31,2],[14,62],[51,23],[14,103],[31,82],[33,-12],[41,27],[1,46],[61,60],[38,89],[-30,2],[-49,47],[28,121],[-63,-71],[6,-37],[34,-43],[15,-69],[-32,-73],[-58,-34],[-22,88],[6,35],[-31,83],[-35,207],[-42,151],[-51,152],[-84,175],[-12,67],[-49,139],[-47,112],[-10,76],[-27,107],[-56,155],[-127,254],[-11,44],[-113,218],[-48,81],[-45,108],[-90,182],[-89,141],[-56,139],[-17,16],[-84,170],[-147,245],[-59,90],[-30,65],[-95,146],[-55,116],[-44,61],[-167,275],[-63,78],[-141,241],[-214,336],[-80,112],[-13,35],[-129,204],[-92,130],[-122,185],[-26,49],[-24,83],[-44,60],[-45,113],[-161,209],[-89,157],[-65,64],[-30,54],[-120,141],[-9,43],[-92,95],[-64,101],[-133,157],[-11,33],[-81,63],[-89,137],[-66,78],[-68,58],[-18,39],[-95,125],[-138,149],[-48,102],[-45,41],[-73,98],[-140,164],[-123,154],[-39,30],[-39,64],[-32,24],[-64,81],[-110,101],[-69,86],[-70,45],[-154,149],[-32,20],[-26,50],[-83,78],[-188,142],[-38,50],[-83,71],[-152,114],[-29,39],[-111,100],[-128,90],[-48,58],[-32,14],[-156,146],[-130,102],[-67,66],[-46,27],[-84,94],[-90,72],[-20,57],[-31,19],[-149,140],[-60,48],[22,24],[46,-10],[22,24],[6,52],[-76,113],[-49,115],[8,43],[37,19],[12,54],[-25,57],[-59,81],[-18,53],[-55,107],[-18,72],[-45,48],[-62,121],[-77,99],[-25,44],[-57,64],[-14,34],[-88,97],[-71,51],[-134,127],[-54,66],[-77,65],[-86,58],[-51,71],[-26,64],[-93,80],[14,48],[47,10],[65,-67],[103,-40],[7,-28],[58,-19],[1,-45],[29,-30],[210,-34],[47,-30],[79,-9],[34,-18],[81,-12],[57,-33],[-4,-33],[31,-92],[-4,-92],[27,-144],[65,31],[33,65],[-33,86],[-5,67],[22,93],[-39,70],[37,29],[35,62],[44,157],[4,77],[17,66],[4,80],[-26,49],[31,49],[-30,54],[30,140],[-55,52],[15,179],[31,26],[0,52],[-46,38],[104,146],[43,-24],[5,-115],[37,-34],[-11,-86],[30,-98],[-12,-79],[-23,-26],[62,-73],[-10,-69],[47,-129],[11,-132],[0,-197],[12,-152],[-12,-64],[3,-75],[30,-29],[5,-53],[-50,-52],[30,-33],[17,-65],[-50,-84],[-1,-57],[36,-64],[-6,-84],[44,-109],[27,-91],[-25,-44],[44,-104],[-23,-33],[-50,-25],[55,-78],[-36,-62],[95,-77],[58,19],[58,105],[69,-55],[23,-71],[2,-49],[-36,-24],[1,-81],[-29,-44],[26,-36],[56,-22],[-19,-80],[45,-68],[76,13],[37,44],[39,-64],[23,84],[-22,25],[-58,9],[-9,88],[4,112],[-91,17],[1,65],[-63,97],[2,57],[-36,7],[2,91],[-33,117],[-77,51],[4,43],[38,25],[31,68],[23,98],[9,152],[65,47],[-19,102],[14,22],[-9,81],[71,42],[61,-19],[13,52],[-15,50],[7,66],[-27,44],[13,61],[-13,54],[16,46],[-14,41],[30,85],[-26,33],[20,27],[-22,35],[32,30],[-20,51],[34,14],[17,70],[-25,39],[-70,37],[25,63],[-10,98],[-46,19],[-1,35],[-88,56],[32,16],[27,46],[-6,49],[-25,27],[9,42],[-58,55],[22,46],[-20,41],[39,33],[58,-62],[18,-51],[48,-75],[13,-83],[53,-66],[13,-45],[-29,-77],[16,-64],[-6,-54],[33,-50],[82,-52],[-27,-64],[72,-54],[38,-49],[60,5],[19,-47],[46,-59],[-37,-119],[60,-69],[61,-18],[57,8],[25,-42],[-14,-112],[22,-199],[30,-39],[59,-31],[1,-158],[20,-84],[140,-135],[-10,-28],[21,-46],[1,-125],[-19,-65],[4,-37],[40,-43],[-10,-46],[97,-72],[26,-43],[-12,-74],[-71,-52],[14,-59],[46,8],[73,-15],[3,-93],[19,-49],[-19,-91],[-26,-58],[-28,30],[-3,121],[-31,26],[-53,-6],[-24,-44],[3,-65],[35,-61],[49,-10],[10,-41],[37,-52],[5,-52],[-23,-33],[-55,-1],[-13,-38],[-48,-25],[27,-47],[-32,-68],[-39,-15],[-12,-68],[17,-57],[-30,-60],[29,-49],[46,-33],[37,32],[36,-6],[34,33],[40,88],[-7,47],[26,43],[-50,12],[19,52],[49,34],[-29,65],[3,111],[24,76],[-4,47],[64,26],[19,65],[-17,39],[12,35],[56,29],[7,86],[19,58],[-62,46],[-17,74],[-41,33],[6,60],[23,50],[-103,60],[-29,34],[108,69],[-1,50],[38,85],[-54,59],[55,-4],[62,-45],[74,-6],[60,-56],[16,-102],[-50,-75],[13,-79],[67,-73],[-1,-24],[47,-110],[37,-13],[-52,-69],[-19,-44],[4,-47],[-18,-49],[69,-135],[32,-33],[8,-147],[-9,-48],[45,-38],[-32,-37],[-13,-71],[9,-70],[-14,-43],[-45,-20],[-22,-33],[46,-112],[48,-43],[-2,-40],[74,-5],[25,-19],[5,-62],[-34,-77],[-24,-21],[-5,-80],[-35,-14],[-10,-65],[-31,-83],[-5,-171],[11,-30],[71,-17],[50,-42],[56,-105],[17,13],[91,-43],[23,-31],[-8,-63],[71,61],[-91,104],[-28,3],[-30,51],[24,53],[-3,107],[-15,29],[34,71],[46,53],[-5,84],[-31,53],[18,31],[-20,38],[9,36],[63,-30],[35,7],[57,55],[29,-30],[-19,-162],[41,-37],[23,33],[11,90],[-58,17],[22,81],[-17,38],[-8,117],[38,40],[30,97],[46,40],[36,-45],[-23,-29],[-12,-55],[23,-75],[-9,-29],[30,-45],[-12,-103],[-23,-48],[5,-64],[-45,-71],[8,-54],[38,-42],[-71,-141],[52,-41],[26,-142],[-14,-78],[12,-62],[68,-21],[36,11],[34,70],[-6,53],[16,31],[49,-33],[10,-40],[-27,-56],[-4,-75],[16,-44],[47,-36],[-26,-35],[28,-23],[3,-42],[-46,-25],[-9,-154],[39,-48],[68,24],[33,26],[23,69],[100,-12],[54,-43],[46,31],[-48,32],[-9,36],[-66,43],[84,55],[-29,22],[-45,-29],[-29,56],[53,26],[20,86],[-50,35],[-16,52],[93,-31],[54,-1],[49,37],[81,-9],[32,-35],[48,-9],[32,-27],[29,30],[56,11],[43,30],[83,150],[45,12],[56,-44],[33,2],[21,-63],[35,-31],[68,-19],[30,12],[61,-38],[40,32],[11,46],[-19,59],[8,48],[-10,73],[55,71],[116,128],[57,-1],[138,71],[47,41],[67,106],[73,89],[31,67],[26,132],[2,69],[-24,61],[-5,71],[15,38],[-16,145],[-22,114],[-32,64],[-61,75],[33,65],[-1,43],[87,125],[-10,57],[-30,74],[25,36],[0,66],[-53,86],[-71,92],[-25,58],[-112,92],[-67,43],[-44,89],[-101,64],[-174,134],[-139,71],[-98,32],[-146,63],[-170,26],[-273,62],[-75,32],[21,49],[-17,49],[-41,49],[32,93],[-39,59],[-154,100],[19,38],[-47,64],[-41,27],[-42,54],[-51,39],[-36,84],[11,26],[-99,69],[-65,27],[16,66],[-57,23],[-197,26],[-45,-8],[-32,46],[-43,24],[39,34],[30,59],[-35,72],[-31,19],[-15,81],[-38,56],[0,43],[45,88],[16,60],[-5,77],[-23,29],[-85,52],[5,72],[-43,181],[18,59],[8,88],[-24,42],[-84,57],[-125,52],[-96,54],[11,59],[40,79],[9,142],[-63,65],[-18,73],[-30,46],[14,53],[-27,38],[-49,20],[-73,83],[-126,57],[-60,71],[-62,43],[18,90],[71,23],[37,101],[-23,41],[-23,83],[51,23],[-65,92],[-12,84],[-22,42],[-50,14],[1,40],[86,-25],[16,35],[-16,54],[-95,35],[41,32],[26,-32],[42,35],[-34,28],[-48,1],[-34,33],[-43,0],[-57,-31],[3,-44],[79,-20],[-69,-31],[-9,-28],[35,-70],[76,-64],[-18,-66],[-54,-21],[-14,-34],[49,-11],[68,51],[5,-49],[-83,-44],[3,-21],[90,-54],[39,-78],[-15,-17],[-71,22],[-17,77],[-77,77],[-15,29],[-72,41],[-47,113],[-35,18],[-100,88],[41,96],[-35,42],[-3,87],[9,92],[19,24],[41,147],[11,74],[55,195],[25,43],[70,26],[41,45],[45,95],[-2,27],[95,150],[49,130],[106,56],[59,77],[23,84],[19,24],[5,95],[32,57],[60,28],[45,-102],[-11,-54],[31,-34],[-15,-42],[12,-37],[-30,-133],[12,-48],[-6,-66],[25,-56],[49,-228],[45,-31],[54,-106],[153,-70],[109,-23],[70,43],[8,35],[-25,27],[23,32],[37,-61],[-6,-69],[39,-8],[-16,-84],[29,-70],[-10,-89],[34,-75],[-10,-31],[39,-65],[2,-54],[37,-33],[22,-63],[65,-87],[72,-59],[92,-58],[96,-43],[60,-10],[76,-68],[73,-138],[53,-58],[86,-63],[105,-46],[145,7],[14,-73],[4,-129],[-27,-93],[-10,-66],[17,-49],[-10,-38],[32,-100],[41,-36],[167,-22],[88,-47],[-20,-64],[-7,-139],[-38,-71],[-41,-43],[-6,-43],[-80,-44],[-19,-85],[-28,-54],[5,-67],[17,-29],[5,-140],[-40,-50],[14,-60],[-15,-55],[23,-18],[12,-71],[-75,-62],[-36,-45],[-62,-19],[-99,-114],[0,-84],[33,-52],[-11,-47],[15,-125],[-40,-46],[28,-272],[-16,-39],[52,-137],[56,-66],[34,-86],[71,-80],[2,-54],[-17,-47],[-40,-26],[34,-59],[75,-27],[82,18],[53,49],[33,93],[26,-34],[3,-55],[27,-109],[86,-14],[50,11],[77,46],[19,47],[147,154],[118,169],[118,204],[36,98],[52,41],[89,118],[26,103],[38,15],[70,94],[31,153],[18,57],[-17,64],[9,45],[-45,60],[8,37],[-25,53],[-37,170],[8,22],[-43,48],[-14,56],[-7,135],[49,60],[42,3],[7,-57],[90,-58],[128,6],[8,-68],[62,-117],[-64,-64],[-64,-140],[-35,-124],[-3,-67],[14,-32],[50,-32],[45,-62],[14,-53],[-35,-232],[23,-57],[-11,-40],[12,-89],[26,-70],[71,-73],[60,-15],[80,31],[37,-37],[0,-28],[38,-26],[-31,-88],[-17,-104],[-45,-115],[-11,-59],[16,-135],[52,-138],[59,-37],[65,-85],[8,-38],[-37,-19],[-32,-145],[60,-101],[73,-100],[8,-108],[-7,-104],[20,-98],[43,-99],[43,-52],[140,-120],[66,-42],[115,-123],[115,-81],[16,-27],[59,-37],[68,-67],[46,-111],[63,-76],[50,-24],[-7,-69],[29,-83],[75,-13],[54,41],[17,42],[108,58],[36,32],[15,50],[82,52],[33,48],[106,47],[105,75],[78,154],[113,51],[105,12],[63,26],[67,48],[56,64],[20,50],[-3,52],[-28,68],[73,55],[10,35],[89,130],[-5,40],[-43,51],[44,12],[17,45],[-10,73],[-45,71],[-41,33],[-76,32],[4,41],[-48,69],[-63,53],[12,158],[-49,97],[-59,60],[-8,49],[15,58],[-36,71],[23,92],[108,36],[54,57],[36,134],[26,41],[32,109],[37,1],[20,-44],[-57,-20],[-7,-60],[-22,-34],[35,-21],[-20,-45],[29,-129],[126,-6],[16,38],[83,42],[7,80],[-46,54],[-17,83],[-55,27],[-30,43],[13,51],[-31,50],[27,42],[29,100],[-12,102],[-89,89],[-34,46],[5,65],[-29,44],[-30,8],[-62,63],[4,111],[-35,46],[-54,41],[10,33],[-39,123],[26,53],[103,36],[31,31],[38,4],[44,-27],[-10,-88],[20,-24],[88,-9],[58,-32],[94,22],[13,50],[-45,78],[-6,75],[-38,58],[16,49],[-18,93],[16,34],[-7,69],[56,81],[6,31],[68,97],[18,65],[-28,31],[-90,28],[-50,-4],[-97,37],[-50,105],[-52,24],[-60,9],[-46,45],[-36,86],[-51,54],[-34,10],[-65,79],[-42,19],[-42,91],[-52,45],[-43,-3],[-33,66],[-102,89],[9,34],[-54,57],[-38,-14],[-105,117],[-39,81],[-3,42],[60,23],[-23,70],[-81,71],[-30,48],[-114,124],[-51,15],[-56,61],[-70,19],[-110,85],[-77,29],[-70,150],[-28,17],[-25,54],[-69,90],[-17,-28],[-115,103],[67,-2],[-34,50],[-59,33],[-32,133],[-53,5],[-6,108],[-16,64],[-9,96],[-39,32],[-37,98],[-48,54],[-3,35],[-92,175],[-50,71],[-58,61],[-57,38],[5,78],[79,-47],[-59,169],[-94,94],[-32,75],[-120,101],[-35,51],[24,53],[38,25],[-18,37],[-51,22],[-50,58],[0,28],[-57,84],[35,61],[2,47],[-24,52],[6,50],[-17,65],[-70,113],[-34,21],[-62,68],[-28,56],[-46,57],[54,13],[-33,93],[-92,77],[-39,13],[-53,82],[61,8],[-21,119],[-17,29],[-28,123],[-1,46],[-22,52],[-42,4],[-16,78],[-60,73],[-50,110],[-112,142],[-97,18],[-155,140],[-93,34],[-75,8],[-68,26],[-120,91],[-97,93],[-117,128],[-23,72],[-63,127],[-43,48],[-57,87],[-65,155],[-14,79],[0,117],[-12,49],[-8,122],[13,98],[53,124],[33,48],[30,7],[28,48],[38,23],[-67,33],[-29,71],[-30,38],[-10,65],[-52,43],[-98,-73],[-26,53],[39,38],[29,56],[-49,33],[-25,51],[25,34],[89,21],[44,52],[114,43],[71,9],[26,25],[-64,22],[-65,2],[-104,-41],[-152,-82],[-48,16],[-48,-6],[-120,46],[-8,99],[33,63],[34,6],[17,91],[29,46],[21,154],[-4,188],[-25,97],[-46,108],[-48,75],[-80,98],[-94,99],[-45,70],[-103,129],[-81,70],[-102,142],[-110,133],[-165,161],[-79,124],[-149,200],[-66,76],[-77,64],[-146,89],[-78,74],[-39,84],[-67,55],[-32,47],[-33,121],[-22,35],[-44,14],[-53,43],[-17,96],[-6,244],[-22,101],[-13,116],[9,84],[20,22],[-9,66],[11,170],[30,35],[-1,88],[-33,148],[19,60],[6,100],[-6,124],[-44,116],[-26,109],[-7,117],[-26,85],[-10,87],[33,22],[109,4],[162,147],[62,85],[47,88],[5,54],[-9,172],[15,44],[-31,113],[-146,251],[-23,74],[56,38],[13,27],[-7,83],[6,107],[-46,84],[22,53],[63,50],[122,4],[82,132],[22,114],[32,71],[9,94],[34,82],[-12,28],[-1,117],[-31,129],[-2,63],[50,84],[-10,92],[87,109],[65,37],[61,54],[43,88],[79,92],[48,140],[2,96],[22,87],[-9,85],[99,173],[43,30],[14,43],[45,-22],[72,11],[69,59],[29,43],[39,107],[50,93],[-14,31],[61,120],[51,45],[-1,69],[13,71],[26,44],[7,100],[52,60],[60,26],[35,89],[-20,31],[4,42],[67,56],[89,16],[84,70],[49,88],[62,32],[134,47],[171,96],[47,32],[85,110],[32,16],[32,59],[50,42],[94,37],[129,102],[69,94],[12,152],[31,47],[47,22],[35,109],[-2,158],[20,77],[-8,129],[19,58],[-14,36],[5,60],[-46,87],[3,96],[14,36],[60,27],[18,79],[2,140],[20,59],[-11,101],[20,33],[16,76],[-2,116],[-18,61],[-67,89],[8,51],[-38,150],[-1,41],[-28,50],[-18,85],[-26,38],[36,116],[-4,62],[-22,65],[-62,53],[20,79],[-8,72],[24,53],[-18,55],[36,27],[-4,103],[-76,60],[122,49],[89,44],[76,58],[90,91],[34,46],[25,100],[49,147],[46,63],[14,87],[-14,203],[14,73],[-23,62],[-52,65],[39,35],[11,100],[-26,168],[-35,94],[-9,130],[-16,35],[-106,125],[-24,58],[-17,128],[-21,62],[-3,102],[-47,114],[-82,127],[-30,76],[-1,65],[-17,57],[-91,149],[-37,73],[-116,136],[-69,45],[-35,40],[-143,92],[-120,-6],[-141,-52],[-46,54],[21,39],[-19,75],[21,60],[52,64],[17,59],[34,54],[-8,74],[-32,74],[-62,76],[-38,76],[-5,35],[50,97],[-8,127],[-54,63],[-101,40],[1,36],[40,94],[7,52],[42,73],[137,67],[54,-10],[60,37],[36,60],[45,29],[74,105],[-18,55],[-51,65],[84,-7],[53,27],[58,118],[41,59],[10,43],[48,102],[36,185],[11,93],[-13,56],[61,60],[67,124],[77,14],[40,44],[12,79],[63,45],[47,57],[66,117],[60,126],[36,43],[37,75],[29,105],[28,28],[39,106],[5,65],[-14,28],[28,111],[3,48],[89,129],[5,70],[35,113],[18,23],[30,160],[66,153],[4,45],[64,105],[56,103],[38,139],[-5,57],[33,14],[9,58],[46,90],[83,210],[33,104],[69,94],[33,129],[60,51],[17,107],[-22,50],[14,50],[66,23],[-3,34],[50,115],[89,81],[43,26],[40,126],[79,70],[46,80],[7,40],[45,40],[22,49],[3,64],[95,53],[91,71],[42,62],[84,34],[28,-3],[64,56],[85,58],[120,35],[53,89],[116,47],[58,33],[65,17],[80,-30],[99,12],[44,19],[183,127],[39,6],[57,-57],[28,-74],[120,-90],[-13,-20],[-77,-44],[-51,-61],[-65,-112],[-71,-72],[-10,-38],[-47,-51],[5,-73],[-21,-72],[-35,-196],[-26,-74],[0,-111],[13,-58],[-16,-73],[19,-18],[-35,-50],[-41,-96],[-28,-134],[-28,-73],[-15,-116],[-26,-23],[-26,-90],[-3,-113],[-57,-155],[-51,-61],[-5,-59],[-27,-67],[-36,-177],[-32,-43],[-28,-134],[-44,-149],[22,-59],[-8,-43],[21,-166],[58,-93],[108,-113],[61,-53],[14,-29],[-6,-60],[14,-55],[36,-46],[97,-89],[-5,-34],[-48,-44],[-21,-73],[28,-125],[-6,-124],[-32,15],[-42,-23],[-23,-78],[44,-14],[14,53],[35,-27],[54,29],[94,82],[-4,30],[43,28],[41,5],[66,-17],[115,-2],[6,-26],[-31,-53],[-2,-55],[19,-79],[46,-95],[-26,-30],[-7,-46],[-68,-64],[-79,-39],[-46,-59],[-63,-119],[-111,-63],[92,-58],[-20,-24],[-101,10],[-40,-38],[-11,-52],[10,-95],[42,-73],[-45,-94],[-8,-102],[5,-55],[52,-71],[47,-83],[20,-66],[53,-27],[39,-84],[44,-46],[46,-9],[172,13],[54,18],[91,50],[74,56],[71,75],[-19,85],[84,113],[-28,70],[64,28],[78,-6],[100,63],[64,79],[86,40],[76,13],[60,-24],[151,15],[75,-61],[-2,-52],[23,-39],[11,-63],[-30,-113],[0,-84],[58,19],[47,-10],[66,-66],[43,50],[77,-77],[17,42],[34,2],[30,33],[55,21],[16,59],[51,-13],[34,133],[36,-5],[15,55],[-83,87],[6,54],[33,35],[-8,52],[105,3],[-44,33],[-25,80],[-3,54],[42,25],[-16,73],[108,3],[35,-26],[26,21],[-68,45],[-49,-3],[-23,31],[4,86],[32,90],[40,25],[32,51],[115,-18],[99,-72],[26,37],[-63,22],[-2,59],[-82,8],[-69,53],[-26,42],[0,61],[53,110],[52,76],[77,42],[112,-70],[13,-89],[23,-2],[-4,77],[-16,46],[60,51],[-73,4],[-80,27],[-28,25],[2,41],[-33,40],[48,75],[53,4],[58,-42],[38,-8],[-42,84],[23,34],[-74,78],[41,29],[31,-37],[57,-16],[46,9],[-35,59],[-66,40],[-20,66],[27,58],[-9,49],[27,42],[41,-34],[33,1],[13,54],[106,-8],[39,-42],[24,-48],[39,9],[2,37],[-40,32],[-5,50],[-73,58],[-50,18],[-1,24],[56,21],[-109,106],[-89,34],[16,50],[65,26],[55,-18],[25,28],[45,2],[78,-23],[84,-46],[21,61],[41,33],[-52,133],[16,70],[37,18],[119,-11],[-44,105],[10,47],[40,5],[-7,65],[56,86],[-48,28],[-34,-15],[0,75],[-19,44],[47,29],[98,-26],[55,40],[42,-10],[22,31],[-22,45],[31,59],[14,133],[30,46],[57,-29],[89,84],[-41,92],[62,11],[47,-24],[41,19],[19,43],[44,43],[65,37],[53,1],[26,66],[-25,91],[25,37],[-12,51],[8,40],[50,89],[55,70],[92,72],[45,-8],[-26,70],[3,101],[-9,70],[24,164],[-9,127],[35,33],[71,31],[34,31],[120,68],[77,-41],[55,-49],[-16,-70],[51,28],[-9,58],[-69,56],[9,30],[79,94],[87,44],[46,44],[56,28],[54,-19],[113,9],[81,31],[122,5],[71,35],[108,68],[58,49],[202,149],[56,5],[80,31],[88,72],[46,69],[51,13],[80,78],[122,50],[53,47],[46,21],[35,37],[15,45],[39,34],[118,-13],[52,8],[84,34],[71,41],[29,-8],[78,54],[81,13],[46,-39],[183,-53],[75,7],[43,-32],[95,17],[53,41],[55,-8],[49,19],[26,38],[60,34],[118,90],[67,62],[77,89],[55,47],[30,5],[82,-77],[170,-6],[44,16],[48,39],[66,80],[65,64],[69,41],[66,-8],[136,110],[113,-49],[58,70],[69,47],[53,87],[51,-30],[-22,-50],[138,-37],[192,-20],[93,12],[71,20],[110,54],[80,64],[70,28],[28,39],[104,23],[109,65],[47,37],[63,20],[36,-37],[114,1],[27,71],[26,-4],[26,76],[-46,3],[-108,-61],[-102,-29],[20,42],[75,31],[54,38],[54,15],[50,34],[45,-2],[27,-25],[60,1],[61,-19],[2,-51],[45,-39],[40,7],[-24,49],[-50,-16],[-3,63],[63,56],[29,80],[57,21],[21,-18],[14,-62],[-24,-66],[62,15],[10,83],[104,-142],[64,-17],[30,17],[-6,77],[55,71],[10,67],[-69,56],[10,93],[105,61],[40,-3],[42,-41],[29,26],[-101,43],[-7,82],[26,44],[38,25],[32,62],[98,73],[53,13],[24,-16],[91,20],[70,-30],[25,15],[-76,50],[-44,103],[15,29],[63,48],[153,150],[43,18],[42,-16],[3,-76],[34,-2],[0,65],[-43,52],[125,154],[46,0],[-8,41],[24,24],[90,30],[-36,34],[46,26],[107,97],[98,24],[-2,50],[28,30],[115,-4],[88,11],[-2,32],[78,44],[39,53],[-10,72],[84,65],[59,-20],[39,14],[41,-22],[-10,-31],[115,31],[27,32],[79,-20],[-2,56],[38,72],[-16,30],[60,53],[18,-52],[-5,-87],[26,2],[62,77],[-30,40],[111,21],[39,-99],[77,43],[-9,36],[-50,48],[66,41],[56,-2],[70,-50],[76,0],[66,176],[30,37],[56,13],[-55,57],[4,81],[45,40],[26,-8],[56,61],[46,19],[-37,31],[35,91],[87,108],[76,173],[44,20],[-19,66],[43,65],[81,93],[87,74],[34,71],[60,54],[51,20],[20,-19],[86,31],[23,44],[64,16],[82,45],[31,31],[207,128],[61,5],[125,41],[25,21],[105,14],[100,49],[63,6],[72,37],[57,-6],[208,106],[37,30],[18,-51],[74,29],[116,25],[47,23],[72,-23],[4,49],[116,94],[10,35],[81,61],[50,-62],[72,2],[61,67],[8,49],[-33,75],[10,49],[33,37],[9,57],[1,157],[-29,47],[20,44],[68,3],[25,48],[-89,42],[29,63],[-14,41],[57,79],[10,67],[-14,45],[28,109],[108,-40],[58,-37],[32,-63],[65,-49],[104,2],[-27,-57],[96,11],[9,-39],[64,18],[79,-15],[106,-53],[93,10],[155,35],[54,29],[137,223],[109,-30],[72,13],[109,53],[66,16],[62,76],[32,-56],[127,4],[96,17],[67,0],[29,30],[53,-4],[105,12],[109,90],[50,19],[-2,24],[48,50],[70,34],[63,69],[79,66],[-16,52],[94,123],[58,13],[104,6],[55,30],[144,31],[54,5],[24,-29],[70,39],[22,-48],[36,8],[-46,85],[68,13],[98,96],[53,-27],[22,-39],[38,25],[-9,70],[38,44],[27,-28],[13,-96],[-46,-23],[10,-49],[71,81],[74,-58],[-2,-23],[51,-32],[8,48],[-14,33],[-44,7],[-57,54],[136,-15],[58,-27],[1,40],[-193,72],[1,62],[77,62],[14,27],[76,47],[88,35],[77,15],[30,-14],[47,69],[50,23],[8,60],[45,52],[30,10],[85,61],[8,59],[94,-16],[75,6],[55,33],[70,-5],[7,39],[-66,-1],[-55,54],[32,65],[30,11],[45,97],[145,134],[69,-26],[41,30],[25,45],[41,24],[-24,40],[-56,-37],[-73,-27],[-12,31],[29,26],[61,92],[37,-11],[58,25],[66,51],[41,62],[-19,22],[-60,-6],[20,72],[61,13],[40,23],[104,-1],[109,28],[125,-4],[30,-28],[-27,-56],[-67,-44],[-9,-36],[-59,-39],[-89,-121],[-105,-108],[-25,-14],[7,-46],[28,-15],[-3,-59],[-37,-63],[-35,31],[-47,-33],[47,-19],[-30,-83],[-37,-50],[-67,-31],[7,-39],[30,-23],[-11,-44],[-37,-34],[-19,-130],[31,-27],[50,-99],[82,-107],[62,-46],[48,-52],[90,-42],[90,-18],[152,-54],[51,-7],[105,20],[51,-23],[131,36],[52,37],[65,14],[60,41],[95,34],[-4,68],[91,87],[60,-9],[81,110],[77,49],[25,32],[53,-1],[41,30],[72,2],[64,24],[96,10],[37,-26],[-37,-31],[65,-17],[14,-50],[57,65],[75,18],[6,44],[73,76],[147,30],[11,29],[53,35],[67,-22],[-44,-90],[36,-53],[50,-33],[54,-16],[88,19],[45,-7],[25,92],[53,51],[-13,61],[61,48],[31,55],[118,76],[45,74],[28,-7],[63,23],[18,-31],[-73,-49],[29,-56],[36,-27],[55,14],[9,-34],[52,-81],[14,-48],[-29,-34],[-54,-2],[-81,29],[18,-47],[-71,-86],[-80,-4],[-32,-53],[117,50],[41,-58],[-92,-6],[17,-26],[-32,-70],[30,-14],[-6,-59],[106,53],[-47,59],[35,37],[42,-35],[32,17],[85,-33],[-131,-102],[-6,-54],[21,-36],[35,31],[20,45],[43,-39],[63,-25],[16,-41],[123,24],[213,-78],[93,-55],[97,-81],[38,28],[46,-6],[6,-34],[48,8],[38,-15],[166,-22],[98,-44],[79,-16],[63,5],[81,-56],[-7,-30],[-54,-27],[-48,-101],[54,-13],[-19,-42],[38,-21],[7,59],[-14,67],[114,87],[-23,94],[47,-6],[42,-42],[61,-84],[-13,-67],[16,-56],[-45,-69],[44,-47],[4,89],[52,72],[-33,21],[36,75],[-29,42],[7,58],[85,43],[117,4],[85,-5],[60,-34],[-20,-40],[48,-14],[53,48],[6,34],[83,19],[81,-3],[96,19],[51,30],[103,24],[104,3],[13,11],[138,24],[120,48],[84,-24],[-2,53],[59,20],[105,56],[83,-38],[27,73],[56,9],[6,67],[135,33],[124,62],[24,25],[67,6],[19,-15],[-47,-82],[52,-21],[10,-59],[27,-52],[-3,-70],[67,-13],[-23,53],[18,61],[49,95],[40,29],[56,-53],[61,100],[51,-42],[0,-40],[78,-82],[105,17],[32,27],[103,8],[91,19],[105,53],[140,44],[20,-34],[80,-1],[17,-29],[79,-4],[-12,43],[-55,-21],[-30,35],[-61,25],[33,55],[72,30],[27,-16],[41,56],[80,55],[63,65],[65,45],[89,37],[76,44],[15,24],[118,66],[-5,50],[41,99],[67,36],[56,9],[-30,43],[-49,26],[0,37],[29,50],[63,48],[71,18],[57,-39],[32,16],[80,-86],[51,38],[-49,25],[15,65],[105,48],[103,-40],[29,-48],[-45,-55],[27,-26],[26,50],[10,63],[102,24],[-48,44],[-59,1],[21,126],[-37,2],[-6,-62],[-65,12],[-25,23],[50,110],[19,14],[23,92],[-26,48],[-6,75],[36,29],[113,-62],[-18,62],[239,28],[88,31],[100,50],[128,77],[54,44],[92,103],[46,93],[159,48],[195,134],[113,46],[3,29],[152,88],[74,55],[181,91],[73,66],[91,98],[90,4],[17,-14],[3,-96],[35,-66],[-28,-6],[-66,46],[-8,43],[-38,17],[-73,-39],[-13,-31],[24,-34],[63,42],[-46,17],[48,37],[27,-21],[-41,-91],[-28,-36],[-95,-40],[-5,-64],[11,-41],[68,6],[54,37],[51,4],[77,27],[52,-1],[-17,-44],[13,-47],[67,74],[14,36],[81,15],[8,33],[108,-23],[43,1],[59,-31],[5,32],[79,95],[93,24],[59,3],[28,-42],[73,-7],[28,65],[-60,29],[132,22],[22,-5],[88,35],[56,1],[120,77],[27,-38],[-13,-50],[56,-120],[70,-31],[23,-72],[45,40],[-11,98],[212,47],[64,-20],[23,-43],[51,87],[53,30],[109,15],[118,-20],[11,29],[55,16],[65,-34],[36,-36],[95,-20],[42,4],[4,52],[-53,68],[61,5],[24,-31],[81,-2],[18,17],[50,-58],[54,58],[-39,32],[19,24],[160,95],[49,-9],[4,-63],[40,26],[8,47],[64,19],[-57,37],[-55,-19],[-58,2],[-9,32],[136,29],[101,36],[54,1],[27,-27],[-34,-34],[-33,-66],[21,-68],[-24,-75],[-26,-41],[-31,-7],[-32,-80],[21,-11],[49,31],[17,63],[45,29],[42,-15],[16,-32],[74,-11],[17,21],[143,40],[30,-13],[57,28],[-78,36],[-28,0],[-91,-39],[-25,39],[-116,54],[4,51],[50,19],[55,-1],[51,110],[14,-21],[-14,-56],[32,-31],[130,18],[145,58],[61,-3],[-17,-59],[27,-46],[83,-27],[111,-64],[12,-35],[93,-50],[-23,67],[107,83],[101,40],[82,18],[207,95],[96,66],[89,8],[65,37],[93,-10],[127,24],[56,-12],[123,-4],[49,23],[47,-11],[21,26],[-55,42],[8,123],[45,62],[-2,22],[46,96],[74,46],[23,-38],[39,-14],[34,-49],[25,13],[-47,78],[10,46],[46,89],[55,58],[72,100],[104,159],[100,75],[123,36],[143,76],[130,124],[70,103],[84,182],[44,175],[10,90],[41,104],[38,53],[92,-2],[106,41],[132,27],[48,31],[82,-10],[118,60],[86,83],[69,91],[26,66],[-30,32],[7,72],[65,75],[81,12],[94,-20],[159,-83],[72,-51],[65,-114],[5,-69],[105,-95],[35,3],[44,-25],[81,-17],[36,9],[98,-32],[43,19],[-16,30],[-149,19],[-51,28],[-89,14],[-47,133],[14,128],[30,133],[93,49],[60,5],[200,-19],[70,-20],[71,-33],[31,-36],[36,-1],[109,-55],[134,-23],[188,-52],[50,-6],[118,-46],[76,2],[102,17],[147,-27],[48,-17],[48,4],[96,-56],[46,-8],[124,6],[42,31],[65,-7],[72,-42],[15,-30],[68,-50],[32,-42],[157,26],[47,21],[156,-48],[-12,-44],[68,-77],[129,-101],[37,-11],[83,-62],[141,-66],[102,-36],[74,-4],[52,-45],[57,20],[140,23],[180,55],[230,107],[108,66],[57,61],[39,99],[40,44],[8,38],[-24,33],[40,24],[132,45],[17,-73],[21,-22],[-8,-79],[31,-13],[-18,-43],[-65,-44],[-48,-8],[-11,-24],[88,1],[28,49],[89,57],[34,-25],[36,56],[34,23],[95,11],[41,24],[-51,27],[13,54],[-14,55],[26,85],[-79,52],[83,58],[81,2],[1,-42],[37,1],[16,-32],[83,33],[-46,105],[107,-41],[40,-33],[71,-22],[150,-13],[65,1],[151,23],[166,51],[67,-17],[20,37],[239,80],[214,44],[56,7],[285,72],[116,11],[179,-16],[218,20],[132,20],[164,46],[99,4],[78,20],[255,48],[114,1],[55,-18],[248,4],[109,6],[295,83],[97,33],[181,48],[172,58],[45,2],[215,68],[218,94],[190,66],[75,31],[130,30],[74,10],[131,50],[70,34],[141,46],[68,29],[49,5],[114,56],[123,33],[104,43],[78,12],[144,50],[36,21],[195,75],[255,52],[244,72],[341,147],[127,48],[142,66],[123,49],[140,66],[137,48],[495,212],[187,65],[64,38],[152,43],[174,66],[141,61],[194,71],[103,49],[97,27],[70,42],[91,42],[107,63],[125,86],[139,81],[84,35],[124,88],[129,66],[167,122],[170,89],[114,78],[37,37],[122,74],[118,97],[55,29],[105,82],[131,91],[80,65],[249,222],[128,124],[114,131],[55,49],[118,126],[117,102],[43,51],[84,78],[135,150],[168,220],[122,140],[105,145],[187,236],[28,51],[153,197],[65,97],[104,139],[143,213],[106,144],[70,112],[32,28],[57,94],[75,174],[38,138],[-10,37],[-40,17],[56,49],[82,92],[138,222],[51,116],[33,108],[-27,109],[-61,68],[6,34],[59,-2],[36,-40],[95,-28],[79,57],[-83,-1],[114,176],[57,120],[13,117],[18,85],[-18,35],[14,36],[81,0],[41,37],[30,50],[38,108],[37,28],[25,100],[113,84],[48,6],[-10,53],[-62,68],[-2,27],[33,76],[20,99],[-20,117],[-22,38],[-42,14],[-56,58],[-52,-3],[-67,16],[-16,166],[2,86],[13,29],[67,39],[-16,-73],[107,-5],[116,29],[78,-44],[44,-54],[43,8],[51,41],[106,53],[35,52],[70,-60],[53,14],[37,-8],[120,68],[39,-19],[24,73],[54,91],[52,46],[88,-8],[126,100],[51,-10],[38,59],[-14,84],[-35,13],[-15,50],[9,113],[-26,67],[-93,113],[-73,14],[-56,71],[-108,8],[-98,36],[6,60],[95,10],[6,28],[105,40],[65,64],[59,96],[74,139],[27,90],[47,49],[58,-40],[-37,-25],[-26,-66],[92,40],[46,46],[73,133],[-36,0],[-89,-108],[-23,62],[-56,47],[9,75],[66,96],[98,107],[17,37],[65,32],[74,-2],[53,26],[38,-46],[9,-41],[70,-67],[75,-42],[66,-18],[79,12],[126,30],[83,37],[128,89],[35,10],[84,69],[56,1],[107,82],[147,139],[31,43],[104,4],[36,12],[91,79],[44,14],[71,98],[34,25],[45,77],[76,54],[62,103],[35,81],[42,57],[77,5],[61,-19],[35,7],[112,88],[185,36],[57,24],[60,45],[81,84],[54,41],[91,142],[44,3],[89,205],[39,33],[82,34],[26,-36],[-19,-59],[59,28],[43,83],[1,37],[-57,49],[76,102],[124,21],[36,31],[51,-18],[90,59],[37,41],[69,24],[157,30],[73,37],[82,29],[67,-15],[42,56],[77,64],[124,81],[68,83],[75,56],[61,91],[11,78],[26,20],[18,72],[-9,28],[19,56],[-12,33],[31,63],[-15,59],[23,74],[-19,88],[-1,127],[-18,45],[-23,156],[-13,40],[24,26],[-73,14],[-34,43],[-67,51],[-41,7],[-40,-26],[-59,-10],[-40,27],[-74,12],[-47,-4],[-79,18],[-31,-5],[-219,79],[-107,25],[-105,55],[-35,-87],[-62,-61],[-92,-37],[-61,-46],[-39,-47],[-30,-64],[32,-38],[-15,-42],[-33,5],[-40,49],[-52,35],[-18,79],[-41,36],[-37,10],[-2,46],[69,26],[47,52],[59,106],[37,119],[-3,48],[15,74],[1,131],[23,128],[5,83],[-6,159],[-21,106],[-6,77],[-34,141],[-11,109],[-23,94],[-11,82],[36,71],[-33,61],[-8,43],[22,160],[2,200],[-12,142],[-20,65],[-48,77],[-55,-10],[-14,145],[-25,161],[-32,152],[-67,146],[-103,67],[-35,45],[10,37],[-42,68],[16,47],[0,130],[-15,140],[-23,116],[9,21],[-9,93],[57,59],[21,118],[-18,142],[0,293],[-13,80],[28,29],[8,67],[-4,85],[-19,148],[70,58],[25,47],[20,93],[8,183],[35,117],[22,137],[4,67],[45,56],[22,69],[53,57],[42,-30],[69,-15],[18,40],[15,86],[73,117],[35,75],[49,135],[23,-36],[57,13],[59,111],[-20,50],[80,82],[49,-30],[59,9],[7,44],[76,33],[25,32],[71,-2],[55,-28],[45,1],[82,-20],[4,25],[-166,54],[-13,28],[124,19],[75,-21],[1,51],[-140,-3],[-29,17],[2,77],[69,-5],[4,31],[-84,-7],[-34,-66],[-137,-62],[-91,1],[-52,48],[11,63],[24,55],[57,63],[41,74],[34,21],[84,102],[95,88],[67,51],[142,67],[79,5],[101,59],[121,133],[78,137],[-50,55],[99,73],[174,92],[160,105],[48,40],[80,1],[112,51],[62,67],[39,-25],[8,-44],[-62,-72],[-56,-30],[-25,-51],[-6,-51],[-69,-21],[62,-33],[66,64],[29,45],[85,28],[26,-10],[-17,-53],[68,7],[26,29],[-26,39],[31,66],[-11,49],[53,74],[10,47],[-32,95],[-36,24],[7,106],[19,101],[29,-16],[-13,-55],[28,-45],[68,-49],[71,2],[-8,-40],[28,-37],[82,-21],[28,-38],[-18,-51],[-42,-61],[15,-24],[57,22],[65,0],[64,-65],[63,12],[49,-35],[46,2],[153,29],[43,-31],[72,40],[-58,86],[-77,90],[-31,19],[-23,72],[19,70],[-3,58],[-40,55],[-47,-25],[-19,72],[-48,74],[14,112],[-54,42],[-62,67],[0,73],[-27,41],[32,40],[106,18],[91,-11],[29,-46],[26,9],[13,96],[-90,71],[-39,12],[-13,49],[81,79],[51,67],[33,4],[26,43],[-9,33],[-49,27],[87,66],[110,-5],[57,-24],[61,14],[29,-84],[60,-92],[-16,-26],[38,-44],[107,-23],[81,14],[138,36],[82,48],[26,-1],[117,83],[43,-26],[39,-47],[81,6],[142,63],[42,25],[54,104],[105,114],[55,-11],[5,-35],[46,-52],[52,41],[91,-77],[22,33],[-49,38],[47,14],[62,-53],[93,-60],[150,-144],[45,38],[-93,102],[57,36],[-57,22],[-22,51],[-43,2],[-67,24],[-82,95],[-48,30],[-48,-14],[-72,0],[-12,101],[13,77],[-21,59],[78,32],[-75,30],[-59,-24],[-26,-82],[-108,44],[-41,34],[21,75],[-38,53],[44,98],[37,52],[137,237],[40,111],[24,139],[-12,76],[33,87],[86,87],[76,19],[11,-21],[77,72],[91,-4],[164,74],[55,44],[69,102],[32,73],[93,-75],[64,9],[1,25],[-76,1],[-65,52],[0,29],[-52,47],[34,21],[45,-27],[119,13],[101,61],[70,110],[9,53],[-19,60],[-68,21],[16,36],[13,95],[-12,30],[14,50],[71,-4],[9,22],[-46,28],[10,28],[108,152],[39,83],[11,82],[80,-29],[39,-47],[46,-20],[72,2],[80,20],[69,29],[69,53],[20,46],[46,14],[101,57],[144,63],[77,50],[34,-31],[-3,-52],[-55,-5],[-67,-64],[28,-30],[53,-15],[42,-82],[-90,-24],[-40,-43],[-9,-40],[45,-85],[74,-1],[-18,-80],[43,-41],[83,-31],[27,-24],[46,-4],[56,52],[54,-20],[34,-32],[-258,-178],[19,49],[-40,26],[-37,-17],[-105,-8],[7,55],[-88,6],[-51,-50],[-25,22],[-53,-27],[-22,21],[-61,-63],[14,-24],[-7,-68],[84,-4],[15,-63],[-44,-66],[-66,-55],[-28,-42],[-34,-2],[4,-58],[90,-55],[49,10],[30,-24],[64,14],[18,-48],[-60,10],[-85,-41],[-42,-68],[-26,-85],[31,-30],[-41,-43],[-79,5],[-21,-16],[-28,-70],[-29,-23],[-13,-97],[49,-26],[60,8],[40,-22],[61,-2],[-25,-58],[38,-44],[79,41],[0,-77],[-15,-57],[-50,-48],[60,-103],[40,35],[53,16],[33,62],[32,94],[54,37],[13,-42],[46,-56],[67,-11],[-27,-82],[13,-52],[-33,-56],[17,-49],[49,-22],[-10,-55],[-23,-19],[14,-80],[85,-62],[10,-54],[91,-26],[69,22],[28,-25],[54,41],[42,1],[-13,-70],[58,-48],[10,-30],[94,-33],[77,-8],[92,21],[82,74],[2,45],[32,21],[30,-120],[-52,-80],[-22,-102],[-19,-38],[-116,43],[-31,-20],[-55,-63],[-35,-22],[-11,-46],[12,-121],[34,-41],[22,-87],[-37,-45],[50,-37],[45,25],[15,31],[59,1],[60,-27],[102,-87],[41,4],[39,-45],[28,-80],[-15,-106],[47,-41],[-27,-23],[1,-50],[42,-31],[43,8],[7,-44],[34,-30],[-49,-22],[-46,26],[-39,-24],[-60,-126],[-25,-72],[-14,-159],[33,-30],[-36,-59],[7,-34],[57,17],[97,-19],[147,-96],[123,-67],[115,-87],[145,-100],[47,-125],[115,-145],[58,-45],[29,-67],[89,-114],[0,-42],[27,-87],[27,-169],[-22,-41],[45,-112],[21,-101],[85,-61],[56,-65],[88,-87],[25,-35],[114,-99],[59,-74],[80,-143],[57,-195],[41,-79],[80,-115],[33,-32],[48,-98],[50,-201],[6,-82],[-8,-87],[-26,-91],[21,-51],[34,-13],[84,-61],[85,-19],[53,22],[44,-58],[25,-10],[70,-84],[131,-40],[24,-81],[101,-178],[72,-35],[-11,-53],[19,-19],[89,-30],[47,-34],[2,-31],[48,-8],[45,-50],[-26,-81],[49,-38],[40,14],[32,-48],[-25,-106],[75,16],[39,-32],[17,-90],[46,-30],[-6,-78],[3,-123],[21,-29],[65,-38],[38,16],[57,-40],[58,-96],[17,-54],[-27,-53],[-13,-161],[44,-52],[-5,-47],[36,-76],[58,5],[31,33],[-1,52],[19,39],[-41,74],[54,62],[-45,112],[32,89],[36,24],[-34,113],[-78,58],[-39,41],[-4,73],[29,31],[-12,63],[6,60],[-8,98],[-15,49],[10,93],[-11,29],[-100,62],[-25,56],[43,25],[0,73],[42,62],[-19,71],[9,71],[63,137],[43,-9],[31,-64],[28,11],[65,138],[5,48],[-4,190],[11,56],[46,106],[44,151],[21,172],[3,169],[23,56],[26,151],[132,16],[36,74],[-39,67],[-85,115],[-64,65],[-94,72],[-40,53],[-39,79],[-11,53],[-69,130],[-23,63],[5,78],[-27,173],[-10,110],[-1,95],[48,30],[66,90],[22,53],[42,13],[73,1],[68,43],[81,27],[79,12],[74,-36],[42,-43],[10,-68],[1,-171],[49,10],[45,-16],[61,-44],[5,-100],[71,-6],[41,28],[50,85],[23,20],[175,-133],[120,-64],[53,-48],[34,-47],[35,-12],[38,-41],[40,-78],[7,-45],[41,-89],[21,-95],[31,-49],[44,-20],[50,-95],[22,-11],[47,-69],[62,-72],[40,-23],[140,-48],[30,-84],[136,-39],[25,-31],[12,-75],[55,-63],[123,-39],[84,0],[74,22],[115,53],[20,42],[-75,-1],[-72,15],[-37,-8],[-39,31],[-14,47],[3,68],[-129,81],[-15,58],[-145,121],[-53,27],[-53,68],[-48,42],[-7,67],[44,60],[-42,56],[-23,127],[-27,77],[-13,132],[-24,94],[-72,121],[-77,153],[-21,112],[107,34],[82,13],[10,39],[-137,30],[-14,19],[80,50],[109,162],[62,38],[87,75],[127,101],[80,77],[96,55],[62,48],[31,63],[26,18],[32,70],[107,15],[31,29],[12,47],[71,38],[88,30],[78,-7],[34,77],[27,32],[-17,84],[-61,45],[-2,50],[35,50],[-16,40],[-73,-36],[-14,-106],[32,-23],[9,-45],[-28,-50],[-64,3],[-64,-39],[-27,8],[-62,-22],[-53,-34],[-108,-1],[-52,-92],[-52,-29],[-76,-25],[-65,-53],[-59,-25],[-72,-3],[-77,-25],[-41,4],[-93,-84],[-61,-28],[-120,-14],[-68,31],[-137,127],[-83,120],[-20,58],[-6,175],[5,58],[-88,54],[-102,162],[-65,78],[-25,71],[-42,40],[-49,120],[18,56],[-17,70],[-63,8],[-37,19],[-90,-49],[-94,71],[-38,65],[-59,60],[-84,44],[-67,66],[-35,104],[-40,48],[-60,17],[-35,29],[11,35],[-29,30],[-51,15],[-36,-17],[-116,45],[5,31],[-68,21],[-75,-42],[-49,11],[-45,38],[-100,28],[-65,-13],[-57,29],[-17,-24],[-94,-7],[-128,45],[2,36],[47,4],[42,34],[-20,67],[52,43],[86,18],[121,-10],[112,41],[-2,24],[86,11],[-2,24],[-78,3],[-65,69],[41,48],[61,-19],[-14,49],[-29,13],[-5,77],[31,33],[65,-20],[39,-40],[29,8],[16,47],[55,41],[78,-4],[15,22],[-95,41],[1,31],[67,16],[49,-19],[79,0],[-11,39],[14,34],[-18,55],[-92,68],[-106,47],[-62,-9],[-28,-43],[2,-35],[-91,7],[-97,-6],[-82,13],[-113,5],[66,-71],[26,-62],[3,-55],[-121,1],[-62,34],[-13,-47],[-42,-70],[-7,-60],[-34,-18],[-37,68],[-46,28],[-15,67],[28,50],[-56,146],[-48,-15],[-109,48],[-88,91],[11,30],[57,28],[-21,40],[-68,15],[-62,-11],[-21,15],[-129,19],[-50,44],[15,28],[134,-38],[66,-5],[22,-20],[40,24],[138,-32],[100,-36],[57,15],[7,35],[36,46],[-55,76],[-42,8],[-18,32],[-119,37],[-67,69],[75,38],[94,-41],[27,-33],[78,-23],[19,-29],[94,-39],[60,-14],[120,-66],[-12,-27],[94,-18],[3,28],[104,-36],[77,-56],[109,-23],[26,-22],[33,34],[66,-32],[116,-16],[44,-16],[190,-30],[12,42],[-73,58],[-43,17],[-71,4],[-44,32],[-35,-3],[-60,36],[-28,-26],[-90,-10],[-23,26],[24,33],[-33,40],[122,39],[48,-22],[126,25],[100,-17],[7,-19],[176,5],[43,38],[-19,47],[-97,38],[24,38],[-65,7],[-68,47],[-116,24],[-86,77],[-55,18],[-23,28],[-44,-5],[-65,41],[-24,-6],[-102,27],[-44,-14],[-31,33],[-96,26],[-29,39],[-32,-9],[-64,22],[-152,35],[-20,49],[-98,59],[79,18],[71,-11],[108,-30],[55,-36],[128,-43],[46,-24],[170,-17],[10,28],[-53,31],[-72,10],[-109,53],[-5,58],[-48,33],[-152,26],[-16,24],[-72,15],[-8,59],[56,-3],[64,-62],[136,-28],[112,-7],[85,-25],[113,-15],[94,-22],[65,-44],[-35,-74],[49,-35],[41,-2],[65,-31],[65,54],[122,-41],[29,8],[55,-29],[129,-28],[67,29],[105,74],[28,49],[-121,-16],[-3,26],[55,21],[-2,46],[-46,19],[-121,26],[-108,81],[-44,22],[-72,67],[17,45],[-42,61],[-47,13],[23,42],[65,-26],[100,-5],[41,-24],[-56,-32],[5,-39],[31,-52],[59,-34],[75,2],[-73,89],[23,24],[116,-54],[71,8],[94,-4],[11,22],[99,-10],[5,13],[-98,56],[-44,39],[1,39],[72,-15],[-27,56],[-40,-8],[2,50],[-19,43],[-57,16],[-81,-1],[-30,37],[11,33],[-96,47],[-44,50],[-117,17],[-101,74],[-48,70],[-97,7],[2,-64],[42,-64],[40,-23],[-20,-51],[-62,18],[-19,-16],[-100,54],[-25,-54],[-171,95],[-70,31],[-11,27],[-118,123],[17,21],[-22,90],[27,17],[39,-19],[53,-56],[54,-10],[57,42],[48,78],[63,4],[4,30],[-52,50],[-87,5],[10,28],[123,-28],[49,-40],[74,-3],[-1,78],[-60,-22],[-43,5],[-106,63],[61,3],[57,44],[-42,28],[-41,-31],[-42,9],[-28,34],[2,35],[-101,47],[48,19],[86,5],[26,-47],[75,3],[33,23],[-38,32],[-53,0],[-31,28],[-77,21],[-44,-22],[-4,60],[13,105],[-92,63],[36,16],[38,-17],[21,33],[43,2],[14,39],[84,40],[55,-34],[80,42],[33,-7],[47,23],[66,-37],[75,-74],[49,11],[-61,46],[-7,51],[105,-57],[89,13],[50,50],[-11,40],[57,1],[37,32],[38,-15],[129,-16],[40,8],[10,-41],[-32,-20],[30,-41],[66,-37],[64,32],[-44,37],[23,26],[-44,26],[28,28],[37,-37],[42,-12],[75,20],[-30,41],[-29,3],[-26,101],[82,-37],[63,-79],[40,-10],[127,-55],[107,-76],[41,-79],[25,-8],[41,-49],[51,-92],[37,-21],[39,6],[23,-29],[54,-17],[40,-66],[-17,-23],[-59,2],[-33,28],[-45,-19],[-54,48],[-3,-87],[-75,37],[-41,40],[-10,-61],[88,-85],[49,4],[43,-51],[-1,-32],[35,-54],[-19,-99],[-47,-4],[-32,140],[-19,-123],[-59,73],[-50,-31],[-78,-23],[-38,12],[-100,4],[-23,-50],[76,-64],[110,-35],[22,-38],[88,-35],[2,-44],[36,-12],[3,69],[85,-90],[11,-56],[-38,-38],[57,-48],[20,78],[94,-77],[35,-12],[70,-53],[40,-12],[56,23],[14,41],[37,7],[111,-39],[59,-74],[-69,-12],[27,-56],[42,-28],[87,-35],[21,-43],[-77,-102],[78,-47],[-25,-43],[-28,-3],[-45,30],[-84,6],[-38,13],[-94,95],[-9,-26],[76,-95],[-24,-88],[24,-87],[-9,-68],[81,-159],[-21,-36],[59,-36],[94,-39],[-20,51],[8,82],[-44,87],[80,17],[49,-42],[59,32],[37,-87],[39,20],[-19,106],[-53,61],[-7,49],[61,6],[-30,54],[-11,72],[18,23],[1,59],[-82,80],[14,10],[97,-45],[-11,37],[-60,64],[79,2],[13,38],[-67,54],[-29,60],[-1,46],[-37,66],[-5,55],[51,11],[46,-47],[29,-142],[49,-60],[83,-52],[60,-50],[94,-51],[17,-19],[117,-59],[74,-53],[103,-50],[27,14],[42,-20],[23,42],[-16,119],[-34,85],[-101,112],[-55,16],[-44,43],[5,34],[-55,41],[-1,41],[-119,98],[40,46],[59,5],[60,60],[23,-15],[34,36],[93,-10],[217,-82],[-48,60],[-60,7],[-110,78],[-68,17],[-41,41],[-61,27],[9,31],[-49,48],[-19,38],[-46,-3],[-71,84],[-45,13],[-49,34],[-24,66],[10,42],[108,-35],[45,-32],[20,-49],[134,-56],[92,-45],[66,-82],[20,47],[59,-8],[42,-29],[8,-39],[78,33],[37,-39],[81,-1],[49,14],[91,-31],[72,-50],[16,-40],[68,11],[41,-54],[26,48],[43,14],[171,-11],[36,-21],[105,-30],[25,4],[124,-15],[19,-48],[32,3],[67,-47],[73,-27],[24,-26],[47,-4],[49,-46],[41,1],[81,-24],[-23,-25],[-10,-122],[71,-27],[86,-83],[-52,-78],[89,-84],[-24,-39],[64,-68],[10,-47],[-18,-20],[42,-41],[-13,-18],[82,-89],[8,-52],[57,-42],[60,-9],[81,56],[47,-6],[57,24],[97,-41],[46,10],[23,-21],[41,15],[56,-20],[1,-36],[45,-16],[32,29],[3,40],[64,4],[38,-29],[86,-1],[37,-69],[48,-24],[-25,-74],[-55,-15],[-19,-52],[-97,-55],[56,-79],[35,-16],[18,48],[208,28],[83,52],[5,23],[98,46],[116,-7],[44,-63],[-34,-32],[47,-43],[32,-60],[63,-70],[-30,-32],[6,-42],[-27,-69],[46,-56],[61,-20],[7,-39],[-29,-56],[-42,-54],[-86,-4],[-25,-44],[82,-26],[11,-33],[50,-19],[43,42],[49,9],[34,37],[-6,57],[43,35],[-9,52],[26,34],[-33,41],[7,35],[156,9],[99,-33],[48,21],[-5,26],[-71,45],[-43,6],[-61,43],[-83,26],[-34,-28],[-91,-13],[-98,114],[-46,28],[45,130],[-39,32],[5,60],[-11,95],[-96,76],[-87,5],[-72,-47],[-69,1],[-107,-32],[-46,2],[-12,35],[33,23],[-9,36],[40,37],[-13,39],[24,52],[2,49],[46,-9],[30,67],[32,9],[14,43],[75,80],[16,50],[58,36],[35,57],[50,5],[69,-56],[-5,-69],[13,-72],[31,-20],[61,4],[69,49],[23,-56],[37,-37],[-32,-23],[-16,-58],[47,-38],[54,-12],[90,54],[20,-62],[-5,-97],[106,16],[117,-7],[66,26],[22,-12],[84,42],[63,-50],[35,-9],[89,10],[80,-4],[36,-18],[156,23],[151,-43],[140,-12],[123,18],[104,51],[493,27],[130,4],[117,32],[71,-3],[145,57],[43,-4],[302,-133],[36,-8],[109,-95],[54,-37],[119,-48],[75,-2],[164,42],[45,-9],[146,8],[36,-4],[173,61],[58,-7],[32,32],[-24,78],[32,117],[39,19],[65,-7],[12,-22],[64,-11],[42,27],[-2,100],[-48,-51],[-146,9],[-62,-40],[-41,-81],[-19,-87],[-66,-37],[-45,-2],[-53,36],[-60,12],[-34,-8],[-27,-49],[-60,25],[-76,-2],[-67,-16],[-48,5],[-70,39],[-57,4],[-70,-20],[-35,-31],[-46,66],[-87,102],[-69,61],[-89,28],[-140,27],[-91,28],[-110,-4],[-64,25],[-80,125],[-163,84],[-82,-2],[-85,-40],[-141,37],[-79,7],[-72,35],[-124,31],[-179,3],[-109,41],[-107,7],[-182,-25],[-62,-15],[-137,-54],[-62,-8],[-33,-27],[-33,19],[-100,-59],[-108,-38],[-23,88],[-54,-21],[-51,49],[-88,-101],[-27,17],[-43,-39],[-43,18],[-66,-33],[-111,16],[-32,39],[-40,6],[0,122],[-82,33],[45,157],[-8,36],[28,37],[-64,69],[-25,80],[-43,38],[82,19],[12,72],[58,107],[-33,30],[7,46],[-170,103],[-30,-3],[26,72],[77,44],[9,47],[53,35],[-12,60],[-48,11],[-24,59],[91,16],[-26,91],[42,15],[82,-51],[71,-21],[28,13],[51,-42],[35,142],[21,22],[23,101],[39,76],[19,129],[-30,66],[22,48],[-44,26],[3,115],[-9,89],[34,30],[53,-52],[72,4],[-1,40],[98,-21],[29,-49],[13,-94],[-55,-21],[-22,-34],[-56,-8],[2,-39],[81,-17],[20,-48],[83,-47],[36,-96],[52,-76],[89,-80],[63,-122],[-18,-47],[66,-95],[19,64],[89,-23],[-86,100],[23,66],[61,53],[72,78],[29,68],[37,7],[78,123],[88,-40],[48,-10],[135,-3],[54,20],[74,45],[113,90],[25,33],[107,10],[-42,35],[-57,12],[-79,-38],[-4,74],[-35,-6],[-3,-70],[-39,-69],[-73,-51],[-84,-6],[-27,21],[-9,168],[2,59],[-21,129],[-2,111],[9,116],[-40,51],[7,46],[70,-4],[-34,49],[3,53],[-49,97],[41,67],[-5,38],[52,64],[41,2],[149,-55],[84,-13],[-68,91],[-77,32],[-79,14],[-2,53],[30,55],[-42,32],[2,49],[105,64],[3,55],[59,35],[26,40],[-41,35],[0,61],[-42,5],[-42,50],[19,50],[122,44],[48,30],[9,44],[42,14],[72,66],[14,44],[44,38],[30,2],[78,-47],[59,-80],[-1,-60],[22,-48],[56,-5],[-41,65],[0,78],[-16,33],[42,86],[62,32],[21,37],[54,-9],[107,51],[-70,145],[14,33],[82,13],[96,-56],[75,7],[-1,42],[-195,102],[35,47],[-59,6],[-48,41],[-28,54],[-94,-47],[-68,-1],[-31,20],[26,99],[30,28],[56,88],[-65,-13],[-107,-149],[-81,-45],[-185,-58],[-61,-70],[-118,-64],[-75,-76],[-26,-59],[-55,-65],[-31,-88],[-31,-29],[-22,-53],[-62,-42],[-31,-71],[-46,-71],[-6,-61],[-36,-84],[-47,-38],[-24,-83],[-42,-87],[-38,-44],[10,-57],[-61,-89],[-7,-45],[-60,-53],[-22,-57],[-33,11],[-2,-63],[-42,-41],[-13,-34],[-86,-74],[-21,7],[-15,75],[-24,49],[25,36],[-21,42],[34,188],[74,41],[39,71],[-63,-28],[-97,5],[-5,48],[-29,35],[-30,-55],[-8,-54],[-45,0],[-2,67],[31,30],[-14,50],[17,54],[-6,98],[-35,77],[70,12],[15,61],[-45,0],[-19,45],[21,41],[-21,34],[-50,8],[-4,29],[-53,-1],[9,75],[-38,-14],[-7,67],[16,107],[-22,127],[-35,-18],[4,-72],[-25,-63],[-52,-33],[3,-128],[-20,-19],[-5,-57],[-23,-61],[-54,1],[-21,22],[-16,71],[-39,48],[-45,-145],[5,-46],[-44,3],[-21,96],[0,52],[-18,158],[4,151],[15,8],[7,74],[-25,80],[-57,123],[10,27],[-26,35],[1,49],[29,48],[-42,37],[-34,63],[2,123],[89,41],[20,31],[85,-50],[-4,47],[-39,75],[-26,-10],[-45,-81],[-42,-9],[-5,89],[26,14],[7,70],[-43,80],[-8,75],[-28,54],[-33,11],[-31,-40],[-53,-20],[-44,18],[-13,45],[111,34],[67,-36],[54,-1],[-4,-48],[39,-50],[31,-6],[48,35],[9,75],[-12,38],[22,90],[-27,100],[23,34],[31,-33],[0,-62],[36,-66],[-11,-29],[50,-29],[40,14],[86,-43],[15,14],[-13,89],[33,40],[-45,10],[2,35],[-30,34],[-28,-5],[21,87],[-25,31],[5,89],[77,51],[-22,13],[-78,-14],[-1,66],[-22,49],[-36,-11],[-74,-97],[-51,-27],[45,-64],[-74,8],[-9,31],[50,88],[23,78],[55,65],[35,16],[39,52],[-7,103],[-37,62],[-54,26],[71,67],[29,-29],[48,-18],[36,32],[3,33],[37,74],[69,-13],[40,-46],[31,65],[-4,53],[-22,35],[28,56],[93,59],[86,32],[45,-34],[47,-76],[35,-13],[14,65],[-38,-11],[-36,82],[-25,22],[6,50],[-79,-33],[-44,-51],[-67,-54],[-92,-35],[-41,32],[-46,10],[48,65],[69,46],[54,21],[72,62],[66,19],[47,-16],[70,15],[45,-39],[28,43],[-6,30],[71,19],[69,-88],[49,-46],[141,-24],[32,-64],[-1,-34],[98,28],[114,-18],[-21,-55],[2,-56],[71,-37],[19,-24],[51,10],[-7,64],[53,65],[79,-27],[38,31],[73,-144],[23,-17],[10,126],[33,52],[-89,3],[-8,19],[32,70],[-42,42],[22,30],[-5,42],[28,23],[-58,60],[73,14],[-25,26],[5,39],[40,50],[35,5],[-20,67],[51,35],[44,68],[70,-64],[-65,-78],[21,-44],[-55,-50],[33,-58],[68,-53],[37,-60],[63,11],[37,-36],[70,7],[40,78],[22,93],[-46,-29],[-81,68],[8,97],[-30,89],[29,62],[89,27],[-14,53],[-62,36],[16,36],[55,67],[70,3],[47,48],[101,12],[41,43],[35,10],[46,96],[4,28],[-35,59],[-107,-55],[-55,18],[28,108],[-55,-25],[-27,-63],[-49,-19],[-58,15],[-43,-38],[-94,6],[-17,37],[1,53],[38,5],[-24,53],[-31,25],[44,29],[57,10],[19,57],[46,-40],[56,2],[33,-27],[69,67],[50,27],[-2,44],[-74,19],[-42,31],[-1,30],[43,43],[-51,27],[-65,-23],[-86,16],[57,59],[-9,48],[-41,33],[28,24],[-29,53],[39,51],[-24,48],[38,10],[27,-39],[-33,-29],[56,-67],[37,-27],[74,-27],[54,26],[-36,77],[-3,61],[26,27],[32,-41],[52,5],[32,-26],[58,-77],[62,-5],[16,-27],[91,-64],[22,8],[48,-40],[7,-39],[39,-4],[18,-63],[39,5],[-15,-74],[-25,-32],[-27,-82],[-93,-69],[-68,-30],[-22,-48],[54,7],[15,-33],[47,-17],[10,49],[38,86],[104,77],[91,98],[-31,82],[48,48],[72,-25],[50,-65],[43,-8],[96,-83],[15,-61],[47,8],[35,-14],[34,20],[-67,39],[-7,42],[39,41],[40,16],[52,50],[46,-27],[-92,-65],[-5,-43],[60,-51],[30,-42],[9,-60],[-66,-33],[72,-102],[35,23],[147,-6],[-37,39],[36,32],[50,-41],[122,-70],[65,-2],[44,-30],[64,-84],[60,-26],[34,30],[35,-24],[-19,-51],[40,-17],[20,-91],[37,-2],[-5,80],[34,12],[53,-19],[21,-44],[-15,-56],[18,-42],[60,-11],[28,-81],[36,-31],[36,22],[-6,44],[35,4],[-3,-57],[35,-36],[54,-15],[79,-104],[31,-12],[-10,-56],[-40,-84],[-33,-33],[-77,-45],[-62,-11],[-126,-69],[104,12],[43,17],[46,-3],[-79,-83],[145,77],[32,-26],[-1,-77],[-29,-101],[50,42],[14,-39],[46,39],[-58,27],[5,65],[32,79],[97,41],[34,-26],[35,-69],[6,-62],[-26,-111],[-97,-171],[15,-92],[26,12],[-17,86],[45,34],[30,52],[49,-37],[32,24],[-27,66],[7,37],[57,54],[117,-13],[-80,76],[-9,41],[22,55],[62,63],[74,52],[93,18],[70,-29],[51,-2],[111,-74],[35,-4],[80,-46],[119,-108],[41,-14],[46,-44],[-18,-60],[77,-44],[84,-30],[12,-24],[96,-84],[49,10],[60,-40],[86,-38],[77,-64],[66,-101],[26,-27],[149,-73],[120,-51],[11,-24],[83,-38],[128,-87],[64,-17],[43,-37],[5,-27],[137,-98],[176,-99],[1,19],[-93,44],[-192,129],[-19,58],[-36,16],[-94,79],[-42,52],[-46,-8],[-86,65],[-40,-11],[-82,61],[-130,139],[-91,10],[-75,95],[-54,23],[-81,67],[-13,56],[-109,51],[-26,-7],[-69,47],[-37,47],[-94,52],[-65,103],[-70,21],[-108,106],[-49,4],[-63,33],[-143,114],[-104,54],[-5,42],[29,40],[48,100],[33,95],[27,164],[-21,30],[47,59],[-13,47],[20,75],[42,42],[93,65],[54,27],[65,16],[111,1],[24,49],[33,18],[127,31],[-15,58],[-55,-60],[-48,3],[-54,-31],[-51,-11],[-75,8],[-252,-93],[-18,24],[18,48],[45,71],[56,131],[-13,97],[37,49],[-22,42],[-43,-11],[-137,176],[36,-83],[71,-96],[11,-60],[-33,-124],[-47,-56],[-86,-31],[-108,12],[-81,93],[-91,5],[-29,45],[40,77],[-76,-37],[-40,-76],[-110,-54],[-25,-24],[-67,-11],[-50,-55],[-87,-14],[-20,-56],[-46,-18],[-51,5],[-35,-44],[-52,0],[-43,-43],[-57,1],[-55,-53],[-58,14],[-85,-78],[-67,27],[1,30],[-42,14],[-68,56],[-12,50],[41,-3],[37,43],[-29,32],[-88,-29],[-67,85],[83,75],[-40,4],[-39,-30],[-32,0],[-26,37],[24,93],[52,28],[13,75],[47,55],[93,54],[-27,43],[23,33],[66,-6],[-14,-43],[87,14],[-20,49],[3,83],[77,68],[-18,36],[49,33],[44,6],[35,-31],[82,34],[88,85],[35,4],[20,-38],[53,-15],[22,-39],[87,-73],[20,-30],[80,-33],[7,52],[-23,42],[23,49],[80,13],[72,45],[27,58],[8,69],[21,35],[41,-19],[65,49],[12,38],[-41,28],[1,29],[136,4],[-66,85],[-29,14],[-17,43],[-49,-41],[-65,3],[-17,-41],[-62,-2],[-24,19],[27,76],[-74,-16],[-19,-41],[38,-85],[-60,-46],[-19,-50],[-83,-73],[-76,11],[-17,29],[42,118],[34,13],[-1,34],[-105,17],[-64,35],[16,-78],[-7,-65],[-43,-11],[-22,-42],[-1,-60],[39,-27],[26,-44],[-129,12],[-62,33],[-33,53],[-24,-22],[33,-98],[-2,-25],[-65,-49],[-28,2],[-49,-45],[-48,19],[-21,-44],[-63,-25],[-39,-46],[45,-9],[-24,-59],[-75,-19],[-68,-65],[-51,-15],[-62,34],[99,128],[-4,35],[-117,-59],[-38,7],[-8,36],[17,115],[54,49],[34,-4],[15,50],[-44,27],[-62,7],[-24,75],[50,2],[100,89],[41,22],[32,45],[-56,12],[-103,-48],[-26,1],[-116,-41],[-6,21],[41,44],[-7,40],[-56,-48],[-116,-33],[28,48],[-5,39],[38,44],[-21,41],[40,46],[41,-28],[28,70],[63,23],[44,-12],[-11,112],[25,31],[83,3],[94,88],[92,-17],[40,39],[-1,31],[92,-57],[75,10],[16,-52],[53,-35],[137,10],[44,34],[36,-97],[60,-26],[36,13],[22,53],[26,22],[7,54],[83,52],[19,50],[41,-15],[56,56],[54,-15],[61,-102],[34,0],[20,32],[-12,49],[44,22],[5,72],[80,96],[-15,37],[-107,32],[-19,20],[48,109],[-77,-15],[-43,53],[5,54],[58,32],[-16,34],[-42,-14],[-26,-40],[-27,25],[21,45],[53,55],[4,35],[-39,38],[4,69],[18,57],[26,28],[-22,33],[-46,-8],[-37,46],[61,17],[10,-38],[63,5],[1,-49],[49,-25],[45,79],[54,-13],[29,-47],[62,71],[70,8],[50,48],[40,-62],[34,-10],[36,23],[36,-46],[-70,-25],[-18,-107],[-140,-146],[-39,-29],[4,-63],[89,-43],[69,42],[31,-30],[-52,-58],[17,-66],[-40,-71],[169,-15],[36,30],[-23,68],[68,94],[-10,64],[92,-31],[77,-37],[52,-72],[8,-33],[-60,-13],[-32,-119],[7,-136],[83,-46],[44,-36],[2,-115],[49,-128],[28,3],[38,-53],[43,-21],[-8,-35],[44,-21],[67,54],[9,68],[35,50],[83,-26],[23,35],[51,34],[118,38],[48,70],[55,40],[99,16],[24,-33],[88,30],[66,-11],[53,26],[-13,-95],[47,-8],[25,35],[4,51],[51,38],[20,-24],[48,-2],[-20,-93],[-57,-122],[-6,-38],[24,-74],[68,5],[36,-22],[47,-3],[41,26],[14,-47],[54,-43],[69,16],[42,-51],[46,-28],[31,17],[-49,96],[26,19],[88,-1],[29,-37],[100,-24],[66,26],[0,39],[27,18],[60,-2],[114,-61],[117,-50],[75,9],[35,26],[50,1],[87,32],[38,-10],[103,5],[90,-24],[52,-27],[20,10],[16,114],[-16,26],[-78,8],[-53,-6],[-43,12],[-39,33],[-83,5],[-83,-8],[-150,3],[-32,-20],[-106,9],[-27,19],[-4,45],[-129,46],[-4,25],[-101,67],[59,1],[20,-34],[114,102],[97,56],[13,33],[-33,29],[20,62],[-28,19],[-52,-9],[-107,4],[-51,-21],[-23,62],[12,37],[32,13],[21,49],[58,-39],[12,42],[146,70],[33,-41],[36,8],[64,105],[86,61],[51,25],[120,31],[27,35],[14,59],[42,45],[35,8],[20,-36],[58,-3],[-50,58],[-58,14],[-23,-28],[-82,-11],[-47,-106],[-73,-20],[-42,-27],[-73,-12],[-20,63],[-28,10],[-7,103],[-34,0],[8,-94],[16,-60],[-21,-49],[-41,-29],[-94,-25],[-50,-3],[-35,24],[9,31],[-28,88],[-30,18],[-33,113],[-39,6],[-22,-75],[-84,-24],[-26,52],[-100,3],[24,64],[-37,47],[-63,-54],[2,-47],[-46,0],[-24,-42],[-70,16],[-50,57],[-13,-51],[-59,54],[-49,-18],[-41,28],[6,57],[-38,31],[-8,33],[47,32],[90,-18],[25,24],[-6,42],[54,51],[-95,-1],[-32,-32],[-90,46],[-48,3],[-63,-80],[18,-44],[-78,-26],[-17,20],[-24,90],[39,57],[14,83],[-114,18],[-33,-40],[9,-50],[-17,-43],[-78,-57],[-41,-12],[-73,9],[1,58],[-40,105],[39,28],[31,-6],[49,24],[-3,68],[-34,30],[100,16],[-3,56],[66,-26],[2,44],[39,27],[28,-38],[-7,-33],[40,-13],[13,133],[51,65],[44,-94],[-36,-90],[71,-28],[14,-35],[47,0],[46,20],[92,-18],[33,34],[57,17],[-1,55],[-49,15],[-44,56],[69,56],[35,-27],[74,79],[-9,42],[56,29],[-14,38],[-131,-15],[5,91],[-40,-3],[-34,-26],[-36,16],[-1,58],[-27,65],[-79,-83],[-9,31],[-59,17],[-44,-43],[-42,80],[-62,-68],[0,-64],[-114,34],[-10,46],[47,81],[23,64],[-99,-64],[-42,7],[-35,-60],[20,-45],[-29,-37],[-61,55],[-37,-10],[23,85],[-41,56],[-44,4],[-14,53],[-84,-9],[-32,86],[19,29],[69,-33],[-8,78],[-22,99],[64,62],[45,-6],[-11,52],[-86,-7],[-32,49],[-54,-35],[3,57],[-53,5],[-37,-59],[-39,36],[16,29],[-84,87],[-54,-46],[-40,70],[8,26],[-33,80],[73,74],[46,60],[123,-23],[45,10],[22,-18],[33,-72],[25,8],[-17,126],[-51,87],[18,89],[36,19],[65,-19],[32,21],[46,0],[3,-34],[48,-76],[46,103],[-3,63],[-52,40],[-6,51],[20,25],[12,99],[31,-35],[35,14],[49,68],[48,16],[48,-40],[3,-53],[39,-28],[24,-60],[81,-61],[53,29],[-67,83],[14,49],[-9,53],[30,59],[42,7],[72,-33],[25,52],[155,2],[28,-12],[48,39],[-7,23],[-51,29],[-15,36],[-77,72],[-50,-14],[-33,-64],[-79,9],[-62,40],[-40,74],[-61,25],[1,35],[42,15],[56,-17],[17,28],[-54,40],[-12,49],[30,53],[55,29],[74,-2],[32,22],[29,63],[39,1],[50,28],[27,-9],[-2,76],[42,62],[30,-63],[47,-57],[51,4],[55,-66],[9,55],[-7,98],[80,46],[37,-40],[60,-2],[-27,80],[38,68],[-53,22],[-8,64],[30,24],[-27,45],[65,62],[108,-9],[-18,-39],[1,-52],[-37,-42],[18,-37],[-17,-41],[26,-41],[-13,-48],[81,-53],[-8,-67],[-52,-29],[-41,-72],[58,-23],[57,38],[63,62],[102,-7],[87,41],[-29,42],[-4,74],[29,47],[55,16],[50,-42],[-33,-42],[72,-157],[-2,-37],[23,-34],[-18,-60],[-57,-53],[84,2],[112,-104],[-2,-56],[-86,-72],[-8,-42],[30,-42],[77,96],[75,20],[9,34],[-24,33],[-49,113],[-29,20],[37,33],[109,-32],[1,73],[-36,58],[17,41],[104,12],[55,106],[-49,22],[8,46],[-24,33],[29,59],[-5,63],[90,11],[15,-80],[32,-30],[6,-49],[41,-42],[20,20],[-28,48],[28,12],[1,55],[-23,35],[-8,80],[50,66],[-4,32],[107,-18],[35,23],[49,88],[44,-18],[-8,-39],[37,-33],[39,-71],[31,69],[76,19],[79,-21],[21,-18],[-23,-121],[-68,4],[-41,-65],[47,-35],[-15,-40],[-81,-13],[-35,6],[-21,-47],[52,-23],[133,11],[55,-50],[46,38],[71,1],[146,-16],[-149,63],[-20,17],[8,84],[44,36],[-11,23],[49,44],[44,-21],[37,-55],[24,57],[39,51],[-18,31],[53,18],[-26,70],[-4,53],[-88,-67],[-28,20],[46,32],[20,43],[31,10],[-7,44],[12,62],[-21,19],[-31,103],[55,116],[-25,48],[27,42],[-5,29],[67,23],[13,79],[37,12],[32,40],[10,74],[-30,22],[-3,53],[33,32],[-22,33],[-61,-39],[-19,51],[-44,53],[-68,14],[-46,39],[-5,93],[52,29],[-7,41],[50,34],[2,51],[-69,39],[-80,127],[20,40],[-13,40],[44,24],[42,96],[-16,31],[39,18],[25,48],[-12,46],[-53,43],[-32,3],[-24,37],[-41,-9],[5,58],[39,-15],[47,61],[36,8],[9,-40],[78,-67],[10,83],[-41,97],[74,-45],[70,66],[73,6],[31,-19],[-7,-45],[69,-42],[5,-51],[31,-50],[22,3],[25,74],[71,-102],[33,-27],[18,-62],[0,-83],[55,-29],[72,16],[121,-47],[-5,-26],[45,-49],[51,17],[69,107],[-17,58],[110,-15],[-70,-55],[2,-69],[20,-92],[-61,-10],[-29,-34],[-8,-81],[-44,-14],[-12,-38],[101,34],[1,-38],[35,-20],[-5,-51],[-45,14],[-67,-17],[-37,-31],[-63,52],[-185,78],[-51,-43],[16,-41],[49,-25],[11,-115],[-46,-57],[1,-99],[-26,-21],[-84,12],[-28,-45],[10,-55],[72,-40],[23,-50],[-27,-47],[44,-22],[32,-36],[-6,-27],[-55,3],[-32,-87],[3,-52],[104,-66],[33,-4],[5,-119],[40,-30],[15,-51],[-7,-92],[41,-34],[-9,-110],[-42,-73],[-29,-223],[-48,-137],[-30,-55],[-27,-84],[-38,-51],[-11,-52],[-55,-46],[18,-42],[-28,-85],[13,-92],[-37,-70],[-10,-44],[37,-34],[40,126],[66,109],[14,53],[24,24],[18,108],[46,73],[-3,36],[31,46],[3,65],[81,171],[-2,47],[78,122],[16,92],[-14,27],[46,48],[-4,82],[60,56],[125,37],[48,-8],[36,-57],[52,7],[34,29],[44,4],[12,37],[71,27],[48,-57],[24,53],[36,37],[28,-18],[78,28],[-14,35],[17,47],[39,31],[-11,53],[60,3],[52,-18],[28,-38],[-52,-48],[-59,-110],[-3,-42],[35,-19],[35,9],[43,38],[71,28],[38,34],[35,2],[81,33],[56,36],[12,-67],[42,-58],[-2,-35],[-93,4],[-83,-35],[-62,6],[-40,-37],[-40,-95],[35,-39],[80,-58],[-6,-33],[33,-65],[50,-55],[45,-7],[16,-31],[-41,-39],[-54,-4],[-53,14],[-24,-34],[25,-39],[117,-53],[25,-23],[3,-54],[-29,-17],[-67,12],[-49,-63],[-6,-76],[53,6],[28,-52],[47,6],[10,-76],[-8,-49],[78,-52],[65,56],[88,-1],[27,-40],[23,-93],[25,-23],[56,30],[65,-68],[62,-174],[-7,-48],[46,1],[13,91],[44,64],[58,-39],[7,-42],[57,34],[1,35],[-47,66],[30,89],[3,38],[-30,89],[-78,96],[-9,65],[-66,46],[-57,21],[-19,45],[18,40],[37,17],[23,62],[70,12],[-1,47],[-32,26],[27,27],[61,19],[20,30],[70,-15],[46,13],[40,52],[49,-24],[31,60],[83,-8],[19,-59],[-22,-71],[16,-42],[82,32],[9,-42],[82,-67],[58,8],[49,51],[-25,40],[76,60],[-56,45],[78,69],[31,-1],[29,-54],[148,-79],[66,61],[-33,42],[16,29],[-38,28],[-10,94],[60,-15],[21,35],[-61,55],[6,165],[-27,-23],[-32,27],[-63,12],[-5,56],[-49,56],[25,32],[-21,42],[1,47],[-21,47],[18,19],[-55,67],[-9,46],[-125,15],[-33,-22],[-73,-23],[-20,18],[13,46],[-54,104],[84,-8],[71,21],[36,-29],[69,37],[-19,59],[52,6],[8,48],[57,25],[14,-30],[154,170],[53,9],[65,-32],[21,19],[47,-20],[78,76],[62,11],[9,29],[-103,15],[-23,29],[14,42],[-30,11],[34,54],[68,-26],[40,4],[12,73],[-45,30],[6,51],[-14,51],[-80,51],[6,43],[-34,30],[-29,56],[-8,65],[-57,120],[8,55],[92,8],[23,45],[38,30],[66,0],[102,-16],[80,37],[49,1],[31,-19],[68,32],[51,53],[32,62],[-29,48],[45,25],[30,-29],[37,35],[28,117],[22,31],[-10,46],[28,30],[-51,52],[-9,29],[-60,62],[65,24],[53,36],[54,1],[40,28],[-79,17],[-45,44],[-15,39],[3,74],[-49,4],[-29,27],[-68,25],[-16,22],[4,58],[-44,82],[-43,35],[-56,74],[-100,60],[-106,-87],[-55,33],[-35,46],[-57,-8],[-41,27],[-49,-38],[-51,-20],[-61,-66],[-73,-43],[-93,29],[-102,77],[-45,90],[-87,10],[-19,51],[20,40],[-10,47],[-74,25],[-51,56],[40,57],[-8,31],[21,90],[-22,39],[5,36],[-42,16],[-18,50],[46,45],[38,17],[38,-114],[45,-33],[49,-92],[110,-33],[4,-36],[-39,-26],[-26,-108],[-5,-51],[30,-21],[3,-64],[40,-6],[-7,64],[-19,16],[46,81],[48,7],[43,73],[-25,28],[28,68],[-2,49],[84,-72],[-42,-45],[1,-56],[45,3],[38,61],[40,-8],[45,34],[-3,57],[-86,63],[16,27],[-69,61],[-78,-13],[-51,32],[15,42],[89,24],[46,36],[57,-17],[53,8],[85,-27],[19,-119],[17,-25],[10,-108],[23,-68],[-24,-51],[29,-36],[66,52],[44,-16],[50,-52],[54,-15],[8,68],[-20,37],[-77,41],[-12,31],[23,44],[29,14],[-45,55],[53,69],[-81,83],[65,25],[36,29],[29,-10],[35,40],[-36,31],[-52,-13],[-34,-34],[-71,-8],[-25,59],[-54,74],[-32,-14],[-123,64],[-63,23],[48,38],[-85,43],[-32,-11],[-37,38],[3,40],[-28,17],[-44,-8],[-16,-52],[-45,35],[-26,50],[106,23],[34,28],[71,-3],[-15,-37],[120,-125],[84,1],[-2,34],[50,35],[-22,56],[50,20],[10,48],[80,59],[0,35],[66,79],[69,-39],[-24,-35],[-52,-28],[-4,-50],[-29,-45],[88,-42],[-6,-34],[-81,-50],[-25,-36],[30,-17],[103,73],[18,59],[104,-11],[-32,-51],[36,-23],[61,-12],[47,-38],[28,23],[16,81],[-8,93],[35,-11],[66,13],[36,-34],[75,-10],[-40,-93],[-26,-19],[-67,-80],[-39,10],[-89,-75],[-18,-48],[58,9],[21,29],[39,-5],[57,-46],[60,12],[24,-31],[-106,-80],[-81,-74],[-3,-30],[-51,-65],[-48,-23],[-20,-44],[-56,-12],[-35,-50],[9,-80],[84,55],[-2,36],[64,21],[85,73],[65,35],[41,63],[66,18],[24,34],[43,-2],[61,37],[-3,30],[64,34],[20,26],[54,-12],[99,2],[64,22],[34,-102],[38,-33],[-20,-28],[-57,17],[-42,37],[-107,1],[-52,-52],[-50,9],[-39,-13],[-102,-78],[-46,5],[-56,-93],[-47,-28],[21,-38],[48,-6],[57,47],[51,21],[141,-19],[11,40],[91,10],[30,-49],[37,-31],[50,5],[56,-12],[8,-46],[29,-37],[-60,-111],[-89,-32],[-88,-8],[-51,16],[-44,-54],[-77,-41],[-117,-18],[-72,-51],[46,-31],[30,21],[59,9],[93,-14],[89,9],[-105,-90],[-31,2],[-32,-51],[-28,-118],[-7,-85],[31,14],[22,58],[26,25],[22,58],[163,103],[78,17],[38,-12],[18,-37],[-38,-10],[-28,-52],[27,-36],[4,-43],[63,-14],[25,-62],[-48,-73],[-85,8],[-50,-26],[-41,-45],[-41,9],[-63,-15],[56,-46],[36,-9],[132,4],[-24,-56],[-42,-15],[-78,-128],[33,-69],[33,-36],[6,-38],[49,23],[73,-16],[153,34],[40,23],[31,-45],[-43,-29],[9,-24],[71,8],[-5,-35],[-49,-54],[9,-51],[49,-31],[-28,-35],[-43,45],[-47,14],[-18,-65],[-44,-65],[-19,-90],[68,2],[42,68],[37,4],[57,-25],[36,-40],[3,-37],[35,-9],[104,129],[35,-11],[-46,-87],[35,-22],[38,40],[-6,29],[38,46],[82,-50],[59,-21],[52,77],[-3,84],[87,75],[17,-36],[49,-7],[35,57],[72,43],[45,12],[50,-18],[43,10],[14,28],[-38,27],[-73,101],[-20,-3],[-45,57],[-48,25],[-28,-9],[-42,67],[12,44],[-20,41],[-59,-1],[-6,-68],[-53,-23],[-35,103],[-28,19],[69,63],[-9,53],[66,39],[14,56],[-28,75],[22,32],[61,6],[93,-13],[47,21],[40,-3],[4,72],[27,23],[-35,42],[-5,146],[-68,40],[-7,27],[58,36],[107,-23],[71,4],[62,21],[24,-25],[82,9],[32,-32],[59,15],[-25,40],[-29,5],[-19,43],[58,117],[13,59],[95,8],[31,22],[73,-4],[43,51],[-1,60],[33,58],[57,51],[44,-11],[12,-35],[-19,-57],[42,-42],[82,-35],[49,5],[20,38],[66,46],[24,-29],[59,26],[55,82],[21,55],[-13,95],[8,51],[69,-60],[43,2],[44,24],[91,88],[40,77],[44,50],[16,-56],[91,-58],[164,67],[26,-68],[-54,-21],[-29,-29],[-79,-5],[-44,-35],[-53,-6],[-53,-55],[-59,-109],[-31,-39],[-65,-51],[-32,-49],[-2,-32],[-33,-29],[-96,21],[-31,-13],[-32,-48],[-1,-31],[37,-43],[-33,-31],[78,-133],[-108,-11],[-37,-55],[-147,-140],[-48,-29],[-1,-145],[11,-28],[116,-48],[81,30],[7,32],[86,-10],[61,61],[99,41],[37,84],[66,-56],[13,-59],[-36,-36],[-84,16],[-33,-46],[-65,-16],[-21,-83],[23,-82],[-5,-65],[31,-40],[56,-11],[-2,-34],[58,-45],[29,-54],[51,-12],[57,28],[27,39],[97,4],[45,-34],[41,79],[69,7],[37,-62],[4,-51],[-45,-26],[-46,-72],[27,-60],[-26,-47],[23,-62],[32,-50],[-18,-115],[-26,-44],[83,-91],[29,-11],[46,19],[68,-9],[65,-54],[29,23],[-14,83],[8,43],[-9,64],[55,74],[-7,83],[-20,57],[95,1],[39,-52],[52,-29],[76,18],[41,23],[2,71],[47,18],[-6,63],[11,54],[-8,69],[-30,89],[40,72],[38,24],[29,54],[-3,42],[-43,28],[-2,93],[-38,28],[4,65],[-47,34],[3,22],[53,32],[57,-41],[41,-3],[11,-52],[122,-125],[54,-3],[21,-42],[-28,-89],[19,-101],[37,-16],[39,24],[49,8],[37,67],[66,3],[20,46],[-11,56],[-34,46],[-36,13],[28,48],[52,32],[31,-32],[57,32],[7,74],[25,22],[11,78],[-30,19],[61,51],[33,3],[12,38],[61,21],[8,61],[-36,29],[-27,52],[19,75],[-6,34],[-58,1],[-18,23],[-66,-52],[-32,-52],[-44,-4],[-87,19],[-72,27],[-46,85],[12,35],[-23,46],[45,47],[40,68],[-14,65],[54,21],[33,-46],[69,-133],[35,-7],[65,37],[37,-26],[37,6],[70,55],[-45,81],[23,47],[42,-24],[46,13],[49,-14],[11,-41],[37,3],[57,29],[43,49],[81,-18],[8,-26],[66,-37],[-62,-48],[91,-22],[64,46],[77,39],[61,53],[76,-8],[84,10],[96,-37],[22,-40],[64,-3],[17,-26],[-8,-60],[28,-20],[92,25],[82,57],[-12,28],[-65,63],[-33,12],[-72,61],[-70,75],[-127,71],[-4,29],[-90,37],[-44,-11],[-5,75],[-105,-7],[-84,16],[-85,-9],[37,84],[-36,44],[3,62],[-27,24],[-3,57],[-29,66],[-69,71],[-39,13],[-31,44],[-59,48],[-40,83],[-4,70],[-32,36],[-38,76],[-7,45],[22,32],[1,59],[-23,29],[-58,15],[-57,82],[14,29],[94,20],[51,33],[24,-46],[110,44],[78,-63],[22,35],[-9,48],[17,23],[56,-13],[67,44],[83,18],[7,-71],[89,-61],[4,-72],[-44,-100],[41,-2],[33,-41],[55,-17],[-1,99],[29,43],[80,14],[52,-29],[54,-2],[20,41],[-87,61],[-80,97],[-19,105],[42,29],[54,-3],[27,-35],[43,16],[-3,51],[43,30],[54,0],[34,-39],[32,-1],[62,-40],[-5,-51],[71,5],[117,-27],[35,-44],[53,39],[59,13],[24,21],[-44,58],[-97,5],[-26,25],[-8,68],[89,28],[99,-12],[25,-23],[52,-12],[26,45],[48,-2],[5,-40],[85,-65],[72,12],[-43,-67],[47,-27],[15,-79],[-2,-51],[72,-62],[25,114],[60,-87],[10,-42],[44,-13],[13,59],[39,-30],[-10,-39],[62,-17],[38,-40],[-43,-24],[-51,25],[-27,-80],[-37,-8],[-30,-43],[59,-30],[92,40],[25,-10],[2,-58],[63,-16],[17,76],[-1,52],[73,0],[28,-77],[-14,-43],[-37,-30],[-27,-90],[38,-46],[69,21],[38,69],[78,30],[86,-34],[-10,-77],[8,-34],[-44,-52],[-64,4],[-19,-47],[91,-22],[-34,-30],[4,-94],[-53,-29],[-25,-107],[25,-3],[25,61],[128,32],[35,36],[103,23],[22,-44],[-17,-64],[-35,-45],[59,-33],[-7,-30],[-39,-11],[2,-31],[-57,-71],[32,-25],[50,41],[58,-70],[-34,-68],[126,-50],[-29,-50],[-42,-41],[27,-68],[44,-13],[11,29],[101,-44],[8,-32],[58,-6],[-14,70],[15,25],[45,-18],[15,26],[-40,74],[55,49],[5,77],[27,60],[155,45],[-38,53],[-61,8],[30,58],[65,4],[67,21],[49,-42],[20,-78],[-31,-43],[-9,-56],[-33,-24],[33,-92],[8,-67],[30,1],[24,56],[31,-2],[3,-51],[24,-34],[38,145],[58,-7],[58,16],[40,55],[4,108],[18,16],[33,99],[35,41],[36,-28],[94,4],[46,26],[35,-27],[42,-67],[70,-34],[4,-114],[49,1],[66,-89],[39,-19],[27,-52],[70,-46],[51,-11],[49,11],[58,-26],[69,32],[40,83],[-30,73],[-89,19],[-58,56],[6,51],[-16,40],[112,28],[19,29],[50,23],[55,4],[46,-24],[13,-66],[30,-31],[39,-10],[22,-43],[42,-18],[-5,-54],[55,14],[84,-24],[54,-75],[42,-21],[-1,-28],[45,-44],[15,63],[42,14],[22,65],[54,0],[-15,-73],[7,-38],[-21,-66],[42,-6],[60,-40],[41,-3],[-3,-44],[30,-33],[65,13],[9,-60],[61,-48],[14,-79],[-49,-67],[-46,-21],[-49,-61],[47,-27],[38,-52],[-33,-44],[-47,-101],[62,-66],[58,23],[104,-45],[12,-70],[-8,-39],[59,-6],[35,120],[43,11],[34,-46],[77,-37],[84,33],[18,-38],[-35,-44],[-69,-33],[61,-60],[8,40],[51,-11],[29,31],[51,0],[29,-20],[-18,-88],[-56,-75],[-50,-36],[13,-47],[79,45],[34,37],[56,35],[34,-46],[44,13],[13,32],[81,-70],[-8,-70],[20,-27],[82,-13],[89,-103],[58,-34],[54,18],[73,6],[38,-19],[22,-74],[57,-60],[119,-42],[44,-28],[-16,-54],[68,-41],[40,4],[77,-58],[-18,-100],[-19,-24],[25,-44],[72,-28],[47,37],[15,-53],[52,-97],[1,-42],[-20,-53],[37,-29],[40,4],[94,-65],[43,-43],[27,-52],[12,-70],[52,6],[82,-41],[4,-45],[82,-69],[75,-26],[31,-24],[-1,-41],[26,-61],[49,-66],[59,-58],[14,-59],[-22,-42],[-73,-18],[-58,-64],[-26,-56],[53,3],[37,68],[94,36],[31,-21],[-22,-33],[30,-97],[7,-136],[42,15],[25,-36],[57,56],[28,3],[-1,-61],[43,-67],[43,28],[43,-6],[43,-46],[-23,-205],[-36,-31],[-12,-52],[38,-75],[43,-25],[25,14],[43,-58],[19,-81],[71,-104],[38,-23],[112,79],[49,2],[41,39],[31,-46],[-4,-25],[33,-80],[106,-96],[31,8],[88,-40],[52,2],[16,46],[35,-13],[45,-48],[9,-32],[59,-69],[46,-15],[-92,-70],[-10,-79],[-22,-33],[-18,-68],[69,-80],[63,5],[51,-41],[-32,-45],[17,-62],[80,-33],[71,30],[41,40],[63,12],[39,41],[-17,91],[43,48],[55,-106],[45,6],[55,-21],[25,10],[38,-48],[58,-18],[46,-33],[156,-162],[58,-88],[68,-34],[32,-79],[-40,-28],[-9,-94],[47,-37],[109,43],[5,53],[79,-74],[45,-13],[62,-58],[62,10],[96,-55],[49,-94],[-46,-82],[127,26],[42,-31],[-16,-38],[46,-91],[37,-26],[183,-50],[61,12],[42,49],[132,-34],[41,-35],[22,-50],[-13,-31],[-43,-16],[-5,-37],[25,-55],[65,-32],[-30,-54],[-47,-24],[-120,131],[-56,-5],[-77,-46],[-3,-90],[-31,-84],[-29,-114],[-6,-61],[10,-66],[45,-109],[94,-117],[5,-53],[-21,-17],[-116,-11],[-55,-20],[-100,5],[-111,-37],[-67,-61],[-95,-35],[-37,-26],[35,-74],[64,9],[64,-7],[-67,-140],[-55,-99],[-48,-155],[-78,-188],[11,-58],[27,-30],[13,-51],[-12,-63],[5,-153],[-47,-40],[-6,-37],[-55,-71],[-15,-146],[28,-42],[-52,-47],[-3,-47],[37,-35],[-2,-33],[32,-50],[-65,-22],[-20,-24],[-1,-47],[-36,-22],[-58,-62],[-28,-53],[-12,-93],[21,-83],[39,-74],[-14,-95],[32,-116],[109,-86],[2,-45],[-20,-68],[-38,-64],[13,-125],[-19,-75],[-73,-81],[-6,-33],[54,-53],[-31,-47],[38,-49],[-50,-36],[7,-54],[55,-46],[-11,-32],[29,-58],[-90,-56],[-65,-88],[-94,-24],[-27,14],[-76,77],[-44,17],[-16,-40],[54,-27],[48,-69],[101,-53],[-11,-88],[25,-102],[36,-62],[72,-89],[41,-72],[24,-83],[-2,-101],[-48,-189],[-47,-144],[-83,-144],[-84,-161],[-60,-69],[-90,-27],[-48,-53],[-76,-15],[-64,-40],[-52,-58],[-86,-42],[88,-9],[88,98],[106,22],[174,1],[53,15],[61,37],[62,61],[87,54],[58,55],[35,56],[21,105],[102,159],[35,95],[14,140],[21,66],[13,102],[-1,111],[-12,71],[39,164],[7,122],[-6,171],[-23,100],[-72,143],[-22,26],[-95,58],[-6,45],[99,37],[16,28],[-21,51],[-13,149],[56,28],[-7,45],[36,84],[42,32],[27,-14],[40,-56],[69,-53],[155,-65],[111,-81],[100,-93],[106,-152],[62,-74],[186,-167],[26,-51],[128,-99],[32,-51],[-20,-58],[43,-34],[15,-40],[113,-93],[32,-59],[-30,-117],[23,-91],[4,-134],[9,-44],[38,-94],[27,-102],[38,-46],[8,-56],[-47,-102],[0,-49],[32,-69],[67,-84],[12,12],[74,-77],[61,-33],[-7,-61],[53,-71],[56,-16],[60,52],[-27,18],[-54,-32],[-23,20],[-6,70],[-52,70],[-47,15],[-50,79],[-64,36],[-24,56],[14,134],[22,64],[16,93],[20,38],[-19,29],[-58,25],[-18,43],[-22,192],[-1,112],[38,75],[17,72],[-2,79],[13,94],[-83,183],[-96,132],[-81,73],[-195,131],[-29,33],[-80,186],[-52,86],[-21,63],[3,101],[19,74],[8,118],[-15,56],[-13,153],[5,56],[-36,73],[-52,68],[-97,80],[-28,39],[15,120],[23,79],[38,92],[37,63],[68,152],[40,73],[36,119],[27,38],[89,46],[50,7],[129,79],[74,2],[60,42],[72,22],[15,-25],[104,-104],[91,-180],[24,-77],[57,-106],[35,28],[-54,139],[-76,163],[-63,87],[-91,96],[-22,40],[37,236],[74,34],[38,38],[31,5],[56,-43],[23,-90],[-4,-119],[26,-117],[75,-172],[41,-81],[21,-94],[48,-133],[47,-64],[2,-56],[42,-108],[88,40],[-25,19],[-53,138],[-32,164],[-10,103],[5,81],[-12,28],[120,-39],[110,-84],[77,-103],[86,-97],[22,14],[-149,224],[-32,39],[-135,83],[-148,108],[-24,49],[20,117],[31,47],[-5,121],[9,144],[-11,115],[16,72],[47,5],[51,-36],[113,-159],[39,-85],[60,-61],[32,-51],[72,-65],[82,-41],[19,-37],[9,-68],[28,-73],[41,-66],[54,-51],[84,-101],[57,49],[-49,74],[-92,88],[-41,139],[-29,69],[-56,89],[-52,164],[18,76],[-72,143],[-42,33],[2,31],[89,-6],[54,-29],[34,-42],[120,-202],[81,-95],[79,-110],[78,-88],[21,-36],[76,-64],[127,-81],[24,-41],[6,-78],[53,-51],[-8,-68],[27,-61],[52,0],[-36,55],[27,68],[-20,66],[-60,125],[-164,128],[-96,122],[-36,75],[-3,40],[57,110],[-71,123],[-10,49],[-58,53],[-71,101],[-76,87],[-16,43],[-91,84],[-84,59],[-170,88],[-31,5],[-57,-26],[-30,16],[-5,47],[70,47],[37,44],[64,-1],[126,55],[103,-48],[6,-44],[50,-9],[137,63],[88,20],[8,55],[49,20],[17,29],[46,-11],[32,-29],[71,28],[84,47],[54,2],[68,-24],[35,-36],[61,25],[-16,56],[99,61],[42,-1],[63,-69],[59,-11],[97,-85],[90,-30],[46,-43],[79,-19],[53,9],[49,26],[61,-32],[35,38],[-45,43],[-61,36],[110,10],[62,-9],[118,-48],[65,-8],[145,2],[124,-32],[7,-19],[112,-72],[97,-48],[47,-43],[14,-53],[79,-66],[72,6],[54,18],[41,-18],[67,10],[23,-13],[151,-39],[72,-10],[25,-26],[119,-26],[33,-27],[98,-28],[167,-7],[39,-13],[92,27],[178,16],[127,-3],[53,-46],[111,-16],[26,-46],[70,3],[44,-25],[76,-7],[37,29],[41,-59],[62,11],[132,-6],[74,-15]],[[166866,65441],[-85,-3],[-66,12],[8,42],[61,10],[83,-9],[44,-23],[-45,-29]],[[128936,142038],[-6,-55],[-50,-17],[-38,-51],[2,-107],[-29,-87],[22,-57],[-19,-85],[2,-62],[-44,-57],[2,-86],[-12,-70],[-50,-32],[-15,167],[-35,95],[3,48],[26,71],[39,47],[16,69],[62,115],[26,141],[0,71],[14,45],[-6,80],[9,145],[16,60],[-7,100],[-23,61],[-2,79],[-23,66],[-2,86],[26,16],[-5,52],[81,133],[9,84],[66,76],[39,22],[16,48],[3,159],[16,0],[9,-100],[33,-50],[-28,-43],[5,-43],[-35,-57],[39,-120],[48,-101],[-70,-118],[6,-75],[-24,-100],[-51,-65],[7,-33],[-12,-110],[19,-18],[-20,-111],[-39,-52],[-25,-82],[9,-92]],[[137380,162820],[-24,-143],[-60,-17],[-17,25],[39,68],[62,67]],[[137502,163050],[-24,10],[10,54],[44,-44],[-30,-20]],[[139101,163224],[-77,24],[33,28],[44,-52]],[[129119,144173],[-13,27],[13,110],[-5,114],[20,121],[77,171],[-4,38],[22,61],[2,134],[33,89],[52,64],[25,106],[50,18],[-3,-82],[43,-66],[-18,-160],[14,-70],[-21,-32],[-29,-118],[2,-27],[-57,-87],[-44,-154],[-65,-83],[5,-61],[28,-74],[-8,-158],[13,-65],[-14,-33],[21,-38],[50,-16],[-2,-52],[-128,-132],[-2,-42],[-48,-58],[14,-40],[-19,-41],[-57,-48],[16,99],[-1,68],[24,45],[-2,119],[51,171],[-35,182]],[[133197,144140],[-30,-20],[-13,78],[-19,39],[-66,62],[8,31],[46,16],[94,-7],[-2,-70],[-30,-32],[12,-97]],[[133201,144204],[-10,26],[36,34],[54,-64],[-59,-15],[-21,19]],[[140024,166179],[-23,60],[43,85],[34,25],[66,-31],[72,0],[56,-25],[42,-44],[-16,-32],[13,-40],[-14,-49],[34,-44],[26,-123],[-68,-71],[7,-53],[-33,-7],[-38,68],[-118,133],[-34,76],[-49,72]],[[140556,166293],[-36,109],[31,28],[46,1],[52,-60],[-11,-35],[-82,-43]],[[140318,165841],[-11,45],[45,44],[28,-67],[-62,-22]],[[139686,164417],[-48,0],[-27,56],[63,-13],[12,-43]],[[140117,165584],[-30,-103],[-25,43],[55,60]],[[139910,165130],[-45,15],[20,41],[34,-1],[-9,-55]],[[147326,169929],[-46,43],[79,63],[40,66],[46,26],[52,3],[35,26],[77,20],[9,-30],[-22,-50],[-83,-19],[-28,-56],[1,-34],[-68,-77],[-92,19]],[[143760,170418],[-31,18],[61,48],[88,17],[111,1],[149,-42],[13,-27],[-64,-41],[-54,13],[-63,-4],[-210,17]],[[138460,168507],[-11,59],[41,41],[62,99],[118,90],[30,41],[74,61],[36,2],[11,-49],[-39,-33],[-80,-20],[-18,-33],[-65,-68],[-26,-55],[-133,-135]],[[138880,168971],[2,32],[144,151],[90,20],[29,-30],[-32,-48],[-101,-78],[-47,-54],[-85,7]],[[147728,169993],[-23,55],[48,-6],[14,33],[106,-25],[14,-19],[-45,-71],[5,-102],[-85,37],[-34,98]],[[145636,169375],[78,97],[-5,28],[49,62],[8,34],[43,27],[85,6],[19,-48],[-93,-44],[-23,-55],[-99,-112],[-62,5]],[[141448,169125],[37,37],[-3,44],[-156,150],[-6,70],[57,-48],[88,-56],[25,-109],[34,-34],[-44,-49],[-32,-5]],[[146931,170544],[12,-28],[-34,-77],[-56,-40],[-33,29],[28,53],[27,4],[56,59]],[[146769,170224],[-35,30],[17,84],[35,-22],[30,-77],[-47,-15]],[[147222,170009],[-8,39],[101,55],[26,-18],[-68,-55],[-51,-21]],[[142040,169908],[45,60],[21,-12],[1,-62],[-67,14]],[[128219,139400],[-54,-147],[6,-59],[39,-63],[-20,-46],[24,-64],[44,-51],[3,-68],[51,-71],[44,-134],[38,-53],[34,-21],[-3,-115],[38,-36],[4,-116],[38,-115],[19,-29],[-1,-55],[18,-51],[8,-73],[31,-81],[103,-110],[-56,-52],[3,-48],[31,-21],[-3,-35],[24,-46],[46,-167],[55,-57],[7,-29],[100,-71],[-2,-53],[24,-108],[51,-59],[7,-62],[41,-46],[18,-50],[-40,-151],[0,-74],[17,-28],[73,-67],[58,-18],[25,23],[71,-50],[53,-11],[47,18],[23,-19],[-27,-62],[-33,5],[-80,-51],[25,-50],[-64,-43],[-55,-63],[14,-88],[36,-64],[-9,-119],[17,-38],[23,-112],[46,16],[69,-12],[36,29],[8,65],[-42,48],[-19,49],[10,77],[42,9],[85,-50],[3,-38],[-26,-69],[17,-32],[11,-110],[75,-54],[58,-59],[59,-9],[20,-42],[77,-13],[-20,-78],[25,-34],[-17,-49],[43,-85],[44,-30],[53,17],[-8,-74],[26,-48],[-18,-43],[33,-34],[60,-117],[-20,-37],[59,-64],[-4,-78],[-65,-29],[19,-49],[52,-43],[-11,-47],[-46,11],[-45,-18],[0,-87],[41,-50],[-77,-81],[-3,-44],[-42,-12],[-9,81],[-23,104],[-124,92],[-53,25],[-55,6],[-30,52],[-42,140],[-50,102],[-72,225],[-45,55],[-27,58],[-84,114],[-44,36],[-127,145],[-22,38],[-91,94],[-77,67],[-98,103],[-128,112],[-74,91],[-31,13],[-17,57],[-43,64],[-7,32],[-72,131],[-24,69],[-4,53],[-25,64],[-11,70],[-61,89],[-120,131],[-58,96],[-78,99],[-17,41],[-55,54],[-52,117],[77,41],[26,110],[-5,71],[-58,84],[-26,148],[-87,110],[-19,87],[-38,53],[-14,62],[-48,112],[-4,44],[-43,85],[-60,36],[2,27],[-34,126],[-5,62],[-18,35],[8,78],[-19,84],[22,60],[2,52],[24,14],[12,58],[-10,71],[18,61],[-12,141],[50,42],[43,82],[52,32],[13,39],[66,60],[55,87],[66,25],[94,-95],[22,-33],[64,-19],[91,-4],[114,20],[14,-29],[-67,-78],[-10,-39]],[[135382,136781],[-16,84],[27,-2],[0,-90],[14,-141],[11,-40],[-5,-78],[-18,-28],[-87,-4],[-131,45],[-89,41],[-44,64],[-129,84],[16,26],[64,-28],[-51,98],[-57,75],[-2,200],[-21,23],[32,41],[69,1],[72,70],[56,5],[94,-53],[95,-71],[42,-8],[35,-150],[-14,-51],[18,-85],[19,-28]],[[133553,116713],[-10,104],[16,16],[-29,88],[60,22],[42,33],[39,-7],[39,-86],[-13,-55],[-64,-17],[7,-44],[-13,-67],[-74,13]],[[133818,116997],[-30,89],[34,39],[95,0],[45,-64],[-57,-45],[-87,-19]],[[132784,118093],[-2,47],[31,37],[48,-14],[34,-59],[-29,-52],[-27,0],[-55,41]],[[134158,131542],[-25,67],[48,18],[42,-17],[39,-79],[-47,-28],[-57,39]],[[135081,135390],[19,45],[-10,37],[-171,118],[80,-15],[28,-47],[60,-42],[21,-60],[-27,-36]],[[135069,135277],[-14,-69],[14,-26],[-40,-30],[-18,59],[58,66]],[[136284,138371],[-57,47],[34,19],[23,-66]],[[146500,175417],[45,68],[76,57],[14,41],[52,34],[16,53],[37,21],[4,66],[58,81],[55,12],[64,35],[50,47],[68,94],[34,83],[69,90],[69,46],[27,73],[52,85],[25,6],[41,67],[47,32],[41,-4],[109,-52],[50,-11],[50,-42],[-32,-63],[-33,-5],[11,-57],[35,-39],[-29,-30],[11,-34],[44,-36],[-5,-40],[22,-36],[35,-9],[18,-61],[-38,-32],[-6,-35],[32,-19],[-30,-101],[34,-42],[-53,-27],[-9,-50],[23,-21],[-104,-131],[-45,-107],[-43,-126],[6,-39],[-65,-27],[-62,-5],[-55,-38],[-26,-49],[-14,-76],[27,-26],[-17,-45],[-34,-26],[-43,8],[-108,-95],[-8,-51],[-176,-41],[-30,25],[10,53],[-22,52],[-94,50],[-103,13],[-88,-19],[-54,-80],[59,19],[-31,-89],[-67,-32],[3,66],[-37,69],[-71,40],[-7,63],[9,100],[33,104],[68,129],[6,66]],[[158396,177791],[14,38],[52,52],[58,147],[34,20],[55,116],[97,74],[142,55],[16,-55],[-50,-35],[-30,-96],[-39,-19],[-35,16],[-18,-57],[34,-34],[37,24],[-6,-121],[-73,-56],[44,-47],[126,97],[24,-18],[-90,-201],[-25,-5],[-46,-48],[-39,13],[-18,38],[-68,-17],[-99,-44],[-28,23],[-136,-8],[60,112],[7,36]],[[156225,176974],[33,-10],[53,24],[1,-49],[-60,-84],[-51,11],[-79,-15],[-73,34],[-51,-34],[-149,-7],[-84,47],[-50,-22],[-64,50],[-38,-26],[-44,1],[-26,34],[12,59],[55,20],[44,42],[-9,40],[87,10],[29,-8],[66,28],[31,-18],[37,36],[41,4],[15,-41],[-21,-42],[20,-34],[46,-20],[89,14],[36,98],[61,51],[-19,36],[81,49],[14,-62],[-32,-32],[43,-36],[34,40],[51,32],[94,-7],[49,12],[10,-62],[-90,-22],[1,-66],[-53,51],[-67,13],[-46,-56],[13,-34],[-40,-49]],[[156595,176330],[-22,-37],[2,-63],[90,70],[8,57],[43,7],[59,-13],[71,20],[21,43],[69,23],[66,-57],[-11,-33],[-76,-104],[-138,-114],[-69,-24],[-81,-81],[-111,-29],[-70,-5],[-9,42],[71,61],[-24,72],[-64,9],[30,125],[124,47],[21,-16]],[[156712,177061],[17,82],[38,4],[33,41],[66,40],[49,59],[35,-4],[27,32],[31,-33],[62,27],[16,61],[52,17],[38,43],[38,-16],[3,-68],[-38,23],[-44,-37],[37,-35],[-30,-33],[-117,-80],[-45,-46],[-19,-75],[-48,-101],[-74,-43],[-95,29],[-8,-18],[-75,-18],[-39,5],[26,67],[-49,19],[44,35],[69,23]],[[159169,178461],[-40,26],[-70,7],[-65,36],[-148,47],[-35,36],[-233,102],[-58,81],[-40,10],[-23,85],[57,20],[91,-98],[155,-88],[63,-22],[61,-55],[248,-136],[187,-73],[44,-40],[-130,0],[-64,62]],[[165420,176681],[-6,123],[28,114],[33,33],[50,-20],[55,-53],[12,-65],[90,-13],[-29,-71],[17,-18],[-52,-94],[-28,-19],[-103,25],[-67,58]],[[156701,178118],[-23,-16],[-11,-49],[17,-36],[89,-42],[-37,-41],[-44,15],[-22,-99],[-156,-85],[-44,76],[-40,8],[-51,40],[53,14],[67,49],[6,32],[63,87],[54,37],[79,10]],[[148080,177858],[-43,43],[23,104],[21,17],[6,77],[-22,19],[1,56],[89,53],[-33,67],[25,36],[43,-46],[-4,-75],[25,-31],[57,-30],[-47,-75],[-6,89],[-46,14],[-4,-37],[-51,-6],[29,-42],[-20,-40],[-5,-68],[14,-30],[-36,-65],[72,-7],[-15,-35],[-51,-52],[-31,-9],[9,73]],[[157081,177058],[18,-17],[112,-3],[21,-24],[-33,-62],[10,-16],[-34,-62],[-25,-79],[-18,-9],[-70,52],[-110,-68],[-49,20],[50,40],[-6,25],[32,49],[27,120],[75,34]],[[158099,177690],[-10,28],[67,50],[-25,25],[53,91],[54,27],[12,71],[43,-7],[60,50],[61,17],[-56,-148],[-71,-77],[5,-42],[-46,-55],[-55,-87],[-35,-1],[-57,58]],[[158294,178178],[52,12],[15,68],[77,78],[46,25],[29,-26],[-35,-44],[21,-26],[-22,-50],[-56,-62],[-1,-36],[-60,-63],[-118,-68],[-54,-5],[2,56],[35,65],[-2,27],[71,49]],[[148373,178602],[-66,39],[-17,47],[19,22],[87,-10],[24,-80],[42,-48],[101,-23],[6,-34],[-29,-46],[11,-88],[-52,29],[-25,37],[-3,78],[-57,34],[-41,43]],[[160329,176813],[-67,-92],[-78,-9],[-39,40],[51,51],[103,51],[84,25],[114,2],[-58,-62],[-85,11],[-25,-17]],[[160380,178222],[-3,91],[46,-2],[-2,-58],[30,-41],[7,-60],[-26,-62],[-49,-46],[-22,34],[-11,74],[30,70]],[[146523,174548],[-10,135],[-19,63],[60,-3],[32,-25],[29,-53],[-44,-101],[-26,-35],[-24,-71],[-52,-37],[54,127]],[[150937,174333],[25,87],[46,32],[79,-25],[-11,-33],[16,-88],[-114,34],[-41,-7]],[[171685,179143],[-25,19],[26,49],[100,30],[64,0],[-53,-95],[-40,-19],[-72,16]],[[158340,178357],[29,41],[48,27],[47,6],[-1,-59],[-81,-44],[-28,-52],[-37,-13],[23,94]],[[157213,176549],[-23,44],[48,39],[112,30],[25,-35],[-48,-28],[-47,-61],[-30,-12],[-37,23]],[[157214,177630],[23,51],[-7,37],[65,-9],[51,17],[-45,-86],[-60,-46],[-27,36]],[[146535,174150],[7,28],[-57,133],[45,7],[87,-130],[-82,-38]],[[166485,177475],[64,82],[132,95],[-4,-53],[-74,-79],[-38,3],[-80,-48]],[[153112,174448],[18,-83],[-52,-19],[-39,56],[-5,39],[45,33],[33,-26]],[[155326,176556],[-18,31],[123,17],[17,-96],[-45,5],[-30,31],[-47,12]],[[159535,178328],[13,-81],[-85,61],[35,29],[37,-9]],[[148165,178483],[31,48],[25,-39],[-92,-44],[-55,-12],[-17,46],[28,22],[37,-48],[43,27]],[[157094,177597],[-32,49],[92,7],[31,-21],[-79,-60],[-12,25]],[[156907,177356],[38,45],[64,-44],[-33,-28],[-27,39],[-42,-12]],[[148455,176651],[103,-33],[-17,-26],[-86,59]],[[153798,175384],[-21,48],[34,33],[34,-81],[-47,0]],[[153265,174284],[-22,21],[11,61],[36,3],[-25,-85]],[[150711,173858],[10,-68],[-32,7],[-23,55],[45,6]],[[165925,177088],[-43,41],[42,17],[50,-36],[-49,-22]],[[174812,182422],[-40,38],[37,16],[39,-40],[-36,-14]],[[148238,89852],[16,-33],[65,-32],[49,-1],[-50,-75],[-154,-18],[-1,-38],[-43,-55],[-50,29],[-19,55],[-78,24],[-64,-17],[-25,-27],[-61,-6],[-67,30],[-53,-10],[-26,-41],[-77,-4],[-32,-24],[-51,29],[55,49],[161,15],[62,43],[18,53],[48,40],[60,18],[82,46],[80,-32],[144,27],[11,-45]],[[149258,88307],[-37,51],[-18,94],[-21,32],[11,61],[-10,65],[56,7],[57,-77],[20,-51],[-19,-84],[59,-108],[11,-70],[51,-81],[44,-24],[-25,-44],[-42,-32],[0,-29],[57,-61],[-50,-28],[-58,11],[-29,141],[-52,122],[-5,105]],[[171366,67373],[-34,61],[-54,-2],[-19,52],[-96,53],[16,22],[143,27],[78,-51],[75,-23],[82,-51],[-5,-28],[-54,-36],[-18,-59],[-114,35]],[[201253,73479],[14,62],[-6,50],[-58,53],[2,33],[123,-43],[10,-47],[78,-9],[-43,-48],[25,-58],[3,-57],[-55,-17],[1,-76],[-23,-48],[-87,21],[-10,60],[23,9],[15,61],[-12,54]],[[205987,74591],[38,38],[44,13],[57,-22],[3,-38],[-34,-20],[-103,-14],[-63,-29],[-34,-39],[-41,28],[123,57],[10,26]],[[196208,74237],[0,55],[43,-4],[-9,85],[27,31],[65,6],[-9,-35],[-49,-55],[31,-77],[-53,-36],[-46,30]],[[199447,74334],[-35,-73],[-56,-23],[13,-31],[-79,-26],[-15,37],[-40,9],[72,53],[140,54]],[[199403,74743],[21,59],[-22,43],[67,9],[19,-23],[71,-14],[-65,-64],[-91,-10]],[[196752,74492],[10,59],[69,2],[85,-84],[-26,-31],[-74,52],[-64,2]],[[199004,74131],[35,33],[115,3],[12,-41],[-56,-26],[-24,27],[-42,-19],[-40,23]],[[200467,74253],[-9,49],[59,-6],[52,-24],[-17,-46],[-85,27]],[[199797,73429],[-18,-29],[-61,33],[43,26],[36,-30]],[[199303,74038],[40,-30],[-74,-25],[-80,42],[58,21],[56,-8]],[[205703,74404],[-5,63],[74,28],[30,-34],[-99,-57]],[[197712,75075],[-2,58],[59,2],[-18,-87],[-39,27]],[[199304,74568],[-33,25],[45,46],[80,-18],[-24,-26],[-68,-27]],[[198365,75077],[5,48],[85,-10],[-18,-37],[-72,-1]],[[155760,66599],[58,61],[33,-25],[-8,-41],[-37,-17],[-46,22]],[[199165,73605],[53,35],[30,-31],[-41,-39],[-42,35]],[[199308,75095],[-21,44],[48,15],[40,-28],[-67,-31]],[[206995,73876],[5,56],[56,3],[-8,-45],[-53,-14]],[[134358,114943],[-33,-28],[-30,59],[49,4],[14,-35]],[[199267,70894],[35,43],[29,-56],[-64,13]],[[200147,74017],[61,36],[9,-58],[-70,22]],[[196837,74576],[-4,43],[58,12],[-6,-47],[-48,-8]],[[194264,75535],[-36,-55],[-30,20],[66,35]],[[211580,202371],[-14,72],[1,202],[-14,52],[18,51],[32,18],[56,-65],[-2,-84],[17,-96],[1,-66],[-35,-94],[-40,-30],[-20,40]],[[210641,202069],[-107,9],[-64,42],[-28,47],[3,66],[23,22],[47,-58],[85,-79],[41,-49]],[[210850,201947],[-34,37],[-17,57],[51,22],[47,-40],[14,-83],[-61,7]],[[211497,202007],[-28,29],[-16,53],[36,72],[39,-70],[2,-29],[-33,-55]],[[211278,201476],[-23,27],[-97,65],[36,12],[51,-23],[52,-73],[-19,-8]],[[211405,201871],[-33,94],[45,2],[42,-67],[-9,-53],[-45,24]],[[211613,202112],[-30,89],[48,50],[28,-38],[-5,-62],[-41,-39]],[[210671,202243],[-40,22],[-41,50],[19,50],[65,-80],[-3,-42]],[[211572,202244],[-27,45],[21,31],[39,-19],[11,-39],[-44,-18]],[[212643,204216],[-28,28],[-66,31],[9,67],[48,31],[48,9],[42,-73],[-2,-57],[-51,-36]],[[214471,205430],[82,71],[4,-54],[-86,-17]],[[212874,206373],[-18,40],[53,2],[9,-43],[-44,1]],[[208916,73617],[-26,62],[-50,-65],[-27,8],[5,59],[-96,4],[-81,-47],[-104,26],[78,86],[2,40],[49,31],[57,-45],[37,25],[60,12],[67,-16],[66,23],[51,1],[-64,-100],[35,-30],[9,-46],[-32,-39],[-36,11]],[[211560,71714],[43,5],[-3,72],[52,12],[37,44],[60,-48],[-29,-45],[-126,-75],[1,-27],[-51,-37],[-48,29],[21,43],[43,27]],[[216368,75701],[-49,-84],[2,-59],[-36,-20],[-47,22],[54,74],[-53,56],[28,43],[101,-32]],[[209209,74298],[2,25],[115,39],[3,-34],[-48,-7],[-25,-39],[-47,16]],[[208784,73903],[-43,-62],[-36,57],[79,5]],[[214305,73679],[-11,51],[53,-6],[-42,-45]],[[210168,207730],[-6,37],[-34,34],[17,33],[-49,80],[-5,47],[-37,34],[-4,84],[59,53],[27,-47],[-21,-25],[67,-76],[2,-33],[63,-46],[-6,-26],[48,-26],[1,-28],[98,-84],[-23,-61],[18,-59],[-65,-29],[-13,23],[-73,61],[-26,52],[-38,2]],[[211052,207377],[-107,56],[39,27],[72,25],[64,-10],[43,14],[70,-62],[78,21],[42,42],[13,35],[43,29],[70,-22],[2,-48],[-20,-62],[-86,-80],[-12,-32],[-71,-14],[-36,23],[-71,2],[-93,32],[-40,24]],[[210020,208943],[32,49],[42,-15],[43,-46],[-17,-23],[22,-48],[-53,-21],[-16,-45],[-37,26],[-33,68],[34,19],[-17,36]],[[211391,207703],[3,56],[49,1],[44,-91],[63,-1],[-72,-56],[-30,-48],[-32,31],[-39,67],[14,41]],[[208091,208938],[33,15],[55,-31],[6,-22],[92,-35],[-114,-17],[-48,3],[-39,30],[-22,54],[37,3]],[[210357,208169],[-58,72],[55,44],[90,-12],[-7,-49],[20,-71],[-100,16]],[[212118,208973],[2,51],[49,-7],[84,-33],[-13,-33],[-38,-30],[-84,52]],[[210877,208128],[-61,19],[-114,21],[36,38],[47,0],[83,-40],[9,-38]],[[211103,209038],[30,23],[113,-35],[-10,-27],[-54,25],[-79,14]],[[211086,207523],[-2,47],[74,18],[-4,-41],[-68,-24]],[[210915,210413],[-45,45],[-45,-4],[15,79],[48,10],[39,48],[72,-18],[38,4],[114,-96],[-54,-9],[64,-64],[7,-50],[86,-40],[34,12],[129,-42],[56,-29],[-36,-25],[-118,41],[-98,5],[-39,-26],[-2,-39],[42,-33],[76,-32],[-52,-69],[1,-38],[-44,-25],[-74,55],[20,32],[-24,56],[-35,37],[-24,101],[23,31],[-52,55],[-93,7],[-29,21]],[[208888,209218],[28,-2],[40,-36],[-9,-53],[-38,-37],[-13,-58],[-40,-16],[-4,-41],[-37,2],[-11,-35],[11,-48],[-53,-8],[-34,25],[-45,0],[-67,27],[-10,23],[39,44],[59,44],[2,42],[-19,45],[-69,68],[32,33],[122,5],[92,-41],[24,17]],[[214482,210076],[-9,64],[-54,-22],[-8,74],[-18,40],[-119,40],[-126,63],[-43,39],[24,18],[34,-35],[60,-30],[78,-12],[4,60],[131,-90],[96,-88],[47,-14],[28,-38],[84,-37],[42,-29],[-57,-40],[-59,1],[-135,36]],[[217120,209325],[3,-72],[57,46],[38,-19],[20,-67],[-15,-59],[-27,-31],[-48,-15],[-43,11],[-129,165],[-10,51],[13,38],[-44,78],[-8,39],[56,52],[50,-56],[-45,-30],[132,-131]],[[213763,210135],[-17,27],[-53,23],[-9,87],[-27,49],[42,8],[56,46],[25,-24],[65,17],[-41,53],[22,22],[67,-14],[-6,-53],[18,-72],[-25,-33],[-51,20],[14,-57],[-50,-84],[-30,-15]],[[216036,210226],[-12,30],[-44,21],[26,54],[52,45],[85,18],[66,-29],[63,1],[1,-39],[85,-40],[-11,-15],[-102,1],[-36,-14],[-48,24],[-53,-50],[-72,-7]],[[219702,209546],[-12,31],[73,7],[254,0],[145,-16],[70,-17],[1,-35],[-217,16],[-127,-7],[-105,4],[-82,17]],[[220840,209283],[-179,29],[-71,61],[94,-10],[38,7],[98,74],[47,-21],[46,-119],[-73,-21]],[[214239,210003],[-42,29],[-59,70],[-61,121],[48,-5],[56,-39],[47,-5],[74,-101],[5,-52],[-68,-18]],[[210055,209550],[28,-95],[-54,-15],[-17,34],[-62,-21],[-25,67],[-9,91],[62,30],[30,-28],[48,-14],[-1,-49]],[[209050,209088],[-51,-41],[18,-37],[-117,-59],[-34,19],[56,69],[18,68],[34,27],[36,56],[44,-27],[-4,-75]],[[211539,210181],[34,24],[62,-42],[-21,-60],[-134,11],[8,-39],[-46,-3],[-32,37],[-24,55],[-42,11],[12,34],[73,-38],[70,15],[40,-5]],[[214235,210674],[-24,7],[-30,76],[76,-15],[32,12],[-1,-69],[33,-95],[-18,-21],[-84,-45],[-24,10],[-14,76],[51,26],[3,38]],[[212216,209495],[-84,65],[-41,15],[-31,50],[2,72],[39,-12],[84,-78],[23,-39],[53,-10],[-2,-76],[-43,13]],[[220685,209408],[-63,17],[-87,48],[126,53],[32,-1],[81,-58],[-89,-59]],[[218722,209311],[-69,30],[23,33],[117,36],[45,32],[28,-22],[-58,-82],[-86,-27]],[[212505,209557],[-65,-20],[-84,63],[-71,15],[43,38],[94,-23],[41,-26],[42,-47]],[[212314,209059],[0,20],[-70,31],[13,32],[40,-14],[18,-33],[95,-48],[98,-32],[-85,-15],[-23,27],[-86,32]],[[210760,210069],[-29,50],[32,75],[84,-15],[46,-21],[-59,-61],[-74,-28]],[[211741,210398],[-80,66],[4,26],[104,-58],[71,-50],[24,-43],[-104,12],[-19,47]],[[213952,210583],[-25,-27],[-42,22],[-13,35],[18,92],[53,44],[8,-62],[-17,-21],[18,-83]],[[213206,210160],[-31,45],[79,12],[87,-42],[-2,-51],[-59,-5],[-74,41]],[[208244,209033],[1,40],[45,82],[60,-7],[-70,-76],[18,-55],[-54,16]],[[208497,208964],[33,120],[34,28],[56,-13],[-42,-87],[-81,-48]],[[214216,209862],[-29,22],[2,37],[-54,50],[44,19],[58,-54],[-32,-19],[11,-55]],[[215727,210339],[20,28],[65,-32],[46,-56],[-61,-36],[-54,53],[-16,43]],[[214831,209539],[-80,38],[-130,94],[-11,38],[106,-59],[61,-53],[50,-24],[4,-34]],[[211681,210221],[47,-9],[36,42],[-17,51],[19,22],[58,-77],[-53,-56],[-90,27]],[[217987,209528],[34,61],[34,-44],[-29,-89],[-67,52],[28,20]],[[215953,210433],[-18,-52],[-48,-4],[-42,18],[0,36],[57,-20],[51,22]],[[210620,210108],[28,-102],[-68,22],[-9,36],[49,44]],[[211368,209913],[-26,81],[11,50],[24,8],[32,-102],[-41,-37]],[[208680,209418],[14,21],[137,-7],[-19,-33],[-132,19]],[[212093,209349],[-44,40],[-18,53],[67,-33],[57,-61],[-31,-21],[-31,22]],[[212771,209493],[-37,-2],[-67,70],[53,-6],[59,-44],[-8,-18]],[[210632,210071],[43,20],[45,42],[23,-50],[-54,-43],[-57,31]],[[209763,209735],[-36,98],[48,11],[15,-33],[-27,-76]],[[214265,210877],[3,-48],[48,-27],[51,-57],[-23,-15],[-118,120],[39,27]],[[208497,209230],[42,-41],[-22,-23],[-44,0],[-43,56],[67,8]],[[213974,210424],[12,-25],[-35,-49],[-30,67],[-5,57],[41,-15],[17,-35]],[[212509,209495],[33,34],[38,2],[32,-58],[-77,25],[-26,-3]],[[214897,210664],[66,38],[35,-48],[-88,-11],[-13,21]],[[218051,209358],[18,53],[50,-2],[-3,-37],[-29,-34],[-36,20]],[[213768,210619],[7,-86],[-25,6],[-27,54],[-5,48],[50,-22]],[[213416,210063],[-52,37],[32,27],[81,-70],[-61,6]],[[217991,209408],[-88,43],[41,19],[37,-7],[10,-55]],[[209674,209794],[-9,61],[46,-6],[5,-54],[-42,-1]],[[218299,209715],[-35,28],[27,34],[50,-34],[-42,-28]],[[210628,209560],[-54,10],[12,59],[42,3],[0,-72]],[[212709,209396],[-71,7],[25,36],[54,-20],[-8,-23]],[[214584,209907],[-76,1],[21,31],[55,-32]],[[219195,216904],[-13,23],[-70,-32],[-60,1],[-29,-55],[12,-44],[34,-31],[-75,-18],[-66,8],[31,55],[0,51],[33,2],[19,37],[-18,56],[27,41],[-27,71],[-50,-89],[-33,1],[-61,90],[20,68],[86,-10],[22,12],[-6,61],[60,-26],[48,5],[-65,93],[7,66],[72,51],[112,-43],[-33,-78],[37,-9],[32,45],[-22,70],[-54,27],[-14,86],[80,-2],[34,15],[32,-34],[32,41],[-1,30],[-127,-20],[-54,23],[-38,37],[16,32],[36,6],[41,76],[76,14],[14,23],[57,2],[35,26],[71,-23],[11,48],[111,97],[40,47],[74,42],[27,-35],[-54,-28],[-35,1],[29,-63],[49,-39],[-28,-57],[32,-49],[-5,-57],[-73,-138],[13,-35],[-21,-34],[14,-32],[56,-5],[15,38],[32,-2],[55,32],[79,-41],[-21,-17],[15,-142],[-29,-63],[82,-1],[28,35],[61,-19],[15,-69],[100,-85],[38,-84],[-2,-36],[-51,-16],[26,-60],[50,-31],[81,-27],[59,13],[58,-13],[5,-21],[-138,-78],[-32,-37],[-74,-11],[-45,-70],[-40,30],[-36,4],[-72,-47],[-63,-10],[-40,-40],[-98,-24],[-18,-40],[-42,-18],[-74,-1],[-50,-21],[-50,8],[-72,-12],[-60,34],[-40,53],[-42,-37],[-45,36],[38,37],[-15,27],[66,83],[44,7],[47,-25],[83,104],[34,8],[48,46],[-1,39],[45,19],[52,42],[66,30],[22,-13],[82,31],[-17,38],[-148,-36],[-110,-75],[-56,10],[-9,49],[11,65],[-46,5],[-40,-37],[-40,44],[-48,-8],[-16,-49],[77,1],[25,-19],[-69,-53],[-58,45],[-21,-45],[-46,-50],[10,-46],[-45,-2],[-53,58],[23,66]],[[218201,217380],[-34,-53],[-41,39],[-82,-5],[-70,87],[-52,29],[56,108],[44,27],[45,-3],[-14,-103],[62,-16],[-17,63],[26,80],[77,25],[67,-14],[44,26],[60,-38],[129,118],[12,78],[61,52],[77,-1],[58,53],[21,-58],[51,-24],[39,-57],[-28,-80],[-56,12],[32,-84],[5,-91],[48,34],[52,-58],[-48,-22],[-42,-48],[-71,-10],[-20,-45],[-43,-20],[-24,43],[-70,0],[-26,36],[30,31],[-104,66],[-59,-103],[-50,-1],[-21,-126],[-65,-4],[-15,74],[-44,-17]],[[221609,218028],[-10,35],[48,19],[88,-88],[45,1],[14,44],[35,-11],[38,-47],[78,-18],[50,-76],[-12,-51],[-40,-32],[-16,-58],[-58,-43],[-42,0],[-36,-40],[-133,-63],[0,-30],[-52,-33],[-60,40],[-78,72],[9,48],[32,44],[-28,58],[2,55],[64,28],[24,59],[6,74],[32,13]],[[213358,211013],[-58,5],[-74,68],[-31,9],[-38,49],[-71,50],[-49,20],[-47,47],[-51,4],[-135,54],[-71,-6],[4,51],[115,-4],[32,27],[100,-18],[136,-42],[109,-55],[70,-16],[37,10],[105,-30],[38,59],[-3,44],[85,-48],[-39,-16],[20,-35],[-41,-54],[25,-33],[32,9],[25,-38],[-48,-76],[19,-51],[-17,-22],[-81,52],[-34,37],[-88,-1],[24,-50]],[[219846,212571],[-20,-19],[-58,32],[-102,-46],[-17,-47],[-94,-46],[-65,4],[-74,19],[35,73],[44,58],[38,87],[118,53],[24,1],[82,53],[-31,36],[21,51],[89,-7],[80,47],[11,-50],[-29,-28],[33,-56],[-11,-54],[-67,-87],[-18,-42],[11,-32]],[[217437,217601],[42,-64],[-6,-32],[-66,-55],[-43,29],[-84,-14],[-52,44],[-48,-19],[-57,-48],[3,-44],[-28,-13],[-60,19],[-4,95],[14,72],[137,36],[48,52],[16,-15],[64,42],[27,-13],[55,34],[33,-47],[9,-59]],[[216745,212804],[49,5],[35,-33],[-5,-88],[30,-49],[12,-73],[58,-29],[83,45],[46,-23],[16,-122],[-24,-21],[-73,19],[-146,18],[-27,12],[-43,80],[-4,41],[-66,140],[26,109],[33,-31]],[[215765,211367],[-29,13],[-44,-22],[-27,33],[118,85],[-19,35],[-9,63],[23,3],[117,-39],[63,-31],[46,-50],[-9,-90],[20,-46],[-53,-8],[-54,67],[-21,-76],[-75,35],[-31,-34],[-63,19],[47,43]],[[211628,211433],[7,43],[-33,61],[-102,-14],[-51,18],[-13,52],[12,130],[38,28],[60,0],[30,-56],[41,-33],[34,11],[58,-49],[-57,-13],[-18,-46],[66,-100],[-72,-32]],[[218778,212477],[26,50],[-22,62],[-5,78],[45,67],[-17,77],[16,61],[39,52],[-12,56],[27,4],[37,-68],[-22,-70],[27,-32],[-8,-41],[10,-87],[-20,-58],[-32,-7],[-28,-46],[-22,-123],[-5,-88],[-45,-49],[11,162]],[[218130,216959],[-19,-45],[31,-39],[-31,-25],[26,-33],[-34,-18],[-61,39],[-32,38],[-56,31],[-39,66],[2,43],[48,6],[7,42],[29,23],[38,-39],[73,-3],[22,-33],[-4,-53]],[[217623,217142],[43,76],[49,45],[49,19],[14,34],[57,10],[56,56],[11,64],[32,7],[26,-47],[-14,-18],[31,-87],[-50,-6],[-48,-39],[-22,-63],[-39,12],[-66,-30],[-21,-45],[-85,22],[-23,-10]],[[215957,211096],[7,-43],[-24,-26],[56,-33],[-2,-45],[-36,-17],[-60,13],[-77,46],[-50,41],[-53,21],[36,53],[-49,20],[38,31],[28,51],[71,-116],[29,12],[86,-8]],[[212028,211522],[41,29],[120,-54],[45,-37],[47,14],[38,-30],[-63,-66],[-56,30],[-44,-1],[-53,23],[-98,58],[23,34]],[[211384,211992],[1,65],[39,8],[53,-57],[-54,-16],[57,-59],[36,20],[50,-72],[38,7],[56,-46],[-90,-14],[-24,-22],[-50,17],[-31,47],[-45,35],[-43,65],[7,22]],[[210459,211169],[-91,59],[93,76],[-53,35],[16,36],[47,-7],[7,-66],[84,-36],[17,-31],[56,-45],[-62,-18],[-32,50],[-60,-11],[-22,-42]],[[210791,211328],[-74,49],[-38,121],[34,31],[-7,30],[46,29],[74,-60],[-22,-27],[-69,-2],[45,-76],[11,-95]],[[209921,210960],[-25,43],[-55,23],[13,63],[75,-60],[97,25],[34,-26],[-14,-52],[-57,-61],[-68,45]],[[213469,210819],[-55,90],[54,5],[-6,-42],[117,-104],[19,-36],[51,9],[45,-74],[-138,-1],[-45,69],[-3,35],[-39,49]],[[211313,210983],[27,102],[84,16],[27,-44],[-19,-106],[-45,-16],[-69,2],[-5,46]],[[220057,217682],[40,14],[-7,55],[21,60],[28,-20],[9,-41],[93,6],[29,-67],[-75,7],[-54,-69],[-54,-12],[-30,67]],[[221967,217550],[-33,31],[77,99],[33,-31],[-28,-49],[-2,-54],[21,-74],[-64,-16],[-36,36],[36,34],[-4,24]],[[210728,210962],[53,48],[27,-17],[79,21],[22,-14],[36,-84],[-12,-27],[-193,36],[-12,37]],[[217021,212705],[-5,-47],[-73,-25],[-22,43],[-35,29],[10,117],[42,-8],[64,-59],[19,-50]],[[208541,215855],[22,35],[52,-80],[-18,-43],[-71,-17],[-32,36],[3,145],[49,21],[-5,-97]],[[212805,212703],[-41,4],[-2,52],[51,-20],[28,-64],[9,-53],[-101,-133],[-40,23],[47,44],[13,72],[-10,64],[46,11]],[[211828,210982],[23,82],[120,22],[1,-67],[34,-49],[-84,-17],[-59,38],[-35,-9]],[[209625,211912],[50,26],[56,-12],[-6,-27],[-100,-53],[-79,-15],[-58,34],[61,49],[76,-2]],[[221553,218144],[-74,41],[-16,-31],[-51,6],[9,38],[77,31],[43,59],[25,-16],[35,-81],[-48,-47]],[[221032,220496],[20,49],[81,-11],[-46,-49],[-16,-94],[9,-26],[-17,-70],[-34,25],[14,54],[-23,60],[12,62]],[[220005,216388],[-26,76],[-50,-4],[11,44],[42,-9],[11,35],[99,14],[-19,-115],[-34,11],[-34,-52]],[[221385,219725],[19,-16],[57,24],[-67,-139],[-52,-18],[-24,48],[39,70],[-30,16],[27,41],[31,-26]],[[219203,218151],[-51,52],[-1,20],[91,50],[52,-75],[-53,-61],[-38,14]],[[222067,219670],[-54,16],[-7,-57],[-34,-20],[-67,62],[23,34],[53,18],[34,39],[38,-34],[-20,-41],[34,-17]],[[220191,213692],[52,72],[47,31],[91,23],[17,-9],[-57,-74],[-150,-43]],[[221110,220218],[1,77],[46,-21],[40,27],[27,-21],[15,-94],[-54,-9],[-7,34],[-68,7]],[[218816,211996],[4,45],[43,90],[3,61],[61,-18],[-18,-90],[-43,-41],[-19,-53],[-31,6]],[[210519,211531],[-52,52],[-20,65],[125,-49],[-12,-40],[-41,-28]],[[218256,218019],[-7,81],[23,10],[60,-40],[15,-92],[-6,-41],[-33,-4],[-52,86]],[[219008,216434],[-60,10],[43,37],[91,21],[28,24],[59,-20],[-9,-24],[-81,8],[-31,-40],[-40,-16]],[[218749,213053],[2,51],[-42,5],[-3,48],[23,34],[71,4],[16,-56],[-26,-53],[-41,-33]],[[210331,211752],[46,-31],[121,-8],[23,-42],[-90,13],[-68,23],[-32,45]],[[218944,217404],[-15,51],[66,14],[23,-52],[43,4],[21,-23],[-75,-25],[-63,31]],[[220527,220267],[5,-33],[-57,-5],[-61,61],[8,32],[98,-16],[7,-39]],[[209724,211182],[16,26],[48,-24],[-3,-28],[-96,11],[-99,56],[20,24],[49,-13],[65,-52]],[[218783,213306],[-30,85],[-2,53],[48,-11],[10,-110],[-26,-17]],[[215789,210866],[-41,59],[95,37],[36,-49],[-90,-47]],[[210937,210990],[-39,25],[-35,-3],[-46,50],[18,31],[106,-64],[-4,-39]],[[216866,212614],[-1,48],[38,23],[47,-75],[-45,-45],[-39,49]],[[221888,217230],[67,39],[52,-45],[-1,-19],[-95,-22],[-23,47]],[[216677,212523],[-85,69],[-2,42],[95,-64],[-8,-47]],[[220703,220184],[-61,40],[-32,57],[28,42],[51,-69],[14,-70]],[[209779,211097],[-2,48],[43,12],[79,-35],[-120,-25]],[[219069,216287],[7,55],[59,54],[37,-44],[-38,-35],[-65,-30]],[[220891,220825],[-24,96],[60,-31],[-36,-65]],[[219447,218014],[1,37],[32,43],[34,16],[18,-52],[-85,-44]],[[218980,212341],[10,56],[29,56],[30,-9],[-22,-65],[-47,-38]],[[216960,217407],[56,25],[8,-57],[-37,-17],[-27,49]],[[220316,218512],[-16,7],[1,86],[47,-3],[10,-49],[-42,-41]],[[221352,220314],[-1,-66],[-37,14],[0,33],[38,19]],[[222179,220257],[64,-12],[-19,-31],[-40,8],[-5,35]],[[217550,217064],[23,18],[56,-16],[14,-47],[-75,26],[-18,19]],[[219714,217810],[-29,48],[23,32],[41,-45],[-35,-35]],[[222249,217775],[-7,17],[59,54],[15,-46],[-67,-25]],[[218939,212239],[-12,47],[49,19],[5,-38],[-42,-28]],[[222063,220352],[48,-29],[-31,-32],[-17,61]],[[217915,217066],[12,48],[67,-9],[-30,-32],[-49,-7]],[[219108,218223],[-34,47],[56,10],[-22,-57]],[[218306,217198],[-3,51],[41,0],[24,-35],[-62,-16]],[[218445,218189],[2,28],[42,29],[47,-16],[-91,-41]],[[220206,216977],[-13,59],[47,-19],[-34,-40]],[[221699,220000],[21,81],[47,0],[-18,-51],[-50,-30]],[[211653,211701],[35,27],[28,-30],[-22,-25],[-41,28]],[[218471,215644],[-28,49],[58,-7],[-30,-42]],[[220734,220309],[-45,42],[37,16],[8,-58]],[[219302,218056],[-20,26],[39,26],[15,-41],[-34,-11]],[[218810,217077],[35,-44],[-35,-14],[0,58]],[[222748,217056],[-24,23],[24,67],[79,33],[24,23],[69,20],[18,26],[62,-25],[-6,-52],[-68,-14],[-116,-79],[-62,-22]],[[223167,216489],[-13,24],[51,35],[17,-35],[-55,-24]],[[223305,217372],[11,30],[82,-29],[14,-41],[-26,-47],[-12,-58],[-63,-110],[-33,-97],[-26,-34],[-66,-19],[-90,4],[-37,37],[-10,59],[21,54],[92,63],[78,101],[6,39],[59,48]],[[248966,217429],[21,45],[59,-39],[16,-30],[38,-135],[-26,8],[-93,80],[-15,71]],[[248862,217602],[-51,62],[44,19],[68,-52],[57,-66],[-18,-22],[-43,16],[-57,43]],[[249025,217580],[73,-25],[49,-82],[-27,-25],[-68,75],[-27,57]],[[223470,217414],[-27,15],[27,54],[49,14],[25,-18],[-22,-91],[-52,26]],[[223188,218224],[-21,56],[47,24],[40,-41],[-7,-34],[-59,-5]],[[249022,217688],[31,-24],[-13,-35],[-36,9],[-51,60],[69,-10]],[[223211,217375],[30,46],[43,-38],[-43,-28],[-30,20]],[[247884,218646],[-28,70],[-35,39],[-1,76],[-28,35],[-14,51],[8,68],[44,41],[37,90],[-22,66],[18,46],[27,174],[-44,75],[14,57],[41,0],[53,-48],[77,-4],[38,-21],[39,-53],[-10,-103],[17,-81],[55,-122],[61,-72],[81,-66],[65,-28],[56,-46],[31,-48],[10,-85],[-27,-49],[-32,-107],[-5,-51],[11,-80],[26,-79],[-21,-26],[-69,43],[-120,91],[-70,42],[-84,37],[-199,68]],[[224530,219462],[5,-30],[-21,-83],[41,-24],[37,8],[103,68],[36,-32],[91,-18],[102,-2],[28,-43],[-8,-104],[-54,-78],[46,-39],[-99,-40],[-147,-88],[-12,-33],[-71,-21],[-128,28],[-37,73],[-1,49],[71,47],[-37,53],[-6,77],[-71,29],[-1,74],[-72,27],[-22,37],[6,66],[-43,37],[43,21],[21,-48],[44,19],[-32,59],[38,44],[-17,52],[40,0],[40,43],[15,-38],[-21,-28],[61,-43],[-8,-38],[32,-34],[8,-47]],[[222420,219684],[13,44],[34,41],[-49,43],[-44,-34],[-59,29],[53,78],[74,1],[-13,45],[52,16],[-14,56],[-37,-11],[-84,-50],[-60,-67],[-21,65],[-31,-44],[-34,-18],[-43,91],[47,25],[-9,47],[99,104],[29,-23],[-5,-83],[55,15],[58,-7],[60,28],[22,127],[57,33],[-36,50],[-57,5],[0,41],[-30,55],[22,54],[46,-12],[31,-32],[-24,-22],[29,-81],[48,-51],[37,3],[2,-53],[-28,-48],[34,-30],[54,-3],[-59,-55],[-9,-46],[39,-79],[-88,-104],[-1,-46],[45,-11],[18,-42],[50,85],[82,7],[19,-26],[-56,-31],[-46,-61],[25,-65],[80,-9],[1,-27],[-50,-39],[-38,-53],[-68,-32],[-7,70],[-53,49],[-40,-40],[-31,27],[-14,49],[-77,52]],[[222841,219214],[4,32],[-35,79],[29,99],[41,101],[60,12],[21,-59],[44,-56],[-6,-55],[-72,-86],[-13,-67],[-50,-65],[-67,-38],[-35,24],[-1,32],[80,47]],[[248374,218284],[-12,-57],[-104,85],[-44,46],[-128,109],[55,7],[47,-14],[98,-57],[71,-59],[17,-60]],[[222667,219298],[-19,35],[33,27],[1,47],[72,106],[47,18],[23,-24],[-27,-53],[0,-47],[-53,-83],[-9,-31],[-68,5]],[[225086,219123],[-81,8],[-19,-33],[-47,-5],[11,104],[55,-7],[21,38],[60,24],[53,-60],[-15,-52],[-38,-17]],[[247692,218530],[33,58],[36,-20],[16,-53],[-22,-33],[-26,-101],[-43,-33],[-30,8],[6,70],[30,66],[0,38]],[[226686,218775],[38,26],[74,-16],[109,11],[29,-23],[-6,-70],[-32,-7],[-109,73],[-103,6]],[[225930,219668],[9,68],[33,28],[39,-72],[-25,-71],[-50,10],[-6,37]],[[225899,219249],[37,9],[37,40],[52,-63],[-47,-17],[-22,-30],[-80,10],[23,51]],[[225774,219043],[-31,28],[-8,52],[23,33],[33,-30],[-17,-83]],[[222897,218354],[-43,12],[3,55],[54,5],[-14,-72]],[[250400,220649],[-17,66],[24,51],[36,-43],[129,-101],[43,-65],[5,-49],[-51,-113],[-104,118],[-40,67],[-25,69]],[[249277,221750],[-29,69],[-39,30],[4,28],[65,-16],[46,8],[62,-48],[22,4],[89,-84],[-1,-36],[-42,2],[-35,-24],[-40,16],[-43,-38],[-62,51],[3,38]],[[224940,219884],[-7,36],[75,52],[10,52],[38,-5],[14,40],[39,21],[21,-90],[-39,-15],[19,-75],[-28,0],[-48,-49],[-102,12],[8,21]],[[224670,220268],[47,34],[51,-72],[-34,-46],[-10,-80],[-38,-9],[-41,38],[-19,55],[37,25],[7,55]],[[223340,221433],[-54,44],[27,53],[-42,64],[58,48],[4,-63],[44,-60],[-37,-86]],[[224561,220972],[21,1],[10,-90],[33,-48],[-24,-36],[-56,54],[-26,69],[42,50]],[[250302,220808],[-41,67],[41,-1],[51,-45],[26,-64],[-26,-40],[-51,83]],[[224234,221643],[-48,92],[54,-4],[36,-84],[-42,-4]],[[224478,220310],[-3,94],[45,5],[-3,-72],[-39,-27]],[[224128,221674],[-24,31],[36,43],[41,-5],[1,-33],[-54,-36]],[[224194,222371],[-14,36],[38,32],[51,-48],[-75,-20]],[[224255,221315],[-19,50],[56,-1],[-37,-49]],[[224188,222551],[-14,81],[-34,23],[-58,13],[-20,26],[-36,-50],[2,-32],[-70,-15],[17,38],[-51,19],[6,29],[-34,38],[-15,80],[23,65],[-20,52],[18,37],[-22,62],[18,103],[-28,37],[55,5],[-43,112],[47,30],[50,-31],[82,10],[14,-51],[96,44],[51,-81],[13,99],[-35,47],[67,21],[-4,79],[74,28],[-106,37],[-26,-51],[-31,-6],[-21,58],[6,63],[-29,1],[-60,57],[2,74],[36,68],[52,15],[81,95],[84,1],[69,18],[-39,44],[-15,83],[64,-2],[43,54],[33,-29],[57,-14],[57,-97],[-6,-40],[54,-57],[65,-7],[63,-74],[39,-30],[19,-39],[-69,-37],[41,-45],[1,-70],[-48,-106],[-9,-44],[-44,-49],[8,-28],[-62,-62],[-41,31],[-37,-10],[6,-98],[32,-33],[31,5],[33,60],[35,-11],[0,-46],[37,-59],[-12,-100],[32,-53],[65,-6],[-15,-67],[-54,-37],[-52,-18],[-19,56],[-41,1],[-54,-96],[-2,-86],[-26,-23],[-38,10],[-68,88],[-60,-80],[-43,-12],[-43,-45],[20,-92],[-16,-38],[-37,-16],[-55,33],[-36,43]],[[231112,225339],[0,-42],[-39,-103],[25,-27],[86,-19],[40,50],[43,-51],[89,-50],[29,-32],[27,-78],[-31,-71],[-52,9],[-61,67],[-41,-8],[-14,-67],[0,-90],[-22,-36],[-54,58],[-93,36],[-56,45],[39,75],[-17,57],[-87,38],[2,38],[56,48],[-47,91],[178,62]],[[228807,223847],[-14,105],[17,73],[69,38],[-42,60],[20,23],[15,76],[-28,66],[13,44],[59,43],[68,-12],[37,-27],[30,12],[44,-38],[-1,-44],[-65,-18],[-43,-44],[32,-40],[-7,-55],[53,-31],[1,-66],[37,-33],[-39,-54],[-70,-20],[-38,-54],[-67,-3],[-61,-20],[-20,19]],[[227322,224219],[8,-39],[49,-59],[60,-154],[-29,-23],[-9,-96],[116,-7],[62,-64],[-27,-62],[-34,22],[-97,4],[-58,35],[-59,-25],[-35,35],[-8,36],[8,100],[-48,56],[-2,28],[-49,14],[36,75],[-2,36],[58,45],[21,42],[39,1]],[[225096,222735],[48,-29],[-5,-51],[49,-20],[53,-56],[-45,-15],[-60,-43],[-57,21],[-44,65],[-36,17],[-24,-42],[-9,-87],[-34,-36],[-42,-14],[-34,17],[-35,-11],[-79,56],[25,45],[40,5],[66,68],[38,-2],[17,58],[34,49],[43,7],[56,58],[35,-60]],[[230646,224920],[71,18],[-46,65],[67,20],[39,-63],[-1,-77],[32,-41],[-82,-31],[-33,-58],[20,-36],[-16,-83],[-50,-47],[-45,-65],[-56,10],[-37,97],[41,43],[-2,86],[51,10],[39,84],[8,68]],[[245609,223946],[-12,51],[97,39],[17,32],[2,89],[32,30],[51,6],[19,-26],[56,-26],[15,-155],[-93,-36],[-37,-77],[-53,-44],[-50,22],[-44,95]],[[226703,223690],[-56,128],[82,-10],[76,-55],[47,-15],[32,-47],[28,24],[15,57],[70,-14],[-2,-33],[34,-39],[-31,-50],[-126,-56],[-71,41],[-29,34],[-69,35]],[[231111,225693],[38,57],[38,23],[177,-48],[14,-24],[-44,-41],[-103,-37],[-24,19],[-69,-8],[-43,-36],[-102,52],[45,31],[73,12]],[[223059,223450],[-100,48],[22,31],[-7,52],[20,44],[7,65],[64,37],[48,-83],[11,-101],[-56,-37],[-9,-56]],[[231004,224616],[-86,-1],[-2,-49],[-40,-21],[-28,-38],[-37,24],[46,130],[49,48],[59,26],[35,-15],[4,-104]],[[225311,222999],[-67,1],[-50,15],[-44,42],[87,32],[-28,68],[36,27],[75,-64],[7,-22],[-16,-99]],[[222949,224302],[-43,46],[34,65],[-27,42],[-36,-19],[-25,20],[77,89],[74,-84],[5,-37],[-38,-35],[6,-30],[-27,-57]],[[222952,224067],[-1,69],[-42,9],[21,38],[46,-1],[40,21],[46,-35],[21,-84],[-66,-24],[-71,-44],[6,51]],[[225415,225370],[51,32],[51,5],[63,-13],[-2,-63],[-41,-8],[-25,-64],[-38,24],[-50,3],[-9,84]],[[225102,224219],[42,47],[-70,17],[2,32],[51,14],[50,-9],[29,33],[26,-30],[43,2],[-13,-62],[-81,-45],[-79,1]],[[224799,225088],[-9,21],[83,196],[53,-64],[3,-76],[-48,-43],[-82,-34]],[[235606,225876],[18,59],[54,16],[8,-39],[49,-71],[-28,-58],[-83,32],[-18,61]],[[225249,223815],[-44,61],[-72,21],[-48,-6],[2,41],[44,31],[65,6],[33,-23],[57,-109],[-37,-22]],[[245384,224608],[-52,62],[10,68],[53,24],[60,-33],[-27,-31],[21,-43],[-33,-38],[-32,-9]],[[230918,224079],[-18,28],[30,49],[83,12],[66,-27],[-45,-57],[-62,-25],[-54,20]],[[228911,226021],[-39,12],[-27,64],[60,63],[64,-25],[13,-46],[-18,-49],[-53,-19]],[[230996,225036],[-24,-61],[-34,-10],[-33,-51],[-39,-3],[-32,26],[20,49],[94,54],[48,-4]],[[227123,224168],[-34,44],[33,38],[45,-19],[46,22],[28,-38],[-25,-28],[-54,-24],[-39,5]],[[226460,223185],[-16,41],[29,61],[64,7],[37,-42],[-16,-25],[-98,-42]],[[227734,224711],[-36,-8],[-34,61],[32,68],[52,-31],[16,-49],[-30,-41]],[[226516,223352],[14,61],[32,20],[59,-65],[-28,-57],[-61,7],[-16,34]],[[228472,224680],[47,-17],[-6,-58],[-21,-16],[-64,14],[-2,80],[46,-3]],[[228513,226234],[20,-26],[-10,-48],[-36,8],[-59,42],[19,40],[67,12],[-1,-28]],[[235588,225762],[24,53],[65,-27],[-1,-20],[-88,-6]],[[229351,226193],[8,45],[-75,50],[16,21],[79,-10],[33,-32],[-5,-35],[-56,-39]],[[244534,225667],[60,45],[38,-25],[-45,-60],[-58,-2],[5,42]],[[226624,223148],[12,-50],[-9,-41],[-36,-24],[-40,29],[27,28],[23,61],[23,-3]],[[227079,223589],[-55,34],[39,42],[16,-76]],[[224999,224236],[-2,47],[59,-18],[-2,-29],[-55,0]],[[224684,223883],[-13,49],[30,34],[32,-1],[13,-48],[-62,-34]],[[233303,226186],[0,27],[47,63],[41,-6],[19,-29],[-31,-28],[-38,8],[-38,-35]],[[226344,224864],[-21,74],[42,4],[17,-51],[-38,-27]],[[225627,225405],[-24,90],[43,-5],[15,-44],[-34,-41]],[[228780,224777],[-46,17],[12,39],[35,-11],[-1,-45]],[[224969,224101],[-13,27],[41,53],[20,-36],[-48,-44]],[[225516,222502],[-36,20],[39,42],[31,-27],[-34,-35]],[[223108,223794],[23,30],[2,46],[45,-8],[-41,-63],[-29,-5]],[[225666,223241],[4,44],[68,-23],[-26,-36],[-46,15]],[[225280,222536],[-3,44],[38,3],[6,-36],[-41,-11]],[[235316,228280],[-2,-50],[-27,-29],[-84,46],[-42,-38],[-55,-2],[-18,40],[-58,65],[-12,51],[34,72],[-20,64],[47,-5],[76,24],[35,-7],[34,-45],[61,-4],[20,17],[82,-1],[78,-30],[61,-51],[88,-36],[71,13],[21,-33],[60,-50],[75,47],[47,-7],[-3,-50],[42,-32],[-1,-56],[-75,-36],[-82,72],[-21,44],[-225,-11],[17,31],[-48,39],[-10,-36],[-83,-3],[-35,27],[-48,-40]],[[237889,227707],[-74,44],[-100,24],[-76,-1],[-15,-18],[-91,-6],[18,45],[-14,59],[38,22],[111,-41],[124,-14],[85,-47],[6,60],[56,-35],[36,-58],[69,-47],[9,-37],[32,-26],[70,-18],[-56,-53],[-83,-7],[6,85],[-27,40],[-45,19],[-79,10]],[[233996,227501],[-1,36],[-34,46],[-40,8],[-10,38],[111,61],[62,-62],[94,-38],[60,-10],[-13,-50],[-42,-23],[-22,-81],[-77,-17],[-88,92]],[[232327,227769],[-51,29],[24,40],[76,64],[-3,32],[48,77],[85,42],[37,-1],[40,-66],[-69,-66],[-62,-25],[-39,-58],[-24,-3],[-62,-65]],[[233486,228044],[32,8],[65,-119],[-37,-46],[-41,-86],[-67,-54],[-27,6],[19,56],[-20,46],[26,28],[50,161]],[[228096,227793],[9,70],[-35,23],[-13,69],[20,66],[65,-6],[-17,-50],[32,-62],[55,16],[14,-51],[-41,-28],[-46,-4],[-43,-43]],[[235951,228480],[-40,33],[-4,48],[55,51],[32,9],[25,-31],[-17,-65],[44,-41],[-53,-35],[-17,-36],[-34,7],[9,60]],[[233443,228074],[-28,84],[23,62],[49,33],[48,-7],[7,-103],[-83,-85],[-16,16]],[[233473,228343],[-42,44],[22,76],[44,9],[45,-26],[26,-84],[-28,-50],[-67,31]],[[236522,228024],[33,-68],[-45,-44],[-31,-79],[-47,5],[23,46],[6,90],[61,50]],[[228681,226395],[-37,39],[-9,65],[14,41],[-15,76],[64,-8],[-5,-102],[17,-47],[-29,-64]],[[240196,228269],[33,15],[15,37],[-33,40],[40,29],[56,-90],[31,-19],[8,-41],[-41,-16],[-109,45]],[[233198,228027],[56,-37],[91,-18],[33,-33],[-85,-31],[-66,95],[-29,24]],[[232931,226257],[-60,57],[4,40],[96,5],[-3,-76],[-37,-26]],[[235815,227877],[-61,61],[42,50],[58,-84],[-39,-27]],[[227523,226665],[-32,47],[34,23],[39,-44],[-41,-26]],[[232248,229390],[-31,-41],[-24,70],[29,20],[26,-49]],[[229186,226250],[-6,32],[39,39],[16,-47],[-49,-24]],[[237514,227933],[50,-13],[-42,-38],[-8,51]],[[236620,227878],[-30,58],[45,2],[-15,-60]],[[372116,31098],[9,44],[66,-12],[-32,-49],[-43,17]],[[372213,31036],[34,-35],[-37,-41],[-33,59],[36,17]],[[373936,28093],[-24,-70],[-76,-30],[0,-32],[-65,-41],[-64,-20],[-61,-2],[-69,-49],[-61,19],[-51,-8],[-91,-51],[8,-61],[-70,-20],[-42,43],[-54,4],[-54,-20],[-63,-43],[-18,-43],[-99,-34],[-60,-49],[-2,-36],[71,-70],[-1,-32],[-45,-37],[-85,96],[-102,80],[63,57],[-31,39],[-84,-10],[-93,15],[-53,33],[-10,29],[16,117],[-47,19],[-16,40],[20,71],[-59,66],[-39,71],[54,18],[43,-18],[87,2],[65,62],[-31,85],[-12,99],[9,48],[50,82],[7,46],[-38,11],[-20,51],[48,37],[-33,18],[15,46],[-80,141],[-86,36],[7,34],[-113,102],[-77,30],[-45,64],[47,51],[-73,26],[-13,67],[40,18],[-33,69],[92,66],[-26,94],[26,84],[34,5],[73,100],[-26,32],[71,90],[9,72],[-26,80],[-27,33],[3,70],[34,54],[-40,37],[23,45],[-57,124],[-32,14],[-10,71],[18,77],[1,97],[13,16],[-66,75],[24,129],[119,4],[83,74],[145,31],[34,18],[123,105],[112,141],[47,111],[13,71],[-26,67],[1,74],[-51,60],[20,67],[-6,84],[70,-19],[39,78],[72,40],[66,-50],[71,-21],[90,-43],[33,-43],[96,-15],[75,27],[71,-84],[83,-42],[222,-84],[45,-65],[141,-111],[149,-93],[119,-64],[7,-65],[-30,-164],[-41,-285],[-3,-123],[29,-189],[59,-171],[78,-114],[51,-56],[-25,-111],[-76,-139],[-34,-23],[-40,-86],[-10,-73],[4,-100],[25,-117],[25,-55],[192,-82],[20,-71],[-17,-93],[-38,-133],[10,-116],[-56,-73],[18,-31],[-46,-71],[-36,-28],[-10,-101],[-61,-26],[-60,-55],[18,-127],[-46,-8],[-31,-37],[-48,22],[-58,-3],[-83,-25],[-12,-45],[-39,-39],[-110,-36]],[[407633,24748],[51,47],[1,-102],[26,-42],[-16,-30],[-71,4],[34,80],[-25,43]],[[407935,24800],[36,-72],[9,-89],[-23,-9],[-70,69],[-7,50],[-69,33],[42,43],[50,0],[32,-25]],[[404331,30975],[5,54],[53,-7],[39,24],[37,-53],[108,0],[64,25],[32,-10],[72,-75],[1,-26],[-54,-30],[-113,-3],[-39,38],[-82,-43],[-94,23],[-29,83]],[[404950,31224],[151,53],[-47,58],[54,9],[58,-14],[36,34],[50,-14],[51,-50],[-8,-24],[-101,-31],[-47,-58],[-51,13],[-38,-21],[-102,5],[-6,40]],[[394435,32622],[60,75],[92,23],[-29,-54],[-42,-19],[1,-38],[-49,-28],[-33,41]],[[392452,34542],[58,-49],[-85,-35],[-30,29],[6,36],[51,19]],[[397165,34613],[-1,53],[34,6],[29,-45],[10,-84],[-34,-49],[-50,-4],[-21,89],[33,34]],[[405403,25931],[4,-37],[-71,-52],[-60,-25],[-44,13],[-62,-33],[-100,20],[34,31],[45,-14],[54,31],[53,57],[98,-2],[49,11]],[[403451,28412],[-11,-35],[65,-75],[-112,-108],[-32,-70],[-49,-35],[-15,-57],[38,-54],[-47,-91],[-58,-38],[-32,24],[-74,-41],[-78,8],[-3,74],[112,53],[83,56],[-27,53],[14,39],[52,31],[-9,23],[56,76],[30,85],[-5,63],[48,35],[54,-16]],[[380856,24144],[24,42],[62,-44],[28,-43],[-21,-45],[51,-110],[66,-78],[-90,-64],[-41,64],[-103,54],[28,111],[-4,113]],[[403950,26334],[56,33],[76,-44],[89,15],[30,-60],[145,19],[46,23],[13,56],[74,-17],[15,-55],[-39,-44],[-21,-92],[-113,-27],[-47,-23],[-120,48],[-83,-23],[-69,4],[62,54],[16,42],[-24,31],[-135,19],[29,41]],[[406273,26322],[85,62],[42,-16],[33,25],[73,-5],[-34,-42],[-90,-7],[-75,-30],[-34,13]],[[406072,26343],[62,-8],[-1,-43],[-66,-71],[-71,16],[-8,29],[84,77]],[[403626,26352],[-21,-30],[29,-31],[3,-74],[-100,119],[89,16]],[[404444,27241],[58,11],[-13,-55],[-136,-27],[45,55],[46,16]],[[405007,27126],[33,57],[-25,48],[60,-3],[34,-39],[-102,-63]],[[407160,26866],[7,39],[103,0],[-21,-58],[-89,19]],[[399819,32467],[-40,123],[-51,-23],[-24,50],[61,16],[-7,58],[43,74],[46,39],[63,-9],[78,19],[34,-79],[40,17],[55,-19],[31,-53],[-108,-21],[51,-28],[40,-51],[-64,-28],[13,-71],[-48,-12],[-36,52],[-91,-19],[15,-72],[-50,-32],[-52,21],[1,48]],[[399458,32658],[54,33],[35,-13],[67,70],[-59,48],[12,105],[107,0],[26,-24],[-36,-34],[47,-35],[-70,-37],[-11,-45],[9,-69],[-89,-73],[-36,43],[-98,-48],[-56,31],[98,48]],[[407502,26525],[46,113],[61,-20],[84,-49],[68,-126],[-121,-71],[-57,23],[-102,3],[-52,22],[5,48],[42,-8],[26,65]],[[407178,26669],[-53,38],[-52,4],[-53,61],[52,6],[82,-21],[90,6],[75,-59],[5,-52],[-79,-10],[-67,27]],[[404539,26480],[32,50],[-11,38],[132,66],[27,-104],[-81,-76],[-52,1],[-47,25]],[[406811,26695],[80,17],[26,-54],[-93,-1],[-13,38]],[[405392,25425],[-32,17],[-145,-40],[-12,-27],[-73,13],[-19,33],[23,55],[-11,73],[29,41],[-50,34],[26,38],[101,73],[50,-13],[49,43],[72,36],[66,5],[5,39],[159,49],[52,-32],[85,78],[47,8],[28,42],[54,-18],[66,0],[81,29],[38,-19],[83,17],[58,29],[64,1],[74,-39],[56,-10],[56,15],[42,-40],[90,-6],[59,27],[89,-68],[35,8],[59,60],[38,107],[14,100],[41,-31],[67,-5],[-1,-48],[82,-20],[49,44],[31,-53],[56,-6],[43,-30],[98,27],[46,70],[48,38],[54,10],[89,-26],[53,73],[67,0],[48,48],[47,24],[22,56],[70,-51],[48,-13],[21,-63],[35,-43],[73,-33],[36,-109],[61,-63],[71,-14],[101,-85],[33,-49],[111,-77],[79,16],[59,-15],[59,-37],[100,5],[-36,-89],[10,-123],[37,-34],[41,-2],[-6,-63],[73,-83],[116,-43],[-65,-61],[-56,21],[-154,25],[-75,-23],[-60,-67],[39,-25],[1,-41],[-62,-71],[-20,31],[-92,-2],[-97,-80],[-10,-104],[-23,-20],[-62,16],[-9,59],[-79,22],[-63,-16],[-135,-76],[-56,-23],[-62,51],[-11,145],[-56,83],[-24,58],[-30,25],[-49,89],[-47,33],[-150,-43],[-44,45],[-86,-13],[-2,-44],[-97,-54],[-101,-92],[-181,-87],[-74,22],[-10,61],[-59,53],[-22,51],[-55,33],[-82,-10],[-50,-52],[-93,-9],[-48,-28],[-46,15],[-76,-15],[-45,-24],[-39,57],[-70,45],[-54,3],[-61,-54],[-192,-26],[-67,-37],[-86,19],[-88,6],[-12,20],[-103,2],[-21,31],[19,74],[-170,42],[46,49],[-62,50]],[[406133,24690],[80,15],[40,66],[65,12],[138,-6],[134,28],[89,57],[62,6],[50,-29],[71,-79],[51,6],[72,63],[33,70],[147,52],[17,-72],[-14,-70],[-101,-51],[-16,-50],[4,-56],[-32,-61],[54,-47],[-89,-101],[-117,-66],[-133,-158],[13,-61],[45,-32],[-113,-20],[-58,-31],[-58,67],[-82,57],[-97,86],[-51,-14],[-62,17],[-73,-24],[-89,31],[30,126],[31,75],[-66,25],[-58,-18],[-65,17],[12,68],[79,72],[57,30]],[[380163,25213],[7,39],[49,21],[18,48],[57,-36],[103,22],[88,64],[49,50],[25,67],[-83,41],[33,27],[24,67],[71,18],[48,-5],[46,-33],[71,-18],[130,15],[97,-31],[115,45],[49,-105],[-42,-27],[9,-43],[91,-68],[7,-21],[-111,-76],[-50,-2],[-22,-46],[-2,-64],[31,-21],[-92,-69],[-42,-54],[-37,-2],[-122,-64],[-82,-32],[-78,-6],[-105,48],[-63,44],[-112,21],[-35,56],[-16,64],[-64,44],[-60,22]],[[405719,24920],[-17,25],[-86,34],[7,32],[82,10],[75,-33],[-21,-48],[-40,-20]],[[405742,8154],[-5,36],[-60,75],[-68,32],[-51,6],[-17,-45],[-110,-54],[-88,27],[29,35],[77,29],[66,52],[2,60],[-55,74],[-20,55],[69,42],[-7,23],[72,45],[34,66],[-17,34],[52,43],[11,68],[57,9],[-1,33],[37,49],[42,10],[54,-26],[28,-57],[51,-36],[65,-4],[96,19],[81,-16],[26,-59],[39,-28],[6,-49],[61,-40],[-6,-117],[47,-26],[-10,-34],[78,-73],[75,-17],[70,-40],[-81,-16],[-90,-73],[-22,-58],[-40,10],[-38,42],[-53,-37],[-75,9],[-50,34],[-117,-17],[-112,9],[-85,-63],[-34,-63],[9,-50],[34,-22],[61,15],[46,-36],[-4,-46],[65,-77],[12,-43],[-23,-70],[-86,-29],[-39,1],[-95,44],[19,-61],[-203,10],[-145,-123],[-80,-2],[-16,90],[26,48],[106,114],[-6,24],[48,45],[40,119],[43,10],[91,-27],[64,32],[20,56]],[[407552,10765],[-68,-1],[-76,65],[-31,-20],[-85,-17],[-77,7],[-82,41],[-41,42],[-8,84],[140,101],[43,1],[70,-28],[135,-17],[74,57],[97,-38],[84,-54],[-22,-97],[132,-43],[-42,-28],[4,-61],[40,-62],[-85,-12],[-103,1],[-73,29],[-26,50]],[[404453,28727],[-6,51],[30,23],[-6,61],[-36,142],[-70,147],[-83,111],[-58,47],[-52,20],[-63,65],[-96,-2],[-66,-33],[-30,5],[-120,-55],[-76,-45],[-54,-14],[-34,29],[-3,44],[-34,31],[-122,54],[-72,12],[-20,25],[-67,6],[-49,87],[-44,34],[107,39],[77,43],[5,62],[41,43],[79,-12],[126,73],[2,49],[65,13],[103,-31],[44,39],[52,-24],[68,29],[42,67],[-11,44],[-62,37],[4,42],[127,58],[73,64],[20,35],[-44,56],[34,21],[-24,41],[-58,51],[-50,24],[-35,49],[12,38],[76,-8],[43,28],[52,-46],[15,-38],[48,-24],[104,29],[50,59],[61,29],[106,14],[123,91],[49,82],[99,-17],[32,-28],[3,-79],[-13,-54],[34,-36],[-9,-48],[27,-52],[179,-71],[-40,85],[-42,-1],[-69,125],[-28,11],[18,62],[165,-210],[170,-129],[67,-67],[98,-116],[138,-137],[210,-177],[195,-173],[229,-250],[144,-138],[198,-146],[154,-81],[86,-15],[55,23],[148,-68],[126,-44],[47,-5],[158,-45],[81,5],[77,19],[17,-39],[-45,-122],[-27,-142],[-2,-94],[18,-109],[34,-143],[3,-140],[-67,-114],[-40,-37],[-208,-95],[-64,-11],[-18,-36],[-98,-100],[8,-32],[57,-31],[57,33],[67,-15],[53,5],[39,34],[131,17],[59,61],[-17,149],[52,74],[24,-151],[22,-82],[109,-293],[40,-88],[19,-95],[30,-71],[120,-172],[2,-33],[-163,-97],[-177,-59],[-60,-11],[-93,13],[5,96],[-50,35],[-68,22],[-109,-22],[-66,23],[-62,-10],[-135,1],[-76,-40],[-92,-81],[29,-48],[-71,-84],[5,-49],[-135,-20],[-72,-79],[-68,-18],[-157,-11],[-75,-49],[-54,17],[-52,41],[-82,29],[-49,-55],[-29,44],[-122,47],[-44,-6],[-22,47],[-54,33],[-80,-15],[-37,62],[-1,77],[-38,29],[-48,-26],[-41,39],[-9,45],[105,45],[35,47],[-18,92],[-54,73],[-111,104],[-23,61],[10,213],[-19,104],[-55,130],[-28,26],[-55,-14],[-19,54],[-47,46],[-56,-3],[-95,51],[-24,74],[-36,5],[-52,-42],[64,-76],[-79,-20],[-8,192],[-9,54],[-32,19],[-69,154],[-40,29],[-131,37],[-87,-12],[-35,-48],[-78,29],[-89,74],[-55,25],[-77,-7],[-9,25],[66,72],[38,-29],[54,16],[25,77],[73,4],[63,63],[4,54]],[[407734,28973],[-22,41],[69,21],[-1,31],[43,65],[65,-46],[20,-53],[59,-52],[-47,-51],[-106,18],[-43,-26],[-37,52]],[[403108,4954],[-83,-18],[-39,-29],[-148,1],[-105,-29],[-87,59],[13,20],[-59,38],[-74,5],[-31,-26],[-51,9],[3,41],[-72,61],[-109,22],[-29,37],[-6,91],[35,127],[-40,27],[19,60],[-26,25],[24,37],[-43,14],[-6,73],[72,78],[116,37],[98,1],[31,-29],[65,-21],[57,24],[69,73],[17,56],[-8,40],[-63,60],[-56,31],[57,39],[-72,73],[-8,69],[104,34],[165,-77],[0,-67],[45,-25],[67,9],[-3,27],[98,19],[32,-76],[-29,-37],[28,-52],[-48,-106],[-77,-51],[-51,-116],[45,-35],[46,11],[22,-53],[70,-56],[71,74],[44,-57],[-8,-76],[41,-88],[80,-4],[27,74],[61,-94],[22,-61],[107,47],[32,-25],[125,32],[10,-55],[258,-45],[39,45],[-21,58],[-55,45],[45,48],[58,-5],[73,-73],[-14,-33],[64,-32],[9,93],[-19,45],[46,30],[17,53],[72,-2],[134,17],[86,26],[123,4],[4,31],[-77,-4],[-177,-31],[-41,6],[-134,58],[-63,-26],[-114,8],[25,35],[-44,33],[-45,2],[36,97],[90,62],[-79,5],[-68,34],[-23,56],[-69,-41],[-108,92],[150,-8],[77,55],[78,-5],[1,82],[62,61],[-53,11],[-26,-34],[-87,-37],[-30,17],[9,61],[-72,37],[-54,-2],[-5,49],[40,58],[-9,86],[-57,68],[-40,-4],[-52,46],[72,28],[32,-38],[65,4],[231,33],[137,-29],[18,32],[88,-39],[86,1],[45,-42],[34,53],[-7,81],[-72,35],[-169,22],[-99,1],[97,54],[1,37],[77,-1],[7,40],[-36,34],[24,25],[59,0],[13,59],[96,1],[91,-40],[4,-32],[57,-6],[-23,-60],[39,-54],[81,-59],[47,-17],[42,30],[91,15],[60,42],[55,-13],[-6,-41],[-113,-55],[28,-35],[96,11],[16,-34],[75,-43],[1,-53],[110,-107],[-27,-113],[-67,-59],[-6,-43],[28,-75],[34,-4],[44,-87],[-39,-57],[-143,-89],[-116,-4],[-7,-42],[-41,-28],[-26,-67],[-130,-39],[-70,-56],[-7,-50],[25,-71],[68,-47],[69,5],[50,-38],[-25,-59],[25,-36],[-57,-60],[62,-16],[5,-46],[44,-90],[48,-36],[-2,-43],[46,-93],[65,-23],[-17,-100],[-141,-86],[-43,-47],[47,-39],[51,-3],[39,54],[87,-5],[71,-43],[83,7],[9,-34],[-90,-70],[-67,-18],[-30,-92],[-117,-114],[-10,-60],[26,-47],[159,-111],[102,-54],[92,-21],[-67,-46],[-64,40],[-56,-9],[-126,29],[-72,31],[-108,1],[4,85],[-32,71],[-68,-2],[-42,-27],[-45,15],[-70,55],[-80,15],[-78,-25],[-17,20],[-13,200],[-13,30],[14,76],[-43,44],[-7,143],[-31,10],[-94,-64],[-34,14],[-27,60],[9,79],[-37,-7],[-52,-46],[-26,-47],[83,-47],[-31,-30],[3,-85],[-90,-74],[128,-75],[23,-38],[-65,-20],[-28,-70],[55,-37],[34,27],[50,-27],[9,-30],[-41,-51],[65,-47],[-21,-37],[-42,-1],[-137,90],[-10,50],[-41,13],[-76,-50],[-63,-24],[-53,-62],[-116,-42],[-40,-90],[9,-115],[-38,-11],[-116,64],[14,69],[-41,60],[-111,57],[-73,6],[-28,-23],[-58,43],[10,30],[-143,12],[-52,32],[-27,-26],[-48,52],[35,61],[-101,39],[-62,78],[53,63],[-42,88],[-51,71],[110,122],[122,8],[60,-39],[32,7],[43,61],[-14,50],[-52,8],[-25,29],[30,45],[88,-70],[20,45],[-9,52],[-54,29]],[[399153,2897],[-24,44],[-50,30],[6,40],[-27,52],[31,37],[97,34],[23,25],[10,140],[101,79],[49,-4],[76,30],[0,135],[33,44],[85,46],[26,167],[44,-86],[58,-68],[-34,-68],[69,-158],[78,-10],[135,80],[169,178],[30,68],[-2,45],[-66,39],[48,67],[-6,32],[-65,19],[-12,42],[161,88],[30,-47],[47,3],[15,41],[45,20],[25,79],[-15,101],[-54,51],[-129,2],[-19,-61],[-91,-14],[-40,26],[-75,-18],[80,98],[-45,21],[-70,-2],[-92,-56],[-140,-28],[8,69],[-69,15],[-56,-10],[-67,42],[55,55],[87,0],[4,72],[-47,44],[32,18],[139,39],[56,-57],[113,-60],[-14,74],[59,38],[120,41],[68,6],[7,49],[-122,-35],[-7,54],[-59,15],[-77,-88],[-45,34],[26,47],[-118,17],[-16,50],[63,17],[49,91],[-8,25],[36,70],[102,33],[72,72],[20,57],[46,3],[83,-63],[-46,-100],[36,-41],[64,8],[6,-62],[64,-47],[60,-98],[-11,-32],[53,-16],[37,-35],[-4,-45],[-46,-31],[3,-101],[-28,-39],[20,-71],[99,-17],[-7,-24],[65,-86],[-40,-58],[23,-47],[-6,-43],[53,-40],[64,2],[57,-142],[0,-105],[-20,-54],[6,-46],[-78,-12],[-28,86],[-65,3],[-134,-36],[-188,-84],[-131,-86],[-129,-119],[-58,-73],[-49,-85],[-15,-51],[34,-73],[-18,-35],[20,-68],[-26,-62],[6,-48],[78,-118],[123,-40],[29,36],[51,11],[72,94],[100,-84],[15,-38],[-1,-93],[-24,-24],[4,-67],[-63,10],[-64,-38],[-25,-63],[-88,-23],[-14,-85],[-43,-13],[-27,-39],[39,-66],[-10,-51],[-67,-10],[-49,-77],[-16,-90],[-32,-56],[-4,-46],[32,-74],[22,-96],[-32,-41],[-55,10],[-118,-72],[-69,-1],[-101,48],[-131,126],[-48,-5],[-75,-37],[-11,63],[-39,42],[41,31],[-44,22],[12,42],[77,20],[25,67],[-76,119],[-222,28],[-130,-2],[25,54],[55,-31],[114,0],[127,63],[-10,74],[-107,27],[-193,-43],[-5,-70],[-25,-70],[30,-91],[-3,-49],[-38,-5],[-37,-85],[-51,5],[-63,-61],[57,-38],[-39,-84],[-102,9],[-31,32],[-78,2],[-37,-60],[-90,-1],[24,33],[-48,21],[-19,36],[21,37],[2,133],[-130,84],[-37,75],[-141,47],[-40,88],[61,25],[45,40],[96,-17],[82,-75],[30,-73],[69,-71],[30,-49],[56,-24],[18,-55],[53,-3],[13,-44],[76,17],[75,50],[-47,53],[47,56],[-49,33],[95,49],[25,30],[-19,64],[-101,-36],[-18,49],[29,17],[-18,82],[10,72],[43,7],[46,69],[-48,95],[16,30],[-21,113],[73,34],[-9,-78],[66,-15],[37,-60],[-17,-70],[16,-19],[92,-13],[58,50],[17,44],[-12,38],[114,29]],[[392115,1163],[21,12],[109,-21],[109,10],[4,-78],[-71,-14],[-61,-51],[-117,10],[-57,97],[63,35]],[[391558,790],[89,-113],[-25,-30],[-114,-21],[50,164]],[[397307,4765],[38,110],[77,101],[36,-8],[-19,-63],[10,-32],[-43,-64],[-30,18],[-69,-62]],[[401180,5225],[-34,-47],[-110,134],[93,14],[51,-101]],[[397496,5078],[6,61],[37,73],[40,30],[35,-27],[-55,-94],[-63,-43]],[[405196,3846],[23,46],[65,-20],[-8,-70],[-63,-19],[-17,63]],[[402401,5978],[-74,81],[51,41],[53,-42],[5,-45],[-35,-35]],[[398061,2575],[-17,33],[46,41],[36,-21],[-12,-71],[-53,18]],[[397480,5060],[42,-17],[-63,-74],[-34,12],[55,79]],[[393500,1263],[48,78],[65,9],[-113,-87]],[[391646,922],[55,46],[28,-22],[-16,-47],[-67,23]],[[398390,3443],[69,38],[5,-47],[-74,9]],[[380423,23074],[43,52],[9,72],[-31,161],[13,71],[239,154],[66,69],[36,71],[31,100],[65,22],[9,-67],[57,-51],[-21,-51],[72,-52],[108,-7],[45,-44],[50,14],[-78,132],[4,46],[109,-144],[82,-92],[55,-37],[93,-41],[101,-56],[99,-24],[136,16],[1,-50],[92,-119],[63,-53],[-33,-38],[-118,-7],[-133,92],[-63,3],[-83,-21],[-18,-29],[-67,-1],[-91,34],[-86,-1],[-100,-38],[-56,-37],[-86,-90],[-62,-21],[-63,24],[-77,5],[-82,-27],[-21,-48],[-38,-13],[-79,6],[-80,26],[-80,82],[-32,7]],[[381805,22817],[21,51],[46,-23],[83,-91],[88,-73],[68,-39],[119,-46],[58,-45],[-10,-26],[-193,5],[-59,22],[-90,52],[-89,11],[-57,44],[-9,38],[24,120]],[[402334,22583],[64,-2],[-79,-143],[-107,-54],[-38,22],[84,65],[1,36],[41,26],[34,50]],[[405953,22929],[5,65],[49,11],[67,-11],[46,48],[76,-1],[8,-51],[-48,7],[-16,-45],[-77,-17],[-56,22],[-54,-28]],[[380127,23321],[64,-12],[-15,-55],[-47,-12],[-59,20],[57,59]],[[407939,18261],[-63,45],[49,19],[41,-25],[-27,-39]],[[378960,23783],[41,30],[74,-51],[-67,-37],[-30,6],[-18,52]],[[379775,25546],[29,-34],[-2,-51],[21,-42],[-34,-63],[2,-171],[13,-19],[2,-115],[-43,-46],[59,-57],[-32,-74],[16,-32],[-30,-45],[23,-63],[-45,-67],[9,-33],[-49,-69],[-60,-33],[20,-49],[-4,-82],[-30,-26],[29,-113],[24,-54],[-22,-86],[-46,-76],[-82,-69],[-81,69],[-88,29],[-36,121],[-36,8],[-16,43],[66,157],[-52,87],[-4,63],[-49,77],[0,50],[-82,48],[57,35],[2,51],[-49,29],[2,72],[81,13],[76,-60],[52,19],[74,-25],[72,34],[46,75],[77,72],[5,43],[-54,60],[9,65],[44,68],[24,78],[36,19],[54,76],[-26,41],[28,52]],[[399337,4846],[41,-37],[69,-23],[-24,-58],[-150,-15],[39,-115],[-43,-5],[-79,-108],[1,-66],[69,-23],[-50,-40],[-17,-47],[29,-47],[78,-47],[-4,-32],[38,-49],[-1,-65],[26,-58],[-2,-97],[-37,-74],[-40,-26],[-66,-89],[-15,-93],[-35,-45],[-71,-56],[-91,-20],[-150,35],[-112,1],[-114,-51],[-51,44],[-73,10],[-77,82],[-4,78],[15,41],[-116,21],[-47,34],[-34,-28],[-51,-1],[-34,-35],[-62,-3],[2,41],[-67,6],[57,58],[-27,17],[11,51],[-38,29],[-8,39],[42,34],[87,15],[61,28],[-80,50],[-39,70],[24,69],[-82,29],[-9,45],[19,51],[-111,-4],[26,-70],[-19,-31],[42,-69],[-48,-42],[-65,-31],[27,-59],[-38,-40],[-89,-46],[-39,-1],[-70,56],[-134,22],[-39,34],[4,44],[-54,11],[-58,63],[-62,-20],[-107,26],[-37,97],[56,7],[33,46],[-5,41],[38,73],[-20,57],[31,49],[53,40],[0,51],[32,90],[42,28],[29,83],[12,91],[63,74],[59,125],[28,33],[28,81],[-115,-59],[-75,-153],[-45,-49],[-107,-151],[-6,-43],[-75,-70],[13,-76],[-90,-23],[-13,-42],[-62,-15],[57,-49],[11,-100],[-116,18],[-45,-40],[71,-23],[38,-35],[-53,-59],[30,-53],[-44,-60],[31,-14],[12,-70],[66,-30],[66,23],[70,-33],[-35,-41],[68,-9],[44,-47],[142,-54],[2,-27],[65,-31],[52,-56],[27,9],[87,-51],[92,-18],[11,-85],[79,-74],[94,-20],[13,-35],[58,-15],[1,-52],[-35,-26],[-70,-3],[-46,-36],[0,-55],[-35,-81],[-54,-32],[12,-51],[-22,-64],[-50,18],[-49,104],[-92,32],[-153,-39],[-73,15],[-77,-66],[-16,-77],[-63,-7],[-50,59],[-89,15],[34,-87],[30,28],[45,-15],[24,-38],[156,-17],[32,61],[54,-22],[71,-61],[109,-16],[100,-40],[-50,-38],[3,-51],[-19,-73],[-40,-52],[-109,-58],[-39,-83],[-65,-15],[-16,-36],[57,-38],[-90,-79],[59,-34],[51,-81],[-34,-6],[-72,-50],[-42,61],[-67,-9],[-67,11],[-11,-39],[-105,59],[-54,-3],[-46,-27],[-18,-73],[-81,-11],[-50,65],[21,35],[-66,14],[-31,56],[-35,7],[-46,59],[-24,-53],[24,-31],[21,-86],[-83,-20],[20,-41],[84,43],[60,-4],[40,-70],[48,-19],[107,33],[57,-51],[35,12],[80,-8],[20,-41],[79,-16],[-6,-55],[34,-9],[-26,-73],[-98,-52],[-45,11],[33,71],[-27,46],[-85,9],[-57,-17],[-11,-38],[-132,-10],[-32,-27],[-27,-72],[-54,-28],[107,-69],[-11,-24],[54,-41],[93,62],[33,45],[72,56],[36,-27],[-174,-118],[-26,-43],[28,-83],[-13,-41],[-50,-20],[-47,15],[-185,-24],[-9,-60],[-81,12],[26,88],[-67,53],[-93,-97],[38,-39],[-43,-34],[-22,-68],[59,-60],[-28,-28],[5,-76],[-34,-14],[36,-46],[66,47],[59,6],[47,26],[46,-20],[35,-41],[-43,-36],[-8,-57],[33,-46],[-130,-83],[-88,-45],[-61,2],[-10,-38],[-89,-20],[-13,-109],[-70,42],[-82,-14],[-65,6],[-141,-78],[-11,25],[89,52],[16,37],[-39,74],[-131,93],[-77,2],[-36,30],[-142,14],[1,-34],[-117,-24],[-39,-41],[-95,39],[-61,-14],[-162,-133],[-54,-14],[-56,25],[-53,-14],[-54,28],[-49,129],[-47,83],[-73,18],[-55,-4],[-54,-91],[-50,16],[-30,64],[40,58],[6,42],[-108,9],[-66,34],[-65,88],[-73,28],[-66,-48],[-46,13],[-51,69],[63,51],[-73,38],[3,39],[-146,93],[-31,38],[29,41],[-21,20],[-15,119],[27,130],[-39,21],[-14,41],[-71,77],[-72,-25],[-35,-53],[-3,-60],[18,-74],[43,-33],[-39,-24],[10,-89],[90,-48],[7,-56],[55,-13],[97,-55],[15,-34],[-155,60],[-188,61],[-76,-58],[-115,5],[12,24],[-62,26],[-42,-12],[-79,-78],[-66,-45],[-33,28],[-59,0],[-51,-32],[-85,-6],[-50,61],[-88,-24],[-82,16],[-87,-9],[-75,7],[-43,-30],[-72,57],[-61,15],[-102,-28],[-58,49],[-10,57],[-67,37],[-45,-15],[-57,20],[-155,-50],[-50,-46],[17,-38],[-41,-33],[-209,-62],[-114,121],[-78,18],[27,48],[-24,32],[54,41],[-6,89],[-112,56],[-70,15],[-75,-11],[-125,0],[-68,43],[-57,-35],[39,-44],[-1,-53],[-39,-73],[29,-106],[-23,-65],[-79,-32],[-125,56],[-24,111],[-34,50],[-49,-7],[-58,-38],[-51,48],[1,66],[-112,-15],[28,-116],[-96,1],[-97,-61],[-107,-3],[-8,-125],[39,-49],[-4,-45],[-106,-1],[-79,114],[-71,-2],[-28,-20],[-29,-85],[-71,-8],[-71,34],[-63,-8],[-58,-94],[-49,53],[32,52],[7,81],[24,76],[-23,24],[40,144],[-56,45],[-5,57],[-56,48],[4,94],[28,65],[-56,54],[-80,12],[25,33],[-49,46],[-99,133],[21,44],[-46,46],[-25,109],[-160,10],[29,41],[-12,51],[-48,52],[-57,29],[-110,3],[-75,-65],[-61,3],[-13,29],[-57,20],[67,31],[20,70],[102,-17],[60,97],[79,-40],[13,-38],[47,0],[40,46],[-32,47],[45,15],[82,-46],[20,-86],[-11,-62],[-39,-41],[2,-42],[62,-24],[47,79],[-27,56],[28,16],[8,57],[-41,14],[-27,127],[-123,1],[53,121],[44,30],[125,-119],[63,5],[63,-16],[242,-5],[131,-45],[55,-37],[49,-96],[88,-1],[9,45],[-113,63],[-60,22],[-84,58],[71,13],[43,-33],[96,9],[61,-29],[67,38],[95,-45],[85,-8],[49,-20],[-8,-78],[41,-37],[-65,-22],[56,-64],[48,-95],[1,-93],[66,-26],[25,-41],[90,-23],[65,14],[-40,42],[-53,-30],[-54,-4],[-20,40],[-40,11],[-26,104],[-55,110],[52,41],[55,-24],[15,-68],[52,-36],[60,77],[94,-11],[-7,33],[-64,3],[-11,56],[-40,59],[72,22],[100,5],[50,-26],[138,-1],[24,-92],[57,-53],[63,-10],[9,62],[-91,96],[73,1],[36,57],[-33,81],[4,126],[44,28],[-118,13],[-6,-42],[-41,-13],[-77,63],[-13,35],[-102,14],[-53,-76],[-50,50],[38,123],[-2,37],[-55,52],[-47,-19],[-83,-61],[-7,-40],[42,-29],[-122,-83],[-42,-181],[-47,-30],[-49,13],[-80,-8],[-38,28],[-82,7],[-114,74],[-62,9],[-51,87],[8,44],[-50,79],[-47,10],[27,52],[-31,22],[-52,-68],[52,-39],[-54,-18],[-20,-74],[81,-58],[-81,-66],[-66,24],[-85,-62],[-28,27],[-106,31],[-78,3],[25,95],[-17,17],[-148,-26],[-34,14],[-12,55],[33,24],[-19,45],[-104,15],[-18,53],[-43,11],[22,68],[-81,35],[86,17],[62,34],[15,35],[-44,17],[-14,37],[36,34],[7,132],[27,42],[-66,52],[-163,-9],[-12,38],[-66,24],[-36,70],[-61,26],[29,34],[-79,46],[-33,-88],[115,-211],[-13,-74],[-123,2],[-45,-18],[-54,-104],[-47,-6],[-52,28],[-109,16],[-23,-54],[43,-33],[-87,-27],[7,-35],[61,-67],[63,-23],[146,76],[70,110],[127,-16],[20,-39],[-26,-25],[-24,-76],[6,-69],[41,-50],[-71,-10],[-64,30],[-97,-26],[-8,-66],[-37,-15],[-81,14],[-41,-13],[-19,-55],[-49,-11],[-77,42],[-65,77],[33,41],[-16,46],[-78,0],[-112,101],[-87,12],[9,76],[-21,26],[30,59],[-26,74],[-58,18],[-29,85],[51,4],[-31,56],[-36,3],[-37,55],[30,15],[26,68],[-60,51],[-57,11],[34,62],[-95,41],[-81,-8],[-35,-36],[-66,15],[10,55],[-45,89],[25,57],[-88,52],[-49,111],[-59,40],[-48,-10],[-47,34],[37,20],[0,60],[50,45],[-9,32],[-81,39],[-56,-16],[-47,-46],[-52,-14],[-62,20],[-43,73],[-73,49],[-42,-10],[-72,55],[81,12],[18,25],[-55,75],[39,38],[0,38],[75,27],[18,42],[-8,49],[-37,30],[-51,-12],[-138,64],[-49,-37],[-94,129],[7,53],[-74,47],[-163,78],[8,37],[-48,23],[-33,80],[-76,121],[-236,30],[-110,-50],[-60,-5],[-61,-39],[-155,14],[-89,-56],[-8,75],[-49,40],[24,84],[-22,182],[-93,125],[12,49],[-64,16],[-26,57],[-111,10],[-77,141],[-41,29],[-18,53],[-42,19],[30,42],[-44,80],[19,26],[-56,30],[-33,95],[-31,-1],[13,112],[-29,54],[16,21],[-31,48],[8,43],[-66,79],[-58,111],[-66,6],[-82,78],[-37,64],[6,73],[46,39],[43,85],[5,43],[-70,-10],[-32,52],[-19,125],[-38,88],[-50,25],[8,94],[-3,149],[-133,50],[-51,-16],[-85,3],[-14,112],[39,44],[-49,31],[-87,15],[-54,46],[-63,10],[-108,-23],[-19,-44],[-141,-9],[-22,57],[-33,1],[2,70],[75,-1],[65,-16],[153,121],[-11,47],[28,77],[-26,43],[20,47],[-53,27],[-53,-15],[-24,43],[-58,5],[21,78],[-47,24],[-5,31],[-58,81],[7,47],[-64,45],[-11,43],[23,104],[-34,61],[-27,6],[-2,66],[-68,-1],[-35,86],[-33,32],[28,41],[51,30],[8,58],[45,20],[-5,99],[-61,27],[10,40],[-38,66],[-35,29],[20,76],[-36,65],[25,32],[-98,78],[32,69],[-21,68],[-78,-4],[11,44],[41,49],[-69,45],[-37,85],[-38,17],[-69,69],[1,116],[91,52],[40,62],[-25,59],[33,54],[-4,42],[-42,78],[-28,106],[-43,38],[-71,31],[-1,78],[28,38],[-58,56],[44,64],[-19,43],[-112,-1],[-61,70],[65,10],[10,29],[165,-35],[30,-76],[57,-1],[45,-28],[5,-65],[74,-59],[-34,-54],[6,-56],[89,-7],[27,-74],[-9,-36],[23,-48],[75,-5],[57,-21],[4,-89],[-35,-32],[18,-36],[107,-27],[39,43],[67,29],[85,-12],[20,-97],[106,0],[49,36],[-20,-170],[3,-54],[57,-43],[105,-32],[10,-65],[75,-34],[72,7],[76,-50],[50,-53],[53,-2],[3,-34],[136,-90],[56,-21],[92,33],[170,-87],[10,-30],[62,-58],[24,-61],[72,-30],[-1,-63],[-30,-36],[-12,-82],[5,-70],[83,-122],[26,-128],[39,-123],[-28,-58],[-2,-48],[43,-154],[51,-38],[56,-1],[-3,58],[-37,42],[18,48],[-47,44],[63,193],[-39,35],[-22,55],[-12,103],[-37,52],[-104,34],[39,34],[160,45],[61,47],[47,4],[26,-57],[141,-37],[99,83],[-34,39],[85,64],[37,79],[-18,74],[23,23],[65,-29],[-3,113],[20,51],[72,63],[-75,66],[-47,-49],[-68,-31],[-29,-78],[-50,-12],[-95,26],[119,52],[7,32],[-59,71],[-24,55],[10,33],[-37,35],[-98,34],[-50,43],[-3,-89],[30,-48],[-102,-10],[-12,-51],[53,-14],[-31,-82],[-52,28],[-13,90],[-78,12],[-35,177],[-73,30],[-172,39],[-21,38],[-27,121],[-28,29],[-69,17],[-86,54],[-70,71],[-41,61],[-25,5],[-45,63],[-111,55],[-4,55],[-33,57],[73,39],[5,51],[-27,60],[9,38],[-86,45],[-18,-48],[-78,7],[54,83],[47,32],[5,115],[-95,64],[-73,16],[-59,-57],[-40,93],[34,40],[-87,22],[-46,-36],[40,-110],[-125,-49],[-71,3],[-132,-95],[-71,-82],[39,-41],[118,-36],[-16,-32],[31,-80],[-75,-37],[-98,-2],[-71,27],[-76,58],[-148,-4],[-51,13],[-5,39],[48,48],[70,47],[114,126],[41,79],[20,80],[35,281],[-15,157],[-51,254],[-40,113],[-165,345],[-104,176],[-23,52],[-215,334],[-54,19],[-54,78],[-136,41],[-39,72],[-49,6],[-147,83],[-43,38],[-10,61],[-58,25],[-46,66],[-167,81],[-126,118],[-19,115],[-48,22],[-70,87],[-48,9],[-53,60],[-80,-4],[12,60],[-64,9],[-131,159],[-4,71],[-21,61],[-73,39],[12,35],[-43,65],[-107,88],[-61,79],[-95,64],[-77,12],[-76,-59],[-26,0],[-84,59],[-57,57],[13,38],[-26,26],[-34,108],[15,24],[104,49],[-12,83],[104,74],[-23,23],[-101,-101],[-37,11],[-35,51],[-39,18],[4,41],[-34,24],[9,39],[-50,33],[47,56],[-3,45],[-28,36],[-44,114],[-43,59],[-10,59],[-102,163],[-172,225],[-155,213],[-163,163],[-11,71],[-64,41],[-34,57],[-55,43],[6,23],[-75,110],[-87,69],[-60,6],[-10,40],[-63,37],[-70,20],[51,82],[45,-15],[87,20],[60,56],[24,54],[-9,128],[-50,150],[-62,101],[-67,66],[-97,63],[-31,6],[-36,99],[12,29],[-36,46],[-108,37],[0,124],[-47,6],[-19,38],[19,38],[-36,21],[-10,91],[-38,41],[-53,17],[-40,61],[-69,75],[21,40],[3,76],[37,38],[-11,32],[37,38],[-28,77],[-2,63],[-83,59],[12,44],[-47,33],[12,25],[-37,54],[45,54],[10,67],[-23,35],[-54,18],[9,69],[-34,24],[13,43],[37,14],[27,104],[-7,104],[-46,121],[-78,121],[-2,39],[-78,54],[-86,5],[0,30],[-54,20],[8,28],[-73,86],[-52,25],[-5,34],[-61,53],[58,2],[111,66],[18,69],[-5,53],[-25,31],[37,108],[-11,61],[-80,104],[-68,-4],[1,72],[127,50],[16,53],[138,22],[53,45],[18,73],[91,-18],[56,-24],[72,31],[42,48],[96,156],[25,91],[-42,32],[61,17],[34,57],[-9,147],[-87,68],[15,86],[-44,21],[24,80],[45,39],[-12,33],[-56,63],[79,52],[17,35],[5,78],[-25,65],[-68,20],[-51,-17],[-45,41],[-4,167],[-57,60],[13,49],[56,5],[-13,49],[24,44],[56,21],[14,54],[-62,32],[-39,42],[10,51],[44,23],[6,44],[163,49],[70,104],[35,15],[15,-112],[34,-49],[73,-66],[36,-116],[-52,27],[-40,-18],[57,-90],[47,19],[81,-39],[77,-1],[33,-50],[-41,-121],[30,-54],[-9,-60],[43,-2],[40,62],[-11,120],[58,37],[150,-40],[77,-67],[107,34],[64,-2],[23,-24],[21,-93],[-13,-83],[62,42],[75,-11],[35,-26],[156,-44],[122,-11],[67,5],[103,-40],[-18,-44],[56,-30],[108,74],[120,5],[145,35],[70,54],[67,-60],[62,-33],[23,-87],[37,-56],[44,-28],[48,13],[71,-26],[-47,-64],[83,-11],[63,14],[21,52],[111,-48],[46,-45],[78,-104],[23,-70],[38,17],[-1,39],[115,-37],[-6,-60],[70,-31],[-19,67],[64,39],[66,-65],[10,-37],[65,-96],[88,89],[-13,45],[88,-6],[47,18],[107,-37],[-11,60],[-57,35],[-64,15],[-121,50],[-87,17],[-46,-13],[-28,51],[99,-7],[117,-35],[120,-21],[150,-9],[206,3],[158,20],[77,18],[168,62],[31,-9],[-64,-66],[-88,-39],[-108,-27],[46,-29],[132,-6],[134,65],[5,41],[62,87],[-19,25],[-5,68],[43,133],[-9,94],[-59,9],[-33,105],[-41,76],[9,47],[59,25],[72,-75],[-2,-42],[56,-61],[49,-23],[57,12],[53,-19],[23,-48],[-40,-52],[27,-45],[66,-17],[24,-27],[-33,-29],[-85,32],[-40,-20],[-87,-136],[-36,-42],[-14,-76],[-41,-6],[22,-81],[60,-41],[48,-12],[14,-68],[56,35],[-43,189],[99,-156],[98,-111],[22,-60],[35,16],[78,-50],[95,-40],[210,-16],[128,18],[54,-8],[18,-36],[76,4],[78,-22],[15,-23],[118,-52],[134,-25],[206,3],[141,31],[50,45],[36,10],[33,58],[62,-18],[24,-33],[-36,-50],[83,-71],[-8,-74],[30,-36],[94,-51],[43,-49],[36,-4],[19,-63],[104,-45],[149,20],[66,-17],[69,-66],[104,-20],[29,16],[90,-64],[84,3],[130,-53],[87,10],[109,-11],[47,10],[117,-13],[154,-41],[46,18],[79,-35],[4,-64],[-39,-26],[-28,-70],[66,-99],[77,-62],[118,-28],[31,-26],[56,1],[33,-38],[56,-29],[42,-77],[39,-14],[86,-66],[141,-57],[155,-38],[102,-15],[205,16],[60,-48],[95,3],[46,-27],[58,-7],[31,-57],[-9,-33],[97,-43],[115,-8],[131,27],[116,-21],[44,-40],[150,-44],[34,0],[81,-71],[170,-70],[97,-12],[47,-40],[48,11],[68,-16],[65,-72],[42,-22],[186,-19],[32,-23],[113,1],[68,-32],[-20,-54],[39,-28],[74,-13],[69,-27],[84,-4],[66,-71],[4,-40],[-93,17],[-31,-64],[-59,35],[-55,-9],[-13,-30],[110,-24],[67,53],[82,14],[3,53],[132,-21],[116,7],[46,-23],[99,1],[41,-27],[72,-7],[145,20],[32,38],[106,-21],[49,-31],[102,-16],[116,7],[165,44],[68,-28],[-15,-24],[108,-11],[98,4],[76,-33],[-28,-74],[4,-66],[33,-64],[-97,-108],[17,-30],[59,18],[24,-32],[1,-53],[41,-7],[-12,-48],[66,-22],[99,14],[-85,66],[-65,99],[-83,43],[58,52],[-36,123],[30,42],[77,23],[61,-5],[44,-24],[67,6],[129,39],[66,35],[203,18],[95,-1],[100,29],[142,54],[207,102],[65,43],[-2,61],[47,28],[34,-49],[55,-13],[-19,-121],[28,-39],[-31,-55],[31,-28],[84,-25],[25,-76],[75,-45],[22,-81],[-59,-30],[-14,-38],[43,-48],[17,-85],[45,-42],[-41,-56],[-5,-51],[110,93],[-4,36],[82,-2],[21,-25],[-25,-39],[12,-58],[55,19],[-18,39],[18,41],[-41,27],[-44,56],[-30,67],[-70,30],[39,60],[-38,35],[36,29],[8,92],[94,53],[-121,46],[-109,-60],[-42,49],[31,72],[105,-3],[104,20],[125,42],[131,67],[76,54],[25,70],[46,5],[43,35],[-47,89],[40,34],[71,5],[29,-20],[113,-42],[36,8],[142,79],[122,101],[12,20],[-57,74],[69,3],[33,-48],[68,-18],[12,-29],[80,-7],[33,-54],[52,-2],[90,48],[54,-3],[55,-27],[122,-98],[11,-44],[42,-35],[-48,-55],[44,-31],[73,17],[37,-28],[11,-57],[-10,-98],[-62,22],[-35,-30],[-74,2],[-94,-89],[-84,2],[32,-80],[49,25],[118,92],[55,-19],[78,27],[54,2],[66,-43],[-12,-48],[19,-54],[-20,-48],[107,-33],[18,-36],[-38,-68],[21,-19],[79,26],[-10,84],[-30,52],[76,3],[34,-29],[98,63],[46,77],[39,31],[107,-33],[67,-37],[69,-21],[24,-33],[93,-29],[43,-68],[-89,-39],[-58,-40],[56,-21],[-31,-62],[-83,-37],[-19,-26],[129,-103],[134,-77],[8,-78],[38,-56],[94,-89],[118,71],[56,-30],[-46,-59],[22,-46],[62,-29],[6,-58],[-13,-58],[-31,-45],[-39,-17],[42,-117],[97,-60],[117,-23],[33,9],[48,-77],[147,-105],[55,-13],[75,9],[79,44],[37,36],[76,-15],[61,-54],[-63,-54],[-4,-41],[45,-86],[-9,-108],[43,-70],[128,-63],[130,-13],[18,28],[-158,87],[-31,83],[-84,64],[-37,97],[42,51],[11,43],[-76,80],[-102,0],[-81,-40],[-55,81],[13,41],[-135,40],[-216,-6],[-100,18],[-68,38],[4,78],[98,73],[72,34],[110,19],[10,45],[-90,57],[-33,72],[-80,76],[-103,48],[-12,47],[-51,-1],[-122,32],[-61,33],[-10,57],[12,45],[-18,55],[-80,-59],[-90,-31],[-72,40],[23,63],[55,-8],[42,29],[-49,71],[19,53],[73,32],[75,13],[72,-14],[57,-60],[40,3],[-64,86],[-81,28],[-137,81],[-215,169],[-1,38],[-54,2],[-88,51],[-88,1],[-113,-57],[-122,1],[-54,17],[-35,57],[-40,-15],[-71,55],[56,35],[-9,59],[-49,12],[-29,89],[13,35],[-57,97],[-32,23],[2,53],[-44,51],[53,7],[116,67],[52,77],[48,27],[54,4],[172,77],[71,40],[35,50],[58,-7],[52,-62],[104,-8],[31,17],[76,-27],[106,6],[141,42],[34,-4],[102,84],[60,29],[86,61],[69,62],[13,39],[56,36],[42,-17],[88,38],[54,-1],[75,-70],[100,10],[62,22],[43,-13],[80,-51],[37,-39],[111,22],[20,25],[86,-35],[127,25],[-5,-35],[58,-28],[166,-51],[54,-25],[41,-69],[44,61],[14,50],[104,-14],[135,76],[54,-13],[154,71],[110,91],[93,111],[37,68],[141,76],[46,3],[53,34],[23,-69],[65,-38],[103,-14],[122,24],[80,41],[64,55],[63,16],[72,-103],[-15,-66],[51,-80],[-9,-33],[102,3],[113,-40],[50,-42],[-17,-35],[52,-102],[161,-14],[195,29],[145,58],[245,122],[138,99],[134,119],[229,246],[77,116],[70,54],[24,44],[106,147],[-34,65],[66,-10],[46,67],[-5,33],[40,31],[89,-4],[99,22],[194,84],[78,68],[61,-17],[154,-91],[54,-95],[116,-76],[134,-3],[136,37],[96,-6],[12,-60],[205,-107],[130,-31],[45,4],[146,-24],[92,-5],[174,51],[106,59],[74,30],[-19,-58],[55,-12],[-4,58],[49,78],[105,83],[125,129],[98,126],[123,186],[-25,44],[7,57],[69,26],[36,83],[8,55],[-75,44],[-59,-12],[-23,37],[30,43],[50,-32],[84,1],[98,36],[188,-13],[121,-19],[68,-61],[95,21],[1,-40],[40,-43],[-37,-23],[63,-65],[55,42],[85,-30],[147,5],[45,-16],[144,-114],[11,-37],[120,-170],[-34,-11],[8,-108],[102,-18],[15,31],[78,-39],[120,-30],[143,-6],[42,44],[-16,65],[56,-3],[23,-48],[95,-62],[145,-52],[52,2],[-20,-71],[3,-77],[52,-85],[31,-13],[45,-57],[91,-11],[94,-32],[31,-60],[36,-21],[4,-80],[44,-65],[92,-90],[62,-47],[64,-23],[-3,-87],[39,-93],[67,-32],[26,-90],[44,-51],[47,-26],[73,21],[8,-45],[-74,-44],[-71,-59],[-184,-203],[-31,-82],[-5,-86],[-27,-6],[-31,70],[48,109],[-51,-12],[-78,6],[-108,-59],[-21,-28],[117,-60],[64,9],[85,-78],[34,-6],[-42,-60],[-31,-111],[-30,-31],[-14,-62],[-48,-48],[-39,-84],[-21,-111],[10,-118],[42,-48],[7,-46],[63,-78],[-37,-57],[-84,-60],[25,-171],[-7,-29],[99,2],[-19,-35],[14,-107],[77,-100],[-10,-18],[56,-57],[108,22],[22,-54],[76,17],[31,28],[71,-44],[-28,-60],[-10,-69],[-66,-64],[-53,-2],[-66,-68],[20,-77],[-51,-33],[-113,-11],[-5,54],[42,43],[-9,69],[-120,13],[1,-37],[-46,-41],[4,-80],[-30,-52],[32,-64],[-127,-56],[-57,4],[-31,-31],[63,-22],[50,-67],[87,5],[144,108],[65,11],[68,40],[29,46],[-2,36],[44,54],[57,18],[39,60],[24,94],[40,-31],[48,10],[67,43],[53,-5],[-1,-51],[-83,-35],[-79,-57],[-86,-94],[-54,-118],[-16,-86],[-35,-95],[-95,-150],[-68,-34],[-113,-25],[0,-42],[66,19],[65,35],[-38,-115],[-7,-93],[-63,-87],[-35,-92],[-1,-96],[-31,-38],[-41,-103],[-8,-65],[-118,43],[-51,-22],[-78,-4],[67,-56],[41,75],[136,-48],[-10,-75],[7,-121],[23,-118],[42,8],[14,-81],[20,-21],[7,-90],[46,-103],[-21,-25],[24,-59],[63,-54],[44,8],[42,-76],[80,-28],[8,-110],[27,-91],[-6,-88],[12,-88],[-49,-37],[12,-59],[-40,-46],[-47,-20],[-88,-120],[-30,-102],[-5,-100],[48,-62],[-35,-29],[-36,-74],[-16,-94],[9,-62],[34,-65],[49,-38],[54,-1],[13,-60],[-74,-7],[-45,-22],[-60,-77],[-42,-99],[-40,-55],[-52,-151],[2,-93],[18,-75],[5,-96],[50,-117],[98,-72],[7,-37],[69,-25],[62,1],[55,-33],[-15,-52],[-39,-33],[-1,-51],[155,-200],[-72,-90],[-63,-17],[-37,-69],[2,-62],[61,-99],[-82,-25],[-47,-53],[-59,-163],[-18,-84],[-2,-232],[19,-66],[41,-61],[58,-51],[88,3],[26,-94],[37,-24],[-3,-39],[59,-42],[-7,-70],[35,-61],[59,-25],[40,5],[18,-45],[-21,-22],[35,-40],[-8,-51],[-59,-18],[-14,-52],[-67,14],[-48,-46],[31,-72],[-29,-59],[-63,-53],[-76,-6],[-39,-37],[30,-50],[65,-21],[58,45],[124,-45],[56,-44],[52,-5],[74,-86],[-31,-77],[-72,-68],[27,-89],[-61,-33],[-54,-2],[-66,-87],[7,-104],[-38,-20],[10,-61],[-97,-17],[2,-49],[48,-24],[-130,-54],[-52,16],[14,42],[-18,85],[-34,43],[-81,35],[-18,-23],[-102,20],[-58,50],[-25,129],[110,19],[66,65],[27,94],[106,65],[15,58],[-33,55],[-78,86],[-51,36],[-82,4],[1,54],[47,58],[72,52],[76,11],[92,37],[39,53],[-26,47],[-37,20],[-78,-27],[-9,45],[-37,33],[-86,41],[-136,-17],[-50,29],[-7,45],[-49,23],[-7,39],[39,42],[-97,51],[-163,56],[39,46],[69,-36],[20,35],[-39,23],[-149,14],[-53,-15],[-58,-70],[-112,-6],[-84,6],[-32,16],[-10,81],[109,107],[14,59],[82,12],[89,45],[101,-26],[61,31],[53,85],[54,31],[50,90],[49,22],[38,62],[-9,62],[-67,38],[-49,0],[-61,-44],[-47,17],[-21,-77],[37,-28],[-100,-112],[-64,-34],[-77,32],[-25,42],[-86,16],[-10,84],[-44,14],[-110,-79],[8,-27],[-73,-51],[-9,-46],[19,-33],[3,-102],[-45,-23],[-1,-57],[58,11],[24,36],[-16,83],[103,-33],[8,-43],[-33,-50],[50,-12],[-100,-80],[-101,-8],[-74,19],[-55,-49],[3,-57],[30,-42],[72,9],[114,35],[122,-77],[89,2],[46,18],[222,-23],[151,-47],[35,-22],[-30,-42],[-103,21],[-172,23],[-243,18],[-187,1],[-110,-6],[-182,-25],[-127,-41],[-80,-47],[-53,-63],[26,-59],[71,-30],[-56,-36],[6,-74],[-11,-55],[16,-105],[40,-46],[-60,-21],[-55,-71],[-24,-92],[-178,-86],[-9,-49],[-93,-71],[-12,-47],[-127,-111],[-2,-75],[90,-39],[21,-34],[-97,-72],[7,-48],[-27,-37],[26,-46],[-104,-99],[-12,-80],[-129,-7],[-107,-89],[19,-56],[-26,-33],[-138,-27],[-87,-49],[-80,6],[-3,-38],[113,-4],[46,30],[46,-73],[33,58],[114,72],[17,77],[63,17],[49,44],[61,25],[149,-15],[-32,-29],[25,-101],[54,-64],[-48,-87],[-69,-73],[-6,-71],[-81,-41],[-81,-85],[-61,-138],[30,-52],[82,-62],[7,-98],[32,-43],[82,-8],[-22,-127],[12,-25],[-68,-49],[-30,-65],[-16,-96],[19,-98],[110,-61],[-76,-60],[-48,-58],[-52,3],[-38,63],[-69,1],[-56,-35],[1,-63],[-78,-21],[-20,-57],[-6,-89],[-43,-18],[-70,48],[-68,-23],[-10,75],[-45,14],[38,56],[-126,113],[-38,13],[-61,-24],[-26,-31],[30,-38],[85,-41],[28,-99],[-28,-29],[-194,27],[-78,-54],[-6,-63],[26,-46],[119,-18],[50,23],[38,-24],[35,-103],[46,-58],[88,-41],[58,-61],[76,-22],[-5,-36],[-51,-32],[1,-80],[-55,-40],[10,-21],[88,-52],[88,-32],[20,-61],[-44,-15],[12,-53],[74,-61],[-29,-51],[-14,-68],[-98,-48],[-4,-34],[-48,-48],[10,-32],[59,-23],[-32,-97],[24,-34],[-90,-78],[-62,-19],[-137,-4],[-78,-33],[-139,-153],[-65,-134],[-34,-127],[-6,-97],[10,-89],[22,-66],[-21,-46],[-47,129],[-86,-134],[-5,-62],[-72,-1],[-59,-103],[-6,-43],[-56,-24],[-12,-95],[-57,-11],[-41,-51],[-98,-35],[-62,11],[-35,-28],[3,-59],[-141,33],[-51,-57],[-34,32],[-68,7],[-30,33],[-158,29],[-60,49],[-64,-36],[-77,-24],[-74,24],[-118,-70],[-91,-7],[16,54],[-101,63],[-58,-52],[-78,34],[-11,34],[22,48],[49,-4],[63,-29],[40,46],[154,32],[2,51],[-200,-84],[-90,-6],[-51,26],[-220,58],[50,111],[41,17],[-3,51],[-40,42],[-62,28],[-92,153],[-11,53],[46,23],[-27,60],[24,20],[-37,53],[-39,-31],[9,-51],[-83,-14],[-66,27],[-83,14],[-12,-29],[-77,28],[-11,61],[-150,33],[-9,-73],[62,-52],[5,-42],[-82,-10],[-58,138],[-72,24],[-113,-90],[-92,-59],[-80,52],[-68,22],[-101,75],[107,78],[-110,45],[-43,-10],[14,-52],[-112,-34],[6,-48],[47,-17],[34,-87],[55,-13],[40,-61],[50,-22],[75,-6],[9,-79],[100,-44],[108,74],[8,51],[87,-20],[-11,-29],[35,-51],[37,-19],[79,0],[116,22],[236,3],[118,-27],[166,-125],[-35,-10],[-150,59],[-145,8],[-219,-39],[-112,-39],[-106,-57],[-94,-72],[-7,-19],[60,-46],[4,-25],[-56,-75],[-22,-66],[-52,-101],[10,-44],[39,-30],[93,9],[8,-58],[68,-10],[66,-48],[47,-79],[1,-67],[-18,-54],[-46,-3],[-58,46],[-56,-7],[6,-50],[-49,-45],[26,-42],[49,-29],[37,-78],[92,16],[38,57],[-72,42],[5,42],[57,-1],[45,21],[50,-51],[-1,-108],[26,-29],[-171,-24],[-66,-33],[37,-55],[4,-47],[-61,-75],[-42,-23],[-118,-18],[-129,-38],[-14,-28],[-107,-23],[-97,0],[-122,-25],[-125,-44],[-53,-54],[-110,104],[78,66],[-3,80],[-68,65],[-70,23],[57,161],[-85,50],[49,26],[71,91],[0,-85],[-21,-49],[98,-39],[12,-59],[-17,-73],[85,-93],[-19,-38],[43,-66],[165,-33],[68,14],[95,57],[2,106],[-33,74],[30,71],[52,41],[-23,56],[-82,58],[-43,-21],[-64,6],[-50,52],[37,23],[43,113],[1,84],[52,31],[13,69],[66,33],[53,-6],[49,25],[-19,57],[-69,20],[-105,-20],[-23,-18],[-95,27],[-74,1],[-41,-29],[26,-40],[-113,-178],[-102,38],[25,47],[-4,66],[52,71],[-1,27],[-61,109],[-35,17],[-15,61],[-168,31],[-91,-1],[-55,31],[-88,-3],[-18,173],[-93,50],[-94,122],[-72,44],[26,51],[-104,46],[-80,14],[-101,51],[-22,51],[50,17],[35,40],[-54,54],[-118,2],[-53,36],[-3,55],[-26,38],[30,74],[-22,28],[-211,85],[-36,-14],[-45,30],[-80,14],[-84,79],[-39,11],[-112,-47],[-17,-79],[69,-12],[57,22],[70,-3],[99,-54],[99,-30],[38,-59],[68,-31],[61,-45],[34,-66],[-44,-62],[110,-10],[45,-63],[-78,4],[-67,-89],[15,-45],[93,-46],[53,-48],[49,5],[49,32],[59,13],[79,-15],[55,-51],[90,-38],[12,-45],[-44,-15],[44,-45],[-29,-74],[136,-77],[-20,-39],[55,-88],[-22,-71],[-37,-21],[-15,-46],[100,-59],[84,-5],[37,-52],[15,-82],[-33,-79],[-28,-118],[-68,-15],[-40,-65],[-16,-90],[-80,-26],[-35,-48],[45,-33],[2,-57],[-43,-62],[44,-68],[-11,-32],[43,-55],[35,-93],[-8,-45],[53,-49],[-11,-34],[-66,-42],[-43,5],[-55,-25],[-64,10],[-96,112],[-41,90],[-53,63],[-37,117],[-51,-7],[-47,-36],[-28,-51],[81,-39],[-51,-119],[-46,-11],[6,-72],[-84,-127],[168,-37],[38,-32],[64,-7],[70,-38],[-1,-51],[-30,-39],[-124,-84],[-53,24],[-55,-24],[-78,6]],[[254804,220768],[142,-21],[97,-31],[97,-118],[2,-43],[66,-20],[32,17],[-23,78],[38,46],[59,4],[88,-40],[118,-79],[97,-90],[38,-82],[30,-41],[0,-65],[-17,-62],[-3,-74],[-33,-131],[19,-87],[38,14],[-20,46],[15,66],[36,54],[61,117],[46,11],[45,-30],[129,-108],[59,-20],[55,-35],[68,-20],[101,-74],[-21,-92],[-29,-80],[-10,-101],[-27,-44],[-61,-60],[-2,-120],[36,-67],[51,-124],[5,-61],[-28,-34],[62,-20],[25,-62],[54,-23],[21,-53],[-4,-41],[24,-49],[-47,-33],[-73,-126],[-90,-51],[7,-134],[-54,-76],[-62,-38],[-28,-37],[12,-89],[102,15],[13,29],[61,67],[32,-50],[17,120],[58,139],[45,70],[30,-8],[-41,-92],[63,6],[153,-140],[45,10],[-28,99],[-95,76],[36,31],[57,110],[23,-2],[61,47],[-3,101],[10,39],[-30,14],[18,44],[29,-3],[49,59],[-20,54],[-48,83],[-17,75],[118,91],[31,57],[-10,67],[27,45],[33,-29],[37,35],[-63,63],[-74,53],[-101,32],[-24,83],[40,31],[24,94],[-4,47],[-62,177],[-5,49],[16,172],[4,109],[40,6],[-11,46],[-52,84],[-13,70],[-12,134],[-56,109],[-1,73],[29,40],[98,11],[46,-37],[65,-23],[59,-5],[30,-19],[-5,-47],[-40,-67],[78,1],[22,14],[161,44],[110,5],[98,-21],[45,-31],[56,-10],[76,-56],[65,-2],[53,-31],[86,-134],[21,-71],[84,-27],[21,-17],[81,2],[144,-77],[72,-1],[189,-39],[27,-22],[120,-35],[36,-22],[78,-17],[53,-27],[31,-39],[64,-129],[127,-168],[35,-75],[65,-91],[32,-116],[-12,-55],[102,-44],[146,-114],[17,-38],[38,-16],[64,-65],[65,-107],[70,-65],[44,-68],[47,-39],[33,-55],[-8,-50],[19,-54],[-24,-56],[-30,-31],[-100,-69],[-116,-63],[-39,8],[-48,-46],[-23,-118],[50,-71],[47,20],[-1,43],[58,103],[40,30],[141,8],[96,-4],[88,80],[27,40],[28,-5],[85,16],[129,-22],[111,-70],[97,31],[15,14],[6,89],[-23,10],[-72,70],[-75,56],[-94,107],[-85,155],[-15,80],[12,42],[-1,164],[59,7],[47,58],[65,1],[-4,50],[-63,24],[-116,-82],[-45,27],[-45,124],[-57,121],[-4,70],[32,137],[-4,119],[-37,56],[-86,7],[-96,-71],[26,-94],[-26,-3],[-49,58],[-50,153],[-106,183],[-123,177],[-65,113],[-81,86],[11,49],[-13,51],[-47,92],[-45,52],[-60,102],[-50,48],[-37,70],[-46,39],[-15,68],[10,32],[52,11],[119,-69],[100,-69],[56,-71],[184,-188],[90,-120],[70,-166],[61,-100],[112,31],[93,42],[-7,92],[-36,47],[-104,55],[-93,108],[-30,55],[-13,69],[-65,146],[4,46],[42,19],[141,-93],[192,-145],[62,-74],[18,-37],[93,16],[2,47],[36,9],[77,-14],[206,-95],[139,-11],[52,-14],[175,2],[101,9],[134,46],[62,-6],[146,-48],[47,-29],[64,-21],[115,19],[92,34],[135,61],[77,16],[-45,58],[-12,35],[41,21],[173,54],[64,-7],[33,47],[-66,51],[-30,3],[-77,-23],[-1,57],[65,25],[50,-20],[49,28],[64,96],[71,34],[12,61],[-86,18],[-65,-1],[-89,-23],[-129,-91],[-149,-141],[-47,-74],[-81,-33],[-114,-15],[-47,10],[-72,-22],[-57,-41],[-124,-7],[-51,27],[-37,1],[-67,68],[1,44],[37,51],[149,40],[51,40],[59,101],[44,18],[11,61],[54,18],[-31,29],[12,43],[-33,7],[-65,-67],[-64,-34],[-30,-37],[10,-60],[-89,-21],[-44,23],[-55,-41],[-135,-50],[-78,19],[-100,64],[-16,33],[-135,63],[-104,27],[-58,27],[2,21],[-54,40],[-34,110],[10,50],[35,15],[-21,50],[-86,28],[-70,55],[-65,76],[-44,78],[-60,48],[-14,47],[-35,31],[-62,-7],[-93,39],[-68,101],[-29,106],[-35,48],[4,148],[28,61],[38,7],[105,-18],[63,14],[163,19],[127,1],[159,-6],[76,-16],[118,7],[28,18],[140,146],[31,55],[75,40],[54,11],[58,-13],[49,31],[36,47],[163,145],[32,59],[-2,42],[-86,-49],[-339,-111],[-32,-3],[-138,-42],[-106,-47],[-82,-62],[-64,-20],[-123,6],[-158,48],[-187,41],[-124,3],[-220,39],[-38,21],[-47,62],[-61,15],[-130,15],[-44,-35],[-38,42],[-57,128],[-62,64],[-88,65],[-7,43],[-48,42],[80,66],[40,50],[43,99],[-17,18],[-49,-99],[-32,-46],[-87,-69],[-65,33],[1,72],[-38,108],[5,-171],[-32,-28],[-39,-3],[-59,-42],[-47,0],[-30,107],[36,26],[-12,32],[-74,33],[-58,7],[-87,73],[-8,52],[-27,14],[20,67],[-35,52],[-51,40],[-24,40],[-70,48],[-109,49],[-118,-2],[-43,-22],[-56,-3],[-9,37],[48,156],[-15,44],[7,77],[34,49],[70,164],[-12,79],[-45,36],[18,46],[48,18],[55,73],[58,7],[34,31],[112,188],[54,74],[-23,23],[8,121],[-20,43],[-7,88],[20,54],[-19,27],[50,45],[52,-20],[70,48],[85,101],[76,154],[43,-20],[51,20],[8,36],[66,95],[61,123],[60,138],[44,82],[59,26],[49,-42],[-2,68],[-57,39],[-10,37],[32,95],[1,105],[-24,71],[-64,25],[-34,-2],[2,102],[-30,70],[-49,20],[46,38],[65,-11],[52,-102],[70,-63],[58,-11],[91,68],[19,27],[46,8],[33,-43],[4,-61],[-28,-84],[56,-65],[-4,-39],[-61,-54],[-27,-92],[10,-70],[-32,-51],[18,-34],[71,-25],[24,-52],[117,18],[0,93],[-19,89],[4,49],[31,126],[97,109],[58,-29],[31,-60],[100,12],[10,60],[21,7],[73,97],[24,48],[5,76],[-48,62],[-113,90],[38,60],[3,63],[42,-9],[-10,-38],[69,-90],[71,-20],[25,-34],[58,-25],[96,-10],[117,32],[78,58],[60,15],[132,65],[42,35],[39,-4],[49,44],[50,-14],[51,16],[56,44],[-10,18],[54,111],[67,74],[12,45],[36,12],[2,47],[43,105],[3,35],[-49,38],[21,77],[-20,51],[9,75],[-39,44],[-8,56],[-47,66],[-71,9],[-56,-10],[-33,32],[3,112],[29,69],[1,61],[26,107],[69,63],[69,98],[177,118],[91,117],[86,67],[80,-17],[-8,85],[-36,13],[-29,40],[-2,60],[40,183],[7,88],[-17,41],[-41,21],[16,153],[-1,55],[31,122],[3,77],[79,165],[55,102],[92,203],[74,198],[31,124],[2,51],[-42,316],[-29,42],[-53,28],[6,34],[49,-7],[21,-57],[103,-9],[121,29],[76,48],[90,27],[-51,66],[17,44],[-14,28],[63,102],[9,47],[37,12],[32,74],[81,66],[6,-52],[-23,-24],[40,-73],[-22,-36],[29,-36],[-10,-66],[20,-77],[-19,-30],[8,-69],[63,-85],[99,-70],[54,-53],[77,-21],[82,-7],[28,-22],[77,-11],[119,21],[62,-18],[82,1],[25,28],[82,-11],[50,30],[36,4],[183,102],[51,44],[50,62],[95,36],[38,50],[86,74],[186,187],[52,-33],[35,-40],[65,3],[127,64],[72,64],[95,98],[137,194],[18,15],[50,96],[18,14],[278,627],[106,232],[-36,37],[-52,109],[-11,75],[-90,129],[-134,131],[-14,29],[-64,56],[-55,71],[-133,133],[-37,47],[-96,7],[-139,-18],[-30,34],[-63,31],[-21,30],[20,98],[-10,51],[12,86],[73,102],[47,96],[-1,23],[-68,65],[-44,56],[3,71],[15,88],[50,140],[7,124],[81,205],[11,95],[-23,68],[-27,1],[-50,46],[7,96],[30,56],[50,68],[13,51],[1,79],[35,19],[47,-8],[61,21],[68,90],[64,55],[81,-31],[57,12],[-13,-73],[8,-42],[101,-112],[63,-35],[73,-17],[183,21],[120,35],[170,97],[77,52],[86,45],[92,108],[141,56],[51,44],[2,36],[-47,22],[115,257],[35,105],[50,208],[-33,46],[-11,45],[22,111],[-28,135],[7,95],[26,122],[-5,40],[-45,81],[-28,29],[17,87],[-13,35],[9,94],[32,127],[42,-8],[59,-48],[83,-17],[29,17],[85,-56],[115,-126],[24,65],[-85,98],[13,76],[-41,43],[24,29],[115,41],[29,-69],[82,58],[-2,29],[-33,46],[12,24],[50,7],[49,55],[47,13],[27,-76],[126,42],[56,-36],[12,-28],[84,-63],[98,-52],[9,-40],[133,22],[37,-26],[39,-100],[-1,-81],[-23,-43],[-53,-56],[-31,-68],[24,-42],[28,65],[69,51],[52,-41],[73,-34],[50,2],[97,81],[29,2],[17,-56],[55,25],[48,-18],[20,-37],[32,-2],[27,-42],[-25,-120],[36,-3],[17,51],[68,37],[0,39],[72,4],[34,-37],[28,3],[51,-31],[70,-1],[26,-141],[-22,-81],[28,-66],[24,39],[37,120],[-24,65],[0,62],[-51,40],[-61,27],[-47,57],[48,44],[62,-77],[49,2],[38,19],[154,-17],[68,-71],[123,-20],[44,-31],[-2,-24],[-56,-35],[13,-47],[54,36],[49,60],[4,29],[69,43],[4,46],[166,43],[-108,8],[-68,-9],[-85,-67],[-40,0],[-59,22],[-25,35],[2,33],[-46,1],[-73,46],[0,18],[72,62],[-156,-6],[-47,51],[-27,-20],[-91,14],[-27,60],[-60,47],[-40,-31],[-42,-2],[-44,30],[-73,15],[-69,-79],[-31,3],[-42,52],[-15,52],[-33,27],[1,87],[-62,51],[-50,22],[-65,54],[-43,10],[3,35],[56,78],[31,-46],[84,-1],[104,26],[59,-55],[56,78],[74,37],[10,72],[49,27],[-77,24],[-25,-10],[-53,26],[-59,49],[-56,-45],[-35,-8],[-42,57],[-11,60],[20,72],[-28,41],[25,73],[51,106],[22,73],[-5,35],[27,42],[16,87],[41,37],[4,48],[127,-4],[-5,106],[-103,61],[-34,67],[-48,43],[28,62],[33,35],[30,-18],[119,36],[69,-5],[57,26],[-44,31],[-23,62],[-49,45],[-76,13],[-46,22],[-43,-3],[-53,73],[-16,85],[99,8],[64,39],[95,43],[46,46],[66,-18],[123,-2],[49,-29],[58,-8],[16,-38],[102,-34],[11,-37],[101,-56],[88,-3],[85,19],[39,-29],[1,-36],[121,-41],[87,-9],[53,17],[73,-15],[50,-60],[56,-22],[10,-54],[-13,-60],[-44,-57],[-23,-156],[-61,-72],[-43,-107],[-45,-61],[-91,-86],[76,2],[12,51],[43,49],[65,139],[91,95],[42,-9],[43,37],[30,-45],[-51,-82],[4,-51],[52,-69],[-16,-32],[6,-51],[-62,-51],[24,-46],[-16,-28],[31,-49],[-13,-42],[-40,-20],[0,-64],[-104,-73],[-35,-72],[17,-29],[73,99],[57,32],[44,41],[53,-16],[6,-90],[-59,-179],[56,-48],[-21,-88],[28,3],[36,102],[-31,63],[41,73],[51,38],[0,47],[-60,139],[10,45],[93,68],[81,-4],[16,-78],[-38,-101],[35,-26],[21,-83],[41,16],[2,36],[-30,96],[111,6],[47,24],[48,-16],[5,-83],[52,-50],[4,-39],[79,-56],[59,-80],[6,-37],[-59,-79],[74,-8],[5,-62],[45,-51],[67,-59],[8,-65],[37,-42],[77,-46],[35,25],[-42,43],[-65,32],[-6,77],[-59,58],[-10,54],[17,55],[-11,32],[94,10],[51,-20],[127,10],[130,-38],[21,-38],[34,-106],[42,-60],[75,6],[20,47],[-9,87],[-23,13],[-41,74],[-81,77],[-38,75],[-33,33],[-91,40],[-43,29],[-67,1],[-7,-32],[-93,33],[-43,-5],[-52,142],[12,31],[-38,163],[-13,26],[-98,30],[-3,110],[14,52],[54,-22],[14,-72],[64,-45],[42,2],[138,58],[22,-36],[42,4],[97,63],[57,-66],[10,-57],[-20,-66],[51,-34],[34,18],[61,-44],[74,33],[-10,61],[-77,14],[-27,45],[10,127],[-90,102],[-6,63],[-119,7],[-57,14],[-53,-53],[-48,-19],[0,-40],[-97,17],[-107,77],[170,61],[37,52],[-84,49],[-57,-13],[-79,53],[-98,44],[28,61],[-78,32],[-6,-50],[27,-23],[-24,-60],[15,-34],[3,-75],[-60,-25],[-22,49],[-70,58],[-111,-3],[-15,45],[51,51],[34,-15],[38,58],[-6,23],[31,94],[-58,115],[-73,-18],[-20,47],[16,20],[81,-6],[76,-42],[60,68],[23,92],[-43,29],[-17,47],[93,51],[61,-13],[25,67],[53,88],[98,96],[42,19],[49,71],[235,-89],[105,-6],[69,12],[65,-37],[93,26],[50,-6],[83,18],[78,-60],[96,-19],[33,-32],[96,-29],[28,12],[73,-7],[50,13],[-1,31],[69,57],[-119,-19],[-31,18],[-36,99],[27,52],[101,21],[-80,46],[-70,-4],[-42,-45],[-37,20],[19,130],[58,191],[28,58],[24,114],[19,144],[-16,89],[-35,29],[-25,52],[-76,4],[-58,51],[-30,52],[-16,64],[-33,60],[10,133],[59,62],[56,34],[83,25],[77,49],[116,29],[43,-25],[-16,-43],[24,-52],[48,-42],[60,-23],[52,16],[26,39],[98,45],[202,-10],[26,-125],[-10,-30],[81,-56],[98,-11],[83,28],[74,88],[99,-39],[-4,-74],[89,-102],[55,-37],[62,-23],[56,-48],[42,-67],[27,-1],[77,-46],[-4,-65],[127,74],[72,4],[40,33],[-26,35],[-130,8],[-18,43],[31,105],[81,88],[86,159],[16,73],[-40,44],[0,88],[20,36],[66,69],[18,58],[53,55],[-2,88],[-33,128],[30,66],[65,61],[80,102],[5,22],[65,29],[49,-79],[-36,-36],[5,-88],[60,-63],[26,-1],[24,-57],[51,-31],[-1,-38],[-35,-58],[-11,-85],[60,-58],[-36,-53],[-22,-84],[69,-69],[-9,-48],[-60,-107],[19,-91],[50,-108],[40,-68],[120,-152],[94,-93],[94,-81],[113,-65],[120,-81],[242,-87],[146,-37],[214,-26],[169,-1],[184,9],[186,27],[85,5],[27,-16],[81,8],[185,-12],[107,-18],[306,-2],[206,-7],[120,1],[71,28],[251,34],[47,-5],[158,24],[52,0],[144,47],[115,54],[118,41],[105,26],[120,52],[270,174],[52,46],[63,14],[100,-6],[43,-44],[60,-31],[-10,-59],[58,-74],[39,-15],[13,-87],[51,-51],[123,-80],[89,-34],[135,-38],[92,-18],[101,-4],[115,-41],[23,-17],[92,-30],[122,-23],[106,2],[92,-26],[64,-5],[-6,49],[23,49],[68,44],[87,42],[102,38],[172,100],[38,17],[133,102],[62,58],[75,106],[24,54],[42,44],[46,-2],[28,23],[38,-21],[73,21],[115,50],[124,75],[34,61],[11,64],[45,49],[29,-36],[163,-3],[20,-61],[-13,-62],[8,-92],[58,-104],[54,-58],[65,0],[41,49],[184,52],[149,72],[152,21],[33,-17],[77,-124],[57,-50],[52,-29],[68,-67],[220,107],[-8,158],[40,107],[85,140],[63,160],[32,23],[127,29],[180,32],[86,31],[154,71],[126,66],[213,156],[-11,64],[49,6],[25,-53],[106,-99],[228,87],[182,58],[-36,58],[-15,50],[1,60],[24,81],[-27,167],[-31,106],[16,38],[67,251],[19,114],[26,51],[29,108],[4,200],[22,141],[18,34],[91,49],[-77,122],[5,77],[24,37],[-39,63],[2,28],[-30,108],[-36,90],[-76,70],[-61,28],[-100,-6],[-78,24],[-37,24],[-25,65],[-64,52],[19,54],[58,21],[50,73],[161,57],[37,32],[15,74],[110,104],[59,41],[-83,74],[-71,-44],[-171,-25],[-34,-20],[-52,-1],[-105,19],[-146,38],[-112,15],[-67,23],[-62,63],[-82,156],[-35,25],[-102,21],[-28,20],[17,38],[7,112],[-13,96],[6,38],[32,50],[179,-17],[79,1],[102,22],[59,-11],[53,-79],[57,-46],[73,-30],[43,-2],[79,28],[6,99],[-16,3],[-125,102],[-151,94],[-75,23],[-27,21],[-29,57],[12,23],[-65,89],[-17,45],[23,27],[53,2],[13,52],[27,29],[35,90],[-129,5],[-53,22],[-59,60],[-3,46],[35,36],[-1,51],[19,39],[-22,24],[-51,-29],[-66,17],[-66,44],[-45,44],[-26,77],[23,69],[104,66],[11,19],[126,48],[-17,25],[-144,-21],[-7,-26],[-127,-72],[-70,-5],[-72,56],[-55,96],[-48,46],[-80,23],[-187,29],[-201,-21],[-131,25],[-116,43],[-69,8],[-54,28],[-62,-14],[-75,-33],[-62,-47],[-41,-4],[-119,-52],[-46,-36],[-85,20],[-31,-18],[-48,23],[-77,-1],[-67,26],[-124,28],[-30,-15],[-60,11],[-105,-68],[-47,1],[-61,-38],[-63,-90],[-64,-71],[-102,-14],[-75,20],[-36,-14],[-45,-65],[-100,-24],[2,-47],[-32,-57],[-55,-36],[-52,-3],[-24,48],[-86,-3],[-5,-41],[45,-39],[-47,-57],[-8,-41],[-34,3],[-48,60],[-127,-4],[-90,12],[-101,49],[-53,77],[14,43],[-36,81],[-117,47],[-52,79],[-35,149],[40,39],[59,-26],[45,2],[52,50],[32,71],[-39,29],[45,30],[-140,114],[-86,-14],[-92,-30],[-68,-32],[-163,20],[-38,46],[29,67],[41,58],[-45,33],[-27,-2],[-89,-51],[-102,-16],[-29,30],[-143,77],[32,42],[124,77],[34,6],[97,-32],[57,25],[10,30],[-91,25],[-42,38],[-21,61],[43,32],[30,-11],[12,52],[-11,38],[-69,30],[-77,-1],[-18,-47],[-35,-27],[-72,23],[-41,-46],[-51,-20],[-3,-57],[-40,16],[-51,52],[50,83],[27,69],[87,65],[64,19],[-24,47],[-81,14],[-6,-48],[-55,-13],[-78,6],[-38,16],[-16,38],[-64,40],[-68,4],[-52,67],[-59,14],[-46,41],[-93,22],[-48,-16],[-42,-49],[-42,-76],[-29,-18],[-177,-37],[-48,3],[-85,-25],[-39,9],[-37,-24],[-111,-12],[-54,14],[-10,37],[-39,17],[-11,56],[-27,58],[113,-4],[-24,-51],[57,-20],[35,47],[-37,32],[25,73],[90,-37],[63,-11],[41,24],[17,34],[-12,88],[-98,52],[14,27],[120,19],[51,-18],[51,-45],[20,-39],[55,0],[62,-15],[30,-29],[52,23],[51,67],[-78,85],[13,68],[-92,42],[-8,34],[-54,79],[-29,13],[-73,74],[-11,64],[58,50],[59,-73],[16,-60],[60,-23],[57,24],[44,80],[58,31],[-18,-58],[17,-43],[40,29],[33,-5],[58,-116],[55,14],[-18,44],[10,59],[39,86],[-80,64],[-2,74],[20,37],[86,-8],[101,-72],[-8,-48],[21,-35],[40,-18],[-38,-54],[19,-37],[82,-7],[-10,-41],[59,-75],[67,-53],[-32,-30],[-6,-64],[34,-31],[27,38],[86,22],[1,58],[75,-18],[41,-45],[37,57],[-12,75],[74,-4],[62,41],[52,85],[-30,69],[-43,57],[-58,27],[10,45],[-24,47],[-57,67],[54,51],[73,-29],[39,-36],[80,22],[-44,63],[10,95],[-12,39],[-37,19],[-51,65],[-44,15],[20,78],[68,-14],[56,13],[44,33],[74,-22],[61,-53],[56,-85],[-4,-51],[36,-52],[64,-157],[22,-15],[22,-67],[102,-75],[85,0],[-35,67],[46,23],[2,29],[52,3],[20,28],[44,9],[-70,-92],[45,-47],[58,13],[0,-36],[-27,-29],[-2,-55],[53,-55],[-31,-43],[57,-61],[85,-10],[28,22],[15,76],[52,24],[1,54],[41,-6],[-22,-132],[25,-41],[-55,-77],[-14,-94],[-76,-45],[0,-57],[49,-40],[35,8],[59,42],[22,-40],[0,-43],[-24,-65],[-74,-27],[-46,-112],[51,-27],[20,-46],[-56,-63],[1,-22],[74,-24],[22,-71],[62,-39],[39,4],[-18,71],[19,70],[-12,51],[12,50],[39,32],[11,57],[34,24],[31,-40],[-14,-41],[17,-55],[41,-30],[79,-24],[-14,-51],[-37,-34],[-20,-99],[-9,-89],[18,-24],[44,9],[-13,-80],[12,-25],[-61,-35],[-7,-33],[106,-1],[-15,-62],[10,-45],[32,-56],[50,-13],[20,-41],[-30,-22],[21,-47],[43,-11],[49,34],[9,42],[-22,62],[124,-46],[39,-63],[52,27],[13,100],[-68,58],[12,73],[-23,26],[-77,2],[-42,117],[59,102],[55,-4],[28,-45],[170,-93],[76,50],[-6,98],[42,52],[2,32],[-73,85],[-3,54],[-94,46],[-34,58],[-54,10],[-53,41],[-73,-25],[-48,-85],[-37,-44],[-40,-5],[24,66],[128,111],[26,83],[-31,55],[27,30],[27,71],[-40,45],[-22,53],[-8,66],[7,42],[41,51],[36,76],[-16,71],[-44,74],[-52,8],[-67,70],[-53,69],[-73,11],[7,84],[14,46],[-14,50],[-57,40],[-22,-9],[-80,27],[13,45],[3,104],[-27,19],[11,55],[66,6],[27,-25],[66,-25],[164,15],[34,-21],[51,-94],[-24,-32],[32,-124],[72,-59],[25,-64],[31,-28],[47,-15],[61,17],[26,-87],[44,-26],[49,14],[35,-14],[-4,-67],[-31,-62],[16,-47],[42,-23],[102,-194],[1,-48],[65,-78],[46,-5],[63,-63],[3,53],[45,29],[-16,51],[-51,37],[29,91],[-10,63],[-57,27],[-10,56],[-40,15],[-26,38],[28,66],[47,51],[-6,34],[-37,13],[-30,131],[51,5],[53,29],[121,39],[4,-22],[60,-6],[50,-31],[66,28],[48,44],[-34,34],[27,30],[52,20],[58,52],[48,93],[85,-65],[39,-51],[-13,-31],[20,-51],[9,-133],[49,-75],[-3,-46],[58,-44],[40,-12],[41,-53],[-16,-41],[5,-115],[-16,-27],[6,-122],[-44,-124],[42,-48],[1,-48],[-41,-35],[15,-31],[-32,-39],[33,-46],[66,70],[15,-27],[-12,-47],[52,-11],[52,7],[39,59],[14,87],[-15,45],[20,59],[25,5],[30,-42],[39,5],[40,57],[-9,92],[-60,105],[43,52],[19,45],[108,88],[27,-24],[50,1],[42,-23],[17,-50],[72,-63],[35,-77],[66,-65],[21,-63],[87,-12],[4,-27],[44,-28],[51,-1],[44,-28],[-23,-89],[-47,9],[-7,-44],[-65,-60],[28,-41],[34,6],[49,48],[67,-44],[12,-23],[-56,-40],[44,-82],[-53,3],[-18,-31],[3,-56],[65,0],[26,-62],[38,-52],[110,40],[117,-23],[35,-60],[8,-45],[33,-71],[35,-40],[68,-16],[46,-73],[77,-98],[115,-81],[62,-15],[81,-2],[68,-68],[71,-180],[-15,-96],[11,-136],[33,-81],[63,-100],[94,-118],[66,-42],[68,-22],[62,-2],[36,30],[49,-7],[70,-39],[62,-22],[52,-3],[79,19],[47,26],[11,28],[55,51],[44,68],[-3,24],[132,62],[29,39],[-14,22],[97,74],[0,39],[28,35],[14,53],[32,48],[160,41],[93,95],[47,69],[11,55],[-26,19],[-1,50],[96,31],[52,37],[59,21],[59,-99],[-9,-41],[19,-25],[120,-27],[16,-36],[57,-57],[67,1],[35,20],[58,59],[9,39],[-29,43],[-5,42],[36,70],[2,37],[32,29],[-51,79],[-73,27],[-23,99],[-54,35],[-23,46],[-51,15],[-71,44],[51,74],[32,3],[86,-37],[32,12],[60,-55],[58,10],[94,56],[59,-63],[14,-51],[60,-135],[47,-28],[30,13],[22,-42],[23,-103],[27,-26],[67,-100],[41,-97],[43,-44],[65,2],[27,-29],[83,-23],[21,13],[99,-80],[28,-85],[47,-79],[21,-62],[77,-108],[33,-69],[86,-124],[48,-23],[69,-58],[64,-3],[42,-24],[23,-49],[-34,-116],[-31,-34],[1,-38],[43,-111],[50,-88],[87,-120],[9,-52],[32,-61],[36,-40],[2,-36],[34,-78],[-13,-38],[20,-44],[49,-64],[61,-56],[76,-85],[9,-82],[59,-76],[49,-47],[-9,-40],[42,-56],[59,-54],[108,-59],[66,-27],[142,-40],[160,-19],[95,-30],[161,1],[102,25],[66,45],[103,44],[13,33],[54,32],[20,45],[27,-12],[111,24],[121,49],[64,14],[72,-15],[44,-45],[17,-48],[12,-88],[-71,0],[-31,-59],[-117,26],[-75,-11],[-44,-55],[-27,-56],[1,-45],[27,-108],[43,-62],[38,-25],[98,29],[63,-12],[85,27],[11,-56],[52,-41],[75,17],[47,46],[-42,76],[6,28],[57,-1],[74,45],[16,58],[90,76],[112,-73],[-46,-38],[31,-92],[-124,11],[3,-81],[40,-30],[26,-45],[44,-14],[25,15],[105,6],[67,21],[85,-34],[15,-22],[-21,-65],[107,-92],[90,74],[44,19],[18,65],[45,12],[59,-21],[70,8],[143,89],[56,59],[61,13],[38,-44],[4,-28],[-55,-133],[-30,-30],[30,-64],[-4,-90],[-53,-40],[-9,-39],[20,-66],[14,-101],[-61,-65],[-16,-62],[-47,-20],[7,-71],[30,-35],[68,46],[40,72],[-7,39],[43,50],[18,93],[36,47],[-2,40],[61,-9],[105,147],[45,9],[171,-23],[113,-6],[18,-48],[-47,-104],[-22,-15],[45,-50],[55,-30],[22,38],[58,-3],[74,13],[17,45],[51,41],[55,-7],[56,11],[85,46],[-19,57],[15,42],[56,47],[68,85],[-24,46],[-67,19],[33,46],[71,-49],[84,-20],[142,4],[84,-9],[155,9],[269,156],[47,57],[-19,47],[8,64],[65,59],[58,36],[7,21],[102,-38],[117,5],[119,49],[20,-25],[25,-83],[54,-69],[56,-39],[118,-24],[54,10],[60,-4],[42,-17],[76,13],[31,35],[77,36],[37,2],[30,-88],[50,-72],[68,-4],[23,-23],[-34,-41],[-26,29],[-69,18],[-73,-45],[-75,-85],[-26,-72],[-10,-79],[-71,-37],[-13,-21],[-67,16],[-24,25],[-92,16],[-36,-4],[-125,-57],[-58,-71],[-43,-81],[-57,-11],[-32,-49],[62,-90],[4,-37],[41,-113],[50,-59],[87,22],[40,-6],[36,-55],[108,-120],[-15,-24],[23,-53],[37,-13],[68,37],[62,-14],[38,21],[28,-17],[47,10],[-1,-61],[19,-37],[66,33],[67,-15],[68,50],[128,32],[15,17],[163,59],[72,47],[29,77],[44,30],[40,52],[16,54],[56,19],[96,9],[57,42],[56,-4],[66,-57],[70,-2],[65,-53],[8,-61],[-25,-23],[-2,-48],[29,-55],[73,-34],[23,-73],[-49,-30],[-21,-40],[23,-56],[4,-70],[38,-3],[78,61],[71,-16],[55,37],[5,66],[73,38],[61,15],[21,90],[40,-10],[41,-38],[20,-88],[-6,-40],[44,-32],[78,-114],[183,-172],[-32,-43],[-12,-42],[-117,29],[-16,-125],[34,-61],[64,-15],[5,-24],[72,-38],[30,44],[45,-6],[-28,-63],[13,-74],[47,-67],[59,-40],[-20,-18],[-43,-106],[-39,-43],[-19,-67],[-2,-82],[-65,-92],[-18,-52],[-41,-73],[2,-56],[41,-61],[54,-105],[53,-48],[26,10],[-49,65],[6,60],[73,95],[33,103],[9,55],[-6,66],[93,70],[34,72],[90,55],[50,61],[9,33],[57,-18],[55,1],[68,18],[22,165],[-38,94],[13,49],[-33,46],[30,30],[78,-16],[199,45],[75,-77],[25,-49],[77,-82],[127,-90],[49,-22],[12,-25],[128,-88],[100,-31],[89,-38],[141,-15],[50,-15],[37,-57],[151,-46],[170,-12],[107,3],[96,15],[35,-54],[55,7],[152,-9],[61,16],[178,18],[149,37],[186,57],[99,5],[177,36],[41,20],[156,104],[115,68],[105,74],[81,105],[33,71],[63,85],[66,114],[40,11],[64,-12],[61,3],[92,50],[93,-8],[102,25],[29,65],[87,-17],[33,-30],[61,-23],[13,-39],[-45,-33],[1,-61],[20,-11],[-6,-71],[-37,-46],[7,-72],[46,-33],[36,13],[38,-18],[14,-67],[37,-34],[24,-106],[66,-119],[89,1],[115,-59],[107,4],[45,-37],[8,-131],[-29,-62],[0,-87],[10,-122],[37,-35],[71,-105],[61,3],[167,-28],[104,-93],[62,-35],[33,-3],[95,36],[61,33],[81,-5],[64,-18],[102,-61],[79,-31],[70,-53],[5,-34],[53,-44],[52,-133],[97,-167],[110,-92],[56,-31],[94,-75],[64,-63],[74,-102],[65,13],[70,32],[86,-3],[33,45],[122,42],[108,4],[45,51],[34,3],[91,-39],[48,39],[32,-21],[26,-49],[61,-19],[4,-33],[47,-94],[77,-16],[51,-59],[118,-65],[13,-44],[45,-5],[67,-39],[48,11],[-3,43],[-56,53],[-4,44],[-88,95],[-104,52],[-4,88],[-63,63],[-40,12],[-21,35],[-53,-14],[-33,26],[20,37],[93,-8],[31,-24],[89,-5],[26,13],[35,-39],[132,-10],[74,25],[108,8],[115,40],[122,-2],[24,-28],[60,-113],[53,-82],[50,-20],[119,-14],[57,3],[107,46],[73,12],[97,57],[45,93],[-47,1],[-58,-41],[-68,-33],[-95,-18],[-74,14],[-95,64],[-91,43],[-52,52],[-58,100],[-98,-10],[-82,25],[-45,73],[-56,22],[-65,-11],[-46,32],[29,32],[72,25],[103,7],[90,-4],[72,17],[31,20],[15,40],[51,27],[23,32],[54,-18],[86,21],[45,34],[55,79],[24,18],[-23,44],[-55,13],[-29,24],[21,35],[-10,54],[79,28],[33,34],[61,28],[118,16],[73,26],[61,67],[-19,35],[67,61],[34,15],[47,-19],[11,-41],[92,-6],[56,25],[14,53],[190,-11],[-23,-35],[-60,-41],[-34,-66],[87,-94],[43,-5],[82,12],[52,-10],[102,3],[132,36],[17,24],[120,52],[165,104],[37,40],[2,38],[48,75],[7,34],[67,-21],[79,-3],[14,-92],[43,-82],[51,-36],[143,-60],[46,36],[208,112],[46,47],[62,39],[163,66],[65,57],[46,87],[36,25],[176,38],[75,2],[58,71],[125,21],[81,45],[61,50],[58,-13],[76,17],[57,-2],[112,44],[24,22],[108,63],[126,52],[133,46],[85,1],[75,12],[225,79],[74,1],[58,25],[44,-14],[69,46],[112,59],[43,-18],[-11,-36],[-168,-122],[-13,-29],[-99,-56],[-42,8],[17,53],[-33,19],[-29,-31],[-101,-15],[-43,9],[-37,-20],[-59,10],[-35,-19],[-38,-48],[6,-47],[44,-32],[-41,-30],[-52,-14],[-50,-80],[-42,-6],[-70,-49],[-7,-43],[-41,-34],[-108,-29],[-49,-44],[-146,-231],[19,-30],[-98,-23],[-19,-76],[-103,1],[-20,-79],[-30,7],[-74,-23],[-39,-74],[-43,-37],[-35,-64],[-114,-51],[-38,-60],[-94,-70],[-75,2],[-64,-137],[-7,-142],[7,-117],[82,-153],[114,-148],[116,-102],[96,-30],[47,-27],[97,-153],[5,-38],[-94,-130],[4,-57],[141,122],[50,64],[87,181],[55,21],[56,44],[47,-1],[31,-30],[-23,-55],[23,-35],[53,73],[30,118],[-19,99],[7,61],[100,75],[15,-12],[76,68],[7,65],[52,-28],[51,12],[4,61],[49,56],[66,-43],[38,7],[13,61],[66,-32],[56,31],[12,61],[23,39],[38,-40],[41,27],[17,70],[-15,46],[82,17],[41,-9],[-36,-107],[42,-19],[-24,-43],[53,-23],[11,-66],[50,19],[0,59],[32,32],[10,70],[68,49],[5,53],[46,26],[47,-22],[18,-84],[41,2],[50,57],[-24,58],[68,-16],[11,-27],[96,13],[33,-8],[34,40],[-1,45],[112,53],[17,37],[70,23],[74,60],[24,2],[6,74],[-25,22],[38,34],[-7,28],[-43,35],[55,67],[43,-21],[9,52],[73,-3],[26,24],[48,0],[89,57],[-15,-102],[-55,-42],[-29,10],[-43,-95],[-22,-12],[-2,-76],[-63,-99],[-77,-40],[-38,-64],[-50,-41],[-4,-37],[-56,-33],[-47,-103],[-4,-73],[-25,-82],[-93,34],[-40,-18],[-27,-38],[26,-47],[-20,-23],[-62,11],[-124,-151],[-16,-36],[20,-106],[37,-32],[86,-28],[76,-48],[-13,-89],[88,-91],[46,-11],[24,18],[55,-2],[16,28],[47,-27],[97,28],[29,51],[35,144],[49,42],[56,-24],[107,19],[61,41],[43,-2],[31,-49],[59,-14],[-2,-49],[-55,-118],[0,-50],[-36,-24],[-57,45],[-70,-37],[-11,-90],[-33,-58],[-50,-19],[-40,37],[-56,-10],[-20,-44],[30,-51],[67,-47],[19,-52],[-72,-77],[-59,-97],[-23,-98],[-38,-26],[-20,-53],[-72,4],[-75,-72],[-26,-55],[13,-85],[-25,-37],[-33,-90],[-4,-59],[42,13],[24,103],[25,24],[65,-5],[61,-34],[68,-9],[88,33],[12,-17],[-22,-65],[-39,-45],[-2,-68],[-50,-32],[-38,-105],[67,-123],[64,-5],[42,-45],[-15,-77],[0,-61],[-15,-44],[18,-58],[29,13],[12,48],[72,84],[46,-2],[-27,-60],[32,-12],[72,101],[5,129],[32,52],[92,93],[18,37],[92,-56],[-27,-51],[21,-57],[38,-36],[95,-11],[83,23],[18,17],[12,96],[77,-63],[125,14],[65,60],[65,9],[60,-21],[30,-48],[2,-122],[64,-1],[57,-34],[108,15],[56,-21],[95,14],[27,23],[90,8],[12,-51],[-59,-67],[24,-11],[59,51],[23,35],[17,79],[78,61],[204,123],[72,56],[211,198],[50,85],[7,57],[-41,32],[-17,67],[54,51],[13,32],[105,104],[31,61],[33,100],[3,51],[-60,36],[-14,38],[43,37],[57,-12],[42,17],[35,71],[39,40],[14,95],[-16,25],[-51,13],[-15,57],[56,26],[103,12],[123,50],[-7,25],[-89,-31],[-27,6],[-24,58],[-3,43],[-30,96],[-43,84],[-94,70],[-106,12],[-30,-10],[-50,-54],[-95,34],[-86,12],[-39,-4],[-78,-32],[-45,17],[-44,-17],[-100,-10],[-104,-23],[-17,13],[-84,-9],[-3,91],[-69,104],[-60,32],[-42,-15],[-48,-48],[-91,-31],[-82,32],[-66,1],[-15,58],[8,61],[40,13],[14,35],[-17,29],[-52,23],[40,36],[32,2],[58,-26],[108,-2],[26,52],[32,-6],[55,40],[47,-5],[-12,80],[-42,25],[17,51],[32,8],[56,-17],[36,31],[30,88],[75,9],[36,35],[9,85],[39,42],[51,90],[65,75],[-19,46],[100,55],[107,34],[91,48],[78,-32],[109,23],[46,-71],[81,18],[-4,70],[62,31],[-7,61],[51,32],[37,65],[46,-38],[35,-1],[0,90],[61,-25],[52,79],[-22,85],[27,13],[76,91],[29,21],[10,44],[54,25],[71,112],[86,0],[6,-40],[35,-56],[39,21],[44,76],[30,13],[14,81],[-30,35],[52,11],[64,-17],[44,-57],[47,-17],[35,17],[96,-25],[181,51],[42,59],[26,-27],[51,21],[27,44],[-24,46],[6,28],[41,35],[120,11],[24,-42],[53,13],[53,30],[32,40],[37,16],[27,65],[-87,59],[-39,54],[12,61],[43,8],[27,-41],[10,-91],[102,-66],[-2,-75],[-86,-60],[-37,-44],[-66,-36],[-44,-55],[-67,-31],[-34,-1],[-45,-32],[-138,-26],[-171,-61],[-174,-12],[-26,-24],[-11,-49],[2,-115],[33,-76],[-39,-11],[-37,73],[1,37],[-64,15],[-49,-39],[9,-86],[40,-72],[68,0],[33,45],[41,-61],[4,-38],[61,-62],[63,-28],[-29,-40],[38,-19],[63,40],[-22,48],[10,86],[56,37],[-18,45],[76,77],[40,12],[65,-9],[59,-39],[11,-83],[32,-125],[49,-118],[23,-16],[21,-81],[39,-110],[69,-125],[66,-54],[70,-2],[52,23],[18,-69],[-18,-27],[-29,-130],[28,-95],[-52,-60],[8,-48],[-29,-41],[14,-63],[71,-145],[69,-96],[18,-50],[8,-85],[53,-59],[142,-107],[171,-82],[-10,-54],[19,-75],[-17,-82],[17,-43],[63,-52],[42,1],[20,-50],[31,-10],[21,40],[102,-21],[64,38],[30,-10],[31,-65],[69,-21],[39,16],[19,54],[34,46],[90,-21],[82,20],[65,79],[8,44],[41,64],[60,22],[17,24],[-30,33],[8,39],[-67,4],[-54,51],[17,48],[-9,34],[-105,-24],[-45,45],[-49,7],[-43,48],[-7,38],[-83,57],[-49,22],[-141,-44],[-17,19],[33,83],[151,-34],[67,1],[97,27],[41,45],[-9,43],[122,10],[65,51],[62,-11],[86,9],[71,22],[25,20],[37,-43],[12,-115],[27,-55],[37,4],[17,-32],[78,-95],[53,-51],[50,-26],[58,24],[103,-34],[33,30],[83,-15],[143,-70],[8,-44],[37,-33],[15,-68],[24,-48],[39,-21],[84,8],[18,-94],[-16,-38],[-6,-90],[29,-40],[67,-3],[25,43],[62,-8],[29,-20],[-3,-107],[35,-80],[7,-70],[48,-65],[-58,-79],[-28,-66],[-94,6],[-15,-59],[-38,-50],[-90,-58],[8,-30],[87,-13],[59,137],[45,58],[124,-103],[125,-9],[37,40],[59,23],[-15,61],[117,-7],[-57,-89],[-48,-36],[-27,-42],[10,-67],[-85,-8],[-54,36],[-70,-25],[-76,-53],[-42,2],[-72,-32],[-41,-40],[-27,-2],[-89,-99],[-22,-90],[-157,-89],[-103,-98],[-108,-115],[-111,-138],[-127,-149],[-63,-93],[-99,-87],[-43,-13],[-46,-44],[-64,-91],[-17,-67],[14,-58],[-45,6],[9,38],[-44,40],[-20,99],[65,58],[43,59],[22,66],[-8,36],[111,3],[47,49],[-2,129],[-20,67],[17,59],[-22,46],[-56,21],[-52,-13],[-142,-98],[-6,-24],[-95,-48],[-74,-48],[-56,14],[-79,-117],[34,-86],[64,-22],[41,-40],[2,-66],[-35,-41],[-31,27],[-35,-55],[47,-27],[-2,-23],[96,6],[-44,-98],[-7,-48],[-68,-69],[-8,68],[-70,0],[-56,-95],[-78,26],[-53,-13],[-31,-48],[6,-112],[-54,-20],[-59,48],[-64,-7],[-13,-59],[59,-33],[56,34],[62,-2],[35,30],[15,58],[-11,71],[42,14],[98,-30],[49,18],[34,46],[33,-48],[47,-8],[44,33],[16,63],[-9,28],[47,28],[61,-50],[-7,-58],[66,-52],[-1,-41],[-50,-2],[-18,29],[-48,-2],[-78,-32],[-70,-47],[-123,-109],[-76,-85],[-94,-156],[-32,-95],[-39,-63],[-36,-132],[24,-29],[-10,-57],[9,-64],[67,-63],[47,-23],[-10,-90],[-104,2],[6,37],[-40,11],[-45,-10],[-68,-49],[-92,13],[-19,58],[-86,25],[-70,-9],[-61,-39],[-96,-94],[-40,-71],[-25,-90],[13,-59],[55,-46],[41,1],[47,-33],[-7,-69],[40,-71],[-35,-30],[-48,-103],[-43,-171],[32,-133],[-91,54],[-44,-11],[-85,65],[-35,149],[31,89],[-5,107],[-15,48],[-46,-10],[-76,39],[-27,65],[-83,29],[-18,81],[-101,-17],[-58,-34],[10,-26],[-50,-48],[28,-67],[-22,-71],[58,-60],[-7,-39],[22,-36],[-24,-28],[-17,-68],[-64,-3],[-23,-18],[-58,34],[-9,60],[-25,40],[-52,45],[-47,3],[-20,47],[-67,68],[-103,-42],[-42,-66],[25,-42],[-2,-49],[64,-41],[92,-11],[-4,-61],[-56,-60],[-18,-51],[-5,-64],[36,-83],[51,-35],[67,-27],[64,3],[25,-52],[9,-76],[70,-60],[72,5],[42,-43],[47,-7],[54,18],[32,43],[38,-31],[-38,-33],[-21,-61],[-26,-16],[-8,-101],[23,-75],[22,-23],[66,-13],[17,44],[76,-47],[31,4],[17,-39],[54,2],[78,-47],[81,-22],[22,-38],[58,10],[9,-26],[94,-94],[84,0],[41,-159],[5,-70],[47,-81],[76,-6],[78,-75],[-68,-53],[-36,-43],[-49,22],[-44,-33],[-66,31],[3,72],[-13,54],[-35,16],[20,37],[-22,35],[2,93],[-27,30],[-67,17],[-44,-41],[-75,-14],[-31,-40],[10,-77],[-62,-22],[-66,-46],[-25,-51],[45,-25],[-9,-72],[-27,-7],[-55,40],[-49,-11],[-27,73],[47,48],[-33,58],[-59,32],[57,63],[-47,74],[3,35],[-54,3],[-69,-48],[-49,-10],[-5,-54],[-75,-48],[-36,20],[-4,39],[-54,4],[-80,-45],[-33,6],[-25,-43],[-46,-32],[-118,79],[-19,37],[-58,-5],[-23,31],[-33,-4],[-53,-38],[-17,-41],[15,-55],[34,-3],[80,-34],[22,25],[72,-38],[75,9],[55,25],[90,-19],[6,-125],[39,-37],[41,18],[61,-48],[72,-17],[-39,-77],[10,-119],[47,-55],[34,-11],[71,11],[128,-21],[-99,-159],[-24,-26],[-41,-79],[-9,-57],[-42,-62],[-28,-88],[-6,-80],[-18,-70],[-33,-48],[20,-58],[-103,40],[8,40],[-69,33],[-74,-17],[-71,-61],[-70,-86],[-33,-64],[8,-51],[-8,-83],[-34,-80],[-24,-137],[34,-81],[-6,-66],[-57,-98],[-36,-30],[-67,-30],[-19,31],[-52,19],[15,74],[24,4],[22,62],[-2,43],[-61,28],[-7,27],[-48,-4],[-26,-32],[11,-61],[-76,-7],[-91,-26],[-120,-57],[-41,-45],[-44,-69],[-29,-78],[-28,-28],[-40,-80],[-28,-32],[-8,-45],[-83,-60],[-38,-80],[-77,-71],[-29,-44],[-80,1],[-18,69],[-32,43],[-50,13],[4,31],[-29,32],[4,37],[57,3],[52,50],[27,54],[13,73],[-40,90],[-46,21],[5,54],[61,0],[60,26],[61,-2],[7,-32],[51,-29],[104,29],[87,85],[34,58],[1,75],[-35,23],[-30,109],[-100,65],[11,76],[20,30],[-15,76],[8,53],[-64,73],[-40,64],[24,32],[90,23],[7,36],[-28,42],[-47,6],[2,61],[-43,33],[73,39],[34,43],[-53,107],[61,108],[7,44],[-23,71],[-37,55],[-88,37],[-46,-3],[-37,32],[-55,18],[-33,-14],[-44,-51],[-106,-88],[-36,-54],[-1,-87],[-12,-74],[-79,-34],[-31,-66],[54,-23],[58,16],[33,-8],[80,-86],[-13,-69],[-72,-67],[-29,-50],[28,-77],[44,-40],[-47,-50],[-49,14],[-60,-37],[-107,6],[-18,35],[8,62],[-88,-24],[-57,39],[-65,-1],[-7,100],[30,94],[-26,48],[-34,-29],[-2,-55],[-40,-10],[-15,-33],[4,-54],[-61,3],[-47,27],[-54,51],[-41,-30],[8,-36],[34,-27],[-23,-27],[86,-36],[28,-47],[4,-50],[61,-9],[34,-28],[-54,-19],[-40,-94],[28,-52],[4,-51],[49,-65],[-25,-32],[-35,61],[-75,-2],[-39,31],[-49,-21],[-23,-30],[-6,-55],[-24,-79],[21,-52],[-80,-77],[-20,-30],[-39,-5],[-83,23],[-61,84],[-68,-11],[-56,-52],[-22,-66],[53,-94],[49,-45],[94,-52],[-12,-36],[-49,-16],[-50,72],[-90,19],[-47,76],[-4,106],[-50,73],[-4,36],[19,95],[-16,26],[-70,32],[-23,41],[34,24],[8,41],[-19,31],[55,16],[51,78],[-13,47],[32,218],[-14,88],[-66,90],[-72,-24],[-65,-45],[-37,-87],[-83,-22],[-55,-39],[-41,-60],[-3,-38],[79,-52],[-20,-33],[-57,-29],[-57,-67],[-21,-61],[-68,-66],[-13,-86],[23,-12],[36,-72],[-30,-54],[-158,67],[-61,-48],[-39,-79],[40,-86],[42,-19],[21,-50],[-41,-37],[-34,-90],[13,-72],[-14,-37],[8,-56],[-56,-68],[-21,-7],[-59,94],[39,53],[-23,63],[7,27],[-26,50],[-1,73],[-26,24],[-16,132],[-55,49],[-29,106],[-25,45],[-52,28],[-77,3],[-31,-25],[-87,-40],[-74,-80],[-8,-101],[-41,-166],[-49,-42],[9,-115],[-49,29],[-34,133],[-50,111],[-122,-57],[-110,-78],[-56,-82],[-20,-84],[32,-23],[-36,-52],[-121,-82],[-31,-43],[-37,-84],[-27,-90],[-14,-84],[2,-82],[90,-72],[82,-6],[19,-42],[55,-23],[79,21],[-1,-48],[39,-91],[-33,-19],[-19,-43],[21,-55],[37,-47],[146,23],[54,21],[138,11],[-14,-45],[14,-37],[-8,-51],[-48,-76],[-8,-59],[-73,-19],[-18,85],[-59,16],[-65,-25],[-35,-33],[-17,-59],[66,-62],[-60,-67],[-46,16],[-35,36],[-41,124],[-76,19],[-46,46],[-2,52],[-21,27],[-91,4],[-76,-32],[-82,-48],[-40,-90],[8,-111],[41,-57],[-3,-61],[-45,-29],[-1,-29],[35,-77],[-20,-36],[-1,-55],[-36,-104],[15,-31],[39,-18],[36,-81],[-4,-144],[27,-34],[-115,-50],[-32,16],[-88,-13],[-24,-42],[36,-73],[-47,-72],[42,-40],[13,-34],[-2,-80],[31,-32],[52,-8],[34,-28],[67,-18],[7,-49],[41,-90],[-12,-66],[19,-73],[67,-81],[83,-8],[36,16],[93,76],[48,-89],[63,-40],[-21,-52],[-37,-8],[-49,34],[-53,-12],[-96,-61],[-70,-61],[-19,-34],[12,-89],[79,-124],[70,-59],[85,-38],[32,-29],[79,-10],[167,6],[97,14],[106,42],[67,48],[80,108],[-2,54],[38,6],[47,-29],[60,26],[50,60],[-8,99],[53,-16],[63,19],[58,49],[4,44],[-36,31],[21,75],[-51,68],[113,-16],[35,15],[11,39],[49,31],[53,-41],[73,-15],[44,-33],[76,9],[-51,-113],[-31,10],[-56,-20],[-85,-70],[-20,-44],[8,-80],[-71,-42],[-25,-48],[-56,-60],[12,-93],[17,-32],[-26,-57],[5,-50],[-61,-15],[-60,-31],[-51,-77],[8,-30],[-9,-81],[-43,-64],[-12,-45],[41,-114],[36,-134],[-9,-53],[-68,-84],[-64,-43],[-58,-94],[0,-71],[21,-60],[-29,-47],[-7,-99],[-152,-134],[-51,-113],[1,-25],[-58,-61],[5,-54],[-67,-58],[-28,14],[-217,-195],[-44,-60],[-26,-75],[7,-41],[43,-58],[-15,-40],[17,-49],[-4,-106],[-12,-65],[-28,-60],[5,-59],[-20,-35],[-20,-92],[-65,-110],[-47,-40],[-8,-102],[33,-12],[-33,-93],[-21,-100],[-3,-53],[-27,-103],[11,-33],[-47,-69],[13,-24],[112,-46],[38,-35],[31,-66],[-42,-25],[-28,39],[-9,49],[-29,16],[-67,-8],[-123,-60],[-100,-75],[-42,-19],[-99,-74],[-45,-61],[-54,-29],[-57,-47],[-102,9],[-111,-32],[-42,-23],[-54,-52],[-28,-62],[-21,-12],[-35,-71],[-63,-30],[-73,-100],[-82,-33],[-125,-21],[-23,38],[-87,57],[83,-107],[85,-79],[-57,-73],[-76,-134],[-13,-95],[-36,-33],[-74,-118],[-46,-39],[-11,-46],[-51,-55],[-38,-89],[-92,-102],[18,-39],[-1,-51],[21,-29],[-12,-62],[-23,-31],[-112,65],[-124,-33],[-58,24],[-23,-61],[-67,34],[-10,-43],[-83,-88],[-16,-62],[-57,-66],[12,-86],[-41,-31],[-2,-30],[-47,-95],[11,-67],[-8,-64],[-61,-36],[-50,9],[-54,-44],[-36,-56],[32,-46],[5,-42],[-36,-46],[-51,37],[-50,-38],[-55,-67],[-92,-174],[-35,-105],[-36,-140],[-16,-143],[-24,-21],[51,-105],[42,-22],[73,-8],[12,-78],[-58,-38],[-71,38],[-45,-4],[-27,-68],[-68,-12],[-58,-49],[-2,-43],[-40,6],[-66,59],[-54,-4],[-113,-61],[-86,-75],[-36,-46],[-38,-24],[-34,4],[8,-56],[-45,-59],[-9,-35],[-56,-82],[-78,-73],[-84,-25],[-20,11],[-42,93],[-48,35],[-89,-50],[39,-197],[54,-156],[19,-215],[-16,-74],[144,-298],[4,-81],[-28,-40],[49,-47],[30,-65],[69,-97],[40,-74],[-2,-90],[36,-17],[51,-77],[28,-66],[67,-114],[88,-116],[28,-46],[44,-26],[66,-15],[147,-99],[172,-155],[50,-65],[42,21],[89,-43],[158,-93],[73,-50],[12,-37],[120,-33],[150,-31],[109,38],[108,20],[128,-56],[89,-65],[25,-41],[-4,-46],[36,-27],[44,5],[79,-27],[103,-81],[8,-62],[45,-36],[49,-9],[16,-54],[50,-51],[149,20],[48,-21],[88,-65],[5,-19],[99,-47],[122,-80],[127,-73],[249,-117],[211,-106],[111,-81],[84,-85],[96,-87],[52,-68],[19,-42],[132,-146],[134,-72],[38,-31],[156,-74],[57,-55],[49,-17],[12,-40],[105,-32],[141,-76],[44,-14],[113,-69],[88,-20],[59,-52],[21,-34],[88,-50],[54,-52],[141,-64],[64,-40],[67,-25],[36,2],[214,-104],[65,-73],[100,-53],[50,-49],[127,-14],[20,25],[156,-5],[55,-28],[-22,-46],[64,-11],[78,-50],[50,-10],[66,-43],[-1,-53],[25,-26],[-30,-28],[21,-142],[96,-269],[43,-71],[35,-37],[8,-150],[46,-140],[47,-90],[6,-36],[31,-22],[71,-129],[78,-53],[138,-81],[28,-93],[85,-24],[53,-50],[148,-37],[74,24],[78,-21],[95,-54],[25,-32],[79,-4],[86,11],[87,-49],[25,-56],[66,-51],[153,-61],[81,-72],[38,-19],[93,-116],[33,-13],[129,-128],[28,-43],[67,-53],[98,-65],[102,-78],[58,22],[13,-24],[-51,-58],[101,-35],[31,-31],[45,9],[5,35],[-30,63],[0,51],[61,2],[51,28],[84,-14],[29,30],[73,40],[34,3],[35,46],[57,4],[58,21],[22,32],[55,33],[69,116],[0,29],[36,48],[68,-24],[97,-22],[38,28],[15,83],[47,-29],[26,-67],[8,-62],[68,-12],[51,20],[40,-32],[21,-69],[38,14],[104,-9],[-18,-124],[-39,-62],[-11,-45],[-39,-46],[-44,-75],[-74,-84],[-59,-84],[-24,-98],[-63,-5],[-54,26],[-63,-3],[-101,17],[-21,-51],[51,-3],[11,-57],[-58,-9],[-10,-28],[67,-3],[72,11],[66,-27],[65,-95],[-32,-19],[17,-44],[85,-77],[60,-44],[-16,-39],[66,-26],[43,-89],[48,-33],[6,-57],[-9,-57],[16,-56],[-42,-46],[-58,-36],[-82,-69],[25,-21],[10,-111],[82,-130],[89,-25],[94,16],[64,52],[95,123],[76,79],[35,16],[46,57],[32,-4],[17,-68],[-19,-56],[-68,-59],[13,-14],[79,55],[58,16],[29,30],[57,-18],[115,37],[119,5],[68,-57],[41,-13],[136,16],[48,-51],[56,-10],[18,-63],[64,-10],[74,14],[49,-20],[23,-31],[74,16],[20,-49],[63,-19],[110,20],[72,-33],[36,59],[-140,50],[-79,70],[-33,95],[10,28],[136,99],[68,38],[121,46],[63,-17],[61,11],[-26,51],[-7,51],[48,69],[45,12],[38,-45],[-23,-28],[53,-24],[24,-98],[48,-10],[31,31],[36,-5],[62,-82],[78,-50],[81,-96],[127,-138],[46,9],[98,-92],[90,-45],[47,-40],[103,-46],[107,-38],[75,14],[173,-71],[66,-35],[65,-17],[53,-28],[72,-55],[179,-116],[87,-39],[63,-14],[110,-49],[-12,35],[104,-20],[77,-23],[132,-134],[-6,-50],[59,-92],[92,-108],[151,-136],[-32,-18],[62,-76],[100,-70],[73,-43],[191,-77],[16,-25],[86,-28],[19,24],[148,-60],[126,-86],[39,-50],[53,25],[78,14],[119,-29],[79,-32],[26,5],[129,-56],[110,-58],[9,-17],[120,-36],[54,28],[86,-13],[123,-36],[34,-28],[60,-1],[3,30],[43,16],[58,-28],[129,-20],[74,-31],[136,-43],[126,-65],[35,-47],[50,15],[200,-77],[107,-69],[108,-43],[153,-23],[23,-19],[146,-11],[66,-23],[78,-117],[11,-109],[67,-25],[154,-158],[50,-74],[57,-139],[59,-95],[117,-110],[81,-120],[-6,-16],[125,-105],[69,-90],[73,-146],[113,-153],[64,-64],[123,-108],[193,-128],[118,-92],[56,-30],[60,-52],[13,-30],[82,-112],[132,-119],[99,-51],[110,-98]],[[286683,251145],[30,15],[44,-30],[-68,-18],[-6,33]],[[285075,250481],[-14,72],[11,62],[-47,28],[5,40],[72,-29],[25,-32],[-20,-33],[-12,-74],[-20,-34]],[[316665,214141],[19,44],[-42,22],[-57,-65],[-34,27],[16,46],[-29,54],[40,25],[55,-5],[47,22],[5,-53],[-14,-34],[32,-40],[-38,-43]],[[317723,214036],[-22,-26],[21,-31],[-35,-35],[-32,38],[26,39],[42,15]],[[286386,249842],[2,77],[-39,69],[-59,49],[1,68],[85,-78],[150,-64],[55,-49],[-32,-31],[-25,-72],[-43,-33],[-69,-9],[-26,73]],[[285307,249982],[-3,62],[22,45],[58,17],[79,-16],[-1,-33],[-36,-81],[-48,25],[-71,-19]],[[316057,250388],[43,9],[38,-32],[63,22],[-11,35],[43,7],[17,-29],[-41,-33],[-27,-64],[-49,-17],[-50,35],[8,29],[-34,38]],[[285106,250429],[-27,-19],[-7,-120],[-36,-32],[-30,6],[4,45],[70,118],[26,2]],[[317721,214214],[-47,77],[-68,14],[50,44],[-32,42],[31,25],[-44,44],[6,35],[32,37],[-23,57],[-83,-12],[11,35],[66,8],[96,56],[-52,32],[40,25],[4,53],[80,114],[23,47],[81,-17],[-18,-39],[25,-31],[-18,-29],[16,-49],[30,8],[83,-53],[-20,-36],[45,-14],[49,76],[9,43],[-63,-16],[-56,46],[-5,85],[-21,77],[68,-2],[100,68],[16,33],[-14,93],[-33,28],[17,34],[-36,61],[1,66],[79,-27],[52,7],[88,-63],[-11,-33],[40,-66],[1,-47],[48,-47],[20,-63],[-2,-43],[98,-44],[80,-5],[49,42],[-19,50],[54,12],[-40,-105],[24,-93],[20,-6],[71,26],[34,-56],[-23,-32],[41,-21],[0,-75],[-29,-65],[13,-86],[28,-38],[17,-111],[-25,-16],[4,-54],[-21,-27],[-8,-73],[20,-61],[-2,-73],[-29,-35],[24,-32],[40,0],[47,-44],[57,0],[61,-38],[-26,-66],[0,-37],[-27,-82],[-17,-101],[-72,-52],[-35,-76],[-33,-11],[-53,-48],[11,-91],[-71,29],[-28,28],[-54,-18],[-124,52],[27,60],[5,100],[-58,112],[-35,19],[-55,-16],[-66,-54],[-145,100],[-18,46],[-46,50],[7,24],[-29,53],[18,70],[-44,20],[-18,72],[-86,22],[75,26],[-19,66],[41,90],[-19,56],[-49,6],[-41,-46],[-6,-42],[-64,13],[8,38],[-18,68],[-84,-53],[15,-34],[-7,-67],[45,-36],[-52,-13]],[[315099,215599],[-53,-40],[-49,-7],[-28,-89],[7,-28],[-42,-35],[-10,-57],[28,-37],[16,-72],[-16,-51],[16,-27],[-15,-42],[31,-48],[-54,2],[-32,-47],[3,-48],[-21,-63],[-52,-11],[-190,19],[-65,34],[-70,-55],[-23,-51],[-28,8],[-88,-13],[-84,12],[-59,66],[-75,3],[-16,31],[126,103],[20,28],[-15,37],[1,96],[-21,20],[-36,81],[100,83],[24,38],[16,101],[-31,69],[-61,27],[11,54],[109,38],[-8,48],[38,4],[56,-20],[130,4],[136,35],[29,51],[-7,60],[45,29],[34,-24],[142,-42],[69,-28],[28,-43],[13,-174],[21,-29]],[[316152,214900],[35,10],[31,36],[94,-7],[85,-51],[98,25],[27,-27],[64,-14],[82,-68],[60,3],[39,-24],[-8,-49],[48,-82],[-2,-60],[-69,-10],[-82,-92],[-95,39],[25,64],[-29,18],[-52,-20],[-29,21],[-60,-48],[-31,-82],[47,-40],[65,31],[38,-84],[49,-9],[-2,-70],[-44,-29],[-61,-11],[-27,-58],[-69,-41],[-15,-28],[-43,-3],[-27,27],[-38,-24],[-44,8],[-20,-28],[-73,-13],[-4,-41],[-43,-32],[-54,-1],[-41,63],[-1,120],[71,86],[22,92],[26,-38],[45,8],[19,27],[-34,53],[-36,20],[-53,-14],[-21,19],[30,42],[-9,66],[12,38],[-21,40],[51,42],[-7,52],[-39,40],[26,65],[-31,26],[43,35],[24,-18],[58,0]],[[317114,215177],[2,35],[-71,-3],[34,-39],[63,-44],[19,41],[32,-13],[-31,-60],[10,-57],[23,-18],[-94,-37],[-22,-30],[-48,1],[-63,-19],[-8,-22],[-55,-16],[-9,45],[-51,51],[-5,33],[77,0],[37,43],[-48,13],[-49,73],[29,25],[-16,48],[-77,-8],[11,52],[50,50],[58,31],[43,8],[32,47],[-26,81],[-42,48],[-42,5],[-2,42],[26,63],[-27,52],[14,21],[75,18],[49,25],[32,61],[-36,36],[32,68],[34,-27],[55,-3],[44,57],[32,-2],[-23,-83],[-2,-51],[-29,-43],[3,-31],[45,-60],[-17,-16],[17,-76],[45,-73],[-4,-39],[35,-84],[32,-28],[60,-12],[6,-30],[-78,-58],[-42,33],[-47,-56],[10,-24],[-102,-44]],[[307754,220565],[3,55],[97,68],[59,57],[57,3],[26,64],[6,102],[-93,37],[3,28],[50,8],[26,54],[53,70],[37,-16],[76,9],[58,-7],[57,-69],[37,-16],[36,-69],[26,-80],[8,-62],[-6,-149],[-26,-47],[-87,38],[-113,-23],[-45,49],[-39,-10],[-52,-51],[-42,-15],[-67,-80],[-35,6],[-15,41],[-33,15],[-62,-10]],[[316839,215511],[27,-79],[-3,-31],[-36,-28],[-63,-2],[-65,23],[-62,-19],[-87,23],[-38,65],[-60,-30],[-53,-41],[-63,33],[60,24],[39,40],[21,59],[34,15],[95,-22],[19,36],[67,-14],[80,-4],[56,39],[27,-37],[5,-50]],[[260279,221328],[-173,130],[20,48],[60,-21],[131,-19],[57,-17],[214,-104],[-10,-36],[-67,-31],[-102,1],[-90,25],[-40,24]],[[316469,215149],[14,28],[-47,19],[-46,-9],[-20,25],[35,32],[29,59],[42,26],[173,-42],[47,-55],[-36,-29],[-117,-22],[-12,-27],[-62,-5]],[[307056,223639],[13,106],[94,-5],[79,20],[40,-40],[-23,-59],[-60,-40],[-20,-47],[-39,-42],[-32,14],[-52,93]],[[315332,215207],[29,63],[46,37],[116,-27],[23,-26],[50,-10],[-5,-70],[-63,16],[-66,-15],[-80,36],[-50,-4]],[[256467,218690],[-4,26],[74,106],[25,-13],[-31,-77],[-64,-42]],[[308472,219070],[6,54],[66,27],[-17,-53],[-55,-28]],[[259305,218570],[12,70],[29,-19],[-41,-51]],[[313513,228619],[-66,52],[1,112],[93,91],[16,32],[96,4],[34,-32],[8,-87],[71,13],[-3,39],[57,33],[44,-44],[16,-69],[147,12],[61,-13],[34,-29],[46,13],[154,71],[42,45],[12,44],[-17,48],[7,39],[-12,72],[12,41],[48,34],[84,-19],[-31,-162],[13,-40],[69,-38],[52,-7],[30,32],[100,28],[25,22],[-19,63],[27,25],[50,-22],[10,-56],[145,15],[-1,40],[-36,14],[-22,41],[5,49],[94,17],[89,-34],[51,-8],[62,8],[48,45],[-12,34],[-53,12],[23,38],[-2,40],[-31,21],[-80,9],[-34,20],[34,92],[-2,46],[-31,28],[-20,50],[-50,27],[-50,-1],[-73,31],[-36,63],[47,41],[16,71],[-19,66],[-39,8],[-89,-13],[25,52],[98,25],[40,27],[33,-31],[93,13],[7,34],[42,-3],[7,-69],[111,-37],[-51,-56],[-29,3],[-32,-42],[55,-97],[54,-18],[22,11],[-4,53],[32,19],[19,45],[109,29],[59,-32],[37,70],[27,-37],[54,15],[18,45],[21,111],[46,30],[26,77],[-15,23],[22,42],[40,-64],[66,9],[17,23],[45,-17],[29,-38],[58,67],[15,48],[46,-90],[-29,-26],[24,-53],[-13,-42],[18,-60],[-26,-39],[-73,-165],[-37,-32],[-53,15],[-46,-63],[-65,-41],[-46,22],[-37,-35],[-13,-50],[11,-55],[40,-28],[15,-122],[60,-84],[56,-23],[27,28],[82,-12],[54,44],[49,12],[36,-28],[-23,-47],[-40,19],[-49,-20],[0,-38],[-52,-37],[-18,-56],[39,-52],[-8,-52],[52,-60],[47,-16],[-16,-71],[-42,-42],[17,-54],[25,-17],[54,-1],[28,38],[69,35],[61,11],[92,-69],[67,-10],[67,-40],[95,-6],[51,-53],[59,-7],[90,22],[69,29],[87,77],[44,121],[4,79],[-18,38],[-45,47],[-37,2],[-102,-42],[-93,-48],[54,92],[145,103],[49,63],[-13,79],[15,31],[-3,86],[-17,41],[28,31],[32,-30],[77,-28],[132,-29],[140,20],[43,-45],[88,-33],[31,-34],[33,-84],[6,-76],[28,-46],[31,-17],[23,-57],[-98,-18],[-51,-45],[-79,-92],[-92,-132],[-68,-139],[-56,-90],[-78,-157],[-7,-51],[15,-25],[-17,-59],[-43,-16],[-59,41],[-65,-17],[-48,18],[-72,-6],[-32,30],[-36,1],[-70,-40],[-60,-20],[-41,-33],[-95,-135],[-64,-131],[-16,-49],[-52,-216],[1,-130],[15,-50],[46,-76],[63,-44],[52,-2],[40,42],[49,-18],[74,13],[27,-46],[-18,-86],[-79,-36],[-43,34],[-54,-25],[-25,-37],[10,-58],[-44,-44],[-28,21],[34,36],[-20,37],[-85,19],[-41,-27],[15,-33],[-82,-56],[-27,-71],[4,-48],[29,-8],[13,-58],[-58,-24],[-67,64],[28,33],[-30,55],[-37,7],[-93,-30],[21,-72],[-39,-27],[-34,-52],[-4,-73],[-29,-14],[7,-49],[-58,8],[-27,-36],[-8,-86],[34,-126],[71,-35],[10,-73],[-50,-33],[-21,-57],[50,-82],[95,-88],[76,-32],[65,36],[98,-4],[37,-20],[43,-53],[52,21],[36,-8],[88,13],[16,59],[-49,20],[-8,46],[-41,3],[-41,48],[47,6],[48,42],[-30,49],[37,70],[40,-31],[62,3],[25,29],[33,-21],[1,-48],[58,-59],[71,-10],[62,-66],[74,-30],[68,-65],[25,-74],[46,-48],[0,-39],[78,-25],[132,15],[68,25],[53,38],[63,128],[3,22],[88,84],[14,63],[-54,65],[32,54],[-3,75],[65,-27],[56,-49],[-70,-32],[-4,-38],[24,-43],[63,-26],[12,24],[69,8],[19,28],[112,-58],[39,-4],[-45,-90],[5,-45],[-41,-89],[-88,45],[-40,-39],[-21,-81],[22,-68],[60,-1],[48,-37],[-37,-61],[54,-23],[-21,-31],[22,-73],[-10,-30],[-78,-72],[-10,-35],[45,-38],[-6,-52],[21,-32],[94,-35],[-15,-28],[-92,53],[-81,-27],[-7,-62],[68,-59],[-67,-6],[-19,34],[-47,-2],[-86,37],[-12,32],[-60,-11],[-45,-40],[-17,-65],[36,-24],[-17,-36],[-59,17],[-53,-9],[-16,49],[-63,-17],[-34,21],[12,50],[-42,36],[-19,36],[-94,43],[-63,-26],[-61,-59],[-74,41],[-5,49],[-97,-4],[-33,-36],[-12,-79],[-31,25],[39,115],[-49,44],[-84,24],[-50,33],[-51,11],[-81,-21],[-53,8],[-38,-18],[-18,38],[-74,1],[-29,-18],[-37,22],[-105,-30],[-97,-55],[-73,-31],[-76,-7],[-75,-42],[-41,-39],[-21,-47],[12,-50],[-45,6],[-41,73],[-43,3],[-62,-29],[-27,-28],[-37,11],[-26,55],[-80,9],[-37,61],[21,55],[-61,41],[-101,8],[-31,-6],[-201,39],[-81,4],[-40,-15],[-62,16],[-30,29],[-52,14],[-81,-11],[-79,70],[-7,56],[-44,30],[-106,1],[-122,-29],[-21,2],[-97,67],[-64,5],[-125,79],[-14,78],[-64,65],[-65,24],[-126,1],[-66,-25],[-139,-23],[-169,-82],[-140,-54],[-167,-124],[-67,-54],[-17,91],[6,88],[-9,51],[108,49],[39,36],[221,95],[117,43],[97,48],[110,76],[42,37],[24,46],[-10,87],[41,59],[58,55],[64,22],[24,35],[3,62],[-62,116],[-48,68],[12,74],[-9,40],[-73,87],[-18,68],[32,73],[-27,111],[-23,128],[4,114],[16,34],[-12,36],[-67,114],[25,82],[75,118],[13,82],[37,91],[-3,60],[39,64],[35,137],[-22,121],[-34,64],[-81,86],[-14,37]],[[311731,229109],[-21,49],[8,90],[-46,23],[-72,2],[-171,-82],[-30,11],[-40,-64],[54,-29],[24,-86],[29,-51],[-27,-42],[24,-59],[78,0],[11,-72],[-12,-37],[-187,-3],[-70,-17],[-50,8],[-85,46],[-25,47],[-55,36],[-20,38],[21,42],[69,83],[28,81],[-12,46],[-53,71],[-19,64],[12,76],[-17,89],[28,83],[76,69],[31,-83],[45,-43],[57,25],[0,-57],[57,-36],[84,1],[31,-25],[85,13],[63,50],[9,64],[-52,44],[53,78],[-38,50],[22,66],[48,3],[42,57],[-16,50],[31,75],[-24,36],[14,27],[52,8],[23,32],[99,23],[100,-6],[83,-47],[49,19],[13,-45],[56,-23],[14,-59],[1,-79],[45,-14],[53,24],[88,-102],[24,12],[108,-29],[-4,-67],[36,-101],[39,-38],[-39,-27],[-48,14],[-56,-32],[-30,18],[-72,12],[-68,-22],[-75,-75],[10,-72],[53,-10],[39,19],[72,10],[-8,-103],[27,-95],[53,-41],[-36,-36],[-60,8],[-3,25],[-54,33],[-40,-9],[10,-91],[-19,-19],[12,-61],[-45,-106],[2,-83],[-42,-2],[-36,-39],[15,-101],[-47,25],[-206,-47],[-11,-21],[-65,-6],[-38,13],[-15,55],[46,59],[55,120],[-39,97],[-96,79],[-41,55],[24,41]],[[311332,231139],[70,84],[-13,51],[-48,53],[-90,5],[-18,45],[20,46],[-48,35],[-17,73],[61,57],[25,39],[12,57],[-8,46],[-54,55],[29,93],[31,-3],[47,61],[-57,93],[-12,108],[-46,23],[19,56],[-17,56],[-31,27],[-102,50],[-55,7],[-51,-23],[-55,15],[17,59],[23,5],[93,-34],[43,35],[24,-5],[30,-73],[90,-33],[42,-30],[12,-58],[62,-40],[36,25],[14,-102],[20,-53],[68,-101],[59,-23],[42,0],[16,-47],[-19,-43],[18,-37],[122,-97],[56,-28],[50,-8],[-17,-54],[-36,-56],[-54,-19],[-68,61],[-65,-7],[-41,-23],[-30,-50],[1,-55],[-32,1],[-53,42],[-42,12],[-1,50],[-35,7],[-39,-36],[19,-52],[-8,-47],[49,-74],[65,7],[51,-44],[-2,-44],[38,-36],[-19,-62],[5,-37],[-53,-4],[0,31],[-46,2],[-34,-42],[-8,-116],[-19,-35],[25,-123],[-58,-25],[-53,51],[2,65],[-69,37],[19,44],[55,16],[44,45],[-1,49]],[[314160,229659],[53,-28],[80,27],[17,33],[0,81],[64,9],[30,-55],[-10,-36],[46,-47],[0,-64],[36,-86],[-9,-35],[-50,-62],[25,-12],[14,-79],[30,-10],[7,-69],[-30,-7],[-44,-48],[-57,-39],[-41,-44],[-51,46],[-51,-14],[-65,46],[-29,48],[-14,87],[-46,57],[-80,27],[-58,44],[-24,74],[20,59],[27,32],[-1,41],[97,8],[80,34],[34,-18]],[[262864,233802],[-8,74],[6,136],[-20,179],[1,82],[55,-14],[8,-60],[-32,-121],[7,-29],[66,-73],[90,-14],[78,32],[51,-12],[111,-98],[26,-48],[-17,-67],[-37,-19],[-111,40],[-94,-17],[-9,-29],[-82,25],[-72,-2],[-17,35]],[[313116,228702],[-105,5],[-46,-30],[-19,13],[-65,-6],[-26,42],[80,116],[44,15],[29,42],[0,40],[48,15],[61,-16],[48,-107],[-28,-118],[-21,-11]],[[310826,231560],[-31,19],[39,78],[-4,72],[36,-5],[24,-39],[125,-25],[47,-40],[11,-34],[-24,-50],[-50,8],[-46,-22],[-67,-6],[-60,44]],[[263387,233577],[30,84],[33,15],[58,-8],[1,-61],[37,-29],[-8,-50],[40,-76],[-52,-13],[-49,18],[-13,26],[-60,36],[-17,58]],[[312060,230661],[-6,54],[102,-38],[25,-85],[-16,-31],[-86,-27],[-81,18],[-35,108],[97,1]],[[315469,230055],[12,88],[98,-16],[23,-83],[-37,-52],[6,-28],[-94,-53],[-29,39],[-1,39],[22,66]],[[312132,231638],[7,74],[-39,47],[26,27],[55,17],[3,-32],[61,-58],[17,11],[49,-52],[41,-9],[21,-43],[-39,-49],[-23,37],[-60,21],[-40,42],[-79,-33]],[[317570,230254],[33,41],[123,1],[7,34],[35,20],[30,-35],[-25,-77],[-24,-11],[-83,-1],[-32,-16],[-91,9],[27,35]],[[314786,230069],[18,42],[49,33],[129,-24],[-42,-55],[-48,-26],[-65,-11],[-56,11],[15,30]],[[310978,232831],[-40,-63],[-18,-49],[-46,29],[-16,71],[-32,49],[67,-11],[68,14],[17,-40]],[[313341,229762],[28,-53],[-32,-36],[-83,31],[-7,77],[-24,40],[46,7],[46,-30],[26,-36]],[[313371,230326],[-19,17],[19,46],[31,6],[69,-17],[48,8],[13,-83],[-131,10],[-30,13]],[[317397,230036],[-23,16],[-32,-91],[-97,4],[51,50],[33,53],[76,44],[36,-51],[-44,-25]],[[315216,229992],[-20,50],[11,35],[61,8],[31,-53],[-83,-40]],[[310002,232616],[13,-52],[-104,58],[-4,63],[55,-15],[40,-54]],[[315652,230310],[-9,34],[49,15],[59,54],[2,-77],[-21,-31],[-80,5]],[[316157,229856],[-104,-41],[-25,19],[8,53],[121,-31]],[[315393,230135],[16,-17],[-42,-64],[-50,36],[6,43],[70,2]],[[315152,236167],[-40,53],[47,39],[11,-44],[-18,-48]],[[315632,230300],[34,-25],[-23,-67],[-53,13],[42,79]],[[313166,232703],[-29,47],[40,17],[68,-18],[-49,-49],[-30,3]],[[314742,229161],[-2,66],[57,-20],[-20,-58],[-35,12]],[[265567,237683],[-17,53],[90,-51],[-21,-34],[-52,32]],[[314820,229615],[-21,-44],[-56,-3],[-3,40],[80,7]],[[314420,229797],[-7,82],[39,9],[8,-44],[-40,-47]],[[317547,230045],[-6,38],[28,24],[26,-40],[-48,-22]],[[308114,225293],[-17,-54],[-35,41],[52,13]],[[267940,247359],[31,-58],[87,-62],[42,-63],[16,-96],[51,-47],[54,-4],[43,41],[-12,-104],[-38,-37],[-2,-53],[109,-128],[17,-42],[38,-6],[28,48],[-14,84],[38,19],[119,-56],[115,-7],[36,-20],[-3,-81],[43,-52],[44,-2],[141,-87],[84,-11],[55,-51],[63,-74],[32,13],[-17,65],[-23,11],[-44,76],[-72,46],[-7,37],[-94,42],[-78,13],[-45,27],[4,92],[42,39],[-58,32],[-32,-1],[-42,33],[-5,88],[-69,42],[-57,5],[-15,62],[-30,47],[-56,42],[-40,12],[-30,-22],[-34,18],[-45,-5],[-50,-28],[-26,37],[-3,74],[36,81],[-11,50],[32,56],[59,20],[69,-8],[96,14],[33,20],[210,36],[38,17],[26,61],[119,-5],[254,25],[115,23],[66,27],[58,7],[25,33],[92,48],[19,49],[46,21],[65,56],[26,5],[35,83],[63,48],[110,-8],[68,-25],[31,11],[22,-34],[186,-70],[81,-38],[149,-49],[68,-10],[-7,-34],[39,-50],[5,-38],[107,-33],[123,-10],[38,-54],[62,3],[94,79],[50,75],[10,39],[-14,42],[-75,74],[-2,63],[106,39],[78,11],[73,66],[76,10],[6,-23],[68,9],[-27,38],[101,62],[68,58],[21,33],[23,99],[-38,22],[109,68],[123,-15],[81,23],[55,-26],[63,-56],[7,-64],[-17,-44],[62,-51],[4,-46],[-33,-83],[-8,-66],[68,-70],[23,-47],[33,-11],[50,-45],[27,24],[18,71],[63,75],[44,-4],[17,-25],[-25,-146],[2,-61],[49,7],[-6,66],[22,74],[46,57],[-17,49],[-36,27],[-62,20],[-125,-7],[-1,44],[62,48],[35,51],[-36,61],[-7,53],[22,58],[-12,64],[43,38],[24,62],[-25,26],[47,57],[35,-5],[34,41],[72,12],[54,-16],[96,51],[25,80],[0,69],[12,51],[65,19],[90,-60],[23,51],[44,-4],[12,-58],[57,42],[13,-55],[74,-20],[-20,-47],[105,-80],[49,-89],[-6,-29],[-48,-19],[-24,-44],[-51,-52],[-11,-84],[-22,-34],[20,-31],[84,-41],[77,-1],[44,15],[30,57],[12,84],[108,49],[75,-7],[48,-19],[34,-64],[76,-11],[23,-66],[-28,-31],[-9,-70],[13,-34],[70,-79],[35,21],[82,7],[35,31],[22,75],[-57,95],[2,35],[35,40],[75,23],[52,-12],[102,-38],[58,-32],[28,-48],[-2,-62],[16,-60],[-38,-34],[-57,-10],[-5,-68],[26,-52],[141,-55],[18,-31],[65,-37],[16,-59],[-71,-55],[3,-42],[34,-77],[41,-54],[52,-41],[-8,-44],[-42,-5],[-2,-53],[32,-55],[46,-39],[66,-24],[53,88],[53,31],[63,-20],[57,-82],[50,32],[45,-19],[42,-38],[-2,-35],[32,-23],[19,-46],[29,-21],[-6,-63],[-34,-11],[28,-45],[-11,-51],[24,-83],[41,-26],[-14,-54],[-79,-61],[-9,-52],[-25,-21],[-98,22],[-27,59],[-91,-12],[-93,-95],[-32,-61],[-83,-41],[-48,-63],[-61,-156],[3,-54],[-41,-140],[11,-101],[68,-47],[-19,-73],[-53,-7],[18,-63],[78,1],[29,-37],[10,-85],[-10,-41],[-50,-33],[-170,-1],[-19,36],[-58,0],[-48,-31],[-76,17],[-23,54],[-53,63],[-64,26],[-121,8],[-56,25],[12,-52],[-68,-63],[6,-43],[-120,-260],[-52,-77],[-69,-70],[-21,-85],[-54,-95],[-58,-63],[-104,-84],[-114,-124],[-65,-44],[6,-29],[-71,-96],[-83,24],[-42,33],[-60,-4],[-106,-58],[-85,-86],[-48,-7],[-100,-69],[-184,-145],[-68,-79],[-74,-28],[-136,-76],[-80,-5],[-154,-101],[-36,-6],[-124,-82],[-116,-40],[-79,-3],[-54,-85],[-124,-124],[-96,-145],[-52,-6],[-64,9],[-115,-37],[-38,-56],[-29,-3],[-217,-259],[-52,-46],[-112,-43],[-101,-2],[-39,19],[-68,94],[-20,47],[-65,80],[-16,42],[-65,35],[-49,67],[-155,118],[-12,-10],[-129,113],[-69,46],[-75,34],[-146,19],[-33,-19],[-179,47],[-37,-7],[-83,37],[-100,65],[-45,3],[-127,54],[-148,89],[-32,27],[-101,48],[-104,30],[-108,-5],[-79,30],[-17,51],[-62,49],[-9,82],[56,69],[-78,1],[-101,63],[-36,5],[-108,49],[-46,90],[-96,86],[-39,18],[-146,26],[-18,12],[-33,92],[-107,65],[-58,-37],[-8,54],[-26,69],[-87,85],[-52,15],[-83,-6],[-64,-57],[-167,79],[-87,58],[-59,60],[-78,134],[-47,128],[14,202],[30,35],[44,108],[44,69],[-46,134],[-54,-9],[-40,75],[-89,17],[-35,25],[-47,117],[-35,40],[-98,51],[-39,32],[-6,32],[24,151],[-38,124],[-70,28],[-19,29],[23,49],[-3,37],[21,91],[22,41],[-73,85],[9,37],[-57,24],[28,86],[-30,47],[-25,68],[0,69],[18,65],[-116,-22],[-42,12],[4,70],[-40,74],[36,27],[35,62],[5,73],[27,64],[88,7],[-26,46],[29,33],[-45,36],[-12,35],[-51,52],[-55,119],[-116,73],[-36,1],[-40,53],[-17,75],[19,71],[7,85],[17,47],[9,123],[21,116],[11,165],[42,12],[83,-19],[49,30],[47,1],[71,-58],[95,-100],[63,-44],[76,-82],[64,-55],[40,-64],[154,-198],[119,-123],[81,-66],[89,-51],[123,-56],[105,-10],[73,25],[-10,28],[27,60],[38,26],[27,-26],[65,-24],[76,-70],[88,-38],[52,-8],[81,-94],[-26,-31],[24,-134],[-59,-22],[-36,-67],[-40,-28],[-9,-38],[-46,11],[-91,3],[-32,-44],[19,-26],[-60,-35],[-29,-61],[0,-68],[21,-110],[28,-44],[65,-55],[45,5],[85,-26],[24,32],[61,19],[43,61],[120,-13],[75,40],[5,26],[100,47],[18,41],[-19,36],[16,57],[71,57],[24,52],[32,16],[46,-16],[-8,-60],[-24,-18],[14,-60],[-25,-38],[0,-58],[-19,-37],[37,-90],[-24,-89],[27,-25]],[[267579,244818],[18,12],[70,-66],[117,-94],[-2,-42],[-28,-50],[-47,-123],[-69,-95],[-30,-109],[-63,-104],[-40,-29],[-109,11],[-60,-11],[-111,68],[-16,53],[-44,-65],[-119,2],[-229,-59],[-61,-25],[-92,6],[-219,82],[-122,38],[-39,2],[-58,-25],[-161,88],[-125,13],[-125,21],[-44,21],[-95,75],[-176,73],[-167,21],[-126,41],[-35,-1],[-121,-55],[-57,-4],[-138,-44],[-83,-17],[-47,-23],[-49,-2],[-219,-64],[-28,-19],[-71,-14],[-43,-23],[-86,-3],[-135,-31],[-119,-48],[-209,-54],[-18,-13],[-144,-9],[-87,42],[-44,1],[-71,-36],[-145,51],[-108,-4],[-49,-37],[-65,53],[-23,44],[-58,36],[-35,62],[-20,95],[-25,50],[1,43],[55,59],[43,80],[42,-17],[33,21],[34,-30],[52,-13],[37,-40],[72,24],[32,26],[-60,26],[-15,42],[26,38],[44,130],[7,97],[-5,141],[-17,85],[18,25],[26,100],[89,7],[37,-14],[55,-70],[75,-39],[47,-69],[46,-44],[57,-25],[242,-12],[25,41],[104,106],[52,45],[58,69],[78,125],[41,39],[52,-30],[41,-55],[9,-43],[-30,-97],[-55,-70],[3,-58],[60,-34],[87,-21],[-30,-55],[-45,-25],[-23,-42],[42,-6],[80,-55],[42,-83],[26,91],[-44,13],[-30,34],[-44,5],[3,34],[51,54],[-2,56],[-29,34],[-84,-1],[-33,22],[46,63],[37,96],[41,12],[41,-40],[9,-51],[31,12],[42,-50],[41,-8],[49,-77],[46,-18],[55,-53],[49,2],[52,61],[74,3],[46,-87],[46,-110],[13,105],[-33,58],[5,53],[-25,17],[-66,-6],[-55,29],[-66,-39],[-58,-10],[-40,44],[-34,120],[46,-3],[-54,75],[-93,31],[-18,26],[-4,65],[-47,65],[-99,30],[-50,-30],[-144,-11],[-15,27],[29,133],[20,49],[29,172],[3,60],[-32,92],[-22,22],[-60,-11],[-9,32],[-84,78],[32,46],[9,50],[36,47],[52,7],[31,78],[0,87],[96,14],[84,26],[58,65],[41,-99],[5,-71],[109,-42],[76,-14],[20,-83],[39,-104],[41,29],[-1,77],[-31,19],[-39,66],[-5,37],[-86,12],[-91,54],[23,70],[-13,66],[-41,34],[-56,-7],[-47,-68],[-43,-30],[-71,-4],[-35,18],[-25,78],[-41,67],[-40,39],[-42,15],[-60,-4],[-32,-38],[-42,10],[-56,-31],[-43,7],[-24,64],[4,37],[74,38],[94,73],[52,141],[17,77],[40,40],[123,38],[62,49],[17,-10],[70,40],[59,8],[38,44],[31,71],[61,207],[38,19],[-42,-128],[-4,-58],[30,-50],[22,20],[-2,57],[42,66],[1,56],[-34,86],[-5,57],[27,55],[101,36],[133,-4],[21,-17],[76,35],[83,-1],[17,31],[112,49],[137,87],[34,-7],[28,-60],[71,-91],[-1,-64],[35,-96],[47,-161],[55,-90],[6,-25],[69,-55],[24,-4],[36,-72],[47,-16],[52,-68],[-15,-47],[11,-72],[28,-35],[-3,-36],[-42,-28],[-30,-87],[-12,-68],[-29,16],[-50,-39],[-40,-68],[27,-86],[-21,-20],[-17,-68],[57,-69],[-1,-36],[46,-27],[66,-66],[24,-51],[85,-29],[8,-38],[99,17],[34,-15],[41,-45],[76,-58],[47,-60],[28,22],[78,-54],[15,-24],[-24,-154],[9,-79],[-20,-66],[12,-86],[28,-54],[-14,-97],[45,-106],[-5,-43],[98,-25],[29,2],[225,-128],[21,-35],[143,-28],[53,26],[71,8],[50,-19],[61,-102],[100,-38],[67,17],[38,-50],[-1,-84],[34,-40],[53,-25],[80,-17],[35,12]],[[283180,249340],[-23,-45],[-20,-92],[13,-49],[37,-59],[50,-25],[68,28],[-13,34],[60,3],[74,-34],[38,15],[66,-91],[-113,-7],[-28,-19],[-69,-102],[-7,-67],[18,-67],[25,-27],[41,-3],[40,-78],[-18,-61],[23,-160],[7,-184],[-75,-5],[-13,-63],[-67,-35],[-17,-86],[-46,-150],[7,-99],[-14,-66],[-33,11],[4,54],[-13,45],[-51,51],[-82,9],[-83,101],[-31,61],[-26,109],[-21,11],[7,69],[-34,68],[4,72],[-27,38],[18,50],[-37,62],[-68,15],[-8,43],[-51,61],[-117,162],[-26,3],[-43,49],[6,28],[-26,61],[-72,134],[-25,2],[-71,111],[-44,-3],[-13,44],[48,32],[55,-4],[15,-43],[75,4],[50,29],[62,74],[29,52],[-1,34],[-57,40],[38,60],[7,103],[26,101],[-20,50],[-37,15],[-28,-23],[-34,45],[-47,23],[-56,-17],[-24,63],[-60,82],[-26,-2],[-24,55],[8,51],[-53,47],[-2,50],[29,12],[101,-73],[41,-56],[59,-12],[52,-56],[44,-7],[81,36],[70,6],[31,73],[61,6],[65,-12],[97,55],[56,77],[-16,99],[19,38],[-40,120],[65,84],[-7,24],[39,42],[137,-5],[64,34],[23,-42],[-43,-40],[-10,-62],[-30,14],[-39,-42],[-24,-97],[2,-52],[24,-90],[24,-32],[-4,-161],[39,-119],[63,-93],[-9,-90],[25,-100],[26,-27],[-12,-80],[10,-35],[85,-66],[-31,-57],[-70,-60],[-90,34],[-32,-36]],[[306731,242516],[26,34],[-17,50],[20,50],[2,113],[34,17],[37,72],[55,41],[37,49],[27,74],[-1,45],[-51,18],[29,42],[66,37],[27,-34],[72,-35],[101,-2],[-37,-60],[46,-23],[86,-17],[93,14],[90,42],[21,56],[53,35],[52,76],[-5,46],[-31,25],[94,26],[65,-16],[69,-32],[47,3],[118,50],[88,-55],[58,2],[191,142],[5,46],[34,-2],[71,25],[39,-8],[45,25],[172,154],[100,102],[23,36],[99,81],[12,102],[19,51],[28,-6],[66,-57],[46,5],[87,53],[50,55],[50,105],[48,121],[46,-6],[-25,100],[-95,7],[-62,59],[-16,82],[10,43],[35,9],[47,74],[113,-48],[124,42],[37,-87],[80,-26],[39,1],[54,-74],[-13,-37],[61,-127],[-72,-49],[-75,-18],[-38,-68],[-61,-41],[-15,-56],[5,-70],[-50,-83],[-79,-23],[-193,-116],[-56,-54],[-49,-88],[-41,-28],[-57,-71],[-23,-73],[-67,-127],[-56,-57],[-28,-48],[-93,-76],[-63,-86],[-23,-6],[-81,-60],[-46,-22],[-160,36],[-75,-7],[-52,-26],[-26,-41],[-38,-166],[-158,-14],[-95,7],[-83,-33],[-96,-2],[-79,-17],[-31,-21],[-73,0],[-95,-44],[-66,2],[-56,-31],[-42,-56],[-48,-17],[-97,-9],[-88,-84],[-37,-101],[-71,14],[-36,-30],[-38,-72],[-56,-12],[-3,102],[-83,60],[52,97]],[[314148,247285],[-18,51],[40,75],[106,16],[40,33],[10,48],[42,7],[55,60],[11,70],[33,-17],[57,7],[76,105],[-37,29],[22,36],[77,-25],[50,40],[-1,69],[43,-5],[29,25],[30,57],[-35,56],[85,227],[-20,44],[25,15],[91,101],[60,105],[6,31],[42,15],[57,66],[34,68],[-2,57],[-18,42],[30,73],[27,-41],[58,-8],[59,22],[13,44],[31,33],[21,77],[33,32],[53,9],[18,-50],[50,-50],[119,29],[48,42],[-2,43],[43,55],[19,-6],[49,62],[-24,61],[-10,70],[21,39],[-16,94],[31,44],[-23,52],[76,-33],[35,20],[32,98],[-108,74],[-51,-1],[7,33],[43,37],[44,-8],[95,-48],[33,38],[4,68],[53,51],[-16,55],[1,52],[-85,32],[-15,31],[-68,-10],[51,71],[8,30],[77,11],[45,-63],[24,29],[43,-11],[-46,114],[57,50],[32,-26],[62,50],[55,-33],[12,-36],[-29,-59],[-45,-31],[-8,-51],[-28,-44],[-15,-70],[-31,-55],[18,-54],[-25,-59],[-15,-74],[-37,-14],[-26,-110],[-15,-20],[18,-69],[-10,-39],[-44,-50],[-62,-93],[1,-51],[-18,-26],[-3,-75],[-39,-58],[11,-48],[28,-40],[-2,-49],[-65,-7],[-21,-38],[3,-55],[-105,-59],[-11,-28],[-67,38],[-31,-39],[-56,-1],[-20,-28],[16,-116],[32,-15],[-9,-40],[-61,-17],[-39,-67],[10,-38],[-27,-24],[-57,33],[-54,-29],[-18,-124],[-23,-20],[-85,33],[-48,-38],[52,-97],[-38,-14],[-44,-48],[47,-33],[0,-36],[-29,-35],[-10,-89],[-64,2],[-26,-51],[-32,-12],[-37,-66],[-36,-15],[7,-86],[-40,-16],[-6,-81],[-38,-32],[-24,-59],[-112,-57],[-15,-40],[-67,-22],[0,-71],[-35,-21],[-14,-40],[-57,-53],[-84,-20],[27,-40],[-27,-69],[-29,-24],[-96,-12],[-3,46],[27,31],[-31,27],[-45,-11],[-132,-69],[-11,-113],[-36,-35],[-81,36],[-36,67],[76,59],[51,15],[16,86],[35,3],[2,42],[-31,62]],[[312692,245872],[-35,22],[-94,15],[-13,100],[130,38],[86,-94],[81,30],[62,42],[60,2],[-35,61],[26,51],[91,22],[11,60],[33,-7],[33,-36],[30,-67],[-23,-37],[15,-39],[-14,-29],[66,-30],[-52,-70],[-50,-46],[-33,32],[-69,-7],[-19,-31],[-52,-37],[-45,-13],[-10,-29],[20,-49],[-48,-50],[-25,45],[-36,6],[-62,-21],[-84,-91],[-47,-27],[-14,-40],[-50,29],[-26,80],[-34,39],[-33,-24],[-58,45],[-30,-25],[-58,-8],[-44,-77],[15,-8],[72,51],[31,-41],[5,-56],[-18,-42],[-28,3],[-1,-108],[-24,-32],[-54,17],[-120,-17],[-59,-33],[-42,57],[21,28],[-27,26],[-88,-48],[-6,-98],[-40,-15],[-34,51],[-35,-10],[-13,-45],[-69,-18],[-83,-94],[-86,-46],[-78,6],[6,96],[141,12],[12,43],[-55,101],[-39,30],[13,57],[-42,25],[39,44],[31,-38],[37,-14],[108,8],[102,-69],[28,89],[115,18],[12,-29],[48,-4],[9,41],[-30,31],[35,23],[-9,36],[-71,64],[13,16],[64,-38],[89,28],[21,69],[-54,74],[93,58],[4,46],[40,23],[63,92],[34,-10],[-16,-57],[22,-29],[55,34],[28,-23],[16,-55],[-28,-60],[18,-35],[37,5],[20,-28],[63,6],[40,38],[40,-20],[53,-2],[5,41]],[[311329,242454],[-7,43],[-70,-13],[-22,43],[45,70],[70,-26],[28,-31],[-3,-39],[78,-23],[115,66],[17,78],[22,23],[43,-20],[20,-41],[72,-4],[-46,82],[39,11],[45,71],[49,43],[25,-70],[-49,-42],[-15,-40],[75,-75],[65,-31],[40,4],[19,57],[133,27],[21,44],[64,17],[45,35],[43,13],[63,43],[9,50],[29,27],[-17,45],[53,33],[22,67],[56,-29],[34,3],[59,37],[38,-21],[27,24],[32,-20],[-57,-57],[-6,-57],[31,-8],[34,32],[26,-49],[-4,-46],[-24,-56],[-40,-46],[-53,-16],[-82,-58],[-33,6],[-20,-35],[-60,-36],[-6,-35],[-89,-5],[-43,-26],[-147,-33],[-61,-56],[-92,-28],[-45,-28],[-79,9],[-21,-30],[-35,8],[-26,-31],[29,-34],[-29,-57],[-35,13],[-35,-22],[-68,-2],[-56,25],[-60,57],[-81,0],[-202,-59],[0,50],[-70,33],[-17,41],[129,10],[16,-30],[58,2],[45,24],[-52,51],[-6,48]],[[289307,245572],[-60,24],[4,81],[111,37],[112,52],[112,70],[105,132],[41,-12],[79,6],[118,-24],[70,-44],[52,18],[51,-23],[45,25],[57,-44],[26,-94],[37,-58],[-16,-47],[-77,27],[-36,-4],[-151,16],[-5,-27],[-85,-57],[-61,2],[-30,-64],[-1,-42],[-33,-1],[-5,61],[-52,74],[-23,-28],[-80,-44],[-83,8],[-18,-41],[48,-52],[6,-33],[75,-82],[-61,-99],[-37,22],[-99,-67],[-61,-13],[-22,71],[-66,56],[43,91],[9,78],[-39,49]],[[310150,244970],[-36,31],[-42,-32],[-25,5],[-83,58],[-79,17],[-65,64],[-5,60],[25,74],[68,69],[60,12],[65,46],[75,37],[173,64],[129,84],[20,-38],[50,-25],[105,24],[60,-52],[-107,-98],[-79,-95],[-16,-80],[-45,0],[-61,-51],[-110,-130],[-20,-56],[-57,12]],[[301729,242051],[-27,-35],[-35,-89],[-24,-14],[-10,-69],[-29,-57],[-58,-50],[-45,-13],[-98,59],[-152,47],[15,46],[-50,79],[19,36],[-4,89],[-20,55],[23,85],[-2,34],[-33,35],[-49,26],[-68,111],[19,36],[39,9],[49,-44],[54,-21],[37,-49],[90,-51],[120,-10],[72,-15],[89,-69],[82,-117],[-4,-44]],[[281207,242080],[19,25],[-22,34],[29,33],[63,-17],[104,4],[66,47],[66,31],[47,-15],[142,-10],[69,-58],[37,-64],[5,-102],[52,-87],[0,-28],[-64,-113],[-21,-23],[-84,-25],[-104,20],[-88,71],[-79,44],[3,32],[-41,44],[-84,39],[-52,58],[-15,48],[-48,12]],[[313162,246129],[-47,98],[-9,108],[43,-25],[19,-41],[74,-1],[-15,61],[49,49],[-11,47],[125,26],[52,-15],[11,35],[48,4],[53,47],[-7,31],[79,77],[118,31],[26,25],[-22,41],[75,57],[-4,28],[52,12],[76,50],[18,-16],[-16,-57],[4,-62],[-27,-16],[-16,-48],[-38,-34],[34,-80],[-51,-56],[-25,-50],[-44,14],[4,-82],[-55,-41],[-63,16],[-98,-46],[42,-31],[-35,-28],[-40,27],[-51,4],[-68,-38],[-3,-59],[-63,8],[-44,-12],[-21,-35],[-129,-23]],[[289556,246655],[-14,43],[54,11],[46,-16],[149,-7],[45,12],[36,33],[132,45],[49,68],[58,10],[35,35],[32,-17],[38,-50],[38,-93],[13,-83],[29,-38],[49,-23],[14,-80],[-13,-40],[-43,23],[-64,-10],[-28,23],[-103,-13],[-63,6],[-24,35],[-84,46],[-85,-27],[-33,-23],[-62,-115],[-86,-6],[-40,-27],[-66,-78],[-54,-43],[-24,20],[37,65],[50,42],[40,61],[23,118],[-15,43],[-66,50]],[[266809,238441],[40,-50],[-36,-17],[-14,-44],[18,-31],[-69,-23],[-57,-120],[9,-48],[43,-17],[10,-74],[41,-63],[-9,-74],[41,-82],[78,-44],[2,-67],[41,-24],[55,-79],[-23,-96],[33,-51],[1,-63],[-77,-6],[-66,56],[-17,43],[11,69],[18,21],[-5,63],[-27,70],[8,43],[-69,68],[-62,6],[-65,51],[-28,67],[-30,16],[-5,50],[-29,21],[31,125],[22,21],[4,75],[-80,95],[185,75],[21,17],[-3,50],[41,25],[36,-15],[-18,-39]],[[301577,242539],[-7,28],[22,52],[71,-4],[65,12],[104,39],[105,10],[48,-31],[74,-77],[91,-45],[62,-4],[-20,-46],[-83,-14],[-108,-64],[-10,-100],[-63,17],[-71,-5],[-35,11],[-30,99],[-40,37],[-56,19],[-119,66]],[[314298,244346],[8,55],[24,24],[77,33],[35,41],[-18,53],[47,8],[67,-15],[-24,-64],[128,9],[-25,66],[22,8],[37,-57],[28,-18],[40,62],[-1,39],[114,-1],[10,61],[-33,32],[42,42],[49,21],[76,-4],[27,-43],[33,5],[17,92],[63,7],[23,-42],[-69,-53],[-16,-25],[-119,-42],[-59,-38],[-61,-87],[34,-65],[-79,-43],[-84,-26],[-65,10],[-96,-7],[-161,-58],[-54,-14],[-37,34]],[[313931,243951],[4,57],[-10,104],[55,17],[37,65],[-20,46],[30,92],[55,-34],[87,51],[-18,-103],[-36,-9],[-6,-48],[61,-1],[-38,-69],[-88,-80],[-30,-38],[-9,-59],[34,-61],[-7,-36],[22,-64],[4,-116],[-21,-16],[-20,-65],[-88,-53],[-46,-5],[6,59],[-16,34],[-3,63],[18,48],[46,-6],[-77,95],[34,38],[45,16],[-5,78]],[[302735,243147],[-75,112],[45,78],[4,66],[59,13],[31,-21],[47,2],[100,47],[50,-34],[43,-8],[64,10],[44,-35],[102,-12],[-19,-60],[-37,-35],[-61,-30],[-87,0],[-35,13],[-45,-22],[-36,-45],[-80,-13],[-44,8],[-70,-34]],[[270990,242076],[60,-25],[89,-59],[57,-86],[-3,-15],[-98,-65],[-44,27],[-83,-50],[-100,-2],[-156,51],[-61,34],[-4,18],[103,56],[60,75],[70,31],[102,-31],[8,41]],[[279423,245766],[44,43],[33,70],[6,84],[-34,92],[53,73],[52,-7],[38,-30],[6,-93],[39,-101],[66,-75],[3,-36],[-42,-24],[-7,-44],[-48,-62],[-39,-16],[-117,22],[-43,21],[-10,83]],[[316528,241888],[-12,36],[2,68],[23,20],[12,65],[-32,34],[52,47],[36,5],[16,32],[108,45],[-16,-368],[13,-46],[29,-23],[6,-41],[-36,-25],[-61,-16],[-95,61],[-33,1],[10,56],[-22,49]],[[270883,242349],[-178,30],[-62,22],[56,43],[27,36],[85,38],[35,1],[92,31],[62,-6],[32,18],[95,-27],[12,-27],[-10,-59],[-43,-35],[-104,-39],[-99,-26]],[[285698,249347],[83,8],[2,-125],[29,-71],[-132,61],[-59,-16],[-108,-64],[-41,7],[-11,75],[-18,34],[-113,44],[24,60],[26,13],[30,-33],[100,-21],[137,50],[51,-22]],[[313462,243858],[44,-55],[17,-44],[29,-5],[38,27],[48,-71],[-10,-102],[-68,1],[-64,-22],[-48,22],[-42,-16],[15,-41],[-53,-26],[-45,14],[-75,-36],[-132,25],[5,18],[101,-7],[16,34],[46,10],[9,28],[71,24],[13,57],[-31,15],[56,44],[47,-31],[14,52],[-1,85]],[[311394,241459],[-9,-44],[58,-84],[-40,-31],[-172,0],[-35,-29],[-120,-2],[-39,73],[49,93],[52,2],[11,63],[54,-16],[4,-27],[42,-21],[25,39],[48,23],[24,-36],[48,-3]],[[271170,242245],[-48,11],[19,34],[88,39],[53,9],[91,47],[32,6],[210,-22],[15,-63],[-31,-48],[-51,-23],[-83,-16],[-155,-5],[-32,19],[-108,12]],[[309726,244714],[16,52],[73,-11],[45,34],[-3,53],[62,-2],[41,-24],[58,27],[19,-34],[-7,-45],[-65,-25],[-11,-66],[-47,-45],[-71,-28],[-29,16],[-56,-33],[-25,131]],[[301107,242698],[89,-64],[34,-42],[-63,-39],[-33,-49],[-59,3],[-134,66],[-16,53],[21,56],[45,46],[29,8],[87,-38]],[[271262,242669],[53,30],[215,54],[103,35],[56,-64],[-9,-59],[-69,-3],[-58,-44],[-99,-3],[-76,15],[-116,39]],[[309786,243522],[15,106],[-51,83],[67,24],[56,61],[50,8],[104,76],[52,75],[48,-20],[-56,-35],[-39,-48],[-16,-67],[-56,-73],[-39,-34],[-47,-105],[-28,-37],[-60,-14]],[[280917,245906],[-28,46],[7,53],[22,24],[18,92],[17,12],[67,-37],[78,-57],[18,-45],[-53,-85],[4,-45],[-36,-11],[-35,27],[-79,26]],[[265719,237887],[-13,-15],[-76,6],[9,50],[-25,22],[-9,70],[90,56],[67,-4],[60,-34],[25,-85],[-66,-70],[-62,4]],[[311436,245105],[-7,-58],[-47,-23],[-50,-86],[-84,-43],[-27,33],[-1,47],[-20,31],[32,54],[37,-1],[56,50],[6,81],[30,24],[73,-71],[2,-38]],[[310424,241649],[-9,40],[19,94],[-10,26],[14,86],[-11,94],[4,57],[63,33],[66,-72],[-41,-45],[13,-67],[2,-85],[-67,-81],[4,-23],[-28,-135],[-21,16],[2,62]],[[265952,238338],[-35,42],[6,38],[39,39],[78,27],[49,-20],[30,-36],[29,-68],[-52,-31],[-73,-61],[-43,17],[-28,53]],[[283695,248879],[18,83],[71,54],[62,18],[96,-30],[-4,-42],[-101,-47],[-59,-90],[-39,30],[-65,-42],[-33,26],[54,40]],[[300809,242607],[24,-55],[122,-94],[-3,-26],[-139,37],[-67,28],[-53,41],[-15,54],[7,43],[60,49],[55,-35],[9,-42]],[[302227,242063],[-39,88],[-45,74],[-40,42],[54,17],[91,-32],[51,-56],[-3,-85],[8,-36],[-77,-12]],[[281364,241597],[17,-28],[14,-104],[-15,-22],[3,-59],[-53,-35],[-49,37],[-10,92],[11,54],[35,57],[47,8]],[[265829,238223],[-18,81],[27,33],[44,15],[69,-25],[50,-76],[-10,-34],[-100,-27],[-62,33]],[[313667,243449],[71,83],[74,29],[27,-21],[0,-85],[-34,-31],[-126,-23],[-12,48]],[[310564,240482],[18,61],[-4,37],[37,27],[97,20],[13,31],[47,6],[-42,-83],[-76,-20],[-13,-33],[3,-69],[-29,-41],[-51,64]],[[295737,241930],[-35,37],[-20,53],[62,86],[77,23],[22,-66],[-34,-60],[-72,-73]],[[310794,244547],[38,50],[12,65],[-27,25],[73,36],[59,-7],[62,54],[18,-55],[-90,-35],[-21,-59],[-45,-37],[-22,-48],[-57,11]],[[301852,242178],[-1,72],[64,-8],[37,-32],[22,-65],[-24,-86],[-57,35],[-41,84]],[[311835,245712],[1,-73],[42,-57],[-44,-13],[-74,52],[-23,54],[1,76],[30,-2],[67,-37]],[[316697,245333],[34,54],[89,24],[24,-55],[-14,-40],[-113,-32],[-91,13],[71,36]],[[284711,247473],[-4,58],[-21,47],[38,4],[129,-100],[-2,-51],[-56,34],[-84,8]],[[315724,241192],[-2,16],[85,12],[45,-80],[-29,-53],[-52,-48],[-27,-5],[-25,45],[21,30],[39,4],[10,47],[-65,32]],[[311053,246138],[-6,32],[66,107],[68,-2],[-15,-77],[-49,-84],[-48,-11],[-16,35]],[[303500,245090],[-22,100],[63,-1],[34,-85],[52,-17],[-11,-67],[-45,6],[-48,27],[-23,37]],[[315436,244062],[36,37],[86,23],[23,21],[54,-11],[-34,-37],[-102,-60],[-63,27]],[[310830,245821],[0,66],[-23,23],[12,48],[72,37],[36,-30],[-46,-129],[-51,-15]],[[265911,238143],[11,-41],[-31,-12],[-110,32],[-24,64],[42,13],[42,-10],[70,-46]],[[310590,244416],[-44,-69],[8,-27],[-38,-46],[-40,20],[40,101],[-4,29],[39,32],[39,-40]],[[278133,246786],[5,33],[36,11],[71,-42],[14,-27],[-34,-55],[-45,16],[-47,64]],[[273416,242051],[26,-34],[13,-56],[-28,-24],[-66,9],[-9,48],[35,47],[29,10]],[[301652,242336],[9,56],[53,-11],[45,-67],[-26,-33],[-81,55]],[[310648,245533],[29,68],[42,25],[27,-41],[-38,-92],[-60,40]],[[312766,243087],[5,32],[83,76],[15,-90],[-12,-27],[-82,-7],[-9,16]],[[269557,238622],[59,-20],[1,-35],[-33,-46],[-56,13],[30,56],[-1,32]],[[281169,246331],[2,32],[33,42],[17,-96],[-52,22]],[[296063,243119],[8,32],[60,5],[5,-51],[-37,-35],[-36,6],[0,43]],[[267865,244214],[40,18],[25,-46],[-81,-26],[-20,54],[36,0]],[[284327,248178],[-56,45],[-2,49],[63,-14],[17,-44],[-22,-36]],[[270250,237933],[-51,71],[-4,54],[20,15],[36,-56],[-1,-84]],[[282129,245653],[-38,45],[37,15],[56,-21],[2,-53],[-57,14]],[[266318,237962],[16,52],[36,-43],[6,-42],[-44,-12],[-14,45]],[[310431,241464],[-39,-156],[-20,7],[37,155],[22,-6]],[[267907,247987],[35,30],[36,-64],[-26,-16],[-45,50]],[[266135,238786],[-23,17],[58,68],[26,-33],[-61,-52]],[[315704,249374],[-94,31],[32,25],[65,-29],[-3,-27]],[[279882,245952],[-7,59],[34,12],[22,-60],[-49,-11]],[[314736,243788],[-12,38],[30,16],[49,-21],[-5,-24],[-62,-9]],[[312768,243055],[3,-33],[-41,-9],[-11,70],[49,-28]],[[270613,241562],[-19,48],[37,16],[14,-35],[-32,-29]],[[270750,241646],[37,49],[24,-24],[-61,-25]],[[426606,65918],[52,5],[71,-83],[166,-31],[60,12],[42,71],[34,22],[66,-59],[8,-63],[-21,-29],[3,-72],[-36,-46],[18,-32],[-38,-60],[-27,9],[-106,-79],[-120,32],[-105,-78],[-6,-27],[-96,-82],[-47,27],[37,104],[-54,38],[3,64],[-136,43],[-67,-10],[-31,17],[-113,-6],[-201,-42],[-134,-52],[-72,-60]],[[563139,111779],[-38,39],[-3,33],[43,34],[49,-20],[52,11],[44,-15],[-18,-42],[-80,4],[-49,-44]],[[607,241904],[46,4],[32,-25],[-78,-17],[0,38]],[[232,242186],[-30,-19],[-84,47],[6,15],[75,7],[33,-50]],[[70086,254809],[39,117],[91,-18],[109,32],[28,-25],[-12,-48],[18,-82],[41,-81],[-37,-74],[6,-63],[57,-45],[-61,-47],[-73,-11],[-52,-62],[-13,-43],[-43,-21],[-12,-36],[-49,-46],[0,-67],[27,-57],[-70,-121],[-21,-169],[13,-49],[-14,-44],[-84,-17],[-55,0],[-59,42],[-31,108],[5,39],[-24,63],[1,67],[-42,72],[-100,47],[-110,16],[-99,-3],[-46,48],[-58,9],[-185,-10],[-51,-62],[-39,-20],[-43,1],[-30,52],[52,74],[37,9],[47,41],[59,156],[-22,57],[-37,21],[-21,71],[32,84],[68,-30],[38,-67],[74,-25],[67,-38],[100,-6],[69,-26],[82,13],[157,50],[140,85],[73,75],[1,73],[62,-9]],[[427132,65918],[-31,40],[49,34],[13,-45],[-31,-29]],[[563026,112342],[-71,20],[-27,54],[-16,76],[22,33],[-11,40],[23,103],[-38,18],[25,88],[78,-33],[112,-7],[79,-26],[64,-38],[21,-54],[53,-29],[109,-15],[50,-27],[31,-70],[-16,-72],[-81,-11],[22,-54],[-41,-17],[-105,-4],[-26,-41],[-51,27],[-90,21],[-47,-41],[-56,2],[-13,57]],[[0,241692],[33,71],[24,-20],[-4,-38],[20,-72],[51,-108],[-2,-50],[-37,7],[25,56],[-37,23],[-40,-104],[-3,-44],[51,12],[58,-64],[33,-68],[64,-73],[94,66],[27,-34],[-127,-41],[-43,18],[-105,132],[-59,34],[-14,70],[27,70],[-36,157]],[[570,241258],[46,-23],[19,16],[47,-25],[3,54],[77,-12],[34,8],[35,107],[55,3],[-55,-99],[-47,-37],[-106,-41],[-63,-11],[-45,60]]],"transform":{"scale":[0.00012631061280141758,0.00013072913831184437],"translate":[96.81703561945476,-43.74036459180864]},"objects":{"STE_2021_AUST_GDA2020":{"type":"GeometryCollection","geometries":[{"arcs":[[[0]],[[1]],[[2]],[[3]],[[4]],[[5,6,7,8,9,10],[11]],[[12]],[[13]]],"type":"MultiPolygon","properties":{"STE_CODE21":"1","STE_NAME21":"New South Wales","CHG_FLAG21":"0","CHG_LBL21":"No change","AUS_CODE21":"AUS","AUS_NAME21":"Australia","AREASQKM21":800797.6591,"LOCI_URI21":"http://linked.data.gov.au/dataset/asgsed3/STE/1"}},{"arcs":[[[14,-8,15]],[[16]],[[17]],[[18]],[[19]],[[20]],[[21]],[[22]],[[23]],[[24]],[[25]],[[26]],[[27]],[[28]],[[29]],[[30]],[[31]],[[32]],[[33]],[[34]],[[35]]],"type":"MultiPolygon","properties":{"STE_CODE21":"2","STE_NAME21":"Victoria","CHG_FLAG21":"0","CHG_LBL21":"No change","AUS_CODE21":"AUS","AUS_NAME21":"Australia","AREASQKM21":227496.2479,"LOCI_URI21":"http://linked.data.gov.au/dataset/asgsed3/STE/2"}},{"arcs":[[[36,-10,37,38,39]],[[40]],[[41]],[[42]],[[43]],[[44]],[[45]],[[46]],[[47]],[[48]],[[49]],[[50]],[[51]],[[52]],[[53]],[[54]],[[55]],[[56]],[[57]],[[58]],[[59]],[[60]],[[61]],[[62]],[[63]],[[64]],[[65]],[[66]],[[67]],[[68]],[[69]],[[70]],[[71]],[[72]],[[73]],[[74]],[[75]],[[76]],[[77]],[[78]],[[79]],[[80]],[[81]],[[82]],[[83]],[[84]],[[85]],[[86]],[[87]],[[88]],[[89]],[[90]],[[91]],[[92]],[[93]],[[94]],[[95]],[[96]],[[97]],[[98]],[[99]],[[100]],[[101]],[[102]],[[103]],[[104]],[[105]],[[106]],[[107]],[[108]],[[109]],[[110]],[[111]],[[112]],[[113]],[[114]],[[115]],[[116]],[[117]],[[118]],[[119]],[[120]],[[121]],[[122]],[[123]],[[124]],[[125]],[[126]],[[127]],[[128]],[[129]],[[130]],[[131]],[[132]],[[133]],[[134]],[[135]],[[136]],[[137]],[[138]],[[139]],[[140]],[[141]],[[142]],[[143]],[[144]],[[145]],[[146]],[[147]],[[148]],[[149]],[[150]],[[151]],[[152]],[[153]],[[154]],[[155]],[[156]],[[157]],[[158]],[[159]],[[160]],[[161]],[[162]],[[163]],[[164]],[[165]],[[166]],[[167]],[[168]],[[169]],[[170]],[[171]],[[172]],[[173]],[[174]],[[175]],[[176]],[[177]],[[178]],[[179]],[[180]],[[181]],[[182]],[[183]],[[184]],[[185]],[[186]],[[187]],[[188]],[[189]],[[190]],[[191]],[[192]],[[193]],[[194]],[[195]],[[196]],[[197]],[[198]],[[199]],[[200]],[[201]],[[202]],[[203]],[[204]],[[205]],[[206]],[[207]],[[208]],[[209]],[[210]],[[211]],[[212]],[[213]],[[214]],[[215]],[[216]],[[217]],[[218]],[[219]],[[220]],[[221]],[[222]],[[223]],[[224]],[[225]],[[226]],[[227]],[[228]],[[229]],[[230]],[[231]],[[232]],[[233]],[[234]],[[235]],[[236]],[[237]],[[238]],[[239]],[[240]],[[241]],[[242]],[[243]],[[244]],[[245]],[[246]],[[247]],[[248]],[[249]],[[250]],[[251]],[[252]],[[253]],[[254]],[[255]],[[256]],[[257]],[[258]],[[259]],[[260]],[[261]],[[262]],[[263]],[[264]],[[265]],[[266]],[[267]],[[268]],[[269]],[[270]],[[271]],[[272]],[[273]],[[274]],[[275]],[[276]],[[277]],[[278]],[[279]],[[280]],[[281]],[[282]],[[283]],[[284]],[[285]],[[286]],[[287]],[[288]],[[289]],[[290]],[[291]],[[292]],[[293]],[[294]],[[295]],[[296]]],"type":"MultiPolygon","properties":{"STE_CODE21":"3","STE_NAME21":"Queensland","CHG_FLAG21":"0","CHG_LBL21":"No change","AUS_CODE21":"AUS","AUS_NAME21":"Australia","AREASQKM21":1730171.2208,"LOCI_URI21":"http://linked.data.gov.au/dataset/asgsed3/STE/3"}},{"arcs":[[[297,298,-38,-9,-15,299]],[[300]],[[301]],[[302]],[[303]],[[304]],[[305]],[[306]],[[307]],[[308]],[[309]],[[310]],[[311]],[[312]],[[313]],[[314]],[[315]],[[316]],[[317]],[[318]],[[319]],[[320]],[[321]],[[322]],[[323]],[[324]],[[325]],[[326]],[[327]],[[328]],[[329]],[[330]],[[331]],[[332]],[[333]],[[334]],[[335]],[[336]],[[337]],[[338]]],"type":"MultiPolygon","properties":{"STE_CODE21":"4","STE_NAME21":"South Australia","CHG_FLAG21":"0","CHG_LBL21":"No change","AUS_CODE21":"AUS","AUS_NAME21":"Australia","AREASQKM21":984231.4202,"LOCI_URI21":"http://linked.data.gov.au/dataset/asgsed3/STE/4"}},{"arcs":[[[339,-298,340]],[[341]],[[342]],[[343]],[[344]],[[345]],[[346]],[[347]],[[348]],[[349]],[[350]],[[351]],[[352]],[[353]],[[354]],[[355]],[[356]],[[357]],[[358]],[[359]],[[360]],[[361]],[[362]],[[363]],[[364]],[[365]],[[366]],[[367]],[[368]],[[369]],[[370]],[[371]],[[372]],[[373]],[[374]],[[375]],[[376]],[[377]],[[378]],[[379]],[[380]],[[381]],[[382]],[[383]],[[384]],[[385]],[[386]],[[387]],[[388]],[[389]],[[390]],[[391]],[[392]],[[393]],[[394]],[[395]],[[396]],[[397]],[[398]],[[399]],[[400]],[[401]],[[402]],[[403]],[[404]],[[405]],[[406]],[[407]],[[408]],[[409]],[[410]],[[411]],[[412]],[[413]],[[414]],[[415]],[[416]],[[417]],[[418]],[[419]],[[420]],[[421]],[[422]],[[423]],[[424]],[[425]],[[426]],[[427]],[[428]],[[429]],[[430]],[[431]],[[432]],[[433]],[[434]],[[435]],[[436]],[[437]],[[438]],[[439]],[[440]],[[441]],[[442]],[[443]],[[444]],[[445]],[[446]],[[447]],[[448]],[[449]],[[450]],[[451]],[[452]],[[453]],[[454]],[[455]],[[456]],[[457]],[[458]],[[459]],[[460]],[[461]],[[462]],[[463]],[[464]],[[465]],[[466]],[[467]],[[468]],[[469]],[[470]],[[471]],[[472]],[[473]],[[474]],[[475]],[[476]],[[477]],[[478]],[[479]],[[480]],[[481]],[[482]],[[483]],[[484]],[[485]],[[486]],[[487]],[[488]],[[489]],[[490]],[[491]],[[492]],[[493]],[[494]],[[495]],[[496]],[[497]],[[498]],[[499]],[[500]],[[501]],[[502]],[[503]],[[504]],[[505]],[[506]],[[507]],[[508]],[[509]],[[510]],[[511]],[[512]],[[513]],[[514]],[[515]],[[516]],[[517]],[[518]],[[519]],[[520]],[[521]],[[522]],[[523]],[[524]],[[525]],[[526]],[[527]],[[528]],[[529]],[[530]],[[531]],[[532]],[[533]],[[534]],[[535]],[[536]],[[537]],[[538]],[[539]],[[540]],[[541]],[[542]],[[543]],[[544]],[[545]],[[546]],[[547]],[[548]],[[549]],[[550]],[[551]],[[552]],[[553]],[[554]],[[555]],[[556]],[[557]],[[558]],[[559]],[[560]],[[561]],[[562]],[[563]],[[564]],[[565]],[[566]],[[567]],[[568]],[[569]],[[570]],[[571]],[[572]],[[573]],[[574]],[[575]],[[576]],[[577]],[[578]],[[579]],[[580]],[[581]],[[582]],[[583]],[[584]],[[585]],[[586]],[[587]],[[588]],[[589]],[[590]],[[591]],[[592]],[[593]],[[594]],[[595]],[[596]],[[597]],[[598]],[[599]],[[600]],[[601]],[[602]],[[603]],[[604]],[[605]],[[606]],[[607]],[[608]],[[609]],[[610]],[[611]],[[612]],[[613]],[[614]],[[615]],[[616]],[[617]],[[618]],[[619]],[[620]],[[621]],[[622]],[[623]],[[624]],[[625]],[[626]],[[627]],[[628]],[[629]],[[630]],[[631]],[[632]],[[633]],[[634]],[[635]],[[636]],[[637]],[[638]],[[639]],[[640]],[[641]],[[642]],[[643]],[[644]],[[645]],[[646]],[[647]],[[648]],[[649]],[[650]],[[651]],[[652]],[[653]],[[654]],[[655]],[[656]],[[657]],[[658]],[[659]],[[660]],[[661]],[[662]],[[663]],[[664]],[[665]],[[666]],[[667]],[[668]],[[669]],[[670]],[[671]],[[672]],[[673]],[[674]],[[675]],[[676]],[[677]],[[678]],[[679]],[[680]],[[681]],[[682]],[[683]],[[684]],[[685]],[[686]],[[687]],[[688]],[[689]],[[690]],[[691]]],"type":"MultiPolygon","properties":{"STE_CODE21":"5","STE_NAME21":"Western Australia","CHG_FLAG21":"0","CHG_LBL21":"No change","AUS_CODE21":"AUS","AUS_NAME21":"Australia","AREASQKM21":2526632.4825,"LOCI_URI21":"http://linked.data.gov.au/dataset/asgsed3/STE/5"}},{"arcs":[[[692]],[[693]],[[694]],[[695]],[[696]],[[697]],[[698]],[[699]],[[700]],[[701]],[[702]],[[703]],[[704]],[[705]],[[706]],[[707]],[[708]],[[709]],[[710]],[[711]],[[712]],[[713]],[[714]],[[715]],[[716]],[[717]],[[718]],[[719]],[[720]],[[721]],[[722]],[[723]],[[724]],[[725]],[[726]],[[727]],[[728]],[[729]],[[730]],[[731]],[[732]],[[733]],[[734]],[[735]],[[736]],[[737]],[[738]],[[739]],[[740]],[[741]],[[742]],[[743]],[[744]],[[745]],[[746]],[[747]],[[748]]],"type":"MultiPolygon","properties":{"STE_CODE21":"6","STE_NAME21":"Tasmania","CHG_FLAG21":"0","CHG_LBL21":"No change","AUS_CODE21":"AUS","AUS_NAME21":"Australia","AREASQKM21":68017.5393,"LOCI_URI21":"http://linked.data.gov.au/dataset/asgsed3/STE/6"}},{"arcs":[[[-39,-299,-340,749]],[[750]],[[751]],[[752]],[[753]],[[754]],[[755]],[[756]],[[757]],[[758]],[[759]],[[760]],[[761]],[[762]],[[763]],[[764]],[[765]],[[766]],[[767]],[[768]],[[769]],[[770]],[[771]],[[772]],[[773]],[[774]],[[775]],[[776]],[[777]],[[778]],[[779]],[[780]],[[781]],[[782]],[[783]],[[784]],[[785]],[[786]],[[787]],[[788]],[[789]],[[790]],[[791]],[[792]],[[793]],[[794]],[[795]],[[796]],[[797]],[[798]],[[799]],[[800]],[[801]],[[802]],[[803]],[[804]],[[805]],[[806]],[[807]],[[808]],[[809]],[[810]],[[811]],[[812]],[[813]],[[814]],[[815]],[[816]],[[817]],[[818]],[[819]],[[820]],[[821]],[[822]],[[823]],[[824]],[[825]],[[826]],[[827]],[[828]],[[829]],[[830]],[[831]],[[832]],[[833]],[[834]],[[835]],[[836]],[[837]],[[838]],[[839]],[[840]],[[841]],[[842]],[[843]],[[844]],[[845]],[[846]],[[847]],[[848]],[[849]],[[850]],[[851]],[[852]],[[853]],[[854]],[[855]],[[856]],[[857]],[[858]],[[859]],[[860]],[[861]],[[862]],[[863]],[[864]],[[865]],[[866]],[[867]],[[868]],[[869]],[[870]],[[871]],[[872]],[[873]],[[874]],[[875]],[[876]],[[877]],[[878]]],"type":"MultiPolygon","properties":{"STE_CODE21":"7","STE_NAME21":"Northern Territory","CHG_FLAG21":"0","CHG_LBL21":"No change","AUS_CODE21":"AUS","AUS_NAME21":"Australia","AREASQKM21":1348134.4931,"LOCI_URI21":"http://linked.data.gov.au/dataset/asgsed3/STE/7"}},{"arcs":[[-12]],"type":"Polygon","properties":{"STE_CODE21":"8","STE_NAME21":"Australian Capital Territory","CHG_FLAG21":"0","CHG_LBL21":"No change","AUS_CODE21":"AUS","AUS_NAME21":"Australia","AREASQKM21":2358.133,"LOCI_URI21":"http://linked.data.gov.au/dataset/asgsed3/STE/8"}},{"arcs":[[[879,-6]],[[880]],[[881]],[[882]],[[883]],[[884]],[[885]],[[886]],[[887]]],"type":"MultiPolygon","properties":{"STE_CODE21":"9","STE_NAME21":"Other Territories","CHG_FLAG21":"0","CHG_LBL21":"No change","AUS_CODE21":"AUS","AUS_NAME21":"Australia","AREASQKM21":255.742,"LOCI_URI21":"http://linked.data.gov.au/dataset/asgsed3/STE/9"}},{"type":null,"properties":{"STE_CODE21":"Z","STE_NAME21":"Outside Australia","CHG_FLAG21":"1","CHG_LBL21":"New","AUS_CODE21":"ZZZ","AUS_NAME21":"Outside Australia","AREASQKM21":null,"LOCI_URI21":"http://linked.data.gov.au/dataset/asgsed3/STE/Z"}}]}}}