{"type":"Topology","arcs":[[[192106,33752],[14,79],[15,0],[8,55],[15,16],[14,78],[44,-20],[49,-3],[4,20],[52,-7],[71,45],[85,5],[40,56],[20,12],[57,-11],[9,80],[-49,49],[14,69],[29,45],[65,-10],[29,112],[119,-23],[35,-20],[53,-1],[13,-43],[81,-53],[12,-53],[19,-10],[9,-62],[-6,-39],[25,-38],[55,-25],[26,-112],[46,-73]],[[193178,33870],[-5,-53],[-39,1],[-41,-51],[-24,15],[-26,-27],[-8,-32],[14,-37],[-42,-36],[-13,-58],[-53,-49]],[[192941,33543],[-47,66],[-37,12],[12,34],[-105,11],[-41,-25],[-22,46],[-52,-13],[-32,-41],[-5,-54],[-14,-39],[-48,21],[-81,20],[-39,102],[-44,-22],[-38,3],[-30,61],[-49,-25],[0,-19],[-44,-13],[-47,19],[-41,-29],[-35,63],[4,31]],[[209298,59687],[10,68],[31,-5],[8,50],[-55,9],[10,94],[-12,41],[-36,5],[-33,56],[-54,2],[-19,17],[27,31],[15,83],[-22,3],[14,78],[-29,9],[14,88],[52,-20],[20,127],[107,-17],[13,84],[63,-9],[19,124],[58,-4],[91,-15],[13,75],[101,-19],[-3,-19],[79,-35],[25,-21],[-6,-25],[15,-48],[53,-17],[30,-21],[25,24],[62,-1],[60,31],[34,-13],[45,37],[66,19],[43,58],[51,9],[49,21],[43,31],[23,0],[32,30],[63,-8]],[[210493,60694],[7,-40],[56,-1],[4,-44],[23,-37],[42,-8],[29,-25],[76,-18],[-20,-82],[47,-77],[44,47],[419,0],[226,5],[15,-34],[103,0],[45,-9],[41,-26],[86,81],[23,-26],[25,7],[21,-35],[43,38],[65,-3],[44,13],[1,-23],[68,12],[40,-12],[28,18],[68,-9],[39,-24],[33,46],[23,-3],[7,-35],[43,3],[38,34],[61,-14],[23,14],[33,-14],[33,12],[27,-30],[18,-47],[30,32],[3,50],[-26,34],[-7,33],[20,34],[-34,34],[8,19],[-20,47],[84,45],[33,-32],[38,11],[18,34],[34,-25],[26,-64],[23,-23],[13,-43],[48,17],[38,-27],[55,-13],[81,88],[32,48],[2,47],[24,4]],[[213063,60698],[11,-82],[42,-37],[23,-36],[61,-14],[7,-71],[26,-19],[-14,-59],[11,-22],[-9,-49],[-37,-41],[-26,3],[-12,-48],[21,-37],[-23,-32],[19,-28],[-24,-24],[9,-33],[-52,-12],[26,-98],[37,-24],[3,-32],[29,-99],[16,-13],[-20,-53],[21,-37],[-26,-47],[36,-21],[-10,-51],[21,-58],[31,-15],[29,-36],[53,-34],[15,-27],[-9,-36],[-33,-42],[-1,-47],[18,-39],[-13,-35],[21,-48],[15,-2],[-23,-101],[13,-85],[35,-33],[-11,-66],[52,6],[-3,-30],[66,-8],[31,-53],[-9,-37],[36,-41],[43,-30],[62,-82],[15,-4]],[[213662,58599],[-33,-34],[-8,-43],[-60,6],[-38,-35],[-9,-44],[21,-67],[-2,-50],[53,-40]],[[213586,58292],[-31,-54]],[[213555,58238],[-32,0],[-24,-19],[-12,-62],[16,-42],[-39,-29],[-1,-21],[-49,-26],[-6,-40],[-37,-4],[-16,-30],[-48,-18],[0,-28],[-23,-47],[-46,-41],[-7,-42],[23,-56],[43,-20],[-6,-41],[21,-48],[26,5],[98,-86],[-19,-20],[-25,-66],[2,-25],[42,-64],[-13,-19],[38,-126],[-2,-60],[-33,-28],[-57,-77],[12,-39],[-25,-7],[-18,-54],[-40,11],[-68,-19],[8,-29],[-27,-20],[-49,-81],[-25,-2],[-27,-78],[19,-12],[37,-106],[-32,-61],[-13,-78],[25,-52],[-17,-42],[24,-43]],[[213153,56346],[-197,39],[-169,31],[-81,1],[-39,17],[-1,50],[-24,47],[-19,8],[-7,50],[-25,39],[-21,-21],[-23,11],[-36,42],[-23,-36],[-28,-1],[-49,53],[-43,7],[-39,44],[-15,-16],[-59,0],[-28,-51],[-48,-10],[-18,38],[14,33],[-31,10],[-43,78],[-21,16],[16,27],[-43,68],[-12,-44],[-38,31],[-30,-28],[-39,-1],[4,28],[-37,12],[-57,60],[-20,44],[-39,36],[1,37],[-31,-1],[-1,-29],[-52,6],[-68,-10],[-32,4],[-46,-15],[-46,-39],[-23,15],[-52,6],[-48,-48],[-23,12],[-71,-15],[-15,22],[-82,7],[-46,-20],[-134,-11],[-75,-38]],[[210941,56941],[39,238],[-19,75],[-20,41],[56,-8],[15,97],[24,19],[30,-11],[67,15],[18,16],[-80,43],[-9,17],[-42,4],[-40,-11],[-82,-5],[-75,26],[-69,12],[-13,57],[-35,27],[-41,11],[-22,39],[-11,108],[13,41],[-19,45],[-70,49],[-15,33],[-24,0],[-27,36],[-23,8],[-52,52],[-6,49],[-18,9],[19,41],[-6,50],[23,39],[-45,104],[-62,41],[-45,58],[-27,-10],[-34,49],[-8,56],[-69,6],[-40,23],[-5,-28],[-101,17],[-42,-39],[-15,59],[-30,42],[31,23],[14,31],[-43,18],[3,55],[-116,17],[-29,24],[-38,-8],[-29,37],[6,40],[-143,24],[5,32],[-50,8],[-8,65],[-87,13],[5,58],[47,38],[2,23],[29,27],[-35,19],[-31,90],[-17,3],[-5,48],[-22,17],[-50,-8],[15,92],[23,48],[43,-7],[7,39],[-44,29],[16,95],[-33,6],[22,136],[-48,-6],[-46,-20]],[[217587,65918],[43,-39],[44,8],[29,41],[32,-4],[-33,62],[38,36],[57,22],[14,23],[36,-16],[9,25],[70,44],[17,21],[42,-20],[83,-14],[29,-60],[-5,-33],[27,-5],[30,-44],[35,-6]],[[218184,65959],[-32,-110],[-9,-100],[7,-32],[38,-36],[6,-58],[-10,-83],[-60,-145],[-50,20],[-37,-19],[-70,26],[-60,-10],[-14,-33],[99,-2],[65,-30],[31,16],[-126,-146],[-185,-244],[-60,-92]],[[217717,64881],[-63,-15],[-28,10],[-92,-40]],[[217534,64836],[-46,1],[-12,36],[-54,29],[-5,21],[-55,44],[-25,70],[-35,6],[22,138],[12,29],[-23,39],[-36,26],[-24,46],[2,44],[20,45],[33,36],[10,46],[45,16],[19,52],[-36,57],[11,50],[-34,34],[11,32],[52,28],[18,25],[40,-7],[-3,-25],[58,-10],[-8,49],[52,3],[32,42],[-17,46],[29,34]],[[179561,46627],[326,-41],[-5,-35],[48,-5],[63,-88],[35,36],[157,71],[23,62],[265,-37],[103,51],[86,-76],[227,-30],[30,201],[668,-86],[659,-87],[-58,-417],[160,-19],[-52,-39],[-7,-43],[408,-43]],[[182697,46002],[-5,-109],[-33,-4],[-4,-64],[34,-5],[-7,-158],[118,-15],[-50,-339],[31,-28],[195,-25],[-37,-267],[111,-14]],[[183050,44974],[-50,-375],[322,-39],[-70,-518],[166,-22],[-47,-348],[37,-5],[-44,-303],[139,-19],[-40,-277],[-27,3],[-33,-223],[39,-5],[-17,-122],[356,-46],[61,-32],[80,-10],[2,-29],[-59,-130],[-80,16],[-98,-34],[-29,-50],[-45,-28],[-6,-39],[-73,-20],[-33,-55],[-53,3],[-32,-15],[-27,-81],[-3,-80],[-63,-55],[-47,-3],[-3,-24],[-40,-57],[-63,-43],[-26,2],[-69,-42],[-88,20],[-35,-11],[-24,-28],[-32,-6],[-35,37],[-89,-14],[-11,-29],[-63,-24],[-25,-26],[-22,14],[-42,-27],[-48,2],[-21,17],[-36,-31],[-36,33],[-39,-25],[-16,40],[-81,-25],[-20,31],[-110,6],[-9,-36],[-45,-35],[-65,-14],[-88,36],[-11,35],[-48,47],[-53,16],[15,40],[-19,21],[-56,19],[-30,30],[-65,13],[-33,-27],[-12,-57],[-45,5],[-37,-11],[-31,-45],[-9,-55],[7,-44],[-16,-27],[-8,-61],[-21,-29],[-29,-12],[-39,11],[-39,-7],[-298,-316],[-46,-43]],[[181072,41277],[-22,-19],[-52,3],[-49,65],[1,53],[-55,12],[-45,-24],[-3,-36],[-37,-19],[-70,-6],[-72,-30],[19,-26],[-58,-23],[-23,5],[-29,-33],[-32,-15],[-31,23],[-53,-11],[-58,-64],[-42,-29],[-24,-3],[-6,-41],[-35,-16],[-47,-60],[18,-22],[-21,-69],[-1,-78],[-57,-16],[-36,-106],[-32,-6],[-40,14],[-8,-49],[-15,-24],[21,-25],[-51,-56],[-58,2],[4,-44],[-65,-87],[4,-33],[-12,-79],[-18,-34],[8,-39],[41,-6],[-13,-50],[21,-23],[-45,-15],[-58,-58],[47,-36],[-33,-230],[-105,13],[-5,-40],[-58,9],[24,-50],[-35,-40],[3,-50],[-27,-45],[-128,17],[-11,-59],[10,-41],[-4,-34],[-63,-93],[-35,-91],[-23,-78],[-77,-533],[24,-12],[-15,-118],[-65,20],[20,42],[5,39],[-44,55],[-12,51],[20,19],[38,-8],[3,33],[-53,51],[-58,-25],[-23,6],[-3,49],[-38,-5],[-75,17],[-7,45],[-62,35],[-16,34],[-38,-10],[-12,-23],[-43,22],[-57,-26],[-17,24],[5,57]],[[178793,39071],[-26,15],[32,112],[-8,30],[28,23],[-47,54],[17,40],[-25,23],[-36,-12],[-19,26],[-35,-15],[-25,7],[-6,31],[-23,10],[-38,-22],[-54,-45],[-39,27],[0,53],[-40,15],[-40,-4],[6,35],[66,31],[-35,34],[-51,-26],[-23,48],[-52,-2],[-2,-45],[-38,22],[9,40],[-92,67],[-15,67],[-91,-31],[-21,12],[4,73],[-14,12],[-55,-52],[-39,1],[-14,37],[-93,-2],[-21,33],[-54,-32],[-54,25],[-40,32],[-29,-40],[-42,2],[-27,-24],[-36,39],[-3,28],[-61,-33],[-23,39],[36,45],[-18,21],[-84,15],[-54,-12],[22,-55],[-24,-51],[-33,12],[-17,66],[-18,21],[-49,20],[-6,19],[-38,14],[-37,45],[-52,-6],[-35,-16],[-10,-63],[-25,-47],[-25,33],[-48,-6],[-24,64],[16,29],[-29,36],[-11,70],[-27,38],[-57,-18],[-15,55],[-116,11],[-13,83],[-23,-34],[-31,30],[-8,31],[55,17],[-15,34],[49,44],[-14,36],[-48,15],[-44,-64],[-44,-17],[40,-45],[-91,-2],[-33,12],[-10,-40],[57,-11],[12,-37],[-34,-23],[-32,-4],[-55,14],[-29,32],[-37,-35],[-44,13],[-15,-25],[18,-41],[-26,-123],[-31,-48],[23,-38],[55,-17],[3,-57],[-33,-7],[-49,29],[-26,2],[-13,-39],[15,-51],[28,-33],[1,-24],[-22,-44],[46,-24],[-25,-28],[-36,22],[-19,-23],[39,-27],[-25,-27],[-52,21],[-10,52],[-32,-23],[-89,-26],[-32,27],[-22,-7],[-5,-39],[10,-72],[34,-27],[33,12],[38,-27],[-8,-50],[-47,-39],[-63,-5],[-76,54],[-39,11],[-36,-5],[-41,19],[-35,-35],[-25,31],[1,23],[-43,0],[-19,40],[-35,-26],[-31,22]],[[175583,39526],[-32,21],[15,31],[-50,17],[6,25],[45,45],[-12,42],[35,42],[-25,16],[-30,-16],[-13,26],[41,13],[6,17],[-30,44],[-21,-5],[-8,44],[23,22],[37,4],[-10,37],[-78,-65],[-45,-3],[-29,30],[2,117],[-25,26],[-32,-8],[-12,27],[38,19],[-20,39],[11,38],[24,25],[10,49]],[[175404,40245],[63,-9],[159,60],[212,96],[39,282],[72,539],[678,-79],[115,897],[53,414],[-339,41],[61,452],[140,-17],[35,269],[481,-57],[53,380],[183,-23],[46,317],[135,1018],[658,-81],[61,477],[64,481],[198,-24],[51,376],[183,-23],[44,329],[7,-1],[36,265],[657,-81],[12,84]],[[203832,44958],[-38,1],[-51,-40],[-46,-7],[-37,-28],[-90,-24],[-40,-18],[-3,35],[-56,39],[-70,-5],[-10,-45],[-37,-4],[-59,26],[-2,30],[-24,16],[-45,-25],[-26,43],[5,26],[-40,42],[-67,25],[-52,67],[-66,-45],[-23,14],[-56,-1],[9,-44],[-28,-105],[-42,-9],[2,-30],[27,-78],[-20,-32],[44,-16],[16,24],[44,-9],[63,-62],[5,-28],[28,-28],[-3,-34],[16,-34],[31,6],[38,-41],[58,-3],[54,-26],[5,-44],[-34,-9],[-7,-73],[-29,-30],[-27,7],[7,-67],[-11,-26],[-38,-22],[2,-31],[-94,15],[-38,49],[-62,10],[-25,-36],[-50,-30],[29,-23],[-13,-66],[-16,-26],[-32,9],[-75,-4],[-31,-47],[9,-17],[-37,-46],[21,-17],[-12,-34],[-33,5],[-45,-18],[-87,13],[-49,-12],[-50,-30],[-12,-66],[-23,-52],[-29,-38],[17,-19],[-23,-37],[-16,-77],[16,-120],[-66,10],[-23,-9],[-63,10],[8,31],[-35,12],[-26,-62],[-6,-33],[62,-8],[-3,-17],[-118,17],[-19,-106],[14,-2],[-32,-187],[11,-24],[-4,-78],[-22,-136],[-20,-83]],[[202007,42857],[-36,29],[-7,50],[-29,-21],[-25,34],[-23,-1],[-9,34],[-35,-9],[7,56],[-23,23],[-57,10],[-37,-22],[-33,-3],[-77,25],[-59,11],[-20,-49],[-31,-3],[-85,-42],[-104,25],[-14,-29],[-40,7],[-20,-69],[-70,1],[-24,35],[-79,42],[-31,40],[8,15],[-24,40],[48,38],[9,37],[-29,62],[-39,20],[7,30],[-75,67]],[[200951,43340],[-5,69],[26,21],[36,-7],[5,26],[34,35],[43,12],[60,-32],[45,18],[-33,46],[28,60],[-14,30],[14,27],[-5,54],[23,38],[79,-13],[48,38],[30,82],[30,59],[23,-3],[45,52],[18,35]],[[201481,43987],[82,14],[33,-12],[40,14],[70,57],[18,-2],[-14,-79],[67,-11],[10,60],[60,57],[12,33],[62,64],[84,14],[35,85],[24,153],[23,88],[-9,48],[-27,10],[18,36],[16,66],[27,172],[-47,7],[-14,21],[-131,19],[-32,0],[-39,28],[17,25],[16,95],[-16,2],[5,65],[32,-5],[8,54],[-28,6],[4,82]],[[201887,45253],[-85,28],[1,62],[-64,4],[-100,17],[11,68],[16,-2],[48,269],[4,39],[51,35],[17,30],[-51,154],[8,25],[-48,33],[-9,33],[38,32],[-14,50],[3,34],[-16,38],[108,-14],[11,22],[-11,61],[28,164],[-19,3],[23,143],[-128,19],[21,131],[-17,15],[-13,56],[32,183]],[[201732,46985],[34,-30],[45,15],[41,64],[-4,54],[35,11],[1,57],[28,9],[32,42],[7,40],[33,21],[50,-18],[-3,48],[8,52],[65,-9],[27,-33],[44,58],[85,64],[54,3],[40,-15],[4,-26],[31,-21],[2,-27],[60,2],[35,-10],[23,11],[89,-4],[37,-30],[113,-16],[35,-20],[69,-9],[6,35],[95,-15],[22,-11],[-5,-48],[-17,-29],[29,-75],[17,-85],[34,-23],[-37,-63],[43,-32],[53,-11],[18,-22],[49,6],[61,-55],[32,-3],[23,-28],[27,18],[81,-36],[37,19],[37,-74]],[[203457,46736],[-27,-33],[-2,-59],[-12,-42],[-8,-80],[-18,-58],[75,-11],[-19,-57],[11,-43],[33,-25],[69,13],[20,-6],[41,-73],[60,-10],[-10,-54],[-22,-45],[-52,-23],[108,-17],[-33,-187],[-24,4],[45,-112],[39,-7],[29,-25],[2,-25],[41,-6],[34,-33],[29,7],[24,-35],[-10,-60],[65,-13],[-12,-30],[28,-13],[40,8],[5,-28],[-13,-71],[-35,-14],[-6,-39],[20,-10],[-16,-106],[67,-11],[-25,-158],[36,-6],[-16,-46],[-29,-8],[-13,-89],[-65,11],[-3,-16],[-68,11],[-8,-48]],[[208770,43171],[7,-26],[65,24],[22,28]],[[208864,43197],[6,5],[128,-23]],[[208998,43179],[53,-3],[9,-45],[-13,-46],[13,-43],[-35,-16],[-2,-41]],[[209023,42985],[-72,-13],[-14,62],[-45,18],[-42,-8],[-30,23],[-39,-42],[-35,-103],[3,-50],[-29,-14],[-8,-26],[-44,-12]],[[208668,42820],[-8,20],[37,69],[1,75],[-66,-3],[-65,87],[-5,45]],[[208562,43113],[57,11],[38,27],[28,-5],[28,20],[57,5]],[[204241,27428],[-699,311],[-776,346],[-906,409]],[[201860,28494],[175,648],[-12,397],[-3,20],[73,50],[0,39],[-57,-8],[-30,7],[12,35],[-20,65],[-40,12],[-6,42],[-21,30],[29,85],[1,89],[11,30],[-21,26],[-6,59],[31,91],[47,-10],[21,47],[38,-2],[30,17],[60,10],[40,-12],[0,34],[53,25],[34,-29],[25,27],[98,11],[1,24],[28,41],[-29,42],[-62,4],[-23,48],[25,61],[-6,27],[-50,-19],[-20,59],[-24,-12],[-40,15],[-35,-3],[-14,30],[20,35],[-17,39],[42,60],[31,24],[-21,35],[0,36],[29,21],[-1,25],[-35,5],[-20,29],[22,61],[19,15],[-6,74],[40,61],[-14,39],[-34,3],[-45,-14],[-57,13],[-40,-23],[-20,39],[16,18],[-12,32],[-50,34],[13,25],[-26,60],[-54,32],[21,34],[6,38],[-9,80],[44,46],[58,15],[104,43],[11,39],[53,0],[25,65],[35,42],[-8,78],[-46,10],[31,49],[34,29],[-19,23],[59,143],[22,17],[49,8],[23,23],[65,16],[26,56],[36,15],[6,29],[-26,23],[8,36],[-3,55],[119,28],[76,78],[48,15],[1,20],[-145,301],[-105,183],[42,0],[19,36],[-17,45],[81,16],[3,66],[17,24],[-15,55],[19,80],[31,38]],[[202732,33421],[40,27],[128,15],[19,23],[74,-15],[7,-18],[-42,-216],[4,-45],[371,-198],[44,30],[68,-10],[173,-67],[534,-81],[-35,-162],[37,-25],[-11,-52],[42,23],[20,-21],[25,-63],[17,-9],[21,-64],[47,-22],[27,9],[12,-40],[53,6],[41,30],[17,38],[71,-52],[20,42],[31,-7],[66,-48]],[[204653,32449],[-10,-61],[-39,-52],[-15,-42],[-3,-70],[16,-32],[56,-34],[-28,-19],[-19,-44],[6,-59],[-35,-37],[-31,-65],[-7,-65],[28,-49],[-11,-21],[4,-60],[-20,-55],[7,-27],[34,-17],[9,-29],[-26,-15],[-25,-68],[12,-28],[-42,-29],[-64,-116],[-4,-29],[-28,-31],[-38,-87],[-64,-124],[-11,-72],[-37,-49],[-15,-43],[0,-48],[45,-34],[-31,-40],[-2,-59],[-12,-54],[-43,-93],[-49,-23],[-51,-75],[-31,-142],[5,-26],[39,-26],[-33,-35],[-24,-56],[2,-128],[-35,30],[-23,-9],[-35,-52],[-9,-83],[22,-61],[31,-27],[40,26],[35,-45],[-25,-54],[-18,-120],[10,-62],[58,-71],[-19,-74],[20,-45],[-2,-29],[-76,43],[-36,-34],[-19,-36],[28,-49],[-63,15],[-48,-31],[-42,-6],[-17,-19],[-3,-40],[23,-43],[30,-12],[32,20],[39,-41],[93,-10],[-2,40],[33,13],[49,-22],[48,-57],[36,-7],[-10,-27],[44,-25],[28,-48],[23,11],[45,-19],[26,-165],[34,-22],[-9,-26],[12,-78],[-3,-40],[36,-40],[5,-48],[73,-95],[-62,13],[-31,-4],[-40,14],[-114,64],[-78,-43],[-49,-56],[-32,-56],[-7,-32],[31,-26],[-1,-32],[57,-52],[25,-92],[-51,-85],[-22,-54],[-13,-64],[21,-63],[-6,-80],[18,-82],[42,-71],[23,-19],[-11,-92],[17,-30],[-11,-107],[8,-30]],[[215104,59608],[22,-49],[49,-53],[36,-13],[11,-59],[41,-30],[-4,-19],[32,-54],[-5,-28],[-38,-9],[-28,-52],[-23,5],[-23,31],[-16,-66],[24,-32],[-26,-42],[66,-67],[18,-10],[62,8],[35,-48],[102,-29],[59,9],[62,-19],[72,-41],[49,-45],[45,13],[-29,-178],[29,-5],[75,-58],[36,-9],[174,-117],[79,-74]],[[216090,58468],[-73,-116],[-36,-105],[-13,-104],[-13,-49],[16,-60],[-25,-27],[-22,-52]],[[215924,57955],[-49,-8],[-194,35],[-204,28],[-3,-24],[-47,7],[4,23],[-55,9],[-42,21],[-23,-7],[-68,16],[7,44],[-91,13],[-6,-44],[-85,11],[-4,10],[-269,40],[-176,-31],[-24,-19],[-156,-11],[-508,90],[-345,134]],[[213662,58599],[9,56],[41,32],[74,4],[18,11],[52,-7],[-3,101],[-11,77],[21,104],[38,-19],[43,33],[18,40],[43,16],[37,33],[9,37],[23,27],[45,28],[15,57],[16,8],[8,51],[-21,14],[30,68],[39,19],[14,-21],[51,14],[63,-51],[30,14],[18,-38],[40,-2],[36,30],[77,-16],[32,17],[27,52],[43,37],[61,34],[-17,20],[6,39],[42,12],[-28,31],[-22,49],[222,-33],[0,38],[17,31],[48,-17],[138,-21]],[[186984,36195],[889,-122],[21,-42],[63,29],[0,22],[215,-29],[-7,-50],[321,-42],[259,-36],[101,-19],[9,5],[69,-51],[26,12],[44,-6]],[[188994,35866],[-25,-109],[2,-37],[21,-18],[-10,-62],[-68,10],[-9,-54],[52,-7],[-9,-52],[-38,5],[-5,-30],[38,-7],[-11,-63],[-51,7],[-17,-101],[44,-6],[-5,-35],[25,-20],[-20,-125],[10,-2],[-157,-938],[-4,-3]],[[188757,34219],[-44,-50],[-39,37],[-36,-1],[-27,48],[-52,1],[-56,-19],[-36,9],[-83,-60],[40,-10],[-58,-51],[-101,3],[-36,-9],[-58,7],[-1,41],[-63,5],[18,38],[-13,16],[-54,-23],[-28,31],[-38,-26],[-51,58],[-29,-12],[-38,16],[4,22],[35,12],[-19,31],[-32,-7],[-25,21],[-40,-8],[6,41],[-36,7],[-11,-34],[-45,22],[-25,59],[-22,0],[-10,43],[-33,16],[-10,25],[-32,-3],[-28,23],[-27,117],[-64,-36],[-40,32],[-36,2],[15,60],[-39,2],[-30,47],[-42,27],[-22,63],[-37,20],[-22,-38],[-22,23],[19,31],[-36,19],[-22,-16],[-21,-45],[-68,39],[-35,-18],[-88,12],[-9,-31],[-34,-39],[-38,24],[-11,-42],[-20,-19],[-85,33],[-35,-33],[-3,-58],[-23,-9],[-66,3],[-48,-41],[-56,-11]],[[186506,34656],[14,62],[-78,10],[8,60],[-20,2],[25,166],[-22,3],[10,64],[-3,56],[-42,5],[14,120],[11,-1],[17,114]],[[186440,35317],[192,-69],[37,22],[38,48],[60,21],[46,-38],[14,85],[51,-7],[-9,34],[4,94],[23,-6],[12,71],[-13,2],[28,177],[-37,5],[8,45],[31,-4],[19,57],[15,93],[-14,2],[39,246]],[[207456,43628],[8,17],[-4,86],[-22,77],[-48,75],[-46,104],[-93,47],[31,80],[-6,27],[91,69],[37,63],[50,-9]],[[207454,44264],[4,45],[53,45],[31,-3],[90,51],[59,-45]],[[207691,44357],[10,-13],[65,-13],[69,-57],[62,-95],[120,-313]],[[208017,43866],[7,-45],[-34,8],[-5,-37]],[[207985,43792],[-48,-39],[-15,-54],[-70,3],[-2,-42],[-25,-46]],[[207825,43614],[-67,-23],[-79,30],[-56,14],[-110,0],[-57,-7]],[[189330,44592],[329,88],[175,40],[824,234],[19,-189],[606,-82],[789,-109],[49,306],[-4,42],[39,-19],[154,-23],[452,-63],[-8,-52],[257,-36],[197,-24],[15,9],[516,-72],[12,87],[117,-14],[7,54],[162,-22],[8,58],[64,-9],[14,95],[60,43],[160,-15],[14,6]],[[194357,44925],[51,-20],[76,-249],[29,-106],[16,-38],[76,-226],[16,-62],[45,-10],[-8,-64],[57,0],[28,-23],[29,14]],[[194772,44141],[-16,-73],[19,-9],[9,-81],[14,-70],[41,-131],[-13,-69],[31,8],[37,-19],[-3,-19],[29,-44],[-18,-21],[34,-29],[-40,-34],[-11,-76],[20,-52],[29,-12],[-24,-28],[-15,-54],[11,-17],[-24,-48],[2,-23],[51,20],[18,-13],[530,-78],[10,-36],[52,-7],[-11,-70],[67,-10],[-20,-121],[40,-6],[-9,-53],[25,-13],[79,-266],[46,-9],[-6,-27],[63,-11],[-12,-68],[-35,5],[-23,-126],[20,-3],[-16,-81],[-24,-3],[-6,-44]],[[195723,42220],[-58,6],[-116,-91]],[[195549,42135],[-35,17],[-54,52],[-56,3],[-40,67],[-58,-8],[-68,10],[-11,-64],[-191,27],[14,89],[-112,9],[-142,22],[-84,16],[-29,-41],[-29,-165],[-33,4],[-19,-97],[35,-6],[-23,-142],[-187,28],[-22,-5],[-69,10],[-36,15],[8,46],[-345,49],[-18,-116],[38,-7],[-83,-72],[65,-36],[-17,-113],[-44,17],[-10,25],[-45,0],[-25,42],[-38,-246],[-482,65],[-18,-34],[-18,-121],[-45,14],[-3,-38]],[[193220,41451],[-130,67],[-99,24],[-115,-12],[-101,-23],[-47,-26],[0,49],[-173,25],[-37,-4],[-4,-27],[-41,6],[-7,-46],[-331,47],[-8,-52]],[[192127,41479],[-401,56],[40,270],[-395,49],[-10,4],[45,323],[-146,18],[-23,31],[-19,-27],[-62,8],[-431,51],[25,160]],[[190750,42422],[26,175],[59,444],[23,159],[-290,39],[76,511],[-322,41],[-139,21],[-948,118],[16,96],[79,566]],[[199872,44744],[14,25],[49,10],[11,29],[-12,37],[51,28],[27,58],[42,68],[3,36],[63,127],[18,65],[25,38],[44,1],[29,26],[89,-14],[14,4],[124,-19],[-3,-24],[225,-34],[21,31],[14,59],[-9,80],[34,20],[55,-4],[138,-24],[156,-16],[53,-9]],[[201147,45342],[61,-5],[-2,20],[62,-10],[-4,-20],[56,-4],[8,48],[33,9],[30,-16]],[[201391,45364],[23,-18],[-7,-42],[329,-54],[67,0],[31,-34],[53,37]],[[201481,43987],[-63,10],[-63,53],[-39,-28],[-164,28],[-11,23],[-50,-43],[-26,2],[-62,-85],[3,-30],[-15,-34],[-85,14],[-4,-32],[-60,13],[-12,-69],[22,-4],[-9,-51],[-94,16],[-10,-98],[-90,13],[3,16],[-61,10],[11,45],[-40,-14],[-42,6],[9,48],[-81,13],[6,33],[-33,6],[11,63],[-39,7],[15,83],[56,47],[2,27],[-45,29],[-74,28],[-15,19],[9,34],[-16,34],[-44,1],[-29,21],[-33,-23],[-68,21],[-16,45],[4,54],[21,137],[0,52],[17,16],[16,66],[-17,24],[-28,-2],[-1,41],[-43,25],[-67,-16],[-3,-25],[-35,-12],[8,54],[-42,-3],[-67,17],[-26,32]],[[206865,44230],[-4,-124],[-54,-33],[1,-57],[-14,-61],[10,-82],[-10,-67],[-29,-61],[-51,-81],[-41,-37],[-36,-15],[-33,-40],[-12,-44],[15,-42],[73,-18]],[[206680,43468],[-97,-77],[-43,19],[-27,-17],[-5,-44],[-22,-25],[-69,-18],[-11,43],[-38,40],[-25,-2],[-37,35],[-46,18],[-44,-27],[12,-44],[-39,-26],[-19,4],[-40,-58],[-26,0],[-13,29],[-54,38],[-57,-1],[-40,58],[-50,38],[7,69],[23,29],[-13,49],[34,63],[-7,27],[-198,30],[-14,-16],[4,-47],[-22,-40],[10,-49],[-45,-34],[-35,-12],[7,-43],[-46,-1],[-62,22],[-42,28],[-49,-29],[-35,6],[-58,-66],[-108,-79],[-90,6],[-22,-13],[-38,33],[-29,-36],[-18,24]],[[205044,43372],[-23,32],[-33,4],[-17,34],[38,18],[-2,34],[24,21],[14,43],[-35,17],[-27,34],[43,91],[-4,39],[-29,-7],[0,47],[23,8],[0,36],[48,13],[21,38],[-1,39],[-19,34],[-40,17]],[[205025,43964],[-2,11],[74,64],[43,13],[9,22],[-24,30],[-41,5],[-18,-27],[-35,-15],[-14,32],[14,47],[99,-18],[28,148],[54,-4],[10,57],[65,-3],[0,23],[-41,32],[11,55],[82,-13],[18,85],[-29,21],[5,30],[-43,7],[-23,29],[6,35],[-30,5],[10,51],[-16,25],[-38,19],[-3,50],[-42,12],[7,43],[44,-7],[-3,-48],[35,-7],[23,23],[36,-6],[27,173],[-17,3],[14,105],[76,-22],[146,-23],[-11,-69],[78,-9],[13,45],[49,14],[-5,30],[34,27],[4,44],[27,-15],[46,13],[32,28],[34,-31],[36,44],[64,-42],[15,18],[94,4],[14,99],[55,11],[-20,33],[48,46],[16,49],[13,83],[-17,40],[46,58],[8,39],[74,-8],[73,37],[41,14],[41,-5]],[[206444,45623],[-45,-33],[-44,-50],[-27,-55],[-4,-40],[-29,-32],[-34,-17],[-5,-34],[-31,-55],[-27,-15],[0,-65],[-9,-42],[14,-74],[-36,-51],[-58,-27],[-32,-39],[-25,0],[-18,-109],[-30,-23],[2,-28],[44,-71],[14,-43],[29,4],[37,-33],[77,-11],[41,13],[43,-11],[49,54],[49,23],[3,39],[32,-4],[23,-36],[0,-34],[46,7],[9,-77],[-23,-42],[13,-46],[69,-18],[2,-31],[84,26],[21,-14],[31,15],[-37,-214],[102,-2],[4,20],[91,-13],[-16,-69],[22,-36]],[[190292,56689],[57,125],[174,99],[-331,389],[431,91]],[[190623,57393],[406,-552],[271,-367],[208,46],[-29,128],[-48,-10],[-63,124],[192,42],[97,-36],[63,-9],[11,81],[292,63],[3,-4],[311,68],[50,-64],[238,53],[-61,72],[-131,169],[329,72],[75,26],[3,-97],[51,-58],[13,-51],[48,1],[49,-33],[24,-87],[-11,-47],[48,-41],[7,-45],[-51,-92],[-4,-58],[102,-11],[135,87],[9,46],[154,26]],[[193414,56835],[-29,-46],[27,-317],[216,-322],[206,-253],[-269,-198],[219,-229],[37,-59],[28,22],[11,-35],[41,-27],[68,-80],[-48,-36],[36,-59],[191,136],[59,24],[41,-33],[39,-77],[-3,-78],[27,-40],[66,-42],[43,-53],[-6,-58],[64,-77],[83,-69],[60,-69],[23,-42],[45,-38],[9,-29],[34,-30],[23,-44],[39,-11],[-91,-66],[-46,33],[-82,-60],[95,-120],[85,-154],[30,-13],[24,-96],[-63,-45],[-9,12],[-60,-48],[71,-6],[-32,-37],[-144,-103],[49,-11],[-2,-32],[26,-35],[13,-40],[-65,-46],[18,-24],[-130,-191],[-9,-19],[-58,-304],[-119,-330],[-54,-40],[-102,-202],[-22,-111],[75,-45],[166,-83],[64,-35],[76,116],[171,-171],[-6,-23],[-43,-2],[-170,-122],[-224,-166],[72,-86],[-152,-128],[-42,9],[11,-35],[-46,-40]],[[194069,51667],[-79,-31],[-58,29],[-105,-314],[-258,-192],[-15,41],[12,67],[-13,77],[-143,-114],[-249,-186],[-82,-67],[116,-128],[162,-205],[-2,-7],[-287,-211],[-77,11],[-12,-82],[-168,24],[-18,-129],[-379,493],[-9,-25],[-321,-231],[-174,-120],[113,-151],[284,-356],[-242,-184],[-19,47],[-85,-7],[-53,98],[-69,3],[-39,49],[-66,38],[-10,59],[-39,48],[-60,28],[-22,27],[-41,113],[-77,-13],[-71,-64],[-98,-30],[-38,-34],[-63,-20],[-27,19],[-41,-27],[-58,20],[-96,-7]],[[190993,50023],[-54,219],[-16,55],[-21,38],[8,31],[-191,813],[-106,472],[-116,518],[-112,495],[-192,860],[134,175],[119,164],[444,601],[181,250],[-104,175],[-210,362],[-387,-217],[-78,136],[-41,34],[28,16],[-105,154],[28,35],[159,96],[-123,215],[-55,-31],[-123,214],[242,136],[7,-14],[171,93],[-4,8],[171,90],[-42,76],[-42,-22],[-187,341],[-28,-15],[-56,93]],[[182790,64844],[336,0]],[[183126,64844],[759,0],[951,0],[635,0],[630,0],[938,0],[960,0],[645,1],[634,-1],[634,0],[495,1]],[[190407,64845],[-2,-402],[-97,0],[4,-358],[0,-283],[124,11],[85,-11],[57,0],[2,-640],[395,2],[-146,-493],[-82,-186],[455,-498],[108,52],[-9,20],[77,38],[9,-27],[32,-12],[31,-60],[-1,-36],[42,-112],[-65,-62],[-46,-27],[-22,-27],[-37,-15],[-10,-44],[-56,-57],[-51,-19],[-30,-75],[-64,-1],[-38,-30],[-84,-35],[-62,-49],[-25,-47],[-63,-16],[-6,-40],[-20,-41],[-53,-27],[1,-39],[-47,-26],[-16,-37],[27,-273],[-10,-70],[-12,-28],[52,-23],[-21,-47],[34,-3],[-18,-45],[-29,-239],[-51,6],[-191,-370],[-107,-213],[202,-103],[-32,-60],[64,-25],[-44,-92],[-159,-310],[25,-30],[-35,-248],[-55,6],[-10,-65],[239,-29],[-47,-275],[-103,13],[105,-506],[72,-328],[55,12],[39,-190],[10,2],[41,-185],[-115,-25]],[[190292,56689],[-167,274],[-268,-161],[-72,134],[-132,252],[-208,368],[-261,-147],[51,-88],[-300,-169],[-90,157],[-227,-127],[-83,-5],[-6,-19],[30,-48],[29,-17],[62,-100],[11,-45],[-32,4],[-254,-141],[8,-15],[-267,-148],[-172,294],[-283,-155],[33,-59],[-21,-23],[-40,-6],[38,-59],[-336,-205],[122,-211],[-165,-93],[-229,405],[-159,278],[17,10],[-323,552],[-532,-298],[-65,145],[-635,-294],[240,-408],[-148,-101],[-86,110],[-213,-162],[-114,141],[-220,-188],[-40,52],[-376,-300],[-441,551],[-6,-53],[-21,-35],[-33,-23],[-87,-8]],[[183821,56505],[-274,350],[20,13],[-203,256],[-422,537],[-545,690],[-357,454]],[[182040,58805],[-39,50],[249,193],[357,277],[-520,62],[45,359],[49,344],[-213,24],[-435,52],[14,70],[105,30],[-1,34],[23,47],[58,28],[46,82],[12,46],[-2,63],[-12,28],[11,43],[-12,69],[42,25],[-15,56],[11,11],[4,67],[19,84],[-36,140],[1,57],[-44,24],[4,24],[-33,17],[-20,43],[31,15],[-22,38],[19,53],[31,15],[5,27],[42,26],[9,89],[-25,44],[-13,50],[12,42],[44,38],[-41,39],[45,46],[-36,40],[108,-16],[5,25],[59,55],[49,65],[1,46],[30,26],[12,34],[40,8],[34,21],[17,26],[-5,31],[14,38],[35,35],[6,31],[64,25],[57,53],[20,1],[28,30],[33,71],[43,44],[28,16],[43,77],[38,41],[28,1],[37,30],[32,48],[55,33],[11,47],[57,56],[7,29],[28,19],[7,28],[38,67],[-6,37],[24,45],[-5,50],[6,65],[22,52],[0,27],[-41,68],[-2,56],[-34,87],[15,62],[29,34],[7,37],[32,10],[28,54],[65,31],[15,42],[-12,46],[71,61],[-29,56],[16,52],[30,26],[-7,52],[31,46],[3,51],[-14,23],[8,46],[-25,17],[-28,56],[-67,61],[-27,77],[-38,1],[-30,-23],[-27,6],[-81,-19],[-39,4],[-58,34],[-47,75],[-5,58],[7,39],[21,35],[21,110],[23,28],[23,54],[31,23],[16,35]],[[190407,64845],[774,0],[664,-1],[750,0]],[[192595,64844],[631,0],[648,0],[352,0],[761,0],[678,0],[774,0]],[[196439,64844],[-26,-208],[-26,4],[-23,-172],[-8,1],[-16,-135],[-128,12],[-26,-63],[-32,-17],[-3,-37],[-22,-29],[-41,-1],[-17,-35],[11,-26],[-29,-39],[-29,-1],[-33,-64],[6,-29],[32,-26],[7,-27],[-33,-41],[-1,-38],[-30,-21],[-19,-34],[-18,-57],[-16,0],[-84,-76],[-4,-20],[-47,-11],[-17,-37],[13,-44],[-68,-3],[-78,56],[-47,-29],[-57,-51],[-19,-55],[-73,-69],[-23,-88],[-67,-34],[-86,3],[-49,-25],[-82,-31],[-35,6],[-8,-49],[-64,-17],[-20,-43],[-13,-62],[11,-18],[-44,-28],[-32,-42],[13,-38],[-25,-25],[9,-23],[-60,-21],[-56,-33],[-21,-51],[-31,-6],[-77,-73],[-15,-66],[-20,-43],[-37,-24],[-21,-34],[-76,-26],[-28,-17],[-11,-40],[-27,-26],[7,-38],[-58,-67],[-14,-37],[18,-71],[1,-40],[-19,-45],[-31,-22],[-9,-38],[-39,-58],[-27,-64],[-34,-28],[-10,-47],[-63,-16],[-27,-42],[13,-45],[57,-20],[32,-57],[24,-25],[102,-28],[19,-13],[-8,-37],[35,-54],[36,-72],[-38,-36],[-95,20],[-45,-70],[75,-12],[0,-32],[87,-134],[-36,-49],[108,-14],[-6,-44],[206,-26],[-21,-158],[11,-65],[-60,-341],[-248,30],[1,-41],[-29,-70],[-56,-469],[86,-38],[27,-3],[-5,-43],[-104,-18],[-5,-40],[-31,7],[-12,-25],[-53,14],[-36,39],[-84,-31],[4,57],[-32,-1],[-17,25],[-56,14],[-6,-30],[-70,-52],[-29,38],[-42,10],[-11,-31],[-49,20],[-15,-24],[-11,-55],[-31,-6],[34,-39],[-10,-82],[-33,-71],[-7,-35],[19,-89],[-5,-39],[9,-38],[-43,-25],[-9,-38],[-22,-28],[-29,-2],[30,-48],[-44,-89],[20,-41],[-11,-31],[-49,-42],[17,-51],[-13,-51],[-28,-19],[-16,-64],[-29,-26],[11,-31],[-21,-41],[31,-26],[-33,-85]],[[193489,58669],[-27,-29],[7,-45],[-5,-67],[13,-55],[-23,-2],[30,-73],[-5,-37],[50,-63],[-39,-50],[22,-12],[-17,-46],[39,-56],[-3,-66],[-334,30],[-8,-4],[35,-130],[40,-168],[324,-43],[6,-49],[-10,-57],[35,-21],[-24,-64],[44,-58],[-15,-64],[-13,-16],[43,-33],[-13,-46],[-33,-10],[-4,-51],[25,-33],[11,-42],[31,-10],[47,-52],[15,-48],[24,-30],[-13,-33],[33,-22],[-23,-58],[25,-20],[-7,-60],[10,-15],[-34,-59],[-17,-6],[-95,10],[-222,29]],[[171345,51913],[-5,231],[371,6],[189,5],[19,-5],[-28,-79],[33,-20],[-60,-29],[-14,-47],[-10,-94],[-1,-248],[-229,0],[-18,-73],[-59,73],[-196,0],[-74,100],[78,34],[4,146]],[[208538,43410],[5,20],[91,-16]],[[208634,43414],[4,-27],[-28,-43],[-3,-33]],[[208607,43311],[-90,-24]],[[208517,43287],[21,123]],[[217983,67140],[-4,-98],[4,-125],[18,-72],[13,-92],[38,-131],[75,-127],[40,-45],[33,-22],[55,-12],[19,25],[38,2],[-33,-60],[-47,-127],[-16,-101],[20,-88],[-27,-41],[-25,-67]],[[217587,65918],[-8,37],[-61,3],[-37,14],[-59,-1],[10,77],[-9,24],[8,54],[-26,24],[22,42],[46,-13],[25,65],[-32,13],[-1,63],[24,20],[-12,43],[-20,20],[-13,49],[15,36],[-15,30],[-152,21],[9,62],[18,44],[-5,34],[-56,38],[-16,28],[-31,-1],[-22,41],[-32,35],[-24,9],[-11,31]],[[217122,66860],[53,46],[-2,57],[39,0],[63,69],[0,41],[23,53],[-4,38],[119,-17],[15,31],[44,6],[55,-9],[-3,-16],[64,-11],[61,-20],[3,15],[69,0],[8,50],[74,-12],[8,16],[91,-14],[24,-34],[57,-9]],[[197982,48671],[-16,49],[25,123],[24,15],[24,50],[30,-30],[84,30],[51,-7]],[[198204,48901],[118,13],[91,58],[36,-70],[26,-20],[99,61],[398,-167],[37,-7],[82,60],[112,1],[29,15],[27,-29],[45,-102],[-31,-15],[24,-31],[-41,-33],[-31,-62],[-48,-5],[-10,-37],[-30,-13],[11,-58],[-4,-38],[-19,-13],[27,-56],[27,26],[97,-43],[6,-51],[23,-25],[42,30],[31,-31],[5,-37],[21,-37],[0,-30],[51,-49],[31,-18],[23,7],[41,-41],[35,-7],[28,-33],[37,-19],[11,-49],[24,-10],[31,-58],[1,-39],[38,-65],[50,-7],[45,46],[36,-25],[60,-9],[-8,-56],[20,-23],[58,3],[75,-15],[38,-39],[40,29],[31,-21],[23,38],[66,37],[26,-7],[7,-60],[22,-41],[26,-78],[8,-47],[45,-29],[11,-59],[135,-24],[-14,-77],[15,-2],[-22,-132],[8,-37],[-12,-74],[79,-6],[100,33],[13,-29],[40,-23],[28,27],[28,-5],[47,-69],[103,-14],[22,-11],[-20,115],[-38,58],[5,35],[32,32],[37,-21],[30,23],[15,30],[48,-7],[36,-63],[-13,-77],[87,-15],[4,27],[59,0],[37,40],[35,77],[28,29]],[[201386,47251],[23,-41],[63,-23],[30,12],[24,-21],[47,-2],[-8,-90],[-22,-34],[35,-34],[62,-42],[49,27],[43,-18]],[[201391,45364],[8,67],[-38,6],[21,128],[-22,22],[-72,11],[9,45],[-63,11],[11,57],[-16,40],[-43,8],[29,153],[-52,9],[9,46],[-49,9],[-14,18],[33,190],[-13,57],[-81,22],[-127,21],[-77,5],[-16,-54],[-126,19],[-41,-30],[-18,-106],[-23,-32],[-5,-45],[16,-35],[54,-10],[-32,-157],[-20,4],[-21,-52],[-10,-53],[-24,-33],[-8,-45],[-38,0],[9,-39],[47,-8],[63,-50],[65,-13],[20,-17],[120,-21],[41,9],[111,4],[65,-12],[48,-95],[26,-76]],[[199872,44744],[-61,13],[-19,37],[-55,32],[-62,91],[-45,16],[-28,-15],[-56,-3],[-34,-31],[-24,-5],[-33,-77],[-26,-15],[-45,-66],[-38,-23],[-24,8],[-50,-40],[-26,26],[-90,15],[22,46],[-38,16],[-12,-18],[-36,0],[-47,-63],[-10,-46],[-73,-12],[-28,13],[-97,-29],[-25,9],[-20,-30],[-56,13],[-30,70],[-43,30],[-37,9],[-4,-26],[-41,8],[-36,-13],[-39,4],[-8,-38],[-20,-15],[13,-30],[-43,-9],[-83,-52],[-16,26],[-89,3],[-21,14]],[[198239,44587],[1,36],[-47,44],[-50,27],[6,54],[74,-11],[50,7],[-6,40],[-41,4],[-54,21],[-24,60],[38,22],[-28,72],[-31,0],[-29,24],[-39,-2],[-38,14],[-3,36],[-18,34],[-87,18],[-15,-29],[-39,-12],[-25,24],[-69,11],[10,60],[54,55],[34,-1],[-10,57],[61,-12],[14,51],[58,-32],[16,34],[27,-25],[23,62],[-38,19],[-42,7],[6,38],[83,0],[1,44],[75,-13],[34,53],[47,0],[-19,42],[57,32],[-21,22],[7,42],[-44,6],[-68,79],[67,97],[49,9],[-21,79],[-32,41],[-18,130],[17,46],[92,79],[13,53],[4,59]],[[198301,46294],[-7,59],[18,12],[37,-19],[19,8],[74,-27],[32,44],[57,17],[23,18],[-11,49],[48,61],[-10,37],[11,28],[-13,47],[-61,75],[15,68],[26,50],[9,61],[12,15],[11,75],[-7,67],[-32,33],[-9,40],[-46,61],[-62,8],[-40,61],[3,30],[-34,6],[-28,40],[-7,32],[-28,27],[-44,-16],[-74,64],[-38,-67],[-66,12],[15,43],[8,86],[14,34],[-36,24],[33,66],[4,109],[-6,48],[15,15],[-5,101],[-20,9],[1,74],[-40,36],[-34,6],[-63,56],[-51,0],[-4,54],[13,13],[0,50],[14,12],[-13,154],[14,65],[-14,15],[-8,54],[8,28],[-9,38],[21,97],[46,14]],[[207465,42988],[-22,-36],[-28,-80],[-31,-61],[-19,-68],[13,-55],[-44,-80],[7,-14],[-32,-57],[-32,-34],[-93,-12]],[[207184,42491],[-41,17],[-62,-8],[-2,-46],[-21,-19],[-135,26],[-52,3],[-45,21],[30,76],[15,60],[44,97],[-44,9],[-35,48],[-2,41],[72,68],[-4,26],[-50,-3],[-41,30],[-59,28],[0,70]],[[206752,43035],[11,16],[43,-28],[44,12],[40,41],[87,12],[46,-7],[4,27],[94,7],[104,-12],[19,-10],[249,-36],[-28,-69]],[[207465,42988],[21,-35],[24,11],[67,-49],[25,32],[55,24],[83,59],[14,-12],[88,-17],[-21,-112],[12,-50],[-37,-24],[17,-50],[-50,-2],[-24,-58],[51,-16],[31,2],[126,-21]],[[207947,42670],[-19,-44],[-5,-39],[12,-25],[-3,-49],[-44,-77],[43,-8],[-11,-63],[-32,-30],[15,-34],[-26,-27]],[[207877,42274],[-11,-54],[-17,-35],[-4,-39],[-28,-24],[-13,-91],[-16,-19]],[[207788,42012],[-76,12],[-37,23],[-57,-11],[-54,34],[-342,55],[-8,52],[24,48],[-23,39],[22,33],[-13,34],[-48,-6],[-12,25],[20,141]],[[208488,43506],[-4,47]],[[208484,43553],[11,50],[61,-19],[48,-24],[10,-76],[55,-22],[-11,42],[100,37],[45,-56],[-53,-32],[-29,-37]],[[208721,43416],[-56,-17],[-31,15]],[[208538,43410],[-37,52],[-13,44]],[[208400,43355],[34,-15],[-12,-88],[43,-8],[52,43]],[[208607,43311],[49,-6],[-12,-47],[47,3],[3,-33],[23,-42],[27,7],[26,-22]],[[208562,43113],[-39,1],[-46,-35],[-75,-14],[-55,11]],[[208347,43076],[-17,-65],[16,-30],[-23,-23],[-68,-9],[-20,-24]],[[208235,42925],[-63,-4],[-20,17],[0,33]],[[208152,42971],[-17,23],[-33,7],[7,36],[-35,20],[-29,37],[5,48],[44,22],[-14,24],[-7,54]],[[208073,43242],[23,16],[-42,43],[36,69],[48,74]],[[208138,43444],[16,-19],[133,-83],[78,1],[35,12]],[[185735,48357],[21,143],[325,-43],[30,234],[334,-49],[-53,-371],[316,-40],[9,64],[201,171],[166,-24],[-24,-186],[156,-23],[-27,-34],[50,-37],[37,45],[33,103],[-31,4],[-14,-40],[-33,4],[15,41],[7,88],[8,11],[150,-19],[-35,-258],[328,-41],[-77,-571],[64,-2],[-89,-635],[157,-8],[263,-3],[446,-16],[7,51],[132,-17],[-6,-40],[485,-26],[238,-420],[-95,-65],[-38,-35],[68,-143],[71,-140]],[[189330,46030],[-3,-35],[-28,-24],[-21,-86],[24,-52],[-17,-59],[-28,-20],[-35,-89],[15,-42],[-15,-10],[-50,-461],[158,-560]],[[190750,42422],[-404,56],[-65,-435],[-32,-200],[-22,-156],[-91,12]],[[190136,41699],[-273,37],[50,313],[-70,-12],[-57,9],[-8,-45],[-70,-24],[13,83],[-79,11],[14,96],[-113,14],[11,77],[-297,40],[5,-63],[19,-29],[-145,20],[11,69],[-84,11],[-3,-19],[-133,19],[-501,69],[-5,-35],[-69,10],[5,35],[-181,26],[-12,-83],[-59,8],[-7,-63],[-37,-257],[-56,-374],[8,-6],[-19,-71],[-49,-317],[100,-14],[20,128],[257,-34],[-48,-313],[40,-6],[-16,-102],[244,9],[59,-3],[72,-13],[163,-47],[-66,-440]],[[188770,40413],[-13,-20],[-51,-23],[-61,44],[-67,-24],[-39,8],[-25,-11],[-53,-68],[-49,-22],[-27,9],[6,65],[-40,-7],[-59,55],[-17,-38],[-20,3],[-23,34],[-35,-29],[-37,1],[-12,35],[-60,15],[-50,45],[-42,5],[6,36],[-90,-5],[-43,45],[-18,-18],[-42,15],[-3,43],[-39,10],[-16,54],[11,65],[38,6],[-2,43],[-67,3],[-25,-20],[-37,35],[-64,-41],[-79,17],[-9,68],[-39,0],[-33,-32],[-1,-42],[-47,24],[-8,48],[-68,-13],[-31,10],[8,37],[-36,21],[-43,-13],[-84,-8],[-1,34],[-132,0],[-27,-24],[35,-29],[-77,-11],[-58,39],[-20,-24],[14,-28],[-26,-27],[-36,-5],[-13,37],[17,20],[-26,54],[-75,-43],[-34,-9],[-51,-67],[-33,12],[-28,43],[-53,17],[-80,-47],[-22,39],[-33,-5],[-29,-49],[44,-25],[1,-19],[-55,-5],[-56,31],[-35,-9],[-62,-32],[-31,15],[-52,-33],[8,-45],[-32,-1],[-30,-61]],[[186047,40621],[-39,10],[-53,48],[-39,17],[44,286],[32,215],[83,551],[44,304],[-39,19],[-333,419],[-149,19],[17,114],[24,4],[-138,177],[6,41],[-45,5],[-206,260],[452,333],[239,169],[-200,240],[49,319],[-12,15],[-51,-49],[-16,-47],[-79,27],[-57,-11],[-35,-28],[-34,4],[-91,-23],[-68,13],[-31,43],[-38,-11],[-13,-92],[-42,-18],[-89,6],[-34,-9],[-20,-37],[-62,-3],[-21,-34],[-22,-4],[-137,17],[-10,40],[20,18],[16,107],[-146,20],[-298,113],[-27,8],[8,53],[-16,64],[95,669],[-51,6],[-7,-44],[-66,8],[23,163],[-448,56],[4,-18],[52,-80],[-12,-104],[64,-10],[31,-64],[-435,58],[13,63],[-169,20],[-81,21],[-32,-164],[-322,41]],[[182697,46002],[175,-17],[7,33],[67,-7],[0,-31],[147,-16],[0,-34],[65,-7],[9,33],[151,-16],[64,-15],[9,64],[108,-14],[10,90],[60,-8],[9,66],[44,-5],[11,81],[116,-15],[12,83],[337,-40],[33,255],[26,9],[-4,44],[48,20],[68,-29],[78,560],[441,-57],[-16,-111],[129,-17],[-5,-29],[83,-11],[3,23],[61,-7],[32,252],[16,-32],[62,-8],[9,49],[64,-9],[3,20],[307,-52],[43,352],[32,-5],[124,913]],[[210200,46556],[51,59],[14,-57],[36,-28],[28,-45],[32,8],[-10,32],[20,24],[-9,28],[-63,27],[16,61],[37,-19],[68,43],[26,-29],[-12,-74],[31,-52]],[[210465,46534],[3,-45],[129,-23]],[[210597,46466],[-5,-44],[-22,-2],[-6,-44],[-85,-58],[-107,-113],[-30,-57],[-9,-59],[7,-39],[42,-40],[-15,-38],[-212,-126],[25,73],[79,83],[12,30],[-24,63],[49,66],[47,14],[-7,42],[46,29],[27,68],[17,16],[-45,54],[-49,2],[-23,-16],[31,-38],[-52,-115],[-71,-12],[-18,49],[-28,26],[-42,-14],[-6,-42],[35,-46],[-7,-25],[17,-56],[-83,-7],[-23,-27],[-1,-35],[-16,-23],[-50,-9],[-20,-45],[-64,-20],[-41,-45],[53,-72],[-44,-12],[-18,-56],[20,-39],[33,-33],[62,-36],[22,4],[40,43],[21,50],[33,19],[20,-33],[3,-34],[-21,-47],[-39,-30],[-21,-53],[13,-40],[-42,-64],[-28,-11],[-26,-39],[-30,-23],[-41,-61],[9,-42],[25,-15],[-46,-31],[-18,-31],[19,-31],[13,-83],[-40,-1],[-33,-43],[12,-25],[-35,-18],[8,-30],[-41,-22],[-18,-26],[-71,18],[-21,-36],[-47,15],[-37,-15],[-45,-33],[-43,12],[29,47],[26,19],[41,-3],[-16,37],[-43,39],[-13,47],[26,-2],[32,25],[43,-18],[22,-30],[24,31],[-21,17],[14,86],[-45,-12],[-13,-37],[15,-23],[-51,-7],[-15,25],[-35,5],[-24,21],[20,22],[41,-14],[32,26],[-26,40],[15,40],[36,22],[9,30],[-36,2],[-28,-24],[-28,14],[-27,48],[-25,-31],[-11,-65],[-44,-4],[-16,-33],[26,-25],[16,-38],[-19,-26],[-48,-4],[33,-45],[33,36],[47,-12],[-22,-44],[4,-20],[56,-33],[16,-35],[-52,3],[-24,-41],[-44,-7],[-40,-68],[5,-56],[-31,-12],[-96,27],[-32,-24],[-40,-61],[-28,51],[-19,14],[36,77],[-55,65],[-15,54],[34,11],[-4,35],[-54,-36],[2,-64],[-33,11],[-48,-2],[-1,34],[-40,47],[-6,50],[27,31],[23,1],[5,43],[-39,-15],[-27,-51],[-2,-91],[18,-53],[-26,-7],[-8,45],[-32,54],[-30,2],[-56,-45],[11,73],[-35,33],[47,90],[-18,24],[-34,4],[42,81],[35,13],[-5,33],[-47,-25],[-25,-50],[-26,-28],[-16,-58],[-21,-7],[-56,30],[-31,-10],[-34,-64],[-51,14],[-20,91],[-18,36],[-33,-9],[6,-36],[-22,-12]],[[208438,45221],[-17,25],[-7,55],[-37,4],[-26,44],[-52,16],[-5,25],[7,68],[-58,27],[-58,-6],[-36,18],[-1,42],[-16,37]],[[208132,45576],[-1,1]],[[208131,45577],[-17,34],[32,32],[27,57],[49,9],[23,-19],[50,12],[78,44],[49,-5],[22,39],[42,-6],[36,42],[-15,22],[27,34],[7,40],[-5,76],[-16,22],[1,54],[37,67],[2,51],[23,59],[-29,33],[-7,120],[16,71],[0,65],[18,49],[-23,31],[10,42],[21,30],[35,14],[34,42],[38,21]],[[208696,46759],[63,-16],[38,-43],[114,-44],[42,-22],[89,94],[96,78],[36,-3],[26,185],[57,0],[59,18],[34,46],[36,-19],[42,-52],[21,-10]],[[209449,46971],[5,-31],[58,-30],[36,-30],[-5,-23],[27,-25],[36,-2],[25,-23],[13,-44],[-9,-42],[14,-44],[-2,-47],[55,-112],[12,-46],[-8,-44],[48,-7],[29,-21],[77,-14],[18,-25],[45,-8],[36,39],[40,19],[61,12],[83,-32],[13,45],[46,17],[8,46],[-10,57]],[[183821,56505],[-20,14],[-70,-5],[-30,-64],[-37,47],[-60,19],[-32,-27],[22,-15],[-20,-29],[-30,28],[-19,-13],[-74,3],[-27,23],[-28,-14],[-33,18],[-53,-6],[-14,30],[-33,-15],[23,-38],[-29,-27],[-42,27],[-26,-28],[-22,34],[-23,-37],[-44,-30],[-60,-1],[-46,-61],[-45,-27],[-57,13],[-17,-29],[-4,-41],[-16,-26],[-52,10],[-45,-20],[-6,-66],[-18,-34],[0,-47],[-108,-74],[44,-7],[30,-22],[37,-48],[-57,-47],[-4,-36],[-31,-31],[-28,3],[-49,-65],[-10,-53],[-36,-28],[-22,8],[-5,34],[-55,3],[-23,27],[-67,-32],[-14,31],[-49,20],[-27,26],[-35,2],[-20,-27],[14,-40],[-42,-25],[32,-44],[-56,-39],[-5,-45],[-29,-25],[-31,-3],[-24,-30],[-37,-12],[-59,26],[-12,-24],[-34,-8],[-13,-29],[-65,-16],[18,-23],[-52,-9],[-18,-75],[-28,3],[-60,-39],[-11,-40],[20,-31],[-58,-39],[-54,11],[-25,-15],[-35,24],[-25,-50],[-59,1],[-51,-53],[3,-29],[-64,-50],[36,-27],[-34,-18],[50,-44],[34,-61],[-14,-50],[33,-19],[-30,-68],[39,-36],[17,-37],[277,-349],[301,-375],[482,-600],[319,239],[201,-254],[196,-254],[-517,-390],[-520,-392],[222,-277],[-280,-209],[-50,64],[-241,-184],[-170,217],[-269,-200],[406,-507],[264,195],[397,-505],[-152,-114],[394,-509],[226,172],[241,-313],[247,-294],[76,-97],[53,-127],[293,169],[-39,-288],[587,-73],[162,-203],[65,47],[58,-75],[218,161],[155,-22],[-117,-858],[457,-63],[317,-42]],[[179561,46627],[78,563],[115,24],[195,-23],[31,251],[39,64],[-332,43],[26,201],[-159,18],[-172,23],[-24,-187],[-236,32],[-82,16],[60,436],[-626,75],[6,49],[-766,92],[-412,47],[-78,-624],[-919,105],[-728,84],[132,-633],[-7,-113],[-475,52],[14,115],[-198,24]],[[175043,47361],[-64,61],[18,17],[-14,61],[16,35],[35,5],[12,22],[-55,30],[20,42],[31,14],[-53,58],[-34,-3],[11,54],[52,25],[-4,28],[-36,36],[-5,44],[24,22],[-41,69],[-39,25],[85,58],[0,27],[38,39],[-19,25],[24,32],[32,-32],[13,40],[-13,47],[-26,18],[-546,64],[46,395],[-1,239],[-305,40],[-129,14],[-61,186],[-49,109],[-31,34],[44,4],[23,32],[-24,74],[18,84],[-87,51],[22,46],[38,171],[16,225],[484,-53],[15,0],[72,49],[-27,66],[15,54],[-5,24],[41,58],[5,118],[37,67],[71,22],[-2,269],[193,-46],[95,74],[6,375],[177,151],[413,358],[-18,20],[666,590],[-53,50],[110,91],[72,53],[72,13],[90,-77],[58,0],[8,-58],[88,-78],[183,203],[-140,127],[164,179],[107,94],[-233,243],[-21,28],[17,144],[-63,8],[-105,93],[64,57],[79,55],[-372,331],[-2,186],[0,600],[114,1],[0,539],[-2,628],[-655,-1],[2,292],[598,-3],[-5,131],[-1,237],[1,403],[-5,120],[4,390],[95,0],[-1,476],[344,2],[-1,127],[3,383],[-1,112],[644,3],[-3,646],[584,4],[452,4],[7,54],[790,-94],[44,354],[542,-68],[526,-65],[596,-74],[8,39],[-11,34],[377,-36],[-18,-129],[-31,-60],[334,-33],[-82,-241],[5,-21],[125,-143],[275,228]],[[209723,48728],[-15,-104],[14,-18],[-8,-54],[60,-83],[28,-8],[-12,-69],[98,-16],[14,75],[67,-10],[-15,-82],[121,-22],[-20,-104],[69,-12],[3,16],[65,-11],[-17,-95],[66,-11],[15,80],[266,-41],[-12,-69],[61,-11]],[[210571,48079],[-55,-307]],[[210516,47772],[-196,33],[-66,2],[-22,-109],[-73,-90],[-9,-60],[23,-105],[-11,-48],[-30,-7],[-50,8],[-22,-30],[-42,25],[-61,-6],[-30,-44],[-17,-43],[-24,-24],[-52,4],[-54,-41],[-62,0],[-27,-31],[-40,-1],[5,-51],[-28,-25],[-17,-53],[-27,-26],[-46,7],[-55,-4],[-22,-32],[-12,-50]],[[208696,46759],[-22,69],[-80,39],[-20,40],[-56,-6],[-21,13],[-80,-27],[-40,6],[-42,-50],[-24,-115],[7,-26],[-49,-10],[-45,17],[-35,-18],[-39,15],[-75,-31],[-123,28],[-31,18],[-10,26],[-57,7],[-43,-18],[-20,-24],[-61,10],[-42,21],[-3,43],[-55,46],[-38,5],[0,80],[26,80],[-5,56],[16,17],[-34,26],[-67,2],[-20,32],[-25,10],[-29,53],[-29,26]],[[207425,47219],[39,30],[16,28],[-3,66],[-27,38],[12,31],[11,72],[23,9],[-23,36],[-15,68],[46,-9],[56,9],[39,-51],[46,18],[103,-25],[36,17],[80,-35],[72,-14],[29,10],[102,-16],[71,-60],[22,16],[41,0],[24,28],[26,56],[63,42],[26,3],[39,47],[26,56],[28,26],[-7,60],[-17,38],[19,16],[52,-10],[23,11],[26,160],[15,-13],[41,33],[26,-3],[62,36],[65,8],[47,38],[42,10],[16,48],[17,13],[41,-18],[57,32],[13,28],[41,2],[27,70],[-33,42],[-29,12],[31,53],[65,-3],[132,-20],[32,188],[156,-24],[23,126],[43,-7],[24,149],[131,-17],[-5,-27],[114,-18]],[[217241,63680],[-33,-70],[-32,-98],[-10,-81],[13,-98],[30,-55],[45,-18],[43,-52],[-6,-45],[-16,-33],[5,-46],[-12,-28],[-13,-70],[7,-62],[12,-12],[-38,-121],[7,-46],[28,-26],[-34,-61],[16,-40],[-20,-62],[8,-43],[-34,-35],[-16,-60],[-31,-59],[-27,-130],[11,-49],[26,-22],[-43,-70],[-27,-81],[-9,-59],[3,-44],[18,-24],[30,-7],[-27,-53],[-40,-48],[-44,-79],[-35,-93],[-15,-73],[17,-69],[26,-32],[-31,-38],[-27,-59],[3,-40],[21,-78],[-36,-26],[-28,-47],[-30,-72],[-13,-76],[4,-46],[27,-39],[-9,-39],[-2,-68],[-40,-50],[1,-43]],[[216864,60705],[-13,35],[-6,59],[-50,9],[-20,85],[-32,-2],[-7,-33],[-74,-11],[-1,-38],[-100,16],[-42,-49],[-40,-24],[-24,35],[-11,-69],[-71,11],[14,-37],[-1,-59],[27,-7],[-7,-53],[7,-46],[-84,19],[-5,-33],[-38,-12],[-7,-43],[-28,-11],[-30,13],[-12,-80],[55,-14],[-13,-53],[-32,-9],[-13,-69],[-32,5],[6,38],[-79,12],[-23,-19],[-25,-49],[10,-31],[-23,-68],[-39,-8],[-6,-60],[-69,4],[1,-42],[-72,12],[-58,20],[-53,-6],[-15,-63],[23,-3],[17,-29],[-12,-78],[-151,27],[-63,-134],[-41,46],[-27,5],[-48,38],[-18,32],[-107,-87],[-78,27],[-22,-18],[-37,23],[13,42],[-58,13],[3,-89],[-49,-39],[18,-29],[-4,-27],[25,-21],[-24,-22],[15,-49]],[[213063,60698],[-20,76],[11,38],[60,38],[-18,50],[16,49],[-14,28],[24,21],[-40,33],[17,42],[-30,45],[-47,-32],[-40,-50],[-41,7],[-46,-10],[-25,-29],[-30,3],[-20,24],[-34,-11],[-30,-35],[-91,29],[2,62],[25,44],[-20,20],[26,50],[-5,55],[17,48],[21,7],[20,67],[46,16],[14,37],[-5,26],[46,49],[37,-1],[13,26],[63,-7],[68,24],[-23,30],[-11,50],[39,33],[-14,46],[30,41],[-31,18],[56,87],[1,40],[15,29],[34,-45],[22,33],[66,25],[-8,32],[19,19],[27,-16],[53,63],[12,76],[59,343],[16,23],[74,40],[46,40],[42,11],[44,56],[-90,271],[22,-4],[10,63],[27,-4],[22,141],[91,47],[5,52],[23,12],[25,64],[14,12],[-459,72]],[[213291,63337],[19,31],[-21,26],[-78,28],[-30,21],[-18,45],[40,11],[23,28],[-32,68],[56,24],[9,34],[60,36],[5,18],[43,38],[23,-7],[32,20],[51,3],[32,23],[26,-5],[72,48],[-7,47],[-22,33],[19,50],[57,98],[-41,58],[10,54],[49,14],[21,21],[35,4],[41,243],[-131,22],[-7,13],[46,40],[-2,32],[42,55],[9,55],[-75,12],[115,54],[40,73],[26,24],[-25,17],[3,37],[41,-1],[-10,41],[-36,8],[11,25],[75,17],[88,-15],[-5,-31],[32,-14],[161,-29]],[[214163,64884],[224,-37],[183,-26],[-10,-68],[104,-13]],[[214664,64740],[2,-46],[28,-47],[33,-22],[48,-117],[23,-28],[59,10],[21,14],[54,-58],[-3,-72],[-36,-19],[-50,-78],[-17,-44],[4,-54],[-27,-43],[-5,-36],[-22,-59],[7,-28],[71,-17],[72,0],[20,-36],[43,-14],[-2,-58],[87,-48],[15,-26],[35,-11],[31,-91],[22,-35],[8,-44],[-31,-67],[-28,-41],[7,-77],[24,-7],[30,17],[40,-2],[23,-33],[25,-4],[37,32],[-1,16],[89,9],[62,-48],[29,28],[38,18],[97,-63],[31,-34],[60,16],[121,6],[20,-19],[37,4],[40,-34],[35,4],[90,55],[63,9],[9,20],[38,27],[55,-29],[33,25],[29,173],[65,-11],[60,-22],[10,84],[-28,5],[15,84],[90,-15],[-3,-20],[62,-10],[-6,-32],[101,-15],[2,95],[259,-40],[98,2],[75,46],[154,-105]],[[190993,50023],[101,-463],[25,-98],[63,-298],[152,-664],[33,-144],[97,-291],[118,-523],[93,-429],[-57,30],[-51,-27],[-23,24],[-38,-25],[-69,-27],[-27,-52],[-9,-45],[-23,-32],[-39,5],[-90,-69],[-3,-28],[-52,16],[-55,-9],[-4,-22],[-61,23],[-45,-34],[-11,-25],[-40,-2],[-11,-29],[-32,-12],[-19,13],[-40,-27],[-52,22],[-64,-69],[1,-55],[-9,-64],[19,-26],[-38,-88],[-27,-46],[14,-70],[-33,-12],[-27,16],[-14,-41],[-33,-6],[-6,-45],[-27,1],[-54,-28],[-26,6],[-59,-46],[-16,40],[-26,-26],[-18,52],[54,16],[-25,95],[-153,9],[-39,13],[-69,0],[-25,-29],[-26,-87],[-21,-23],[-92,-27],[-70,13],[-1,-33],[-44,-36],[-24,38],[-134,-5],[-69,3],[-41,12],[-13,-20],[-41,10],[-30,25],[-28,-5],[-17,-69],[-27,-2],[19,-77],[-53,-6],[-70,-37],[-12,-22]],[[216864,60705],[-4,-36],[-26,-18],[-78,-120],[-47,-85],[-91,-176],[-2,-76],[22,-28],[7,-33],[-19,-126],[7,-40],[40,-3],[-29,-69],[3,-23],[-21,-50],[9,-65],[-46,-60],[-2,-29],[-30,-20],[-57,-79],[-22,-76],[-25,-55],[-2,-28],[-34,-49],[-27,-75],[26,-82],[-16,-13],[-7,-53],[14,-31],[-8,-42],[-75,-77],[-29,-45],[-28,-62],[-18,-97],[-49,-54],[-40,-68],[-17,-48],[-6,-49],[14,-23],[-61,-74]],[[193220,41451],[-10,-68],[-17,2],[-10,-64],[35,-5],[-31,-189],[-49,7],[-12,-77],[26,-4],[-7,-42],[-20,-16],[177,-25],[-56,-324],[-24,-160],[71,-13],[365,-49],[437,-65],[-8,-44],[158,-365],[44,11],[118,-17],[51,41],[28,47],[82,48],[19,-4]],[[194587,40076],[2,-59],[47,-64],[12,-74],[-5,-49],[17,-43],[-44,-181],[-26,-46],[2,-34],[-64,-94],[-64,-27],[-27,-54],[-48,-3],[5,-49],[-16,-43],[-11,-68],[8,-44],[-89,-22],[-3,-20],[46,-7],[-13,-76],[-37,-8],[-44,15],[-26,-33],[8,-27],[-28,-27],[-6,-40],[-66,9],[-67,-53],[-29,4]],[[194021,38859],[-176,26],[-11,11],[-154,22],[-6,-28],[-218,33],[1,6],[-303,44],[27,162],[-28,4],[12,79],[-33,5],[-15,-96],[-333,49],[-134,22],[-10,-63],[-21,2],[11,63],[-187,27],[-6,-31],[-130,20],[5,33],[-68,10],[-19,33]],[[192225,39292],[107,640],[46,252],[39,247],[14,64],[36,228],[-293,44],[-2,-12],[-151,20],[-15,-6],[32,201],[11,-2],[78,511]],[[195194,58186],[239,-34],[91,-16],[155,-18],[385,-53],[-10,269],[422,204],[13,24],[48,28],[2,35],[38,41],[67,13],[-10,-54],[220,-32],[6,34],[206,-28],[-41,-74],[23,-41],[-40,-43],[-3,-52],[16,-37],[1,-41],[15,-21],[-14,-29],[77,-75],[277,199],[58,38],[107,79],[5,24],[-50,188],[29,187],[200,0],[9,63],[-82,12],[23,27],[6,39],[129,-17],[2,17],[75,-65],[281,-254],[-17,-124],[172,-157],[8,-19],[149,-160],[-9,-54],[297,-173],[130,-79],[5,2],[218,-76],[12,83],[94,-14],[9,62],[-45,6],[15,105],[275,-39],[12,77],[362,-50]],[[199856,58113],[-92,-634]],[[199764,57479],[-54,-372],[139,-182],[178,-121],[-210,-178],[-8,-30],[77,-18],[54,-25],[57,-148],[-52,-91],[-65,-206],[-6,-42],[37,-5],[-4,-36],[-38,5],[-16,-113],[37,-32],[221,-50],[25,-61],[-17,-31],[2,-33],[40,-38],[24,-53],[-14,-59],[12,-38],[1,-72],[58,-130],[2,-35],[20,-30],[-18,-26],[-7,-47],[71,-88],[-8,-25],[14,-31],[54,-34],[44,25],[57,-47],[14,10],[42,-16],[33,8],[31,-46],[9,-42],[125,-48],[20,-18],[-14,-61]],[[200731,54769],[-33,-8],[-52,11],[-35,-58],[-68,9],[-15,26],[-41,15],[-62,54],[-52,-3],[-47,40],[-60,1],[-73,38],[-108,29],[-28,-8],[-96,2],[-130,25],[-112,7],[-15,-17],[-97,14],[-52,-25],[-53,-44],[-273,-55],[-195,28],[-17,-5],[-33,-237],[42,-6],[6,-34],[-20,-131],[-62,8],[-16,-115],[-179,23],[-96,15],[-30,40],[-45,-36],[-12,20],[-70,18],[-21,44],[-67,34],[2,40],[-248,-134],[-10,-69],[-131,18],[-16,-105],[-100,14],[-82,-38]],[[197829,54214],[-13,83],[-21,50],[-124,-65],[-142,52],[-91,172],[-342,287],[16,41],[-71,60],[-23,-22],[-79,65],[-22,6],[-57,47],[-218,232],[4,24],[-45,7],[21,150],[-69,10],[-20,17],[6,41],[65,-9],[17,115],[-51,52],[-4,30],[-58,18],[-37,20],[-20,65],[-28,5],[-30,39],[-22,52],[-42,50],[-61,25],[-8,38],[-72,16],[-52,83],[-2,41],[-197,-33],[-14,54],[-256,-74],[-53,262],[-76,214],[-26,33],[-42,111],[10,5],[10,75],[-373,50],[-301,43],[-34,47],[11,16],[-10,67],[40,68],[-9,26],[63,49],[32,9],[72,86],[-14,86],[43,71],[-17,32],[56,75],[8,59],[23,12],[1,76],[-28,46],[-2,65],[-34,78],[-7,104],[31,20],[55,17],[20,47],[-8,33],[13,33],[-8,49],[81,64]],[[195764,40501],[12,72],[-28,4],[79,96],[-29,23],[17,39],[13,74],[-3,31],[19,41],[182,-31],[41,5],[103,-20],[-31,85],[-42,37],[-5,111],[-67,40],[-7,46],[20,20],[10,43],[-34,18],[-8,29],[-27,16],[-5,70]],[[195974,41350],[269,-34],[5,31],[56,-8],[4,27],[446,-58],[-29,-200],[-16,-79],[87,-10],[5,25],[77,-10],[-8,-60],[38,-6],[-5,-34],[46,-6],[35,-21],[44,-76],[34,-38],[45,23],[144,-25],[42,-15],[-14,-62],[133,-19],[-8,-99],[27,-23],[5,-33],[64,-33],[-14,-66],[-39,7],[-8,-44],[26,-25],[62,7],[-16,-94],[15,-31],[-97,20],[1,-78],[11,-21],[-8,-45],[-38,4],[-5,-29],[32,-5],[49,-33],[-9,-51],[-55,-8],[-15,-89],[53,-17],[-20,-131],[51,13],[43,-26],[36,-6],[-22,-32],[-19,-119],[29,11],[106,-16],[34,-31],[-30,-28],[4,-45],[-24,-44],[42,-36],[8,-52],[35,-54],[4,-27],[41,-71],[34,-21],[-1,-69],[59,-52],[-13,-22],[81,-38],[61,15],[23,24],[12,47],[57,-25],[84,-12],[27,-28],[-5,-49],[-52,-61],[1,-26],[34,-42],[86,45],[52,-10],[29,5],[38,-18],[51,-1],[95,17],[58,-18],[81,5]],[[198655,38881],[32,-25],[16,-37],[44,-14],[-33,-31],[-7,-39],[24,-52],[3,-34],[-39,-86],[-7,-62],[14,-27],[41,0],[32,23],[38,-26],[-16,-28],[20,-18],[33,16],[39,-5],[-42,-70],[16,-26],[-10,-41],[7,-35],[-35,-46],[-9,-62],[19,-13],[-16,-85],[8,-28],[-62,-56],[-26,-56],[16,-52]],[[198755,37866],[-25,-14],[-63,49],[15,102],[-19,4],[2,55],[-214,33],[11,-38],[-22,-126],[-15,2],[-25,-132],[4,-33],[-114,-39],[-34,-2],[-18,47],[-73,11],[-20,40],[-161,19],[-54,-5],[-12,26],[-29,-5],[-31,20],[-84,29],[-119,23],[-42,0],[-136,30],[-60,-3],[24,-46],[29,-138],[35,-27],[-5,-32],[-57,-20],[-32,2],[-29,-32],[-27,-52],[-43,-15],[-48,0],[-18,-18],[-75,13],[-53,18],[-9,-56],[-125,16],[-38,-6],[-50,8],[-20,-10],[-158,36],[-17,-12],[-76,17],[-114,17],[1,-28],[44,-43],[-7,-41],[-29,5],[-21,-24],[-9,-51],[-91,14],[-28,-32],[-106,12],[-20,-15],[-10,-102],[-33,-12],[-16,-37],[18,-42],[-45,-19],[-64,12]],[[196095,37219],[-1,53],[-53,52],[-20,50],[14,26],[-26,53],[2,19],[-52,9],[-43,32],[-44,7],[-10,51],[-61,23],[-28,40],[-39,164],[18,47],[-49,33],[1,45],[-52,38],[-24,33],[9,32],[-15,19],[-50,4],[-45,-12],[-55,8],[-30,28],[11,31]],[[195453,38104],[30,18],[34,-2],[7,30],[72,18],[59,-30],[46,1],[-4,-23],[26,-61],[76,-14],[44,34],[43,-27],[61,16],[-8,21],[61,41],[3,32],[31,7],[22,100],[-11,34],[16,17],[16,58],[-42,100],[8,98],[-18,3],[9,56],[18,44],[22,-3],[17,118],[38,74],[64,19],[10,62],[15,16],[41,2],[23,41],[-13,20],[9,59],[40,-6],[4,27],[46,-7],[63,85],[-23,65],[1,52],[30,-4],[13,81],[-66,10],[65,103],[-12,35],[10,55],[-28,-7],[-19,31],[-32,4],[-21,22],[-51,-17],[-78,10],[-45,51],[7,29],[-19,34],[-39,5],[16,115],[18,16],[-19,38],[10,80],[2,61],[-36,5],[4,28],[-43,24],[-49,7],[9,57],[-30,33],[6,36],[-15,17],[-49,-4],[7,43],[-42,6],[1,67],[-46,59],[-29,51],[-27,-22],[-48,43]],[[200951,43340],[-11,-27],[-47,-2],[-27,-27],[-4,-32],[-56,-22],[-23,41],[-24,15],[-8,36],[-50,-48],[-17,-46],[-65,9],[-34,-34],[2,-58],[-53,-3]],[[200534,43142],[-28,29],[-84,9],[-10,-8],[-6,-72],[11,-28],[-45,-43],[-11,-51],[-37,-5],[-51,9],[-20,-50],[-40,-4],[-27,37],[-27,12],[-25,-23],[-66,53],[-8,40],[16,39],[-47,-12],[-40,6],[-81,-23],[-64,30],[-10,-63],[-29,-27],[-52,8],[-15,-88],[-110,-2],[-31,11],[-8,-82],[-39,-2],[-6,-35],[-28,4],[-10,-56],[31,-16],[22,-44],[22,-17],[-17,-47],[-41,-13],[-24,-27],[-10,-52],[-27,-1],[-5,-38],[-49,21],[-34,-36],[-27,8],[-59,-8],[-42,-37],[-33,6],[-26,27],[-1,35],[-31,19],[-61,5],[-44,-14],[-24,7],[-40,58],[-36,-1],[-16,21],[-64,4],[-13,72],[-45,15],[-7,42],[-39,17],[-25,-37],[3,-25],[-201,35],[4,31],[-199,29]],[[198348,42794],[10,64],[66,-2],[25,117],[1,46],[35,-6],[29,30],[32,83],[36,42],[49,43],[-27,27],[-8,60],[-44,54],[-14,40],[10,35],[-53,90],[-10,48],[-22,43],[-48,-18],[-53,-40],[-86,-135],[-72,-57],[-12,39],[-46,45],[-13,72],[-24,20],[0,43],[-63,-4],[-25,-35],[-39,2],[1,28],[-71,25],[-21,20],[-28,-45],[-27,-2],[12,74],[50,-7],[45,87],[35,50],[6,34],[28,-4],[13,33],[20,106],[27,40],[-47,11],[-69,-57],[-24,25],[56,54],[-23,51],[32,32],[35,54],[59,65],[-45,-6],[2,35],[23,41],[-66,10],[17,103],[-49,5],[-3,-18],[-58,9]],[[197912,44393],[39,33],[10,71],[15,49],[18,21],[83,7],[4,14],[64,-10],[-10,25],[104,-16]],[[208138,43444],[-30,30],[-25,-21],[-56,-20],[-30,56],[-82,48],[-62,25],[-28,52]],[[207985,43792],[16,-65],[76,-35],[52,-3],[23,-29],[-24,-43],[65,-12],[54,-42],[43,8],[66,-37],[25,-31],[40,-24]],[[208421,43479],[-13,-20],[18,-58],[-26,-46]],[[198337,51569],[130,55],[248,197],[314,153],[-2,38],[26,70],[228,47],[70,-23],[35,17],[75,-11],[32,33],[341,-45],[261,-37],[310,-47]],[[200405,52016],[12,-49],[29,-6],[57,-35],[68,61],[41,-6],[-49,-330],[-29,-177],[-54,9],[20,-34],[6,-48],[21,-48],[54,-94],[-15,-94],[23,0],[28,40],[48,-17],[53,31],[3,41],[45,-40],[-4,-21],[87,-33],[27,-29],[57,35],[24,3],[67,-47],[56,-4],[5,-16],[63,-13],[-19,70],[43,16],[63,4],[6,-43],[24,-25],[-20,-24],[19,-34],[-11,-42],[49,-32],[-5,-54],[40,-83],[-6,-17],[-49,8],[-28,-17],[-8,-68],[-23,-43],[48,-7],[-18,-100],[-24,-96],[11,-2],[-23,-140],[141,-20]],[[201358,50346],[-48,-9],[-53,-45],[-35,-72],[7,-31],[-36,-25],[7,-28],[-31,-31],[35,-54],[-30,-22],[6,-62],[-27,-28],[3,-63],[75,-11],[77,-4],[7,45],[163,-18],[-9,-51],[60,-26],[-7,-28],[64,-52],[-21,-64],[-34,25],[-60,-17],[12,-49],[23,-21],[0,-58],[-19,-10],[18,-53],[52,19],[7,-44],[43,15],[26,-10],[-18,-34],[-67,-27],[30,-57],[-22,-24],[-27,-85],[-36,10],[6,-77],[29,-23],[-16,-32],[-59,-18],[8,-60],[-16,-31],[-55,15],[-10,-41],[84,-16],[33,-51],[4,-45],[42,-29],[54,-4],[31,-30],[0,-44],[28,-71],[-50,-73],[-49,-32],[47,-8],[-19,-108],[23,-34],[-23,-97],[-17,-103],[-3,-54],[28,-5],[-20,-132],[-167,26],[25,-30],[-42,-17],[-40,10],[-40,-15],[45,-83],[34,-25],[-6,-32],[-40,-19],[-12,-42],[42,-49],[-11,-47],[12,-71],[-20,-28],[40,-28],[20,21],[30,-8],[6,50],[64,31],[29,-31],[-2,-23],[33,-50],[-33,-65],[30,-45],[-26,-37],[-81,-31],[-60,-38],[43,-37],[18,-33],[-35,-31],[-24,9],[-19,-25]],[[198204,48901],[18,23],[26,99],[17,22],[-36,24],[4,24],[-22,53],[-37,24],[7,48],[-24,41],[10,31],[-12,24],[22,84],[-19,31],[64,94],[-39,12],[-20,184],[-54,49],[66,65],[39,64],[-110,16],[100,365],[-25,234],[-87,2],[-23,77],[6,47],[-18,75],[-25,37],[21,25],[34,-17],[1,-34],[48,15],[66,100],[-1,32],[54,26],[11,22],[73,35],[27,21],[-4,30],[20,23],[-141,20],[18,137],[-51,10],[20,127],[-15,12],[53,68],[26,-20],[35,-6],[15,96],[-39,5],[7,47],[-62,9],[89,36]],[[209365,51033],[2,77],[-24,20],[32,24],[47,75],[38,11],[4,41],[64,9],[39,-11],[29,7],[71,-9],[15,10],[9,51],[46,46],[-2,62]],[[209735,51446],[26,11],[44,-25],[118,-16],[40,-21],[59,31],[32,-5],[67,-50],[43,-10],[14,-20],[60,-7],[61,-37],[11,-23],[53,-22],[77,-64],[32,-11],[44,14],[48,30],[55,-3],[47,-16],[17,-22],[-12,-27],[19,-18],[59,-17],[30,-40],[46,-114],[24,-34],[9,-62],[-16,-34],[6,-43],[24,-41],[63,-44],[17,-42],[33,-27],[-9,-34],[46,-31],[39,-8],[23,-72],[57,-10],[29,47],[-5,16],[74,28],[42,-13],[16,-62],[16,-115],[20,-35],[-6,-73],[33,-50],[80,-13],[-43,-284],[16,-87],[30,-16],[57,10],[27,-52],[55,-15],[20,22],[42,7],[11,-95],[42,-1],[8,-28],[-46,-33],[6,-27],[-20,-36],[-41,-18],[-7,-81],[-66,-431],[-41,7],[-20,-109]],[[211470,48945],[-29,-165],[-109,19],[10,56],[-81,3],[9,46],[-65,11],[8,44],[55,-9],[10,59],[-117,23],[12,-43],[-14,-40],[-51,-5],[6,31],[-246,40],[-63,17],[10,54],[-67,12],[-16,-37],[-63,-49],[-23,2],[-17,-63],[-32,-26],[-85,13],[-51,-26],[38,-39]],[[210499,48873],[-422,71],[-18,25],[-65,11]],[[209994,48980],[14,52],[-12,32],[22,138],[63,-10],[23,124],[-27,23],[22,87],[-16,31],[-44,21],[-58,52],[-51,36],[-11,38],[55,66],[-9,23],[15,48],[-7,53],[-84,59],[17,23],[-30,18],[-55,92],[-1,30],[-57,61],[-10,32],[-37,17],[-20,24],[-9,62],[-41,6],[-23,95],[-21,48],[-39,11],[-49,57],[-36,62],[15,57],[-23,52],[42,80],[3,68],[-21,56],[8,35],[-14,33],[-56,17],[3,75],[-70,69]],[[181854,39590],[473,-186],[47,-21],[-6,-35],[93,-12],[6,40],[252,-102],[61,-22],[191,-31],[336,-48],[355,-52],[309,-2],[670,-10],[525,0],[11,9],[136,-18],[10,8],[404,-8],[80,2]],[[185807,39102],[8,-1],[883,-11],[109,-5],[614,-10],[-117,-763],[-22,-3],[-79,-532],[17,12],[-42,-270],[45,4],[-12,-75],[-45,-20],[-24,-43],[23,-34],[-16,-32],[20,-68],[-73,-73],[-3,-37],[52,-7],[-29,-202],[0,-18],[-29,-206],[-64,-419],[-24,4],[-15,-98]],[[186440,35317],[-59,2],[-58,-38],[-42,3],[-33,24],[-26,52],[-48,15],[-12,55],[-29,21],[-59,-45],[-86,34],[-73,-6],[-22,-28],[-78,19],[-40,23],[-10,26],[-31,8],[-42,-7],[-51,34],[-57,56],[-30,4],[-47,87],[-46,10],[-48,-3],[-55,31],[-35,-5],[-53,47],[-70,38],[0,35],[-36,3],[-16,49],[-41,22],[-387,52],[44,290],[-54,29],[-1,41],[-21,19],[-89,16],[-2,20],[-38,37],[-14,36],[-46,21],[-34,-4],[-39,27],[-70,21],[-60,-13],[-10,16],[-70,21],[-23,31],[-6,38],[-45,-7],[-43,51],[-52,-8],[-109,6],[-18,21],[-95,59],[-40,12],[-5,38],[24,57],[-37,-7],[-16,55],[-34,12],[-23,24],[-81,-9],[-17,32],[1,32],[-18,22],[-48,24],[-31,-28],[-63,27],[-24,20],[-48,10],[-29,44],[-23,5],[-21,41],[19,13],[-55,31],[-28,-28],[-37,58],[-36,-19],[-62,30],[-33,60],[-63,41],[-38,56],[-42,22],[44,41],[-60,82],[-78,53],[-31,31],[-57,30],[-98,-9],[-27,19],[-69,0],[-29,31],[-60,-27],[-35,25],[-53,14],[-17,-20],[-91,13],[-43,30],[-24,-8],[-137,86],[-33,10],[-82,-36],[-39,12],[-37,50],[-10,-33],[-37,32],[13,29],[-53,36],[-50,-5],[-11,44],[-50,1],[-60,40],[-3,25],[-58,20],[-47,-14],[17,39],[-8,25],[68,28],[45,9],[7,39],[27,-6],[40,46],[-33,16],[12,31],[27,16],[67,-11],[42,40],[31,200],[6,-1],[65,462],[-149,32],[59,413],[36,232]],[[205515,35638],[-44,-68],[4,-39],[22,-22],[-9,-67],[-40,-49],[-16,-34],[-36,-40],[4,-36],[-60,-8],[-53,48],[-75,34],[-77,-36],[6,37],[-31,7],[-35,-20],[-42,2],[-9,-17],[72,-46],[2,-46],[20,-10],[48,-61],[-19,-63],[34,-16],[20,-34],[33,-17],[8,-51],[-24,-32],[2,-44],[-25,-19],[13,-36],[-10,-50],[-64,-15],[-36,13],[-48,-20],[-14,-41],[-19,-7],[2,-42],[-50,-53],[-36,-50],[-23,-63],[8,-74],[21,-3],[0,-80],[12,-28],[-22,-56],[19,-38],[-17,-28],[-18,-78],[7,-44],[27,-35],[-9,-50],[13,-23],[-45,-68],[-30,-90],[0,-62],[-24,-26],[-10,-58],[19,-64],[-44,-141],[-6,-57],[2,-72],[32,-33],[-6,-173],[35,-68],[23,-77],[-13,-50],[10,-20],[-2,-61],[-33,-42],[-24,-50],[24,-67],[-22,-54],[-37,-24],[-77,-82],[-70,-102]],[[202732,33421],[-137,117],[15,83],[62,22],[9,23],[41,-2],[-9,59],[14,24],[-39,24],[13,42],[-17,65],[-10,132]],[[202674,34010],[56,6],[2,42],[16,32],[52,-4],[31,60],[-3,46],[62,16],[56,-52],[41,0],[42,-49],[54,6],[27,41],[3,83],[26,65],[-6,46],[16,36],[7,71],[-19,38],[3,30],[-11,60],[-29,37],[5,56],[-15,139],[32,99],[31,35],[42,19],[21,30],[164,-24],[29,-20],[55,55],[86,35],[29,57],[43,20],[22,49],[-24,39],[32,7],[29,58],[32,-10],[9,39],[61,-20],[71,137],[58,96],[69,129],[51,10],[-6,51],[28,41],[26,10],[-3,43],[11,30],[-28,72],[3,58],[44,21],[6,33],[25,0],[8,47],[-8,58],[31,-6],[26,132],[57,-8]],[[204252,36237],[34,-63],[53,-70],[2,-38],[36,-46],[45,-10],[7,-27],[45,-5],[56,-40],[15,-26],[51,7],[14,-18],[75,-1],[14,18],[67,20],[25,-24],[45,31],[79,-19],[22,16],[37,-5],[21,-19],[33,17],[-2,41],[105,65],[48,-8],[15,15],[129,-111],[10,-55],[-25,-58],[12,-32],[-5,-59],[64,-32],[12,-55],[25,6],[48,-40],[51,26]],[[208073,43242],[-21,-3],[-30,27],[-40,-4],[-32,11],[-44,-19],[-25,9],[-47,-13],[-57,4],[-110,50],[-41,7],[29,48],[-42,-1],[-47,36],[-50,0],[-27,-22],[-25,5]],[[207464,43377],[33,191],[-11,41],[-30,19]],[[188994,35866],[39,75],[-5,23],[-34,6],[5,34],[21,28],[15,103],[34,-5],[52,316],[47,305],[46,277],[-20,22],[-52,-24],[-22,37],[-71,12],[-43,29],[-66,-26],[-24,29],[-12,84],[-30,25],[-63,-12],[-12,18],[7,56],[26,33],[-4,34],[40,3],[-10,27],[48,55],[45,32],[-18,45],[100,4],[7,25],[34,39],[42,14],[-114,125],[19,109],[-21,31],[33,49],[48,304],[48,-9],[59,105],[-35,66],[39,72],[-25,30],[48,206],[-16,27],[19,63],[29,-6],[28,45],[-45,12],[22,77],[241,-42],[31,43],[26,-16]],[[189550,38880],[154,-97],[158,221],[94,-59],[19,27],[209,-77],[-4,-24],[68,-22],[84,-12],[50,-14],[701,-385],[237,-131],[227,-123],[23,25],[49,-7],[-9,-54]],[[191610,38148],[-2,-10],[-100,-82],[-36,-6],[-70,-26],[-32,-24],[-42,-56],[-61,3],[-28,-15],[-77,3],[-32,-12],[-109,-84],[-131,-92],[-191,-141],[-239,-178],[-11,-69],[105,-14],[-38,-237],[-44,7],[-14,-88],[-61,8],[-11,-71],[-23,-2],[-38,-220],[40,-6],[39,-70],[119,-174],[98,-134],[3,16],[146,-22],[82,-19],[188,-29],[54,-31],[195,-50]],[[191289,36223],[-9,-60],[13,-38],[-7,-37],[-44,6],[-7,-44],[44,-6],[-17,-95],[-19,2],[-26,-172],[-19,-54],[-33,54],[-59,-352],[-43,6],[-11,-74],[-69,10],[-29,13],[-80,-504],[31,-29],[97,-13],[26,12],[54,-9],[-37,-208],[-21,-86],[-24,-137],[54,-8],[11,42],[42,-7],[-15,-58],[60,-9],[31,20],[19,-24],[26,146],[70,-10],[3,21],[82,-12],[4,20],[48,36],[24,-33],[98,-20],[-18,-99],[-49,8],[-14,-65],[52,-7],[-7,-19],[41,-19],[1,36],[48,-22],[-7,-51],[72,-11],[-7,-47],[27,-4],[-11,-64],[9,-17],[-22,-62],[-25,-132],[39,-24]],[[191686,33913],[-51,-15],[-27,-30],[-21,9],[-30,76],[-17,-27],[-52,6],[-23,26],[0,57],[-41,-8],[-32,23],[-20,33],[-35,11],[-37,35],[29,14],[-29,37],[-32,17],[-19,-16],[-96,-21],[-24,46],[-53,-104],[-69,45],[3,28],[-22,24],[-56,27],[-42,-2],[-19,-38],[16,-22],[-46,-51],[-11,22],[-36,11],[-75,69],[-35,7],[-9,-42],[-34,35],[-40,12],[-3,-39],[-85,-70],[-17,-32],[-1,-53],[-42,3],[-25,-23],[-5,-68],[28,-38],[-77,-59],[-22,32],[-53,20],[-6,39],[-57,12],[-15,-38],[10,-33],[-79,15],[-16,-17],[-53,35],[4,46],[-15,42],[-46,-2],[-14,-48],[-63,59],[-47,-64],[-88,-11],[-39,6],[-21,-26],[-28,22],[-47,-53],[-33,35]],[[189646,33899],[-13,63],[-74,-24],[-50,38],[-31,-15],[-10,70],[-25,-45],[-25,-17],[-40,16],[-12,26],[-34,-31],[0,-21],[-146,32],[-6,63],[-36,-18],[-33,8],[-26,28],[-43,-28],[-11,-23],[-41,13],[-18,-22],[-59,-22],[-72,33],[-60,63],[-5,60],[-24,37],[5,36]],[[194939,47033],[-25,-173],[88,-12],[-24,-172],[301,-42],[-2,-48],[45,-6],[-5,-35],[-50,7],[-18,-126],[81,-13],[724,-99],[0,50],[132,-19],[53,-43],[103,9],[-8,-51],[25,-4],[-15,-86],[101,-16],[2,13],[110,-17],[48,-19],[26,-29],[44,-7],[22,27],[259,-40],[36,-12],[-18,-38],[47,-7],[15,26],[100,30],[12,-3],[135,39],[26,13],[90,-80],[122,-18],[23,143],[81,-11],[-22,46],[-9,41],[-41,75],[10,43],[67,2],[59,-18],[60,-8],[5,28],[85,-40],[104,-73],[25,0],[19,26],[45,8],[120,-25],[38,-17],[54,32],[57,10]],[[197912,44393],[-18,-32],[-207,29],[5,33],[-131,24],[-195,-22],[-55,38],[-12,-85],[-64,10],[-3,-23],[-196,28],[-29,-41],[6,-28],[-20,-51],[1,-39],[-36,-61],[-8,-40],[14,-26],[-8,-28],[-108,15],[-130,27],[-269,41],[-16,-35],[-96,23],[-94,15],[-103,1],[-152,25],[-97,2],[-40,32],[-54,-2],[-55,-88],[-96,13],[-162,1],[-99,36],[25,164],[-51,8],[29,69],[41,75],[-310,44],[-12,-30],[-72,-41],[-96,-174],[-84,-31],[-39,-26],[-12,-69],[-32,-33]],[[194357,44925],[15,138],[14,24],[17,112],[41,135],[208,-32],[21,81],[55,344],[56,360],[-67,-7],[2,31],[-55,7],[8,42],[-51,8],[-29,40],[0,37],[-85,-15],[10,30],[-45,3],[-46,-22],[-138,42],[-67,7],[-19,-32],[-66,45],[-63,-1],[-14,28],[-108,71],[32,51],[-24,6],[-12,32],[43,296],[36,-57],[38,26],[58,-13],[3,-44],[41,17],[71,-41],[39,-11],[23,-31],[64,446],[147,-17],[54,9],[46,-22],[4,29],[325,-44]],[[208668,42820],[-20,43],[-21,4],[-33,-23],[-19,28],[-40,12],[-84,-13],[-16,36],[-25,16],[-32,-37],[-62,0],[12,35],[-10,20],[35,34],[-17,47],[11,54]],[[200731,54769],[-48,-28],[-2,-48],[-22,-28],[19,-35],[-2,-58],[-18,-31],[-80,-3],[-65,-20],[-28,-63],[-18,-12],[6,-44],[-45,-7],[-25,-36],[-1,-42],[-20,-18],[-11,-52],[-19,-11],[1,-89],[-26,-56],[5,-23],[163,30],[33,-7],[60,10],[84,-10],[-41,-112],[-18,-37],[376,-55],[-3,-92],[33,-104],[-52,-69],[17,-11],[-4,-77],[-25,6],[-28,-42],[-20,-69],[-28,16],[-16,-43],[33,-13],[22,-70],[-21,-39],[-34,26],[-6,-60],[-30,-83],[-45,-9],[-34,-62],[-3,-75],[12,-27],[-5,-49],[-14,-13],[34,-37],[24,-49],[45,-25],[-16,-54],[-7,-66],[-20,-7],[40,-82],[31,-15],[-57,-33],[-59,-56],[-46,10],[-29,31],[-37,-1],[-24,-20],[-42,-104],[-59,-39],[0,-38],[61,-9],[-25,-178],[-88,12],[-19,-122],[-69,10],[29,-37]],[[198337,51569],[-81,13],[-71,65],[-124,139],[-51,102],[-42,35],[-11,111],[-45,147],[-34,37],[-34,55],[-38,207],[-9,13],[10,64]],[[197807,52557],[33,8],[61,-19],[79,-11],[24,159],[16,137],[-226,-13],[57,365],[39,259],[-41,6],[6,42],[-32,10],[-42,30],[-11,-71],[-28,12],[-64,-8],[19,72],[13,80],[15,23],[7,52],[-17,3],[66,416],[56,-8],[-10,37],[2,76]],[[209815,63576],[75,15],[65,48],[-15,48],[14,97],[57,-9],[298,-98],[97,-16],[46,-53],[89,-15],[2,-41],[-12,-36],[-17,-105],[33,-5],[-10,-66],[37,-26],[94,-14],[-2,-11],[107,-16],[7,48],[71,-9],[13,84],[49,-7],[12,-63],[229,-39],[50,-22],[-25,-54],[80,-13],[-8,-52],[-22,-9],[-25,-93],[14,-24],[53,-47],[29,22],[189,-29],[126,86],[61,-7],[9,-18],[58,-24],[61,36],[39,-23],[45,-12],[36,6],[42,37],[39,8],[76,79],[-35,56],[9,28],[53,31],[35,-24],[60,39],[39,61],[84,0],[170,-26],[-3,-21],[90,2],[374,-60],[27,-1],[39,-29],[21,13],[127,-22],[24,58],[0,42],[33,32],[25,-16],[38,40]],[[210493,60694],[2,52],[-31,8],[11,40],[-49,56],[28,81],[2,45],[-74,11],[-24,-19],[-26,8],[13,49],[-1,71],[-46,60],[3,34],[-15,24],[-1,53],[22,36],[-29,62],[-11,69],[10,63],[-125,20],[-38,22],[8,46],[24,-4],[41,27],[11,77],[-27,23],[-21,61],[17,58],[47,-7],[8,51],[-26,49],[-24,13],[1,51],[-43,10],[-33,37],[-16,52],[-26,43],[-32,5],[7,42],[-29,13],[-6,68],[17,98],[35,55],[-21,85],[16,29],[-28,44],[-6,36],[-46,69],[39,233],[-69,32],[8,58],[-10,24],[-6,95],[19,31],[2,108],[-28,41],[10,29],[-15,44],[-66,50],[-31,161]],[[204651,40285],[41,-27],[15,-40],[-18,-37],[-5,-42],[24,-6],[8,-46],[-49,-41],[-33,-13],[12,-43],[65,-25],[-23,-112],[77,-14],[21,-42],[-5,-28],[103,-14],[-9,-55],[114,-19],[-2,-32],[31,-6],[-8,-92],[-13,2],[-14,-90],[43,19],[53,60],[32,-26],[33,14],[19,29],[99,11],[32,25],[25,-10],[53,38],[87,-16],[35,11],[46,-30],[45,-16],[29,-35]],[[205614,39537],[-12,-30],[-78,-57],[-17,21],[-68,12],[-77,-43],[-39,-70],[-83,-17],[-17,-33],[-51,-13],[-34,-44],[-61,-23],[-62,7],[-39,-17],[-42,-2],[-113,23],[-7,41],[-38,38],[-20,1],[-18,45],[-120,92],[-53,-1],[27,-47],[-17,-26],[-39,-1],[-48,-46],[19,-23],[-34,-30],[12,-62],[16,-27],[-24,-71],[18,-33],[-6,-39],[42,-44],[8,-53],[100,-62],[28,-69],[5,-56],[-49,-39],[-27,-10],[-3,-41],[-25,-26],[-22,-62],[13,-19],[73,-26],[30,-54],[-5,-15],[-70,-59],[-55,-12]],[[204532,38415],[-31,34],[-30,-16],[-45,-1],[-8,-67],[24,-38],[3,-49],[-18,-23],[19,-40],[-26,-12],[-49,-55],[-57,-34],[-17,33],[-51,10],[11,-59],[16,-22],[-15,-47],[34,-1],[19,-30],[64,3],[50,25],[9,-39],[-30,-15],[6,-60],[43,9],[18,-22],[-15,-28],[-71,-3],[-11,-35],[-51,-11],[-24,-33],[4,-54],[-53,-19],[-45,26],[-21,43],[-101,6],[-16,-9],[15,-66],[57,-41],[17,-38],[-10,-34],[5,-73],[-34,-53],[-22,-12],[-27,-51],[-50,-5],[-23,-27],[-39,-3],[-11,39],[40,-3],[42,31],[-76,13],[-21,-30],[-45,-15],[-10,-21],[46,-32],[-38,-40],[-63,13],[-56,22],[-24,35],[15,35],[-25,47],[12,32],[-41,32],[-48,3],[-34,-20],[-61,15],[-18,24],[10,30],[-29,9],[-60,-15],[-11,11],[6,81],[-49,23],[-55,-40],[-21,15],[-30,-29],[-44,10],[-44,25],[-1,30],[-76,39],[-9,28],[-98,65],[-29,63],[-1,35],[-69,-6],[-13,-78],[-95,15],[-27,-54],[-26,-6],[-8,-52],[-71,14],[-13,-28],[-35,22],[-67,11],[26,52],[16,61],[24,49],[-59,9],[22,41],[25,145],[-70,12],[54,329],[-21,4],[17,76],[-40,16],[-62,10],[20,116],[-6,43],[27,4],[21,52],[-63,13],[-12,47]],[[202494,38856],[8,63],[49,75],[-58,9],[4,25],[-67,11],[-3,33],[-23,29],[-35,6],[-6,-35],[-65,-1],[6,39],[67,3],[29,37],[7,42],[17,11],[-4,92],[-15,23],[2,51],[25,2],[10,60],[-26,4],[27,173],[31,13],[15,94],[37,-1],[-16,72],[-21,10],[-16,54],[-43,6],[-36,52],[33,60],[12,-34],[30,-19],[34,13],[-11,33],[14,21],[-16,26],[55,48],[11,36],[42,2],[20,28],[14,65],[49,-27],[70,-11],[3,-62],[56,-10],[6,-59],[49,-8],[17,107],[43,63],[13,64],[34,-5],[6,34],[31,-4],[18,133],[101,-15],[43,-19],[8,65],[123,-21],[-22,-16],[-10,-49],[47,-8],[81,3],[18,-35],[-20,-39],[-26,3],[9,-49],[45,-7],[28,-26],[32,6],[90,-12],[43,2],[-12,-70],[-24,-20],[-7,-45],[-33,-41],[-3,-23],[92,-13],[11,65],[135,-22],[19,120],[-40,1],[-98,-12],[13,77],[125,-22],[23,-26],[77,-52],[36,-5],[4,25],[168,-26],[36,-22],[84,4],[49,-8],[28,34],[47,-13],[18,33],[45,-5],[38,15],[76,-9],[53,11],[10,58],[68,-13],[-10,32],[30,11],[-24,61]],[[191289,36223],[249,-64],[-10,-76],[-19,-45],[46,-6],[-5,-27],[102,-13],[9,-13],[286,-44],[76,-17],[6,38],[283,-42],[4,21],[62,-9],[9,56],[39,2],[36,24],[5,31],[41,2],[118,84],[68,38],[39,-10],[4,26],[36,-5],[-3,43],[13,78],[87,-20],[60,37],[31,6],[13,27],[78,51],[28,25],[7,34],[55,11],[51,-18],[82,-7],[11,-28],[51,-20],[76,-9],[8,20]],[[193421,36404],[24,34],[34,-1],[38,38],[35,-28],[6,-50],[50,-20],[69,-13],[45,12],[33,-76],[18,-13],[45,11],[62,-22],[15,-29],[76,20],[25,-15],[122,-45],[86,-20],[78,-70],[15,-36],[-22,-56],[11,-38],[25,-19],[14,38],[35,47],[58,48],[72,-18],[25,33],[45,-4],[43,-37],[52,-26],[28,20],[51,82],[-13,36],[76,74],[-13,37],[40,23],[40,-37],[69,-30],[12,-31],[48,-28],[47,-15],[28,-39],[45,-20],[29,-47],[92,-33],[54,36],[38,-7],[42,-24],[56,-47],[17,99],[202,-31],[-5,45],[72,-11],[-5,-50],[98,-12],[45,-17],[58,-4],[21,13],[128,-23]],[[196055,36008],[-8,-44],[46,21],[15,-41],[51,-78],[47,-115],[35,-49],[-8,-31],[-26,-19],[-35,8],[-30,-41],[-33,22],[-46,0],[-53,-16],[-47,-34],[-11,-40],[-26,-17],[-14,-56],[-25,-13],[11,-113],[34,-36],[-22,-40],[46,-102],[-23,-44],[-4,-75],[-35,-39],[-10,-46],[-54,-62],[-56,-11],[7,-51],[-48,-54],[-4,-38],[-55,7],[-24,18],[-99,-20],[-18,-11],[-5,-39],[-22,-25],[13,-30],[6,-74],[-63,-30],[20,-114],[-34,-27],[23,-56],[-16,-30]],[[195455,34323],[-36,-30],[-29,8],[-72,-7],[-44,-25],[-15,-52],[-70,-27],[-56,-42],[-33,4],[-11,29],[-45,9],[-29,-32],[35,-46],[-56,-25],[-54,-52],[-113,74],[-41,45],[32,64],[-43,-4],[-53,69],[-66,-10],[-9,27],[-57,-6],[-37,-32],[6,-28],[-31,-11],[-17,20],[-48,12],[-103,42],[-45,-46],[-4,-88],[-30,7],[-29,-17],[-59,-56],[-29,-50],[6,-43],[-23,-13],[-11,-49],[24,-35],[-32,-43],[-47,-26],[-10,-28],[-43,-27],[-43,14],[-25,52],[-56,25],[-21,-15],[-64,17],[-51,-10],[-31,13],[-62,-41],[-42,5],[-41,-14],[-79,51],[-86,32],[-25,-20],[-68,31],[-36,44],[1,33],[-19,60],[-37,-14],[-34,-80],[-29,-17],[-2,-79]],[[192106,33752],[-52,40],[-33,4],[-71,-11],[-65,8],[-37,-15],[0,48],[-44,22],[-33,4],[7,60],[-14,5]],[[191764,33917],[-46,15],[-32,-19]],[[190136,41699],[-20,-126],[45,-98],[-16,-103]],[[190145,41372],[-27,4],[3,-48],[-57,-3],[-3,45],[-34,5],[-6,-32],[-149,21],[-24,-153],[-57,35],[-33,42],[-17,-98],[-95,13],[-80,-44],[-28,-26],[-50,-4],[26,-48],[40,-17],[-34,-207],[-31,-75],[-8,-50],[31,4],[18,-52],[-10,-42],[-112,48],[-97,28],[-57,-366],[-145,19],[-36,-13]],[[189073,40358],[-84,54],[-26,37],[-38,-14],[-16,-35],[-31,-31],[-42,20],[-33,-3],[-33,27]],[[203021,56553],[-9,20],[10,42],[20,-1],[24,37],[36,0],[302,-44],[11,72],[104,-16],[21,133],[86,-8],[13,81],[-64,10],[20,126],[58,-8],[14,72],[-6,32],[139,-22],[10,56],[87,-13],[-5,-33],[336,-51],[36,-11],[31,23],[-24,23],[34,45],[48,28],[23,56],[32,-20],[53,-6],[-12,-81],[27,-4],[-8,-53],[33,-5],[35,-112],[93,-7],[95,-15],[39,241],[71,-4],[3,18],[67,-9],[45,-18],[5,29],[103,-22],[216,-34],[75,-14],[17,101],[28,-4],[26,18],[7,35],[42,-7],[27,158],[-46,-32],[19,120],[36,3],[76,-12],[49,9],[8,47],[53,7],[9,54],[-24,63],[51,15],[101,70],[7,48]],[[205834,57779],[21,51],[56,17],[39,-12],[35,-37],[30,16],[13,-33],[50,-12],[8,-51],[47,-40],[26,9],[57,-47],[35,-8],[31,-54],[9,-40],[-199,-132],[-17,-111],[42,-8],[10,-74],[-12,-25],[13,-24],[-34,-15],[-22,-38],[20,-27],[-6,-42],[27,-27],[104,-19],[-12,-69],[55,-9],[71,3],[91,-57],[60,11],[-13,-77],[0,-73],[-25,4],[-11,-65],[-98,17],[36,-89],[5,-63],[-6,-60],[-22,-15],[-67,2],[-30,-12],[-29,-55],[72,0],[12,-31],[37,1],[38,-54],[-21,-124],[47,-78],[18,-58],[28,-52],[90,-38],[56,-71],[23,-4],[14,-43],[-27,-156]],[[206609,55681],[-49,-285],[-29,-260],[56,-19],[-5,-31],[-20,-21],[-43,6],[-19,-22],[-7,-44],[83,33],[-39,-233],[-89,15],[0,-51],[-14,-88],[18,-3],[-21,-83],[-32,5],[-12,-66],[58,-4],[-11,-60],[-14,-23],[-96,19],[-6,-36],[-42,-3],[7,46],[-34,26],[-51,8],[-5,-31],[-61,10],[5,30],[-193,31],[33,-46],[-4,-33],[24,-26],[-14,-90],[20,-39],[-61,10],[-4,-29],[-136,21],[5,29],[-51,9],[-16,-10],[-55,8],[-4,-21],[-46,14],[-136,21],[3,18],[-71,15],[-184,30],[-145,19],[-32,19],[-119,15],[9,59],[-17,3],[-8,54],[10,66],[-30,4],[-11,39],[35,226],[3,65],[-53,4],[11,51],[-36,6],[-14,-90],[-120,19],[-27,-169],[-19,-86],[-19,3],[-29,-179],[-150,23],[6,34],[-134,19],[-4,-24],[-42,6],[-30,-20],[46,-67],[-11,-68],[13,-7],[-43,-289],[63,-10],[-9,-70],[-61,-39],[-70,-16],[-94,13],[-26,-8],[-92,16]],[[203998,54049],[4,24],[-22,29],[6,41],[-50,39],[-22,120],[-36,50],[9,46],[-48,-9],[-18,-16],[-72,1],[-128,19],[-44,14],[38,243],[-86,5],[-9,30],[8,88],[-6,83],[15,34],[-6,52],[18,116],[115,-20],[18,82],[42,-8],[11,65],[25,-9],[110,-18],[-12,34],[32,32],[11,80],[22,17],[-20,39],[25,24],[-17,31],[14,34],[-22,46],[22,23],[-12,61],[51,48],[-324,52],[24,118],[80,523],[-44,8],[11,70],[-42,6],[-14,-86],[-253,39],[-55,2],[-5,-40],[-120,20],[-2,78],[-52,10],[-30,-38],[-221,31],[21,27],[-12,32],[11,62],[73,-2],[11,22]],[[206174,66279],[51,-17],[24,-25],[90,-13],[34,-41],[-5,-21],[37,-34],[29,15],[67,-24],[48,13],[83,-44],[18,-38],[26,-3],[22,-24],[69,2],[22,-30],[64,0],[64,-17],[-28,-179],[26,-49],[-43,-39],[-43,-50],[-17,-2],[-5,-46],[-24,-11],[-13,-41],[4,-42],[-38,-91],[-23,-29],[-29,-64],[-9,-77],[18,-11],[19,-52],[-9,-30],[54,-67],[-25,-38],[-13,-106],[-29,-43],[15,-24],[-23,-47],[36,-50],[26,-3],[-5,-50],[30,-24],[18,-40],[43,-36],[-4,-22],[27,-26],[41,-2],[18,-79],[63,13],[1,-38],[29,-32],[25,20],[42,-64],[36,9],[15,-91],[48,-73],[40,-4],[-20,-31],[32,-41],[-27,-64],[27,-37],[-6,-78],[29,-3],[-13,-54],[34,-21],[-1,-56],[-39,-118],[-8,-62],[49,-31],[-19,-25],[22,-42],[28,-7],[22,-59],[-9,-33],[35,-5],[2,-25],[39,4],[29,-46],[11,-48],[-18,-21],[34,-44],[6,-39],[29,-21],[15,-37],[-20,-22],[24,-34],[-8,-30],[32,-22],[-8,-67],[86,-13],[5,30],[104,-16],[45,-25],[1,-15],[-28,-169],[-76,11],[-14,-85],[23,-4],[-7,-42],[-22,4],[-10,-66],[4,-53],[-87,-24],[-141,-70],[-62,-54],[-81,-52],[-19,-36],[-45,-18],[-40,4],[-33,-227],[15,-2],[-10,-63],[-64,-54],[10,-40],[-46,-29],[-9,-31],[-34,-32],[14,-67],[-39,-88],[13,-54],[-39,-105],[6,-24],[-53,-42],[-6,-57],[64,42],[37,-35],[10,29],[49,-21],[38,11],[32,-28],[31,27],[19,-36],[41,-44],[84,35],[63,-34],[62,-68],[-7,-40],[26,-59],[26,-22],[77,14],[44,-21],[56,-15],[45,-59],[31,-26],[-3,-74],[66,-62],[66,-35],[6,-29],[35,-11],[35,23],[66,-20],[52,15],[60,3],[19,-16],[-4,-31],[37,-23],[26,-66],[-7,-66],[-24,8],[-26,39],[-22,-6],[3,-43],[17,-31],[-15,-33],[3,-49],[37,-15],[-9,-53],[-35,-2],[7,-56],[24,-26],[62,-20],[3,-32],[-26,-29],[-1,-61],[17,-64],[-23,-17],[26,-63],[-30,-39]],[[208145,60087],[-173,29],[13,-23],[-6,-61],[47,-85],[26,-3],[-3,-50],[-20,-32],[-24,-72],[-13,3],[-26,-88],[63,-62],[-22,-41],[-68,-26]],[[207939,59576],[-20,9],[-32,55],[-29,-16],[-29,10],[-43,-6],[-51,-79],[-133,4],[-55,24],[-52,-29],[-40,-74],[13,-35],[-48,-4],[-31,15],[-29,-17],[3,-41],[-25,-77],[-60,-35],[-16,21],[-93,-57],[-26,-27],[-33,-70],[-27,-4],[-36,52],[-50,19],[-46,-18],[-24,34],[-39,-19],[-32,21],[-35,-26],[-49,-20],[-46,20],[-12,-61],[-49,3],[-46,14],[-15,23],[-43,-20],[-7,-33],[-26,-3],[-51,-44],[-54,-12],[-26,-48],[-15,53],[-40,7],[-38,26],[17,40],[-7,46],[-37,44],[-97,42],[-42,2],[-37,42],[-10,-34],[-72,-44],[-10,-41],[-52,-17],[-15,-26],[-59,-58],[-10,-34],[-35,-52],[-110,30],[1,38],[-46,1],[-33,14],[-39,34],[8,47],[-118,24],[15,99],[-161,24],[1,18],[-34,37],[-33,10],[-76,-23],[-38,-48],[-45,-3],[-60,119],[-30,8],[-22,40],[17,23],[-69,53],[-16,-34],[-25,-15],[-33,6]],[[204892,59523],[-3,28],[-57,-3],[-18,31],[-88,18],[-50,89],[-3,60],[-30,79],[-24,13],[10,67],[-11,75]],[[204618,59980],[66,54],[44,47],[40,6],[42,46],[59,-72],[20,-3],[69,40],[5,33],[30,34],[64,-12],[35,13],[62,86],[0,14],[43,57],[26,11],[17,52],[49,10],[8,37],[-8,37],[21,16],[70,2],[23,-28],[55,23],[-2,118],[37,29],[-13,49],[15,31],[-8,80],[45,61],[1,63],[-24,32],[-18,51],[-29,14],[1,105],[29,29],[3,57],[15,32],[-27,12],[-4,39],[-29,25],[-6,58],[3,67],[12,45],[-20,62],[39,25],[17,54],[-56,44],[-27,68],[-34,11],[2,53],[-32,15],[-5,42],[-84,48],[-2,27],[-33,-5],[-50,14],[-12,48],[-81,126],[65,398],[-64,33],[-2,15],[53,54],[-8,19],[51,19],[-52,65],[-51,-47],[-33,3],[-57,-12],[23,147],[15,-3],[7,98],[11,18],[43,259],[13,63],[58,350],[-2,7],[126,731],[-23,7],[18,114],[22,56],[11,70],[-2,39],[27,164],[-220,285],[-206,264],[79,56],[235,76],[436,139],[153,166],[143,166],[153,247],[64,100],[7,1]],[[206444,45623],[37,12],[4,19],[53,16],[27,29],[7,37],[33,25],[-32,21],[10,32],[-121,31],[48,55],[-5,31],[-35,24],[20,18],[-35,76],[11,29],[29,6],[-29,43],[-43,-8],[-42,70],[-23,0],[21,74],[40,5],[-13,40],[-21,7],[-24,76],[43,28],[51,18],[12,41],[-5,51],[34,2],[37,24],[-7,-52],[40,1],[33,36],[-13,38],[35,28],[34,-9],[22,20],[1,34],[-45,46],[50,23],[20,69],[-23,22],[10,42],[-14,26],[10,48],[-7,27]],[[206679,46954],[75,33],[375,-59],[-37,15],[-41,43],[-7,62],[-42,12],[-49,-12],[0,58],[-37,21],[19,60],[25,20],[39,55],[23,-15],[11,-47],[79,-10],[47,-16],[39,-25],[59,31],[11,64],[157,-25]],[[208131,45577],[-18,3],[-28,-95],[-60,-53],[-36,-7],[7,-50],[-38,1],[-14,48],[-22,-11],[-16,-63],[-33,21],[3,37],[-72,-8],[-37,-34],[21,-32],[-46,-12],[-8,-40],[-37,-28],[35,-17],[52,21],[25,-66],[0,-23],[-33,-12],[-75,17],[-22,-10],[25,-38],[5,-37],[44,18],[41,-15],[36,-46],[58,-9],[5,-28],[-46,-39],[-36,29],[-22,-21],[27,-38],[-23,-13],[-43,-67],[14,-28],[-15,-30],[103,3],[76,-44],[-237,-404]],[[207454,44264],[-61,77],[-18,48],[-37,52],[-283,106],[-35,5],[-19,-35],[-50,-21],[-16,-26],[-42,-102],[3,-54],[-25,-15],[-6,-69]],[[186047,40621],[-86,-585],[15,-2],[-46,-305],[-27,4],[-22,-158],[-9,-29],[-65,-444]],[[181854,39590],[-394,158],[-560,223],[54,353],[-2,8],[35,240],[60,-8],[7,50],[-60,8],[37,252],[-12,1],[28,193],[-59,9],[6,64],[-3,57],[70,-8],[11,87]],[[195974,41350],[-4,53],[-25,55],[-36,51],[-46,92],[15,37],[-29,71],[-17,7],[0,79],[-21,3],[-7,50],[19,36],[-29,30],[-1,27],[-72,9],[-1,47],[-46,31],[-8,26],[-62,-27],[-59,42],[4,66]],[[195723,42220],[43,13],[25,-14],[67,21],[77,47],[36,43],[41,-17],[39,9],[46,28],[64,-7],[20,-15],[228,5],[18,98],[140,-22],[3,22],[99,-14],[3,-28],[76,-63],[-38,334],[-5,57],[30,-16],[94,16],[21,-21],[42,18],[74,-58],[-4,-33],[76,7],[53,-44],[-4,-39],[59,-1],[40,-41],[33,-11],[16,100],[46,-8],[23,-22],[36,14],[73,-7],[86,-19],[9,58],[53,-8],[25,-41],[58,-9],[41,-48],[32,6],[17,-27],[42,-12],[49,10],[106,-15],[-4,-27],[22,-29],[49,-8],[-5,-63],[54,-9],[0,-35],[79,-23],[23,58],[1,64],[37,21],[23,42],[5,34],[54,40],[67,-10],[10,62],[-16,29],[-1,52],[19,130]],[[200534,43142],[-21,-49],[28,-109],[-6,-63],[39,-49],[28,4],[-13,47],[40,-9],[30,-28],[39,3],[30,-34],[-42,-56],[19,-31],[-2,-31],[-77,-6],[-22,-33],[1,-37],[70,-12],[-15,-26],[-86,-12],[-3,-78],[-14,-40],[11,-37],[-56,-56],[-10,-26],[8,-56],[47,-20],[11,-18],[-35,-46],[16,-33],[46,-8],[5,-34],[47,-20],[-4,-40],[16,-22],[36,2],[9,-37],[-10,-24],[18,-29],[41,7],[-4,-36],[21,-29],[-27,-49],[48,-2],[-8,-32],[34,-13],[16,-32],[38,-18],[27,10],[41,-72],[-16,-16],[-6,-41],[39,5],[37,-44],[-84,-13],[-6,-24],[-62,-29],[23,-13],[-27,-99],[57,-47],[-8,-57],[65,-73],[-44,-94],[-40,-38],[-20,-41],[-25,-13],[7,-32],[-37,-38],[-36,13],[-17,-17],[-29,-80],[-79,-66],[-21,-102],[-77,-110],[14,-27],[-31,-26],[-51,-73],[11,-65],[-29,-32],[10,-21],[-12,-108],[-19,-35],[8,-39],[-27,-183],[-68,-9],[-50,-23]],[[200289,40013],[-39,-31],[-31,30],[-94,23],[-53,-15],[19,41],[1,30],[-30,14],[-36,83],[-32,17],[-3,39],[-51,20],[8,18],[-36,35],[-8,26],[-40,5],[-59,26],[-19,24],[-80,-19],[-50,-49],[-101,10],[6,38],[-67,-6],[-5,-30],[-91,15],[-16,58],[-91,-26],[-29,101],[-80,-33],[-22,3],[-8,-64],[-16,-25],[54,-65],[-8,-45],[42,-7],[-36,-58],[-5,-52],[-117,16],[-11,-54],[-120,19],[-7,-39],[-25,0],[-56,-328],[9,-28],[-12,-65],[23,-9],[2,-45],[-23,-114],[-2,-48],[26,-28],[-14,-88],[26,-29],[-69,-1],[-6,-86],[12,-11],[-24,-140],[-51,16],[-17,-26],[-7,-53],[-33,-19],[-9,-53],[-23,-50]],[[208788,44340],[-48,-62],[-35,-16],[-12,-30],[-43,-17],[-19,-44],[-9,-49],[-38,-77],[-49,-9],[-14,-26],[13,-54],[20,-4],[26,-55]],[[208580,43897],[-31,-20]],[[208549,43877],[-102,17],[-41,21],[-43,-7]],[[208363,43908],[3,47],[-11,20],[-55,23],[-21,23],[-39,10],[8,59],[-30,31],[33,72],[40,-10],[-16,142],[-21,39],[12,150],[-19,50],[-43,36],[-2,37],[22,30],[7,61],[-23,73],[18,32],[-7,75],[49,34],[18,31],[-22,44],[-11,66],[-38,34],[0,50],[-16,19],[-18,62],[-35,40],[-2,50],[-16,31],[-54,14],[-1,29],[23,18],[24,50],[-2,67],[14,29]],[[208438,45221],[31,-5],[51,-84],[61,-11],[39,51],[40,20],[34,-35],[41,6],[8,-43],[-20,-36],[49,-35],[-11,-42],[7,-48],[-54,-19],[-16,41],[-33,-12],[-25,24],[5,34],[-37,-6],[46,-68],[64,-47],[-18,-62],[42,8],[-5,-50],[20,-30],[-79,-25],[-13,-57],[43,-3],[-20,46],[77,-3],[24,41],[-30,21],[11,65],[-24,14],[111,95],[35,-74],[47,-28],[75,-3],[49,-35],[-28,-53],[-38,-20],[22,-28],[44,50],[60,-73],[-35,-34],[-18,-36],[-48,11],[-26,-23],[-3,-49],[-50,-20],[-20,-26],[-29,2],[-63,-27],[-3,-28],[-34,-44],[-11,-45],[5,-43]],[[208701,43659],[38,-21],[-12,-40],[51,-15],[42,-49],[-74,27],[-7,-16],[-71,-2]],[[208668,43543],[-6,50],[39,66]],[[208721,43416],[24,1],[78,67],[64,19],[43,-38],[-37,-9],[-9,-31],[-36,-18]],[[208848,43407],[0,-46],[23,-56],[-7,-108]],[[206174,66279],[18,47]],[[206192,66326],[32,13],[83,-13],[41,34],[57,-23],[-54,-30],[34,-25],[67,3],[11,32],[-24,21],[30,24],[14,-33],[88,23],[67,-38],[2,-28],[69,-9],[55,-15],[37,52],[107,49],[39,-34],[47,34],[34,-7],[28,34],[59,30],[10,22],[97,5],[9,-22],[54,2],[15,-25],[39,-2],[44,-41],[41,5],[39,-18],[19,-41],[47,-4],[30,-21],[39,-8],[9,-25],[45,-35],[20,11],[20,-39],[19,21],[42,-24],[15,29],[41,5],[25,-35],[32,-23],[18,8],[26,-31],[9,-77],[48,-24],[25,-34],[42,-5],[31,26],[31,-3],[121,-48],[58,-52],[12,-63],[-30,-7],[19,-58],[-4,-42],[31,0],[31,-17],[2,-82],[-19,-15],[9,-73],[27,-39],[48,-4],[49,21],[42,30],[51,-16],[29,7],[46,-61],[38,0],[26,-42],[43,0],[32,-24],[37,1],[38,-53],[50,-4],[60,-26],[27,-34],[1,-28],[31,-27],[55,-19],[36,-3],[7,-46],[66,-54],[22,1],[43,-29],[27,-46],[-4,-65],[-33,-40],[35,-29],[-17,-23],[8,-54],[17,-25],[1,-66],[-36,-31],[-9,-27],[18,-22],[33,1],[3,-129],[-41,-51],[11,-35],[4,-65],[49,-66],[36,1],[12,-31],[53,-77],[-34,-35],[10,-64],[40,-25],[63,-55],[105,23]],[[209581,64075],[0,-41],[38,-28],[17,-76],[-10,-32],[36,-42],[34,-60],[28,-24],[43,-5],[21,-44],[-29,-18],[18,-65],[38,-64]],[[209298,59687],[-18,-29],[-31,-10],[4,-81],[16,-60],[0,-35],[-17,-76],[-95,-10],[-8,49],[-40,40],[-8,88],[13,38],[-33,29],[-33,-3],[-36,24],[-30,-8],[-26,13],[-67,-21],[-38,0],[-75,-25],[-38,26],[-20,-12],[-79,0],[-22,22],[33,208],[-41,-14],[-135,27],[-146,22],[-42,79],[-42,-34],[-38,42],[33,70],[-23,30],[-49,-14],[-22,25]],[[194587,40076],[4,20],[65,-3],[33,17],[20,34],[41,-18],[403,-54],[17,110],[33,-4],[8,50],[73,112],[60,21],[44,-19],[11,-36],[35,6],[69,-15],[79,23],[27,35],[-11,38],[45,30],[65,-12],[21,6],[11,56],[24,28]],[[195453,38104],[14,97],[-178,29],[-8,61],[-34,5],[9,71],[-25,4],[10,60],[-133,27],[5,48],[-182,26],[9,18],[-115,10],[-306,44],[-22,-29],[-34,-19],[-26,24],[-37,6],[-2,53],[-141,21],[-68,5],[3,18],[-57,9],[-1,-37],[-109,15],[25,47],[-31,8],[8,52],[-19,3],[13,79]],[[215855,57092],[-6,-108],[16,-45],[1,-109],[9,-61],[28,-95],[45,-74],[19,3],[35,-43],[93,-18],[62,28],[-4,-39],[24,-26],[-3,-51],[25,-30],[-13,-54],[-42,-52],[-65,-92],[-54,-129],[-22,-121],[3,-77],[22,-59],[34,-31],[50,17],[-4,-32],[-33,-38],[-4,-63],[-27,-1],[-56,-61],[-136,-177],[-51,-92],[-29,-73],[-7,-47],[28,-44],[-30,-22],[-42,-95],[-13,-63],[-1,-53],[27,-25],[12,-44],[-15,-61],[9,-19],[-14,-56],[-4,-58],[9,-25]],[[215731,54677],[-393,64],[-1,36],[-46,0],[-117,20],[-27,22],[-2,36],[38,-7],[20,117],[-53,9],[10,67],[-211,37],[-6,-40],[-120,19],[9,42],[53,-8],[20,95],[-48,8],[5,25],[-55,9],[7,39],[-34,6],[-5,-33],[-46,8],[13,76],[-9,52],[-33,6],[-20,40],[-46,1],[-8,-33],[-28,-21],[-54,17],[-29,-22],[-37,20],[-34,50],[-45,16],[-20,-6],[-66,55],[-35,-20],[-40,1],[-15,-16],[-49,8],[-3,-53],[-18,-29],[-57,-16],[-5,-48],[-100,-21],[-32,20],[-55,-21],[-31,14],[-47,-7],[-58,46],[-23,-18],[-71,6],[-71,-30],[-28,10],[-75,-15],[-64,45],[9,31],[-14,57],[-71,85]],[[213360,55528],[-5,34],[-39,14],[-12,44],[9,70],[-12,20],[25,33],[-36,55],[53,22],[-18,62],[-54,28],[-8,23],[-35,-13],[-28,12],[-87,65],[-39,8],[-20,42],[82,104],[-2,62],[-25,54],[5,23],[39,56]],[[213555,58238],[16,-28],[105,-30],[52,-42],[6,-24],[62,-46],[41,-56],[55,-15],[16,-32],[31,-15],[-5,-22],[19,-68],[37,-32],[17,-33],[51,-33],[30,-37],[-6,-82],[24,-14],[4,-52],[16,-66],[22,-35],[-16,-49],[22,-60],[24,-11],[29,-38],[41,-6],[35,-34],[6,-56],[35,-26],[74,-91],[34,-33],[5,-40],[54,-51],[-8,-28],[62,-29],[3,-32],[25,-24],[56,4],[19,-24],[-24,-113],[-51,-89],[32,-18],[25,-30],[47,-12],[55,11],[4,65],[35,-14],[62,-9],[23,-42],[2,-50],[25,-19],[24,-55],[38,-63],[7,-35],[29,-15],[126,35],[33,-16],[50,21],[20,25],[38,7],[45,29],[33,58],[36,39],[26,-7],[47,22],[45,87],[24,10],[-7,30],[52,48],[19,38],[-29,29],[16,45],[35,3],[38,25],[31,45],[39,15],[41,-5],[20,88],[66,28],[30,33]],[[206653,39979],[29,25],[46,8],[35,46],[2,25],[92,21],[38,19],[4,41],[86,7],[13,19]],[[206998,40190],[248,-40],[32,27],[7,35],[84,-15],[-8,-49],[30,-5],[-11,-62],[24,-4],[-9,-52],[42,-6],[95,17],[13,26],[54,21],[-15,28],[11,32],[45,-59]],[[207640,40084],[4,-17],[-24,-45],[18,-52],[-20,-25],[22,-59],[-22,-15],[20,-55],[-17,-49],[-23,-16],[7,-43],[-21,-19],[-3,-39],[-39,-35],[3,-45],[-29,-108],[-19,-16],[-62,-5],[-39,-21],[-61,-58]],[[207335,39362],[-104,117],[-14,61],[-62,11],[9,48],[-20,55],[6,59],[-5,57],[10,45],[-460,71],[-47,16],[5,77]],[[208955,43842],[16,-23]],[[208971,43819],[-146,-51],[-48,-7]],[[208777,43761],[-49,39],[-15,29],[-68,28],[-21,39],[-44,1]],[[208788,44340],[7,4]],[[208795,44344],[29,-36],[11,-43],[-23,-38],[40,-52],[47,-3],[11,-18],[-15,-112],[-27,-52],[31,-16],[21,-30],[-6,-39],[23,-14],[18,-49]],[[214313,67856],[16,31],[-17,71],[23,53],[49,32],[6,-47],[41,-92],[44,-38],[33,-5],[41,15],[33,-8],[23,-27],[1,-37],[56,-38],[39,-3],[37,-38],[19,12],[38,-12],[66,-66],[41,-20],[42,24],[-8,26],[68,28],[61,-35],[60,15],[1,38],[36,30],[49,68],[29,-11],[40,48],[63,-10],[48,8],[42,-16],[43,-44],[89,-27],[41,-27],[19,13],[131,13],[40,-28],[102,-14],[46,14],[61,-23],[43,6],[62,-10],[34,-35],[58,-5],[50,-20],[24,7]],[[216276,67672],[17,-22],[-8,-120],[28,-35],[-21,-21],[58,-20],[-27,-41],[26,-18],[-13,-50],[69,-24],[4,-56],[-27,-37],[30,-24],[-11,-36],[24,-41],[24,-18],[4,-34],[-18,-48],[40,-93],[48,12],[42,-4]],[[216565,66942],[-7,-50],[-18,2],[-25,-40],[8,-49],[-38,-55],[-54,-16],[-43,-42],[21,-35],[-43,-7],[-46,-40],[-6,-66],[16,-48],[-83,9],[-9,-69],[-26,4],[-19,-122],[-17,-17],[22,-74],[-11,-51],[11,-32],[-11,-34],[-29,-37],[21,-34],[-26,-25]],[[216153,66014],[-26,16],[-19,-21],[-40,6],[1,24],[-146,25],[-59,-18],[-21,20],[-295,47],[-36,-6],[-18,-18],[2,-50],[37,-52],[10,-48],[25,-30],[9,-33],[-12,-24],[33,-20],[40,-52],[14,-51],[-9,-22],[-57,-6],[-54,-48],[-4,-26],[-101,8],[-11,-73],[-24,-29],[-37,13],[-21,-57],[-20,2],[-7,-51],[-18,-14],[-26,-97],[-45,24],[-47,3],[-4,-92],[-80,-27],[-50,-74],[-44,7],[-31,28],[-62,17],[9,-63],[-35,-26],[-6,-40],[27,-43],[-6,-51],[-17,-33],[11,-30],[0,-51],[-71,-77],[-45,-13],[-51,-32],[-24,9],[-28,-25]],[[214163,64884],[8,17],[-27,134],[-30,59],[11,44],[46,8],[20,20],[44,-29],[14,18],[-3,75],[-50,32],[-46,-37],[-27,17],[25,27],[10,39],[27,27],[35,105],[-21,25],[-89,19],[-29,29],[76,99],[-8,30],[-56,8],[-13,54],[26,69],[-11,29],[-38,0],[-36,-51],[-29,17],[-3,36],[-44,-20],[-83,23],[2,35],[36,15],[-5,44],[-32,25],[4,18],[46,-1],[18,20],[-22,41],[-32,-14],[-25,-33],[-20,68],[-27,-23],[-37,18],[-57,12],[-56,22],[-20,27],[-24,-23],[-28,-1],[-11,59],[-72,35],[-41,10],[-6,52],[41,8],[18,90],[51,28],[-11,59],[32,13],[3,65],[31,42],[21,52],[48,20],[27,42],[-12,46],[10,32],[34,31],[7,23],[-36,26],[15,77],[-13,29],[18,23],[48,-8],[35,38],[26,-28],[27,5],[66,-12],[11,75],[29,-10],[32,15],[55,-15],[14,62],[-37,10],[63,80],[28,1],[-8,36],[21,25],[29,-3],[-1,46],[22,77],[37,1],[25,91],[42,38],[-5,31],[17,28],[30,16],[-11,52],[27,11],[18,46],[5,62],[20,24],[27,0],[12,38],[-12,47],[-22,0],[-17,32],[-38,1],[-39,25]],[[194069,51667],[68,-5],[27,-34],[82,-57],[8,-28],[53,-18],[12,-35],[26,-13],[62,-9],[0,-59],[16,-28],[-3,-43],[48,-34],[27,-44],[-4,-29],[43,-21],[51,-48],[18,-40],[35,-14],[-14,-29],[-7,-70],[14,-43],[28,-1],[20,-41],[1,-51],[27,-27],[0,-32]],[[194707,50814],[21,-41],[-4,-66],[42,-24],[56,-52],[37,-2],[38,-47],[55,3],[48,-36],[26,-38],[28,-8],[30,-30],[36,-1],[54,-20],[24,-58],[44,-55],[21,-13],[36,6],[86,-33],[32,-26],[30,-3],[2,-35],[21,-46],[-26,-30],[7,-48],[27,-13],[5,-78]],[[195483,50020],[-324,-238],[7,-19],[-10,-60],[-84,13],[-108,-78],[-37,-229],[-25,-193],[63,-8],[-21,-24],[-22,-158],[9,-29],[110,-12],[-29,-42],[-36,-7],[-30,-60],[9,-82],[-21,-110],[92,-12],[-36,-263],[116,-14],[15,-25],[-10,-79],[17,-2],[-44,-323],[-21,2],[-34,-253],[-28,-249],[-55,7],[-24,-176],[-8,1],[-21,-142],[62,-8],[-16,-115]],[[210465,46534],[18,21],[-13,24],[29,19],[-6,67],[40,26],[-5,32],[19,80],[40,35],[3,57],[37,31],[1,-85],[18,-22],[29,20],[39,-19],[-33,-26],[-20,-40],[0,-74],[-10,-39],[-47,-56],[-8,-37],[18,-71],[-17,-11]],[[210516,47772],[-10,-54],[131,-23],[-16,-95],[198,-35],[-16,-91],[173,-31],[34,-35]],[[211010,47408],[-1,-23],[-41,-44],[16,-44],[-9,-99],[-81,-49],[-72,-56],[-52,-48],[-43,-54],[-27,-76],[13,-40],[-69,18],[-6,68],[25,20],[35,81],[3,25],[-29,25],[-63,8],[-20,78],[47,31],[-42,43],[47,38],[8,44],[-28,19],[-23,-12],[-18,32],[-36,17],[-28,-25],[40,-49],[-17,-43],[6,-72],[-26,-6],[-9,46],[-66,13],[-25,-10],[85,-122],[49,-103],[-20,-16],[-39,84],[-47,21],[-21,-16],[30,-36],[19,-57],[-41,7],[-19,-36],[-3,-54],[35,12],[30,-18],[44,-2],[-18,-33],[-40,31],[-93,-10],[-2,19],[-46,36],[-49,-12],[8,-23],[-35,-23],[-22,-46],[-29,-21],[-62,-13],[15,-51],[45,-10],[48,13],[36,55],[44,-7],[25,-30],[-14,-80],[-20,14],[-29,-21],[-43,10],[-4,-41],[-65,4],[-5,-37],[36,-72],[-2,-24]],[[208729,43713],[107,-21],[59,-71],[29,2]],[[208924,43623],[-23,-45]],[[208901,43578],[-18,-11],[-39,36],[-22,-35],[-26,25],[-46,4],[-3,44],[-25,49],[7,23]],[[190145,41372],[320,-43],[-18,-122],[4,-56],[39,-6],[-17,-106],[-19,-45],[48,-6],[-10,-65],[10,-19],[79,-12],[2,18],[77,-11],[-9,-55],[113,-18],[55,-17],[-15,-75],[-32,-200],[168,-24],[-15,-95],[25,-4],[-113,-684],[-19,-25],[-52,-34],[-42,19],[-66,15],[-14,19],[-109,31],[-56,23],[-27,-3],[-42,18],[-72,-25],[-49,5],[-47,45],[-437,62]],[[189805,39877],[42,255],[-21,26],[-55,-55],[-37,10],[-43,-16],[-34,69],[-39,-20],[-17,-30],[-29,-2],[-17,-30],[-46,-1],[-8,34],[-42,-34],[-35,7],[-27,-19],[-24,13],[-54,5],[9,31],[-44,54],[-47,-3],[-6,25],[-38,21],[9,30],[-39,16],[-36,35],[-21,-49],[-35,-36],[-20,21],[-3,43],[9,74],[16,7]],[[216565,66942],[54,-21],[84,18],[26,23],[49,-2],[33,10],[27,-49],[71,22],[32,25],[9,-60],[28,-50],[73,-6],[71,8]],[[217534,64836],[-15,-44],[-36,-29],[-29,8],[-38,74],[-20,0],[-52,-78],[-42,-46],[3,-44],[21,-34],[-1,-42],[-31,-30],[-74,-12],[-23,-21],[-41,-11],[-27,27],[-5,38],[20,13],[1,39],[-30,24],[-22,-8],[-36,-73],[-26,9],[-98,82],[20,61],[-61,45],[44,50],[14,-33],[53,23],[11,41],[-16,13],[-26,84],[-38,14],[-19,26],[-1,39],[-39,41],[-22,2],[-45,59],[-30,-31],[-45,15],[-13,29],[-25,-13],[-47,9],[-16,32],[-36,3],[-21,-29],[-24,19],[-19,41],[4,48],[44,251],[-26,34],[-52,39],[-11,21],[-57,21],[-43,25],[21,39],[15,95],[-109,41],[-31,-2],[-10,46],[-113,68],[-11,70]],[[203457,46736],[43,19],[54,44],[21,-24],[21,30],[72,-22],[35,-37],[-2,-41],[66,13],[9,15],[47,-37],[66,1],[-10,-34],[32,-31],[18,12],[72,-1],[24,31],[15,43],[-8,31],[13,47],[27,18],[28,171],[18,-3],[10,65],[-64,8],[-12,114],[14,76],[163,-23],[31,-25],[78,7],[55,30],[21,74],[-36,30],[-7,56],[-37,6],[42,256],[53,26],[47,-7],[36,-27],[27,57],[30,40],[52,26],[68,-10],[43,7],[38,-10],[18,-21],[36,2],[66,33],[12,-32],[54,-9],[14,33],[27,7],[59,-26],[20,-31],[43,-23],[33,3],[85,-19],[19,-12],[86,-4],[64,-61],[14,44],[37,-17],[55,33],[42,3],[35,28],[-7,22],[61,28]],[[205643,47738],[22,-33],[33,-98],[43,-83],[5,-77],[34,-34],[-39,-43],[38,-82],[-5,-69],[-13,-42],[58,-50],[23,-32],[30,4],[17,38],[32,3],[46,-21],[22,-31],[66,1],[62,-25],[1,-21],[91,-10],[32,55],[91,3],[40,-10],[11,-22],[42,-1],[30,-38],[2,-37],[74,3],[30,-20],[35,2],[57,-29],[26,15]],[[205025,43964],[-14,16],[-69,10],[-23,-20],[-36,26],[-69,20],[-58,-2],[-45,-21],[-38,14],[-28,30],[-6,28],[-63,38],[-46,-14],[-32,-112],[9,-17],[-43,-53],[-162,74],[-36,-2],[-15,37],[-49,47],[9,39],[-4,48],[66,67],[-48,101],[51,-1],[5,48],[-32,29],[-29,87],[17,34],[-4,26],[-36,4],[-51,44],[-8,40],[-45,20],[7,74],[-11,41],[-40,1],[-34,-22],[-39,20],[-57,16],[-3,38],[18,10],[2,46],[-35,-21],[-37,-2],[-8,64],[-24,44]],[[208152,42971],[-11,-94],[-26,-25],[-15,-81],[-47,-38],[-64,10],[-14,-77],[-28,4]],[[206752,43035],[-39,-5],[1,47],[28,53],[-34,39],[81,-14],[37,56],[-18,31],[-37,32],[0,72],[19,44]],[[206790,43390],[203,-30],[-7,49],[30,35],[42,-3],[34,-18],[243,-38],[54,-15],[75,7]],[[206609,55681],[87,-14],[26,-44],[58,-69],[14,-60],[29,1],[18,-30],[29,-14],[42,-42],[31,-61],[14,-47],[55,-62],[82,-2],[46,-42],[-11,-59],[103,-17],[-4,-99],[104,-17],[-18,-37],[-29,-28],[36,-40],[-9,-50],[33,6],[-9,-48],[14,-15],[-12,-72],[47,-20],[-24,-28],[6,-69],[-58,0],[-5,-29],[46,-5],[20,-29],[-10,-62],[13,-12],[110,-19],[-9,-59],[17,-18],[-22,-92],[81,-19],[-5,-26],[82,-11],[31,-16],[7,-56],[23,-3],[33,-99],[71,-13],[33,-65],[1,-47],[29,-74],[25,-5],[-10,-57],[73,-11],[36,-80],[17,-2],[65,-74],[-7,-37],[52,-20],[5,-29],[45,-22],[-17,-87],[30,-35]],[[208169,53389],[-27,-76],[29,-64],[-102,-52],[-20,10],[-135,20],[-8,-44],[-61,10],[-54,-61],[24,-32],[-9,-55],[-33,-5],[16,-37],[-40,-26],[-29,8],[-61,-18],[-12,-71],[-40,-6],[-12,-61],[-33,8],[-36,-22],[-20,10],[-62,2],[-50,-24],[-15,-47],[-55,-36],[2,-45],[-33,6],[-31,-27],[-10,-52],[-81,13],[-12,-47],[-64,-27],[-23,-38],[60,-42],[-5,-48],[-16,-10],[1,-49],[-70,-1],[-20,-16],[-28,14],[-83,-23],[-42,10],[-97,-11],[-25,29],[-72,-42],[-13,19],[-79,-1],[-48,-12],[-26,8],[-47,-21],[-29,-39],[-73,36],[-77,52],[-5,16],[-92,13],[-93,-86],[-58,-16],[-39,20],[-8,32],[-61,18],[-28,24],[-38,-24],[-58,-14],[-57,-2],[-37,49],[-77,24],[-42,-4],[-28,-23],[-48,-20],[-3,-27],[-50,-27],[-30,27],[-18,-6],[-67,32],[-35,4],[-40,42],[-28,-3],[-104,20],[-32,-8],[-48,39],[-28,49],[3,22],[-39,19],[-37,47],[-42,81],[-64,-12],[-37,26],[-3,38],[-35,5],[-19,30]],[[204758,52761],[-31,25],[-60,-8],[-46,10],[-67,89],[-23,-7],[-27,46],[29,54],[-84,34],[-64,-30],[1,-31],[-43,-13],[-26,-31],[-8,-31],[-37,-27],[-13,40],[-59,78],[-71,-5],[-29,-19],[-35,36],[-42,-35],[-56,-2],[-29,36],[-71,30],[-4,37],[-29,1],[-25,59],[11,80],[-13,36],[5,31],[-50,33],[-41,56],[88,-8],[91,-15],[44,18],[-8,65],[-15,43],[44,59],[29,8],[11,29],[0,50],[-15,34],[-29,28],[1,32],[-106,14],[-34,-11],[61,376],[52,4],[63,-10]],[[191610,38148],[280,-37],[40,-49],[-6,-43],[33,-4]],[[191957,38015],[60,-31],[93,-114],[37,-6],[-7,-37],[23,-32],[40,-7],[-7,-41],[19,-27],[-9,-49],[59,17],[-11,-35],[285,84],[20,-42],[37,9],[174,-25],[98,-23],[-4,-25],[67,-10],[6,12],[65,-9],[10,61],[18,18],[350,-51],[-36,-224],[-4,-65],[31,-4],[14,-46],[26,-14],[60,-61],[0,-16],[47,-52],[88,-27],[41,-21],[49,-11],[-10,-98],[5,-57],[-85,13],[-40,39],[-11,-65],[-42,-12],[-24,-88],[-36,5],[-11,-64],[55,-7],[1,-74],[-41,-31],[-10,-54],[47,-7],[-9,-57],[35,-5],[-6,-37],[-62,-2],[-16,-16],[-15,-90]],[[210886,48102],[-261,41],[-35,27],[-19,-91]],[[209723,48728],[82,73],[33,83],[7,61],[139,-20],[10,55]],[[210499,48873],[-9,-6],[1,-97],[-36,-12],[11,-39],[40,-31],[15,-82],[64,-45],[59,-10],[21,-42],[-21,-28],[44,-26],[43,-65],[33,-7],[47,62],[110,-43],[34,10],[-8,-43],[21,-30],[6,-38],[39,-3],[-60,-61],[-20,-34],[-45,-24],[-35,0],[-2,-31],[41,-27],[-6,-19]],[[215108,52840],[-22,-20],[-129,-153],[-78,-114],[-32,-71],[-13,-60],[13,-59],[40,-37],[-100,-64],[-77,-72],[-38,-8],[-22,-26],[-73,-55],[-117,-107],[-104,-118],[-57,-102],[-62,-68],[-41,-70],[-2,-35],[-45,-40],[-43,-76],[-7,-53],[24,-44],[-18,-37],[17,-29],[-16,-32],[-26,-13],[-54,-65],[-24,-45],[-29,-84],[-13,-80],[2,-83],[29,-61],[86,-19],[7,-50],[21,-33],[66,-24],[39,-37],[-22,-31],[6,-28],[-32,-19],[-60,-75],[-31,-55],[-30,-76],[-12,-63],[-1,-77],[21,-14],[31,-64],[41,6],[15,-27],[-25,-15],[-55,-143],[5,-31],[-41,-59],[-19,-84],[14,-83],[36,-25],[32,3],[-7,-39],[-48,-14],[-32,-28],[-123,-34],[-144,-53],[-122,-57],[-27,-23],[-107,-50],[-56,-32],[-111,-81],[-90,-92],[-39,-55],[-56,-138],[-17,-17],[-150,-59],[-48,-29],[-65,-52],[-49,-56],[-41,-71],[-16,-57],[-3,-58],[20,-50],[62,-3],[-44,-31],[-69,96],[-39,6],[-39,-16],[-60,13],[-13,-24],[-40,12],[0,29],[31,13],[-43,49],[-17,-2],[-51,-83],[-34,-22],[-31,9],[-37,-20],[-47,-6],[-12,32],[-38,-2],[-20,26],[35,22],[14,85],[-31,12],[-45,-48],[12,-63],[-45,-9],[1,25],[-95,17],[-34,-11],[-76,33],[-49,37]],[[211898,48767],[-24,65],[-1,48],[-22,57],[-57,0],[-162,27],[-90,-26],[-72,7]],[[209735,51446],[-12,16],[22,38],[47,47],[47,23],[83,92],[-22,58],[-11,56],[10,37],[-24,54],[30,22],[21,93],[14,8],[38,67],[1,42],[61,18],[21,24],[1,39],[56,22],[36,32],[-11,37],[16,21],[74,31],[80,-16],[-1,-56],[38,7],[41,24],[31,76],[9,68],[26,143],[-86,8],[-15,-11],[-97,45],[-6,19],[-88,32],[55,313],[10,14],[-48,64],[6,87],[45,281]],[[210233,53421],[28,-25],[55,4],[15,-24],[86,6],[67,40],[40,-49],[52,0],[36,-35],[36,16],[34,38],[29,-42],[58,-2],[26,17],[37,-31],[-6,-28],[81,-6],[36,-17],[48,-5],[27,-32],[65,-10],[-6,117],[7,43],[174,122],[-8,28],[-47,37],[-3,42],[-27,20],[-63,18],[-16,45],[-23,28],[30,58],[107,-16],[50,43],[59,-3],[96,-14],[7,42],[273,-47],[5,26],[-23,22],[-1,87],[8,12],[245,-40],[412,-65]],[[212339,53841],[8,-30],[300,-43],[7,74],[-20,39],[-8,42],[-18,11],[-12,49],[13,100],[38,-2],[50,-49],[-7,-56],[17,-30],[30,-8],[0,-37],[-25,-54],[5,-41],[-15,-47],[73,-77],[30,-15],[31,30],[-13,17],[29,57],[1,41],[48,-11],[30,5],[49,46],[15,48],[49,-29],[11,-39],[42,-65],[61,-28],[32,47],[98,-3],[4,-49],[42,-2],[8,-25],[-32,-13],[-20,-32],[33,-38],[-27,-22],[31,-24],[23,-81],[-42,-20],[-47,-74],[-24,-7],[0,-45],[-22,-34],[82,-15],[8,38],[51,-8],[-6,-33],[35,-5],[-15,-96],[27,-27],[45,13],[58,-7],[34,-19],[-12,-40],[59,-15],[13,52],[33,12],[6,31],[72,-27],[22,22],[55,2],[21,30],[39,-8],[18,15],[41,-7],[48,15],[-13,-85],[9,-19],[135,-20],[-5,-25],[42,-15],[43,-1],[-4,-23],[77,-40],[94,-16],[60,-2],[85,-19],[97,-13],[220,-40],[20,31],[79,-82],[220,-31]],[[201358,50346],[49,-18],[57,18],[76,1],[46,27],[32,-62],[48,-8],[26,23],[32,55],[32,-10],[22,21],[-27,43],[-6,63],[51,17],[24,46],[2,35],[38,14],[18,63],[49,21],[-3,114],[45,-15],[15,43],[31,29],[41,-5],[23,11],[15,99],[-21,65],[62,4],[1,58],[-61,79],[10,47],[67,2],[59,-8],[-3,-17],[91,-12],[7,45],[29,-4],[-1,-65],[58,30],[21,127],[38,-6],[38,-49],[49,-17],[75,3],[33,14],[49,-6],[16,-83],[54,-47],[6,-21],[35,-24],[52,17],[9,23],[96,15],[42,-4],[18,-19],[49,-10],[28,31],[50,-7],[3,18],[222,-33],[10,59],[-6,30],[43,45],[56,-10],[4,62],[15,28],[37,21],[14,36]],[[203548,51388],[-16,-93],[23,-4],[-9,-55],[30,15],[36,-6],[32,-25],[-5,-32],[102,-11],[15,-13],[44,2],[119,-18],[6,-31],[108,-14],[40,16],[-8,-52],[-32,5],[-5,-33],[52,18],[53,-7],[-33,-97],[97,-14],[-15,-95],[84,-13],[10,63],[21,30],[72,4],[-5,-61],[28,-8],[51,-39],[-7,-33],[31,-5],[25,32],[24,-18],[55,35],[39,-33],[-24,-19],[-12,-51],[-19,-28],[-25,3],[-7,-51],[41,-8],[-19,-51],[30,-30],[-18,-23],[-46,31],[-2,-33],[28,-31],[-43,-17],[14,-52],[-11,-46],[-29,-4],[-27,-26],[-24,-62],[39,-48],[-15,-30],[14,-45],[32,22],[26,-37],[28,-62],[51,-22],[-6,39],[79,22],[61,-3],[60,15],[28,-9],[31,20],[34,-21],[45,61],[44,-12],[-4,46],[55,-32],[2,-26],[34,-6],[66,6],[13,-28],[36,13],[-19,39],[36,58],[35,2],[14,23],[83,-26],[-17,-35],[27,-21],[4,-81],[24,-131],[39,-24],[41,14],[1,-38],[31,11],[32,47],[19,-55],[30,4],[-9,-42],[17,-60]],[[205558,49848],[-74,-49],[-77,-13],[1,-29],[-26,-31],[-22,-59],[-78,-48],[-48,27],[-27,-7],[-3,-31],[44,-44],[-4,-30],[34,-4],[2,-34],[-23,-27],[10,-43],[-6,-38],[27,-47],[-19,-12],[-7,-53],[20,-57],[-36,-68],[-3,-32],[112,-16],[-25,-88],[-26,-14],[-50,-3],[-13,-30],[57,-31],[231,-139],[34,-4],[-3,-57],[-43,-19],[-13,-58],[-30,-58],[-24,-129],[-51,-49],[-8,-69],[50,-76],[35,-11],[18,-28],[46,-27],[12,-19],[79,-27],[3,-82],[41,-39],[26,-100],[25,-23]],[[205726,47923],[-14,-60],[11,-34],[-81,-16],[-18,-41],[19,-34]],[[204618,59980],[-46,73],[14,31],[-27,107],[-33,5],[21,141],[-97,157],[-82,4],[-91,16],[-237,92],[13,58],[-45,7],[9,61],[-57,8],[-2,50],[17,48],[14,111],[-104,16],[-18,-12],[-227,35],[-4,-20],[-111,17],[-3,171],[-32,21],[-68,4],[-39,36],[24,177],[-144,21],[-8,-17],[-25,-157],[-19,-11],[-63,-6],[0,51],[-126,20],[16,104],[-87,19],[-83,-46],[-61,-56],[-36,11],[-43,-18],[0,-27],[-33,-1],[-84,-36],[-30,21],[-46,6],[-63,-13],[-48,55],[-38,8],[-31,25],[-35,-18],[-38,22],[-72,-2],[-123,40],[-46,5],[-34,-24],[-134,21],[-94,11],[-285,44],[-129,22],[-276,36],[-200,33],[-80,8]],[[200809,61545],[23,161],[-266,122],[-254,114],[-283,131],[-10,30],[91,633],[-91,-26],[-32,-28],[-49,-18],[-56,-6],[-32,11],[-67,6],[-69,-49],[-91,-9],[-15,13],[-92,-14],[-47,4],[-24,-36],[-59,10],[-16,-22],[-63,20],[-49,33],[21,17],[8,65],[-21,13],[-5,37],[12,43],[36,77],[22,27],[-14,31],[31,9],[51,45],[-5,36],[-29,47],[6,21],[-26,40],[-68,9],[19,33],[32,20],[-16,41],[-4,55],[25,25],[-2,72],[31,-2],[30,57],[25,2],[2,53],[-17,22],[28,58],[-12,22],[25,32],[23,0],[29,54],[-25,25],[29,35],[2,37],[29,11],[4,58],[38,38],[10,83],[29,47],[45,8],[67,-12],[35,51],[-34,55],[-12,37],[9,29],[-10,35],[22,23],[-6,35],[23,64],[-10,47],[16,36],[33,0],[-18,39],[46,73],[32,13],[26,-20],[37,25],[20,61],[48,40],[11,-15],[86,58],[28,45],[84,-2],[6,-15],[72,2],[24,60],[39,53]],[[200330,64845],[18,11],[32,49],[4,31],[119,44],[31,56],[26,-12],[63,24],[8,40],[35,49],[21,66],[28,29],[-8,49]],[[200707,65281],[-7,60],[60,70],[20,49],[18,4],[0,65],[68,51],[22,-11],[37,19],[57,-24],[11,26],[32,7],[14,46],[-12,48],[44,-3],[36,-15],[38,20],[63,52],[-10,21],[17,55],[23,27],[30,2],[63,34],[34,4],[19,55],[27,3],[26,42],[19,-6],[41,23],[68,15],[54,90],[66,-4],[35,28],[34,-6],[1,36],[63,11],[48,54],[21,-22],[68,-2],[26,-20],[24,36],[18,50],[25,-3],[28,39],[24,56],[29,19],[18,50],[-4,52],[48,23],[-13,42],[49,32],[16,39],[74,7],[25,42],[33,-2],[24,28],[43,12],[45,-25],[70,28],[72,-17],[61,31],[80,-19],[17,-12],[51,-98],[33,21],[39,6],[44,-19],[25,-57],[34,-9],[55,-29],[35,-52],[65,5],[22,-10],[3,65],[24,26],[59,17],[3,-26],[69,-12],[11,26],[68,-12],[86,13],[64,18],[42,-2],[14,-25],[49,43],[33,1],[31,-28],[14,18],[91,-3],[13,-23],[44,-30],[60,-1],[14,38],[64,5],[69,-20],[43,24],[32,-18],[62,18],[33,31],[82,46],[16,32],[67,15],[23,-26],[31,-4],[50,15],[24,27],[51,-26],[62,27],[-9,53],[28,6],[46,-28],[33,37],[67,-9],[26,8],[17,39],[21,-18],[49,15],[17,-30],[108,-29],[16,-23],[43,-4],[23,30],[28,-9],[33,60],[52,12],[24,28],[48,23],[61,-6],[36,19],[31,-48],[32,-9],[42,-28],[11,-42],[25,-24],[79,-12],[-3,-35],[18,-27],[32,0],[5,-74],[25,-68],[57,-49],[26,-8],[40,30],[26,-30],[27,-6],[-6,-73],[52,-1],[55,-53],[68,-20],[51,36],[41,-7]],[[209063,43652],[19,25],[30,6],[31,-25],[0,-48],[39,3],[-4,-54],[-33,-8],[-33,-31],[-41,11],[-16,29]],[[209055,43560],[15,85],[-7,7]],[[186506,34656],[-30,-17],[-42,15],[-64,51],[-66,-43],[-41,0],[-20,30],[-29,-12],[-48,49],[-20,-32],[-33,18],[24,26],[-13,30],[-54,24],[-46,2],[-39,-12],[-7,-43],[-99,33],[-54,-1],[-14,-29],[-42,-3],[-76,39],[-53,4],[-2,22],[-92,16],[-45,-20],[-29,-31],[-20,36],[-50,-2],[-14,-32],[-31,-10],[-54,1],[-102,-83],[-60,6],[-98,-16],[-43,-33],[26,-78],[-39,-54],[10,-23],[-24,-48],[-32,-20],[-14,-68],[4,-36],[20,-29],[6,-66],[-44,-6],[-56,-24],[-18,-23],[-10,-66],[23,-8],[25,-39],[40,-25],[-1,-34],[47,-30],[27,-39],[9,-59],[55,-28],[18,-70],[-17,-32],[-68,-34],[-70,-14],[-38,29],[-15,39],[-73,17],[-97,-2],[-52,26],[-44,-6],[2,-39],[-56,-37],[-28,-29],[5,-61],[-53,-27]],[[184468,33596],[-21,1],[-71,-93],[-33,45],[-39,-62],[-35,-10],[-16,40],[-37,5],[-63,-7],[-17,55],[-46,-16],[-16,-24],[-33,19],[2,57],[24,7],[-39,56],[-13,-23],[-53,-9],[-51,9],[-8,29],[15,43],[23,26],[-18,35],[-32,-4],[-4,-31],[-98,-20],[1,90],[-60,25],[-48,-19],[10,-64],[-42,-45],[-30,52],[37,111],[-30,30],[-18,-15],[-88,-12],[-20,79],[-81,33],[-13,47],[-43,5],[-48,32],[-36,-7],[-24,96],[-80,26],[-46,50],[-1,18],[-64,51],[7,35],[-49,-17],[-55,26],[0,29],[-46,23],[-17,40],[-56,27],[1,23]],[[182850,34493],[20,10],[-5,43],[-34,28],[-5,58],[13,33],[-61,3],[-32,30],[12,26],[-37,26],[-9,31],[11,40],[-41,21],[42,81],[6,30],[-43,-3],[-53,38],[0,49],[-117,48],[-1,29],[-47,29],[-36,-3],[5,45],[-18,18],[-40,3],[-70,-74],[-79,108],[4,34],[-71,28],[-57,47],[8,40],[-14,37],[-71,4],[-37,68],[-20,-13],[-65,7],[-19,60],[-26,20],[7,34],[-50,-2],[-38,47],[-50,43],[-17,106],[-32,49],[-164,62],[7,23],[-67,38],[5,29],[-42,13],[-25,-11],[-68,7],[-14,-40],[-75,44],[37,34],[-27,50],[-68,9],[-13,50],[-31,26],[-15,45],[-42,16],[-44,-9],[-67,10],[-27,26],[-67,11],[-25,29],[-33,-7],[-45,25],[-54,60],[-48,41],[-55,16],[-21,40],[-24,-5]],[[180571,36481],[10,42],[-57,13],[-37,24],[-13,29],[-101,-5],[-19,38],[23,22],[12,39],[-83,55],[-28,-22],[-46,15],[-71,-8],[-41,47],[-81,42],[-35,3],[-8,-50],[-31,-11],[-14,-44],[-45,-27],[-50,39],[21,25],[-59,17],[-23,29],[10,32],[-50,15],[-21,47],[-50,38],[-10,22],[-58,-11],[-17,26],[2,87],[20,43],[38,22],[-5,18],[30,89],[-33,59],[-7,39],[-34,92],[33,3],[27,70],[-5,23],[-60,49],[-67,-21],[-13,-40],[-52,-14],[-38,31],[-56,-5],[-49,-27],[-80,3],[-21,20],[-5,50],[-71,59],[-83,1],[-26,-23],[-83,8],[-36,42],[27,29],[-42,12],[13,68],[-13,18],[31,35],[-17,42],[-39,36],[-10,27],[-45,25],[-17,54],[-33,-2],[-31,73],[6,53],[-14,28],[3,63],[-24,45],[-32,14],[-10,31],[47,4],[-6,72],[18,34],[-8,33],[-68,75],[21,30],[-16,47],[1,88],[33,36],[49,-1],[-7,54],[11,40],[-35,35],[-19,66],[-22,19],[3,30],[35,0],[40,41],[-17,24],[40,26],[15,27]],[[189805,39877],[-80,-497],[-71,10],[-20,-22],[-84,-488]],[[208787,50715],[-9,-44],[43,-63],[3,-37],[-50,-100],[-58,-20],[-45,7],[-11,-63],[-64,10],[-5,-41],[-48,-93],[-4,-39],[26,-15],[-10,-48],[-96,13],[-2,-15],[-97,15],[-10,-63],[-65,9],[-41,-253],[-130,20],[-29,-45],[-63,10],[2,19],[-45,7],[-4,-24],[-127,20],[-65,15],[-18,-76],[-39,-245],[-76,60],[-41,24],[-23,-34],[-14,-94],[-37,-28],[-21,11],[-40,50],[-44,3],[-14,26],[-51,-28],[-43,-6],[-6,-38],[53,-39],[37,-46],[-101,15],[-112,-629],[-240,39],[-41,-291],[-40,-36],[-33,27],[-74,-9],[-39,-47],[-76,-21],[-33,-41],[13,-15],[-29,-31],[-19,5],[-15,-45],[-96,-50],[-39,-5],[-20,23],[-55,-24],[-33,46],[-64,-16],[-29,4],[-7,-58],[-35,-31],[-37,-6],[-35,-30],[4,-31],[-16,-32],[-64,10],[-47,-38],[-11,-43],[-32,-43],[-32,-15],[-92,-11],[-11,-57],[-47,-2],[-43,-26]],[[205558,49848],[35,16],[3,21],[35,13],[18,52],[72,15],[21,-13],[55,7],[22,18],[-4,33],[22,26],[10,57],[-2,83],[51,3],[25,-19],[-9,-30],[35,-13],[31,8],[8,79],[44,26],[19,-17],[86,15],[32,-47],[74,-42],[58,-9],[-17,-106],[41,5],[30,68],[40,-7],[16,42],[47,-7],[8,42],[-37,39],[-59,-21],[-9,22],[1,57],[-43,56],[-26,73],[3,37],[-25,10],[-22,49],[7,41],[-27,16],[-25,42],[28,57],[-4,69],[11,24],[-14,50],[17,84],[-13,33],[57,47],[3,42],[-27,30],[-10,48],[285,-42],[16,-7],[199,-31],[1,8],[105,-17],[-1,-46],[409,-67],[25,-15],[38,8],[315,-53],[47,-32],[11,71],[-13,19],[165,-24],[93,31],[52,-15],[45,-2],[9,26],[30,12],[97,-16],[14,17],[44,-34],[61,49],[22,-34],[33,17],[44,-7],[33,27],[55,-25],[-3,-18],[82,-14],[4,-25],[63,-41],[85,-15],[-3,-19],[79,-14],[-4,-29]],[[215924,57955],[-16,-64],[7,-71],[-17,-52],[0,-34],[26,-124],[-63,-127],[-33,-107],[-12,-91],[-1,-63],[10,-42],[41,-33],[-11,-55]],[[204892,59523],[3,-30],[80,-57],[5,-48],[21,-39],[-11,-32],[17,-43],[-23,-9],[-2,-33],[48,-20],[20,-49],[-14,-39],[25,-36],[21,-59],[2,-108],[-28,-62],[15,-28],[43,-39],[80,18],[45,-33],[7,-27],[-40,-28],[-6,-37],[52,-10],[52,-54],[40,-8],[44,-25],[33,-42],[39,12],[27,-20],[53,16],[32,41],[-11,38],[34,38],[39,-55],[23,12],[26,-26],[16,-43],[28,-23],[5,-55],[-12,-37],[-35,-16],[-4,-67],[47,20],[17,-7],[-13,-85],[-61,-32],[55,-9],[-14,-90],[-16,-40],[53,-8],[-10,-59],[107,-16],[-20,-17],[12,-53],[-4,-28],[-69,12],[4,24],[-51,8],[-2,-47],[25,-24],[-6,-35],[27,-24],[-1,-25],[25,-36],[48,-11]],[[203021,56553],[-310,47],[-209,30],[-19,14],[-90,-130],[-335,50],[-7,25],[-365,54],[-398,-188],[-202,534],[-125,-56],[-3,75],[25,27],[-35,85],[-29,15],[21,40],[-16,60],[27,46],[-14,22],[-263,1],[-44,251],[58,43],[4,29],[-103,151],[-129,-73],[-86,12],[4,-46],[17,-20],[-103,-89],[-98,133],[-55,-24],[-375,-192]],[[199856,58113],[65,-9],[12,59],[13,112],[82,551],[-1,27],[23,156],[17,-5],[37,-46],[16,12],[67,-13],[-5,47],[10,64],[28,-4],[9,60],[-3,54],[-19,5],[46,360],[18,72],[148,88],[-41,80],[34,49],[53,93],[33,4],[-19,-45],[90,-11],[13,104],[121,58],[10,77],[14,9],[24,176],[52,-7],[37,261],[13,70],[-178,25],[16,150],[27,190],[12,69],[13,8],[36,254],[30,228]],[[192225,39292],[-21,-129],[13,-24],[-25,-64],[-18,-12],[-16,-92],[48,-80],[-115,-62],[-112,-47],[-19,-102],[54,-51],[6,-38],[35,-9],[13,-28],[0,-49],[-52,-314],[-21,-54],[-17,2],[-21,-124]],[[194707,50814],[55,43],[466,347],[180,164],[182,161],[-12,11],[96,151],[61,-37],[85,-10],[11,70],[65,-4],[-8,36],[-31,35],[163,181],[27,6],[36,-31],[363,293],[172,-27],[30,23],[68,-40],[53,2],[-2,-36],[32,-22],[3,-24],[45,-16],[15,94],[42,58],[232,240],[42,10],[4,28],[55,-14],[39,-52],[50,-4],[39,-40],[54,34],[189,137],[35,19],[8,50],[60,-10],[-9,-56],[105,-27]],[[197982,48671],[-315,-10],[-8,-61],[-62,9],[7,37],[-462,-6],[4,32],[-36,30],[1,44],[-49,46],[-6,50],[-32,71],[-22,27],[-3,45],[-33,19],[-28,-11],[-47,34],[-17,35],[-92,46],[-14,33],[-69,6],[-36,15],[-2,44],[-25,45],[-54,66],[-49,21],[-25,32],[9,76],[-63,14],[-49,24],[-24,62],[-96,72],[-22,38],[23,25],[-2,63],[-86,-29],[-53,13],[-71,5],[-27,21],[-64,23],[-12,19],[-85,6],[-23,-14],[-76,2],[-33,11],[-19,49],[-60,-4],[-18,26],[-68,18],[-23,28],[-38,23],[-27,62],[-18,17]],[[210886,48102],[-89,-56],[13,-23]],[[210810,48023],[41,-43],[114,-23],[17,-44],[81,-28],[87,-9],[6,-52],[28,-61],[1,-48],[-34,16],[-40,-8],[23,-43],[5,-104],[80,1],[-61,-62],[-19,-2],[-129,-105]],[[211225,47792],[62,-11]],[[211287,47781],[-64,-66],[-20,-66],[10,-41],[-41,-2],[-9,29],[51,90],[11,67]],[[209055,43560],[-27,-23],[-12,-43],[-51,17],[-31,23],[-33,44]],[[208924,43623],[79,33],[17,-8]],[[209020,43648],[43,4]],[[208795,44344],[10,15],[4,73],[42,54],[45,25],[32,-3],[35,30],[71,29],[59,40],[59,-17],[-19,66],[44,-6],[85,53],[1,20],[57,4],[49,-29],[-14,-32],[-56,-84],[47,6],[-16,-45],[8,-28],[-75,-13],[17,-29],[-50,-18],[39,-44],[20,-43],[25,-19],[49,-14],[-32,49],[22,42],[-1,24],[33,20],[41,87],[-36,44],[10,34],[65,-47],[-8,-54],[26,-25],[-5,-52],[-28,-11],[-33,-88],[-7,-38],[-42,-86],[-6,-71],[-43,-14],[-4,-33],[-60,12],[-44,-27],[19,-39],[31,40],[65,-36],[8,-38],[36,-51],[-54,-35],[21,-67],[-34,-28],[-21,-97],[40,-21],[22,-33],[-16,-75],[-55,21],[11,48],[-26,42],[-32,-11],[-2,-50],[-46,-12],[-101,93],[7,22],[-28,28],[-41,0],[-25,27],[-35,13]],[[205044,43372],[-64,-38],[-37,5],[-11,-22],[54,-41],[-19,-45],[39,-117],[1,-27],[52,-24],[35,16],[46,43],[33,-5],[-6,-41],[93,-19],[-31,-44],[-5,-26],[-59,-85],[-20,-9],[-9,-37],[-100,-62],[-68,-51],[-40,-51],[-7,-36],[-47,-35],[18,-89],[-53,-6],[-61,-33],[10,-47],[-44,4],[23,-55],[-31,-30],[1,-39],[29,-37],[-10,-18],[17,-43],[28,-1],[12,-37],[-39,-8],[-27,21],[-10,34],[-56,23],[-20,56],[-55,-49],[-44,12],[-85,36]],[[204477,42315],[-99,49],[-35,58],[18,49],[-117,20],[-22,13],[-44,-6],[-20,-32],[-37,-23],[-36,27],[-11,-22],[9,-46],[-14,-15],[2,-54],[39,-3],[28,-32],[-43,-118],[-2,-75],[-43,-25],[-23,-33],[-72,-10],[-60,3],[-49,-22],[-30,16],[-35,-12],[-25,16],[-82,-40],[-39,-35],[-41,11],[-12,-19],[-89,20],[-38,24],[-44,1],[-43,15],[-59,-36],[-78,11],[-30,-18],[-50,25],[-41,7],[-64,112],[-29,30],[-43,82],[-24,6],[-7,55],[-34,55],[-57,20],[-30,-58],[-39,48],[-52,20],[-52,72],[-46,5],[-39,19],[-7,52],[-31,41],[-38,15],[-15,37],[-44,19],[23,31],[-20,40],[-28,2],[-58,45],[-26,-2],[-14,29],[-62,20],[-32,-60],[-81,6],[-83,64],[-38,10],[-8,35],[-25,3]],[[208549,43877],[-14,-58],[-33,-34],[-75,-19],[2,-51],[16,-16],[11,-55]],[[208456,43644],[42,-17],[-34,-45],[20,-29]],[[208488,43506],[-47,-36],[-20,9]],[[208017,43866],[44,-23],[45,5],[114,29],[28,12],[39,-8],[22,17],[54,10]],[[206790,43390],[-4,62],[-99,2],[-7,14]],[[215731,54677],[24,-34],[-55,-63],[-81,-126],[-59,-120],[-27,-86],[-2,-69],[42,-49],[5,-37],[36,-78],[-5,-65],[-103,-100],[-123,-141],[-48,-62],[-43,-70],[-43,-98],[-4,-31],[31,-42],[-20,-22],[-33,-85],[0,-46],[34,-45],[-35,-24],[-75,-85],[-61,-102],[-21,-58],[0,-36],[44,-46],[-1,-17]],[[212339,53841],[-6,113],[-10,53],[31,31],[-9,26],[-80,49],[-10,42],[14,88],[13,26],[30,9],[40,42],[48,-2],[13,82],[79,417],[37,-3],[17,-24],[38,22],[18,49],[33,122],[-1,46],[-42,29],[15,21],[2,43],[-25,31],[0,28],[37,42],[50,-19],[21,-34],[48,5],[44,16],[91,-63],[73,16],[41,-5],[6,48],[238,-37],[55,332],[46,-1],[-24,50],[50,-3]],[[211225,47792],[-15,40],[11,45],[37,22],[62,90],[-6,31],[-32,14],[-95,2],[-44,-22],[4,-50],[-21,-31],[1,-38],[-101,18],[-60,57],[-104,20],[-52,33]],[[211898,48767],[-6,-53],[-52,-41],[0,-60],[21,-19],[49,12],[26,-27],[-3,-40],[-41,-30],[-74,-11],[-20,-14],[2,-53],[60,-19],[102,37],[19,28],[25,-32],[49,2],[16,25],[30,3],[77,-38],[79,15],[1,-47],[38,21],[-22,60],[-28,33],[47,16],[15,-50],[59,-44],[34,0],[5,38],[44,14],[66,-17],[66,15],[57,32],[39,-43],[53,2],[-8,-81],[-43,-22],[10,-52],[-27,-34],[-37,-14],[-57,3],[-66,-9],[-39,-39],[17,-20],[-22,-56],[-45,20],[-43,-12],[-71,32],[-46,-4],[-145,-32],[-64,-18],[-215,-76],[-100,-41],[-168,-78],[-112,-60],[-163,-108]],[[202674,34010],[-2,59],[-15,43],[-83,-33],[-45,20],[-36,56],[-17,85],[-20,39],[21,32],[-6,63],[18,48],[-55,91],[-35,31],[-29,59],[-15,53],[19,39],[-22,57],[42,38],[-10,52],[14,23],[35,12],[69,-17],[-23,78],[20,33],[-17,17],[-10,55],[15,49],[-8,57],[17,55],[-5,57],[8,29],[-28,76],[-22,19],[-22,72],[36,31],[-19,111],[-15,46],[-193,27],[-6,-35],[-83,13],[-103,-13],[-50,35],[-37,-11],[-42,7],[-3,-65],[-196,-91],[-67,11],[-27,25],[-117,239],[-42,7],[8,48],[-34,-6],[-192,36],[-39,-20],[-9,-47],[-73,4],[0,15],[-49,25],[-15,44],[-39,6]],[[201021,35899],[-23,97],[2,36],[67,166],[6,80],[-25,72],[-25,37],[-13,65],[63,43],[1,46],[-44,-3],[-8,19],[24,29],[7,35],[43,36],[100,122],[80,139],[52,27],[51,-4],[70,54],[49,-5],[24,-16],[62,-12],[60,21],[138,-30],[44,-46],[33,-2],[34,19],[6,27],[93,41],[25,29],[0,58],[-9,35],[-43,-15],[-83,15],[-44,17],[-11,34],[-78,40],[-19,-19],[-28,46],[-65,18],[-35,-15],[-15,18],[-53,3],[6,51],[-61,9],[-27,41],[-37,9],[-23,24],[47,49],[-31,31],[-59,14],[-37,-3],[-15,-30],[-28,8],[19,38],[-26,47]],[[201262,37544],[48,21],[70,75],[29,14],[60,-6],[68,22],[85,7],[75,58],[54,34],[76,153],[60,30],[34,33],[15,43],[-11,143],[13,83],[12,162],[20,41],[10,79],[71,75],[25,73],[26,32],[12,41]],[[202114,38757],[24,16],[73,-8],[22,34],[6,38],[129,-21],[9,62],[117,-22]],[[204532,38415],[3,-47],[45,-16],[-1,-42],[13,-41],[33,-10],[-17,-29],[62,-46],[4,-34],[66,-17],[-11,-47],[101,-69],[-1,-66],[40,-23],[12,-54],[-4,-62],[35,6],[75,-27],[21,-71],[47,-3],[63,-51],[40,-73],[3,-30],[-28,-12],[-37,22],[-47,-5],[16,-70],[17,-15],[10,-48],[-47,-6],[-10,-21],[-49,-11],[8,-43],[-43,-39],[13,-54],[-63,-2],[-39,-14],[-16,-27],[-76,-50],[-27,24],[-36,-35],[-44,10],[5,-43],[-75,-37],[-18,13],[-38,-12],[-33,-39],[-25,-60],[33,-70],[-7,-49],[-30,-39],[19,-69],[-15,-101],[-57,-22],[-61,-86],[26,-30],[-34,-31],[2,-70],[-9,-50],[-18,-30],[-82,-51],[6,-54]],[[209215,43238],[3,-14],[-51,-30],[10,-78],[-15,-57],[34,-34],[-1,-41],[-31,-13],[-31,-119],[-46,6],[-21,29],[-11,49],[-23,15],[-51,-28],[6,47],[36,15]],[[208998,43179],[-11,20],[11,70],[30,-4],[45,67]],[[209073,43332],[27,-1]],[[209100,43331],[8,-56],[107,-37]],[[217717,64881],[-75,-123],[-47,-99],[-48,-131],[-20,-83],[-5,-49],[7,-48],[61,-34],[-6,-65],[19,-30],[-21,-40],[-114,-120],[-68,-102],[-35,-59],[-16,-46],[-56,-79],[-52,-93]],[[208777,43761],[6,-36],[-56,-12]],[[208727,43713],[-26,-54]],[[208668,43543],[-75,26],[-57,67],[-80,8]],[[206998,40190],[-55,16],[-38,32],[-29,56],[-70,2],[-20,23],[8,68],[56,55]],[[206850,40442],[98,-30],[24,20],[61,8],[82,1],[55,-10],[31,-20],[31,15],[62,-15],[39,28],[43,10],[38,-35],[12,26]],[[207426,40440],[10,-46],[95,3],[18,62],[43,4],[18,18],[39,-1],[27,-31],[-7,-51],[2,-71],[24,-73],[57,-39],[-22,-36],[-34,-7],[-39,12],[-34,-40],[17,-60]],[[207335,39362],[-73,-110],[-28,-73],[-21,-92],[-5,-79],[12,-79],[33,-44],[42,21],[-20,-62],[13,-74],[45,-28],[-17,-73],[11,-103],[21,-59],[51,-76],[32,-29],[57,-20],[31,44],[52,2],[25,-36],[-37,-49],[-20,-85],[32,-35],[-15,-56],[-23,-50],[-23,-3],[-77,-80],[-25,9],[0,36],[-72,49],[-31,-30],[0,63],[32,90],[18,21],[-6,40],[-54,38],[-14,31],[32,15],[-2,38],[-57,48],[-75,1],[-61,-27],[-1,-40],[-38,-14],[-22,13],[-84,-43],[-44,-48],[-12,-30],[19,-34],[-13,-83],[10,-33],[47,-14],[18,-19],[-8,-31],[13,-123],[27,-51]],[[207030,37906],[-156,23],[-5,-35],[-35,-26],[-49,-62],[-42,-18],[-46,7],[-31,20],[-39,-9],[34,-49],[-52,-85],[8,-34]],[[206617,37638],[-84,-40],[-52,-48],[-75,-55],[-34,-70],[2,-40],[39,-17],[-71,-60],[-32,-38],[-52,-21],[-82,-76],[-21,-45],[-9,-73],[39,-35],[-24,-25],[1,-74],[34,-18],[7,-65],[-32,-9],[-45,-37],[-71,-79],[-11,-58],[-40,-17],[-57,-56],[-26,-37],[-11,-37],[-37,-52],[-38,-72],[18,-48],[-24,-37],[12,-71],[33,-33],[-1,-35],[26,-42],[-61,-35],[-26,-38],[-11,-49],[-25,-28],[1,-36],[-43,5],[-28,-32],[-72,-121],[-62,-37],[1,-46],[27,-26],[-23,-40],[-36,18],[-26,-15]],[[205614,39537],[19,17],[78,1],[48,19],[25,32],[20,58],[28,18],[-6,23],[66,57],[39,-1],[34,16],[33,35],[71,-9],[67,60],[111,-16],[23,66],[38,11],[63,33],[30,-23],[13,44],[26,7],[24,40],[31,-45],[13,-99],[-16,-34],[25,-65],[43,14],[1,54],[-14,51],[26,35],[28,13],[6,43],[46,-13]],[[208787,50715],[56,-3],[41,-50],[6,-22],[41,-24],[46,59],[67,37],[47,18],[30,-8],[21,36],[70,78],[58,23],[38,41],[47,95],[10,38]],[[201860,28494],[-577,260],[-821,375],[-746,341],[-455,210],[-601,278],[-651,302],[-589,276]],[[197420,30536],[8,62],[-4,56],[24,39],[12,47],[79,23],[12,45],[22,31],[-18,24],[10,76],[49,4],[12,64],[-28,104],[-31,16],[27,68],[15,102],[28,38],[70,-8],[55,41],[56,-1],[-2,46],[29,16],[-54,36],[-6,29],[-31,52],[-40,38],[-25,7],[-9,44],[-57,11],[-12,15],[41,64],[-26,52],[-28,27],[11,33],[35,12],[4,44],[50,124],[-41,24],[31,77],[72,126],[59,38],[10,39],[31,4],[52,38],[14,58],[40,9],[32,45],[24,76],[38,6],[-3,35],[26,28],[5,68],[-22,38],[13,52],[93,-8],[52,56],[22,64],[49,13],[20,49],[3,43],[-27,25],[-12,60],[5,70],[36,8],[13,69],[-40,42],[49,22],[46,101],[32,19],[-27,84],[26,34],[19,-7],[51,27],[-8,32],[36,35],[20,-9],[82,56],[51,-1],[46,-51],[91,-23],[14,65],[-46,30],[51,42],[14,35],[-35,45],[-29,62],[14,65],[0,47],[14,47],[-12,24],[-74,1],[-43,65],[-40,15],[-10,34],[-62,22],[-15,43],[-50,59],[-28,-1],[-14,36],[4,98],[-33,33],[-69,12],[-25,26],[7,52],[40,67],[-2,44],[9,84],[29,62],[42,23],[-8,35],[42,100],[56,58],[35,7],[18,71],[35,36],[34,79],[-2,29],[17,35],[67,34],[16,92],[59,26],[14,34],[-14,33],[8,27],[45,27],[-2,84],[23,31],[-25,31],[14,29],[35,13],[66,-2],[12,-31],[44,-66],[79,-61],[89,-34],[37,18],[80,-17],[30,-21],[53,-10],[80,-74],[49,-16],[15,-50],[35,-16],[59,-149],[46,55],[30,6],[9,39]],[[199738,35307],[56,-21],[35,-33],[27,-63],[47,-44],[53,-10],[25,62],[-13,21],[27,31],[26,52],[34,-18],[22,-41],[-15,-23],[22,-78],[35,-29],[-31,-56],[-1,-61],[11,-44],[-43,-68],[38,-34],[4,-30],[37,-22],[-15,-25],[18,-68],[125,-110],[16,-25],[53,-45],[3,-16],[63,14],[141,-33],[41,-28],[18,-30],[24,8],[58,-40],[32,56],[-22,18],[39,52],[0,51],[95,139],[35,12],[-14,45],[6,49],[27,42],[2,42],[-15,24],[12,44],[-26,11],[15,43],[-22,15],[-4,37],[22,56],[-1,40],[18,33],[-7,30],[19,27],[-18,38],[39,79],[-55,87],[9,130],[-7,31],[-31,3],[1,51],[-13,59],[-20,30],[-4,94],[25,25],[157,-30],[19,-15],[47,-8],[-18,59]],[[197420,30536],[-22,10],[-35,-36],[-20,26],[-41,25],[-22,-8],[-32,20],[-45,-25],[-68,-4],[-25,-41],[-43,40],[-14,27],[-2,45],[31,55],[34,15],[-3,39],[45,22],[7,31]],[[197165,30777],[18,51],[39,55],[20,-3],[43,40],[24,5],[8,37],[43,42],[0,39],[18,35],[37,21],[-7,25],[41,60],[43,139],[-33,31],[25,60],[-53,45],[-52,19],[-2,34],[-43,-14],[-51,7],[-24,56],[-27,20],[-71,-26],[-8,34],[-26,36],[34,50],[25,62],[-31,40],[-13,60],[-36,37],[28,44],[-15,59],[9,27],[-55,34],[-34,0],[-53,23],[-3,87],[-17,8],[-22,51],[-62,12],[-23,33],[12,34],[-31,8],[-25,110],[-21,34],[67,147],[-23,60],[-54,36],[29,30],[-20,37],[9,34],[-17,38],[-8,62],[21,15],[-11,40],[-28,25],[23,59],[-30,34],[53,84],[-22,61],[-36,30],[-14,40],[36,55],[-25,23],[36,49],[-11,26],[-66,21],[-38,-12],[-3,33],[-49,53],[20,101],[-60,50],[24,29],[18,69],[31,24],[-7,48],[-100,21],[-85,-14],[-45,16],[-55,3],[2,56],[-45,8],[-5,22],[23,50],[-15,67],[-55,-14],[-53,0],[-46,34],[-44,13],[-46,-7],[-66,42],[-57,2],[-24,54],[-56,16],[-75,-21],[-75,60],[-62,-7],[-49,40],[-43,14],[1,25],[-36,44],[-73,-40]],[[196055,36008],[7,43],[57,-9],[5,27],[112,-16],[-6,-39],[149,-23],[6,37],[-36,6],[4,26],[-58,19],[0,54],[68,-10],[9,53],[-89,13],[9,102],[-90,8],[-3,43],[12,64],[-18,26],[-32,5],[8,46],[55,10],[14,88],[56,-8],[3,21],[-42,39],[-12,79],[20,62],[-36,13],[-23,88],[-73,8],[-23,69],[-53,44],[19,33],[-28,27],[9,107],[40,56]],[[198755,37866],[38,-25],[49,-54],[43,-7],[-11,-33],[12,-38],[-20,-44],[17,-64],[-42,-46],[-1,-36],[-19,-41],[-71,-34],[-10,-49],[275,-43],[3,18],[236,-37],[3,21],[285,-41],[-4,-25],[58,-43],[-15,-120],[3,-72],[153,1]],[[199737,37054],[-8,-55],[-31,-43],[19,-40],[-7,-45],[34,-30],[-6,-48],[18,-28],[-50,-46],[1,-60],[-39,-10],[12,-78],[-54,-67],[4,-58],[-35,-71],[29,-66],[-45,-41],[20,-130],[17,-21],[-9,-69],[31,-57],[-20,-41],[61,-91],[-21,-31],[-37,-14],[-18,-25],[35,-40],[21,-66],[-49,-51],[11,-68],[65,-17],[31,-33],[-8,-69],[-31,-67],[30,-51],[30,-20]],[[208429,42088],[-193,26],[11,46],[-106,44],[-43,33],[-221,37]],[[208235,42925],[20,20],[53,0],[-20,-47],[23,-23],[62,-5],[25,-19],[41,13],[23,-9],[55,4],[51,-42],[49,-2],[7,-26],[33,-9],[46,-96],[56,-6],[32,47],[-58,38],[44,24],[26,31],[19,-29],[-41,-8],[6,-29],[82,-20],[20,28],[42,-4],[7,46],[50,10],[43,28],[21,-12],[13,-58],[-24,-74],[-43,-32],[-59,-1],[-51,31],[-78,-28],[-40,-63],[6,-71],[-31,-10],[-8,41],[-27,-3],[4,-38],[-55,15],[-55,-10],[8,40],[-27,8],[-1,32],[-33,26],[-2,-53],[34,-51],[5,-48],[65,31],[36,-23],[86,4],[60,-27],[-77,-103],[0,-20],[-40,-8],[-43,-58],[-7,-35],[-24,-10],[-63,-53],[-95,-66],[-57,-25]],[[209061,43400],[-10,-50],[22,-18]],[[208848,43407],[37,7],[59,68],[40,0],[57,-29],[20,-53]],[[207939,59576],[-5,-48],[9,-57],[35,-25],[42,-52],[10,-52],[49,-67],[-31,-41],[11,-66],[-40,-44],[-33,-1],[-8,-31],[26,-28],[-29,-69],[23,-40],[-23,-170],[-35,-36],[4,-32],[-19,-32],[28,-18],[10,-62],[13,-21],[45,-31],[57,21],[50,-15],[45,25],[-13,27],[18,28],[34,-28],[47,33],[19,-20],[-13,-29],[4,-44],[-13,-48],[-23,-35],[-11,-44],[65,-61],[-1,-78],[36,-46],[8,-53],[33,3],[26,-33],[18,-43],[-3,-29],[26,-46],[18,-83],[70,-11],[73,-68],[84,-53],[51,-8],[31,-30],[4,-36],[33,-5],[-13,-77],[15,-28],[37,-6],[54,-49],[5,-24],[48,-45],[27,-65],[76,-24],[45,-60],[47,-21],[-6,-101],[49,-7],[27,20],[91,0],[91,-17],[38,-1],[48,17],[19,-18],[38,-6],[23,29],[44,27],[-9,-55],[30,-5],[-15,-88],[41,-14],[3,-48],[28,-4],[-21,-124],[19,-35],[-27,-8],[-30,-35],[-14,-53],[21,-15],[0,-31]],[[209623,56773],[-24,-31],[-26,-157],[-75,-12],[-35,-53],[-43,-14],[-27,-28],[-40,-14],[-42,15],[-28,-27],[25,-31],[27,-3],[25,-25],[2,-32],[34,0],[24,-49],[74,-37],[16,-92],[-66,-4],[-69,-66],[-12,-25],[51,-9],[-8,-49],[30,-5],[14,-26],[45,-7],[31,-50],[-6,-39],[-26,-15],[2,-47],[65,-10],[-15,-85],[-41,16],[-84,-27],[-26,-31],[-36,-18],[-18,-95],[126,-20],[-11,-66],[23,7],[-19,-115],[-37,-1],[-22,-126],[26,-17],[52,-7],[20,-36],[0,-33],[46,-17],[13,-39],[25,-7],[63,17],[-12,-73],[-36,6],[-48,-289],[31,-18],[10,-25],[84,-12],[27,162],[68,-10],[21,-23],[3,-39],[-6,-102],[17,-15],[-17,-29],[26,-58],[42,-16],[40,-38],[14,-55],[28,-20],[-7,-40],[34,-55],[-13,-25],[-28,3],[-31,-26],[-52,-3],[-43,41],[-48,-38],[-10,-39],[27,-57],[37,-27],[-25,-51],[-25,-19],[32,-37],[-13,-23],[12,-42],[-30,-48],[-8,-42],[13,-36],[46,-13],[-13,-26],[19,-34],[-32,-19],[33,-32],[23,-49],[76,-65],[59,-30],[57,-9],[5,-30],[-21,-45]],[[210012,53561],[-45,1],[-34,-201],[-34,15],[-33,52],[-27,14],[19,41],[-29,33],[-14,43],[-23,6],[-56,-12],[-20,34],[-26,-17],[-36,27],[-31,-27],[-20,20],[-29,-12],[-67,-3],[-37,12],[-7,-27],[-48,-27],[9,-24],[-51,-14],[-24,-36],[-45,5],[-6,-29],[-72,-76],[-44,-36],[-39,-19],[-18,-108],[-35,5],[-29,-32],[-31,20],[-105,40],[-76,48],[-38,-17],[-47,28],[-140,-24],[-25,55],[-69,11],[-11,22],[-51,17],[-1,26],[-32,31],[-97,-18],[-57,16],[-33,-21],[-79,-14]],[[213890,68124],[20,-2],[64,21],[25,-11],[22,-40],[57,-22],[-29,-92],[2,-49],[-13,-36],[49,-23],[20,-34],[38,-24],[39,4],[32,-14],[27,-55],[22,48],[48,61]],[[209581,64075],[54,-13],[59,-2],[26,27],[1,24],[29,52],[25,21],[33,1],[28,39],[58,41],[40,60],[20,83],[93,47],[24,70],[34,27],[-46,36],[26,67],[-8,52],[10,42],[29,49]],[[210116,64798],[69,89],[55,43],[28,116],[84,50],[47,-10],[45,58],[81,32],[20,-12],[35,11],[28,-28],[15,35],[50,20],[61,54],[33,-10],[12,33],[33,50],[36,2],[24,28],[17,46],[26,-17],[51,38],[28,-20],[-8,-43],[55,-150],[65,-87],[40,-13],[2,-43],[-12,-35],[26,-6],[45,16],[16,18],[52,18],[30,-23],[-5,-41],[47,-18],[38,32],[17,61],[-18,47],[18,85],[28,19],[48,7],[35,-30],[49,10],[54,-9],[69,-29],[36,-36],[54,28],[92,12],[29,11],[15,28],[42,16],[44,35],[26,-43],[35,8],[24,53],[25,17],[26,92],[28,24],[-8,26],[-79,36],[24,60],[47,38],[7,107],[10,28],[-13,37],[24,37],[-16,105],[17,40],[26,31],[-21,38],[45,28],[32,32],[35,14],[18,29],[-37,51],[6,52],[-18,25],[-41,-13],[-52,78],[-29,-7],[-41,10],[-26,-8],[-46,66],[1,46],[-44,69],[11,44],[-18,58],[-12,85],[-38,37],[-35,5],[-39,40],[-9,43],[7,47],[-12,13],[19,57],[-11,34],[56,43],[13,20],[36,7],[7,-59],[17,-39],[45,-11],[62,13],[9,31],[64,47],[38,54],[54,19],[29,25],[10,73],[39,-9],[103,33],[58,11],[23,29],[29,8],[25,43],[88,43],[83,-26],[15,20],[55,-18],[11,-24],[38,-24],[52,86],[28,26],[4,25],[38,28],[43,47],[25,44],[57,-9],[29,15],[5,29],[65,61],[8,27],[42,-18],[82,-4],[57,29],[33,-21],[51,2],[26,-14],[25,28],[36,68],[35,24],[28,44],[-27,49],[1,44],[23,60],[18,-11],[88,9],[5,52],[37,31],[23,38],[9,46],[36,10],[42,-3],[14,18]],[[216276,67672],[70,88],[13,26],[-20,28],[4,30],[38,22],[29,0],[0,33],[37,12],[8,26],[36,-8],[18,21],[-31,59],[54,24],[-14,66],[20,42],[44,10],[43,-40],[31,15]],[[216656,68126],[44,-45],[54,-8],[10,37],[32,41],[77,17],[51,41],[73,2],[33,-26],[38,11],[58,1],[8,-40],[28,-20],[26,9],[72,5],[96,55],[5,31],[57,74],[35,16],[11,30],[25,12],[44,47],[65,27],[61,82],[32,24],[35,0],[174,-81],[81,48]],[[217981,68516],[-21,-39],[7,-34],[-40,-7],[-35,-34],[-67,4],[2,-46],[-35,7],[-26,-19],[11,-73],[19,-21],[63,14],[-41,36],[15,17],[15,68],[67,7],[58,-16],[16,11],[28,-67],[-25,-18],[-2,-55],[-40,-23],[25,-41],[18,24],[-6,25],[29,44],[11,49],[-4,35],[-56,103],[28,22],[20,-68],[34,-69],[-11,-68],[0,-60],[17,-71],[22,-32],[32,-17],[-36,-162],[-19,-146],[18,-33],[-3,-83],[11,-43],[-13,-34],[-26,-100],[-36,-186],[-18,-121],[-4,-56]],[[210012,53561],[29,-11],[29,-33],[37,-4],[40,-23],[46,-55],[40,-14]],[[203548,51388],[37,13],[11,70],[67,9],[93,52],[38,13],[38,-6],[39,105],[-23,18],[7,50],[-64,8],[-5,-30],[-71,9],[26,29],[10,37],[31,11],[58,88],[1,20],[43,33],[59,86],[-6,23],[65,74],[21,10],[1,32],[33,22],[51,13],[67,69],[36,7],[69,51],[32,34],[59,21],[56,40],[37,50],[46,90],[15,45],[72,59],[4,32],[115,73],[42,13]],[[204477,42315],[-28,-33],[-33,-4],[-17,-72],[53,4],[60,-24],[3,-48],[61,-97],[11,-54],[-9,-47],[-24,-17],[8,-33],[-31,-35],[5,-26],[33,-33],[-13,-36],[4,-88]],[[204560,41672],[-36,-28],[-106,14],[5,34],[-123,17],[-14,-137],[1,-35],[-52,8],[-14,-50],[-22,-23],[20,-30],[-9,-28],[46,-46],[22,-37],[38,-8],[39,-57],[50,-36],[73,57],[25,-28],[58,19],[56,2],[5,29],[52,12],[27,-12],[30,-41],[-30,-36],[16,-21],[42,19],[44,-28],[-60,-70],[13,-61],[21,-29],[-30,-34],[-9,-31],[-28,-35],[-39,-1],[-14,-55],[-28,-4],[-49,-50],[-23,-62],[53,-2],[5,-29],[-23,-21],[17,-45],[44,-7],[37,-65],[-58,-30],[-36,27],[-22,-29],[-66,-43],[17,-39],[58,-41],[23,11],[34,-13],[11,-37],[26,7],[17,-92],[-36,-7],[-7,-30]],[[202114,38757],[-32,26],[-54,0],[-50,10],[-11,-67],[-37,-53],[-123,26],[14,87],[-50,8],[-10,49],[-55,8],[-7,-44],[-131,29],[-26,36],[21,57],[-108,1],[-8,-32],[-35,6],[-39,-40],[-67,8],[21,59],[-47,7],[-40,-23],[-49,4],[-46,57],[-35,0],[-24,18],[-34,-27],[3,-32],[-34,-7],[-36,26],[-31,-14],[-43,74],[-7,32],[-36,2],[-26,25],[-59,23],[-31,-12],[-1,69],[-32,39],[-44,-6],[-18,20],[18,54],[-30,28],[10,22],[-31,26],[11,23],[-43,62],[41,31],[-9,33],[11,26],[-60,45],[16,90],[-88,14],[-25,29],[-24,51],[-28,-10],[-33,-39],[-35,-4],[-32,48],[-70,12],[31,31],[-21,32],[31,194],[-8,9]],[[210941,56941],[-59,-45],[-22,-42],[-1,-31],[-27,-9],[-6,-31],[-29,-11],[-73,6],[-23,-62],[-18,-18],[-6,-38],[-27,-63],[-28,2],[-26,57],[-32,18],[-18,38],[-103,16],[-7,-42],[-83,14],[-6,-38],[-70,12],[7,-27],[-132,21],[-8,-49],[-58,9],[-9,-56],[-52,7],[-6,-39],[-70,-27],[-3,-17],[-88,15],[19,113],[-48,9],[5,31],[-100,17],[10,28],[-37,6],[-9,46],[-75,12]],[[196439,64844],[539,0],[856,0],[440,0],[650,0],[473,1],[933,0]],[[195194,58186],[-6,49],[-71,77],[-2,34],[-31,44],[-44,3],[-31,76],[-2,55],[-46,30],[-16,-12],[-172,24],[-92,9],[-149,23],[-261,32],[-129,19],[-9,-63],[-327,43],[-3,-17],[-249,33],[5,15],[-70,9]],[[209100,43331],[50,-5],[40,13],[49,83],[5,35],[31,16]],[[209275,43473],[-13,-19],[-1,-67],[12,-65],[-30,1],[-12,-35],[-24,-20],[8,-30]],[[169766,42750],[-1,1058],[-1,925],[0,590],[-1,475]],[[169763,45798],[636,-74],[369,-44],[11,82],[161,-19],[-11,-92],[162,-19],[56,449],[99,806],[55,412],[655,-78],[-47,-399],[747,-87],[496,-56],[592,-67],[-60,260],[326,-23],[-8,-98],[242,-18],[37,5],[178,-21],[8,-27],[62,-21],[7,51],[114,-18],[-2,37],[75,-7],[13,66],[-32,61],[5,27],[83,64],[11,78],[38,-4],[39,17],[36,38],[75,55],[12,34],[28,7],[35,46],[-31,71],[-12,60],[20,9]],[[175404,40245],[-37,8],[46,63],[-19,48],[-50,30],[-24,-11],[11,-56],[26,-32],[-33,-13],[-24,34],[-33,-4],[-43,59],[-46,-29],[-20,15],[16,55],[-38,31],[-32,-13],[-60,37],[-32,61],[60,14],[54,0],[-18,34],[-57,-13],[-8,32],[25,21],[35,65],[-63,0],[-30,-49],[-31,16],[6,52],[52,48],[35,-5],[-15,47],[-35,-18],[-66,4],[0,27],[26,22],[17,55],[-16,20],[25,33],[-29,16],[-28,54],[28,24],[-31,33],[18,25],[-17,26],[71,49],[-7,60],[87,42],[-27,56],[48,41],[-63,31],[-59,17],[-63,-41],[-58,-12],[-46,10],[-31,33],[-32,-1],[-49,26],[-35,-11],[-11,46],[26,39],[-4,46],[-54,-31],[-22,35],[-46,-44],[-61,-10],[-26,25],[2,24],[38,17],[24,28],[-15,42],[19,44],[-30,39],[-30,4],[7,37],[30,12],[2,60],[-32,43],[30,26],[-1,33],[-19,20],[-35,-11],[-5,77],[-29,35],[-84,-8],[-57,35],[-30,-39],[-38,7],[-26,50],[25,84],[-77,14],[-30,-48],[-50,15],[-24,-14],[9,-63],[-66,-14],[-41,24],[-42,-5],[-16,66],[-44,23],[6,41],[27,9],[-3,48],[-48,21],[-39,1],[-68,-16],[-20,22],[14,49],[37,31],[-24,27],[-36,-30],[-51,6],[11,-49],[33,-23],[-44,-16],[-58,30],[-20,-12],[-36,39],[-33,-5],[-20,-28],[7,-68],[-28,-6],[-29,22],[-37,52],[-28,-11],[-9,-65],[-46,12],[16,38],[-28,50],[-29,-5],[-43,18],[-70,-14],[10,-50],[-30,-23],[-70,12],[-23,-12],[-32,22],[-20,-28],[-66,22],[-89,52],[-57,17],[-25,-20],[-24,9],[18,44],[-16,9],[-47,-40],[-23,-3],[-11,36],[-33,4],[-38,44],[-37,0],[15,-55],[-49,-41],[-21,23],[-6,53],[-20,8],[-59,-28],[-46,4],[-91,-70],[-72,-14],[-19,-49],[8,-38],[-42,-46],[-35,-26],[-30,32],[-19,-30],[12,-56],[-48,-29],[1,-21],[42,-8],[18,-27],[-19,-18],[-49,17],[0,-32],[-21,-14],[-57,30],[-37,-1],[-9,-24],[-42,-13],[-33,39],[-21,-19],[19,-33],[-11,-35],[-100,-15],[3,28],[38,9],[-12,36],[-28,39],[44,37],[-30,15],[-35,74],[-27,28],[-34,-10],[-12,-30],[-38,18],[-23,-27],[-55,19],[-33,-28],[-46,42],[-3,56],[-48,-23],[-26,3],[-23,34],[17,43],[-27,23],[-47,-33],[-18,4],[-13,47],[-41,14],[-31,-5],[-5,33],[-53,7],[-11,-55],[-56,-32],[-71,33],[20,35],[-13,20],[-49,-10],[-15,31],[-59,16],[-56,49],[-29,58],[-75,-19],[22,46],[-11,38],[-29,-26],[-41,-13],[-17,26],[-56,26],[-34,-52],[-36,-36],[14,-41],[-51,5],[-26,70],[-18,-38],[-41,-9],[-17,20],[2,67],[-61,14],[-65,-16],[-50,16],[-38,49],[-35,-19],[27,-28],[9,-35],[-22,-34],[-36,24],[12,33],[-47,-1],[-43,41],[-56,-32],[-26,8],[-6,31],[15,35],[-8,24],[-32,15],[-4,-50],[-25,-11],[-63,23],[-28,30],[12,50],[-7,20]],[[208971,43819],[24,-24],[64,-3],[11,-21],[-11,-105],[-39,-18]],[[208729,43713],[-2,0]],[[204560,41672],[50,-5],[31,-18],[43,25],[26,-8],[-7,-38],[80,-26],[36,-45],[29,1],[26,-28],[47,8],[15,-37],[29,-10],[52,1],[36,20],[37,-3],[43,44],[18,65],[37,20],[31,122],[-3,67],[11,12],[82,16],[26,45],[33,4],[8,-37],[24,-19],[34,5],[255,-39],[16,-10],[326,-51],[260,-48],[147,-22],[13,-11],[-20,-72],[-25,-23],[8,-26],[82,-13],[-5,-33],[15,-81],[59,26],[50,-6],[29,19],[554,-101]],[[207198,41362],[-425,-905],[53,-22],[24,7]],[[207788,42012],[44,-36],[-25,-50],[15,-26],[-70,11],[14,-37],[-9,-33],[24,-14],[-43,-49],[-21,-69],[-17,-5],[-91,-89],[-60,24],[-38,-2],[-39,23],[-46,-7],[6,-42],[35,-66],[4,-46],[-92,13],[-4,-17],[-157,23],[-20,-156]],[[208429,42088],[-58,-55],[-22,-6],[-27,-39],[-20,-4],[-110,-110],[-43,-31],[-63,-78],[6,-14],[-141,-214],[-62,-104],[7,-38],[-29,-103],[5,-46],[34,-29],[-39,-36],[-49,-71],[-18,-45],[-2,-42],[20,-39],[-27,-89],[0,-94],[15,-38],[40,-9],[13,-68],[-33,-9],[-55,-43],[-34,-42],[-31,-59],[-13,-49],[-32,14],[29,116],[-2,37],[52,6],[-1,27],[-60,-2],[-57,34],[-34,1],[-63,-28],[24,-45],[-84,-6],[-14,-26],[30,-47],[-25,-5],[-17,-36],[19,-26],[-32,-58]],[[209061,43400],[37,34],[36,-17],[64,-3],[16,22],[-24,62],[70,61],[21,-54],[-6,-32]],[[201262,37544],[-32,13],[-8,36],[26,39],[-52,43],[21,44],[-48,32],[-27,-8],[-26,26],[6,54],[-54,-14],[-2,30],[-42,16],[5,19],[-74,26],[-31,-14],[-82,-64],[-798,-536],[-283,-191],[-24,-41]],[[169751,64844],[772,1],[668,0],[833,0],[804,0],[841,0],[663,0],[801,0],[768,0],[769,0],[772,0],[673,0],[860,0],[768,0],[962,-1],[896,0],[640,0],[549,0]],[[169763,45798],[0,1175],[-1,974],[-1,922],[-1,1258],[0,558],[0,509],[-1,544],[0,658],[-1,639],[0,815],[-1,704],[-1,609],[1,472],[0,756],[0,938],[-1,903],[0,1039],[-1,948],[-1,229],[1,416],[-1,755],[0,1145],[-1,627],[0,549],[-2,904]],[[239183,53684],[-50,69],[-23,-12],[-45,50],[73,-3],[19,-21],[32,-2],[30,-55],[18,-57],[43,-29],[11,-38],[-33,-95],[-45,-54],[-39,-12],[-6,38],[8,37],[24,33],[8,119],[-25,32]],[[191753,32029],[298,34],[1,21],[114,-16],[68,-5],[6,39],[63,-10],[-16,-32],[64,-10],[41,85],[40,19],[31,-2],[45,66],[41,-6],[7,41],[28,8],[290,60],[80,-11],[3,-91],[31,-4],[-4,-46],[136,42],[35,-14],[116,-18],[17,-101]],[[193288,32078],[-17,-49],[6,-36],[-49,-24],[4,-47],[-14,-19],[40,-136],[43,-61],[-9,-85],[63,-17],[20,-34],[52,-16],[34,-70],[-8,-17],[26,-129],[-29,-40],[30,-64],[37,-5],[58,-41],[10,-32],[50,-59],[46,0],[22,-13],[91,0],[41,-11],[48,-33],[42,8],[66,-34],[25,-56],[-15,-42],[15,-49],[-9,-37]],[[194007,30830],[-61,-10],[-23,-17],[-10,-69],[16,-12],[-7,-41],[-40,-9],[-44,-44],[2,-27],[27,-47],[64,-66],[-8,-62],[43,-36],[18,17],[39,-17],[62,9],[22,-36],[-6,-38],[20,-19],[-2,-48],[-15,-19],[-37,3],[-42,-45],[5,-39],[-42,7],[-29,-31],[-21,-50],[-18,-14],[11,-55],[-44,-42],[-69,-353],[67,-7],[50,6],[52,-28],[14,-22],[122,-60],[73,-11],[34,19],[60,0],[19,-39],[-2,-59],[-39,-27],[1,-176],[-41,-20],[-41,-49],[-165,2],[35,-36],[11,-51],[-13,-34],[30,-55],[46,-33],[7,-39],[47,-46],[10,-37],[37,-46],[47,-11],[6,-42]],[[194285,28719],[-184,-281],[-742,119],[-864,140],[-309,51],[-50,10],[-8,48],[-62,25],[-37,27],[-37,10],[-41,61],[-24,58],[-50,16],[-44,-14],[-9,-26],[-41,3],[-55,-15],[-101,41],[-31,19],[-14,36],[-52,36],[-16,24],[-46,15]],[[191468,29122],[31,24],[55,8],[-6,572],[-69,55],[-4,100],[-37,53],[25,39],[-38,69],[20,86],[-13,39],[6,56],[-42,14],[-28,52],[43,30],[17,82],[5,72],[-42,33],[-250,283],[197,185],[51,89],[-30,25],[-17,39],[-8,76],[20,32],[0,37],[57,39],[31,36],[17,57],[-6,47],[88,97],[-15,46],[-33,23],[38,89],[-26,40],[-27,-17],[-43,-3],[-33,24],[50,48],[4,91],[41,10],[49,-12],[52,37],[38,14],[69,-4],[25,19],[23,76]],[[193916,30202],[14,14],[-19,43],[-38,11],[-38,79],[-81,-13],[7,-22],[-26,-34],[17,-39],[-43,-26],[39,-52],[67,0],[35,26],[47,-6],[19,19]],[[193051,29665],[-4,-37],[44,-37],[-2,-18],[120,65],[69,13],[59,67],[29,-17],[-17,-69],[44,-27],[20,16],[85,-13],[38,-17],[12,31],[-19,43],[15,35],[-13,20],[-38,9],[-44,-39],[-21,83],[-45,61],[-52,-4],[-60,-58],[-91,-131],[-63,1],[-66,23]],[[177805,28965],[70,-9],[29,-45],[37,-27],[80,11],[21,-23],[31,5],[14,-37],[62,-17],[25,29],[4,47],[49,42],[61,38],[48,-38],[1,-30],[32,-26],[83,-35],[27,-65],[-14,-26],[17,-63],[47,-52],[9,-68],[-9,-72],[28,-87],[-44,-29],[-73,29],[-103,-26],[-26,-17],[18,-46],[-12,-49],[-57,6],[-75,-47],[28,-15],[0,-142],[115,1],[66,-37],[-47,-86],[56,-18],[-27,-62],[-81,-47],[-62,-68],[-37,10],[-21,-176],[-48,-256],[53,-8],[-36,-30],[-28,-69],[-31,-58],[-42,-26],[-69,-82],[-17,-56],[-70,-90],[-32,-80],[-27,-32],[-46,-28],[-30,-57],[-22,-81],[3,-37],[-10,-54],[-51,-64],[461,-58]],[[178133,26432],[-24,-50],[-20,-14],[-19,-51],[-53,-22],[-55,-57],[-40,-18],[-37,24],[-31,-19],[-8,-58],[7,-42],[-34,-37],[-12,-51],[38,-54]],[[177845,25983],[-48,21],[-66,58],[-47,6],[-7,-47],[-53,7],[-14,32],[-51,7],[15,96],[-86,25],[14,89],[-36,5],[-105,-43],[-67,-52],[-43,-10],[-29,-36],[-35,-23],[-30,7],[-13,-26],[-80,-41],[-89,-88],[-16,21],[16,103],[-69,8],[-3,-15],[-71,9],[-10,-63],[-314,42],[-31,-30],[-185,-67],[-141,21],[31,59],[-80,14],[-144,13]],[[175958,26085],[-8,82],[-17,28],[-41,21],[-28,68],[14,49],[10,90],[-7,65],[16,24],[11,60],[54,45],[13,68],[-1,119],[-122,49],[0,39],[-855,123],[-43,4],[6,44],[47,80],[7,27],[-18,85],[42,91],[6,38],[41,73],[26,25],[50,17],[74,92],[10,63],[18,38],[50,50],[21,1],[27,55],[60,68],[27,56],[7,40],[32,39],[11,43],[8,121],[13,77],[18,8],[34,54],[9,56]],[[175580,28360],[317,1],[-26,11],[-40,72],[-1,18],[60,35],[-15,95],[27,24],[-19,77],[-29,12],[-39,76],[-58,84],[-75,92],[669,1],[0,63],[69,1],[21,-25],[109,24],[-1,-50],[51,-15],[7,-49],[43,2],[112,-14],[28,-24],[25,-64],[150,-17],[25,-19],[271,-35],[29,179],[31,1],[12,-35],[84,-11],[-4,-26],[213,-29],[39,11],[30,176],[65,-6],[45,-31]],[[181041,27558],[-6,-88],[-14,-86],[6,-41],[-8,-46],[71,-67],[1,-43],[-36,-10],[1,-46],[-47,-21],[-22,8],[-29,-36],[-43,6],[-9,-64],[-26,-47],[12,-39],[41,-23],[14,-22],[5,-81],[14,-13],[68,-11],[-41,-36],[-44,-7],[36,-38],[98,-19],[-17,-91],[-18,-13],[-14,-56],[-59,-1],[-18,-13],[-89,3],[-38,-9]],[[180830,26508],[-45,46],[-1,46],[-59,35],[-25,46],[-32,12],[-23,31],[-5,43],[18,16],[-22,34],[-8,62],[7,49],[-214,89],[-74,18],[-45,32],[-65,34],[-71,55],[-10,40],[-53,-2],[-52,-18],[-69,-44]],[[179982,27132],[25,149],[-76,10],[-90,30],[-13,19],[-61,-43],[-26,30],[5,32],[49,88],[36,216],[-11,17],[17,47],[21,114],[-11,20],[20,30],[61,344]],[[179928,28235],[348,-52],[200,-27],[10,-18],[129,16],[57,-23],[104,-13],[-38,-237],[-37,6],[-23,-134],[56,-8],[-22,-123],[18,-33],[311,-31]],[[185644,26391],[-51,1],[-2,-49],[-57,-14],[-44,25],[-18,-22],[-51,-1],[6,-35],[-25,-18],[-22,-63]],[[185380,26215],[-80,1],[-23,-16]],[[185277,26200],[-16,24]],[[185261,26224],[-31,72],[13,51],[18,17],[-16,41],[32,25],[-6,20],[85,-8],[3,22],[51,68],[-90,2],[26,37]],[[185346,26571],[37,57]],[[185383,26628],[36,-3],[66,-25],[48,7],[38,17],[104,23],[-13,-82],[-48,-5],[38,-68],[-14,-90],[6,-11]],[[186369,23020],[32,10],[24,-20],[72,4],[23,-30],[-54,-17],[-21,-23],[-11,-57],[61,-57],[24,-4],[-46,-70],[-26,21],[6,40],[-30,45],[-117,108],[-80,36],[-92,11],[-30,18],[-56,-13],[-74,-94],[-42,12],[-14,25],[-59,22],[-69,5],[-65,18],[-83,-36],[-72,3],[35,34],[70,15],[20,32],[-3,27],[35,77],[36,38],[104,43],[15,17],[65,17],[58,-4],[26,11],[156,-18],[49,5],[11,-36],[65,-6],[2,-25],[-37,-14],[-37,-52],[1,-30],[39,-5],[22,-27],[-38,-23],[3,-33],[68,-12],[34,12]],[[187925,22413],[-60,-2],[-102,-29],[-32,-48],[-86,-61],[-112,18],[-78,-26],[-43,36],[-28,10],[-38,43],[-54,19],[-85,159],[-74,99],[-47,51],[-69,89],[-74,55],[-91,12],[-52,37],[-50,16],[-77,-5],[-40,9],[-81,-3],[-7,39],[-24,29],[97,5],[35,15],[76,12],[25,17],[37,73],[-7,56],[-48,43],[37,60],[-2,63],[17,17],[-2,44],[-37,72],[65,20],[51,-21],[23,17],[84,7],[30,-34],[47,-8],[67,13],[61,70],[29,49],[25,66],[14,75],[-6,35],[-33,40],[-32,11],[-70,-6],[3,75],[16,56]],[[187123,23902],[81,-12],[14,75],[32,-5],[117,-97],[2,-23],[34,-41],[47,-10]],[[187450,23789],[69,-17],[34,-30],[46,3],[18,-52],[21,-24],[68,-50],[74,-10],[15,-34],[-12,-22],[21,-33],[-47,-280],[8,-33],[-37,-12],[-9,-60],[16,-46],[47,-26],[33,-82],[-8,-89],[76,-9],[8,61],[37,-4],[-6,-43],[128,-15],[-19,-122],[72,-7],[-45,-141],[22,-15],[179,87],[-32,-186],[25,-7],[8,-88],[-271,18],[-64,-8]],[[188062,25697],[-9,16],[26,62],[37,18],[22,-8],[80,29],[23,72],[-29,27],[27,59],[-30,45],[-37,-2],[7,51],[33,3],[42,30],[50,-22],[65,64],[48,-15],[44,-43],[100,-66],[47,39],[29,-40],[45,-16],[19,37],[-32,63],[22,40],[-41,52],[0,44],[21,20],[51,0],[-2,28],[28,30],[77,-34],[35,4],[67,-16],[36,15],[75,-28],[9,-14],[87,4],[64,17],[91,41],[17,30],[34,-18],[21,-45],[80,-93],[37,6],[33,71],[33,13],[31,31],[17,62],[-16,77],[-33,67],[-46,22],[-9,54],[24,25],[-8,45],[-25,13],[0,64],[-11,90],[34,22],[-2,28],[45,32],[18,-20],[38,56],[-26,72],[37,5],[29,65],[42,21],[19,-33]],[[189702,27065],[48,-51],[99,-38],[34,6],[42,-17],[101,24],[86,61],[50,-35],[31,-1],[51,-41],[52,-66],[81,-25],[34,5],[24,27],[3,54],[76,25],[89,-64],[36,2]],[[190639,26931],[30,26],[40,-18],[26,-54],[52,-54],[55,-7],[29,-34],[5,-25],[39,-66],[32,-35],[-43,-72],[-74,-808],[-47,-510],[68,41],[22,-15],[69,24],[33,84],[91,-14],[-3,-36],[43,0],[22,-32],[28,-3],[41,32],[24,-8]],[[191221,25347],[-46,-228],[-32,-41],[20,-18],[-10,-65],[-66,10],[-8,-14],[-60,9],[-26,-120],[-44,15],[-45,2],[-81,22],[-31,1],[14,-66],[-1,-60],[-210,32],[-3,-56],[10,-90],[-60,-13],[-60,-27],[-51,24],[-32,63],[-5,35],[-41,18],[-47,-18],[-54,-34],[-66,-1],[-41,21],[-52,10],[-78,-58],[8,-34],[-24,-25],[-33,-7],[-29,-40],[14,-58],[-33,-44],[-95,-24],[1,-99],[-29,-82],[69,-12],[-7,-38],[55,-9],[4,21],[75,-14],[22,27],[71,-10],[-21,-23],[5,-32],[-48,-60],[-24,-9],[-39,-42],[15,-34],[-24,-29],[-14,-86],[-51,-38],[-34,-63]],[[189849,23836],[-51,1],[-50,19],[-8,-48],[-35,5],[-14,-75],[-103,15],[-7,-38],[-48,6],[-98,-54],[-99,151],[-23,-12],[-63,62],[-40,17],[-55,-44],[18,-14],[-77,-35],[-38,9],[-48,-14],[-18,13],[-79,9],[4,30],[-42,6],[5,29],[-40,4],[-8,-50],[-91,0],[-4,-32],[-149,19],[17,-55],[-69,9],[-15,35],[-32,24],[-60,-5],[-127,18],[13,75],[-33,40],[-35,82],[-49,50],[-106,14],[-4,-22],[-39,-1],[-11,-43],[-90,7]],[[187948,24043],[-10,26],[14,87],[-90,-9],[0,51],[17,144],[-64,3],[8,49],[19,18],[84,162],[72,49],[36,119],[19,30],[-54,28],[-36,9],[30,41],[-8,18],[36,35],[-7,58],[18,52],[-8,62],[8,63],[28,28],[0,53],[-13,35],[5,38],[-25,36],[-63,47],[-33,57],[41,48],[20,41],[-21,42],[54,89],[37,45]],[[189856,25920],[37,-12],[119,30],[26,11],[-4,36],[-104,-11],[-27,-15],[-26,-58],[-21,19]],[[185065,25730],[22,-3],[24,35]],[[185111,25762],[36,-70],[75,-11],[-13,-81],[46,-54]],[[185255,25546],[15,-47],[65,-106],[-14,-84]],[[185321,25309],[-51,-42],[-30,13],[-77,101],[3,30],[-33,51],[-37,35],[18,27],[-47,51],[7,23],[-15,88],[6,44]],[[189469,32926],[1,-123],[60,-71],[63,2],[25,15],[42,-9],[0,-177],[49,1],[42,-39],[-2,-76],[59,29],[-35,-230],[-24,-6],[23,-40],[30,-83],[26,-45],[-114,-56],[12,-19],[-85,-30],[33,-59],[56,-35],[40,-38],[-29,-28],[0,-47],[-26,-14],[-1,-84],[19,0],[0,-88],[-19,-7],[0,-105],[68,-8],[-7,-36],[56,-9],[-43,-213],[80,-215],[-17,-54],[9,-40],[45,-7],[18,-28],[2,-49],[16,-29],[-12,-47],[-29,-16],[4,-33],[-18,-49],[30,-93],[-1,-79],[15,-109],[-18,-33],[-12,-53],[5,-60],[35,-25],[21,-47],[-15,-68],[51,-28],[16,7],[23,-63]],[[190036,29980],[-53,40],[-48,13],[-42,-15],[-55,1],[-63,33],[-21,22],[-74,24],[-79,48],[-49,-3],[14,42],[-23,18],[-53,9],[-4,-31],[-44,-2],[-31,15],[-27,43],[-157,19],[-33,-201],[-70,33],[-33,67],[-17,54],[-55,83],[-19,3],[-31,-40],[-36,-6],[-53,-42],[-44,-4],[-25,-38],[2,-61],[-25,-34],[-61,9],[-41,-18],[-4,-76],[-32,-2],[0,43],[-44,24],[-13,39],[-34,44],[-38,21],[-92,30]],[[188429,30184],[18,138],[-13,83],[7,37],[39,0],[0,33],[-35,0],[-13,43],[-46,21],[-50,51],[-25,0],[0,43],[-17,6],[-15,58],[6,35],[-33,36],[-7,66],[47,101],[-7,47],[17,31],[-14,32],[48,46],[11,27],[-10,53],[33,13],[21,118],[-27,4],[45,243],[-138,21],[14,83],[1,398],[-31,-13],[-27,8],[-44,-8],[-16,35],[-41,4],[-25,20]],[[188102,32097],[88,496],[0,140]],[[188190,32733],[238,0],[501,-1],[154,1],[1,148],[22,46],[363,-1]],[[185532,26165],[-19,-102],[-25,-167]],[[185488,25896],[-11,-81]],[[185477,25815],[-89,-11],[-29,41],[-7,45],[-75,40],[-6,30],[-54,19]],[[185217,25979],[14,15],[-47,29],[-46,125],[59,-33],[0,47],[-16,31],[97,-17],[-1,24]],[[185380,26215],[109,6],[43,-56]],[[184685,26537],[9,-14]],[[184694,26523],[-74,-51],[-89,-110],[30,-66],[-10,-34]],[[184551,26262],[-12,-13],[-19,-129],[49,-55]],[[184569,26065],[-110,-35]],[[184459,26030],[-3,27],[-290,28]],[[184166,26085],[31,276],[34,166],[-61,19],[24,108],[-46,79]],[[184148,26733],[70,-11],[35,-21],[10,-28],[100,13],[29,-34],[38,-6],[2,-43],[19,-48],[49,-25],[82,-14],[5,29],[98,-8]],[[175655,37115],[166,-3],[126,-6],[16,32],[-18,59],[-2,174],[4,60],[-10,47],[8,54],[-12,14],[12,45],[99,8],[27,-7],[169,1],[178,-17]],[[176418,37576],[52,-5],[176,-212],[58,38],[47,18],[34,-1],[101,17],[1,-36],[564,-45],[12,-221],[14,-35],[-14,-19],[15,-272],[-51,-1],[1,-514],[299,2],[216,-2],[-3,-47],[-27,-58],[5,-41],[42,-34],[-8,-34],[13,-25],[101,0],[28,11],[54,-9],[48,-24],[16,-52],[-11,-83],[-24,-22],[-5,-75],[-15,-19],[20,-76],[26,-49],[-8,-22],[13,-61],[337,-1],[0,34]],[[178545,35601],[139,-42],[-24,-57],[31,-29],[65,-26],[-31,-68],[13,-67],[44,-48],[-10,-25],[16,-28],[47,-25],[32,-49],[-19,-51],[-2,-43],[-32,-29],[-29,-60],[10,-13],[5,-113],[20,-30],[-5,-45],[102,-14],[-24,-163],[12,-1],[-36,-235],[-27,0],[0,-256],[46,-1],[5,-97],[81,1],[66,31],[30,37],[30,66],[166,2]],[[179266,34123],[23,0],[1,-488],[1,-34],[113,2],[0,-141],[-27,-6],[3,-35],[31,-41],[0,-94],[89,-3],[-19,-129],[69,-9],[-10,-63],[53,-23],[-57,-65],[-50,-39],[-36,-5],[0,-65],[-60,-2],[23,-132],[-122,0],[0,-29],[-24,-146],[39,-21],[-29,-161],[-40,19],[-113,15],[1,-97],[28,-5],[-19,-133],[1,-65],[19,-2],[-21,-102],[-36,-9],[-5,-31],[-70,7],[-21,-142],[-77,9],[5,20],[-103,13],[-20,-7],[-90,14],[-67,53]],[[178649,31951],[-17,25],[-6,70],[-13,1],[-21,80],[-35,28],[3,82],[-24,23],[-127,-1],[-55,-12],[-349,-1],[-32,-14],[-23,-160],[-233,28],[-34,-10],[-72,9],[55,-82],[-24,-28],[-6,-40],[-116,15],[-5,-39],[-757,89],[-24,13]],[[176734,32027],[0,97],[-69,0],[0,129],[-141,0],[0,13],[-116,0],[0,35],[43,19],[-31,75],[-13,1],[0,340],[-47,-39],[10,71],[20,43],[50,-6],[11,80],[-80,10],[0,100],[22,0],[0,66],[-11,65],[27,1],[0,116],[18,31],[-1,47],[36,7],[6,44],[-16,26],[-55,3],[-1,118],[12,75],[-110,15],[-86,0],[0,16],[-177,-120],[-12,14],[-105,0],[0,539],[-13,0],[0,638],[1,512],[463,2],[0,263],[1,585],[2,299],[-688,-2],[1,390],[-32,1],[2,369]],[[182291,34350],[98,34],[50,-22],[18,-24],[113,0],[-18,29],[29,11],[29,-13],[28,38],[2,48],[-44,5],[4,57],[70,36],[78,8],[102,-64]],[[184468,33596],[43,5],[64,-6],[-17,42],[42,26],[75,-21],[43,-1],[7,58],[32,5],[56,-68],[42,-29],[3,-36],[46,-5],[32,-19],[30,32],[17,-42],[32,-37],[23,-3],[56,30],[36,-60],[35,-28],[-14,-56],[32,-19],[54,31],[39,-46],[105,-45],[26,22],[29,-5],[28,19],[48,-16],[97,-77],[20,8]],[[185629,33255],[1,-457],[70,0],[0,-259],[-455,1],[0,-686],[453,0],[6,-124],[24,-15],[-14,-33],[-2,-87],[-14,-10],[1,-119],[-70,-1],[-1,-387]],[[185628,31078],[-170,-1],[-169,109],[-23,-94],[20,-44],[-85,1],[-13,58],[-117,-136],[-209,0],[-1,-212],[-308,-13],[-219,0]],[[184334,30746],[-76,1],[-31,15],[-37,-13],[-27,-33],[-36,8],[-69,-23],[-168,-1],[-50,-6],[0,162],[-561,2],[-5,48],[29,53],[-15,39],[40,9],[-12,52],[5,32],[-23,41],[47,33],[51,109],[37,16],[11,63],[61,45],[9,25],[33,12],[-4,45],[36,39],[-42,76],[69,14],[11,41],[27,11],[4,36],[-29,26],[68,17],[-58,53],[32,16],[15,65],[1,69],[39,-9],[35,36],[40,6],[0,25],[30,28],[40,9],[1,61],[-49,18],[39,65],[19,-5],[-23,83],[-627,-1],[-288,1],[-55,45],[-62,-49],[-116,-1],[-4,53],[-36,6],[-3,40],[-55,0]],[[182602,32354],[-53,0],[7,63],[-1,190],[-192,0],[-1,286],[-41,83],[8,64],[-23,15],[14,27],[6,78],[26,34],[8,88],[30,31],[-14,39],[2,59],[22,85],[42,1],[25,54],[1,34],[22,23],[12,40],[-16,24],[-4,47],[-24,13],[-10,47],[38,47],[-18,60],[-60,55],[-4,19],[-47,29],[-15,45],[8,47],[50,36],[-44,64],[-47,43],[-29,49],[11,77]],[[186774,24304],[-51,50],[7,24],[-89,13],[-25,13],[41,218],[-61,76],[19,23],[51,6],[-11,76],[-53,36],[-34,62],[15,52],[-20,37],[-41,43],[6,47],[45,58],[4,36],[26,18],[-36,105],[25,22],[-13,42]],[[186579,25361],[34,18],[1,60],[-15,13],[-8,58],[7,51],[22,23],[101,-18],[48,65],[39,-4],[15,33],[80,-4],[70,42],[100,-6],[67,56],[21,91],[41,-24],[47,-9],[34,-36],[25,-53],[25,-23],[56,13],[53,-21],[93,-13],[-11,-57],[65,-6],[61,46],[49,3],[4,61],[31,-1],[54,33],[47,-5],[60,9],[34,-80],[28,6],[40,-24],[65,39]],[[187948,24043],[-11,-65],[-126,16],[-70,15],[-5,-32],[-174,22],[-51,-18],[-36,13],[-20,-130],[-5,-75]],[[187123,23902],[6,34],[-23,41],[-45,27],[-25,41],[-14,79],[-16,24],[-8,64],[-24,20],[-84,16],[-28,33],[-88,23]],[[186774,24304],[-25,-5],[-43,-51],[-54,8],[-53,23],[-75,-4],[-44,31],[-35,2],[-18,-38],[7,-29],[-34,-29],[-84,-50],[-47,-4],[-71,7],[-22,12],[17,43],[-28,44],[-66,3]],[[186099,24267],[-93,14],[-56,52],[1,35]],[[185951,24368],[92,541]],[[186043,24909],[29,182],[-1,49],[19,95],[-94,13],[0,35],[29,63],[-8,35],[5,61],[-19,20]],[[186003,25462],[18,41],[176,-22],[10,-26],[42,-50]],[[186249,25405],[91,-13],[8,7],[150,-22],[81,-16]],[[179252,29928],[-20,86],[7,29],[62,45],[-11,23],[31,29],[46,7],[23,37],[12,87],[-4,45],[-36,44],[-7,73],[34,52],[-23,49],[-44,41],[-14,53],[-26,42],[-54,36],[-9,20]],[[179219,30726],[124,0],[-1,64],[211,5],[70,-9],[20,56],[210,-30],[15,65],[143,-12],[-18,-76],[37,-6],[-10,-63],[32,-187],[-13,-54],[34,-35],[59,-16],[64,-64],[158,-23],[-18,-79],[10,-31],[42,-5],[85,-25],[54,2],[163,-27],[47,-24],[-11,-62],[41,-6]],[[180767,30084],[-13,-62],[-24,-8],[-39,-47],[50,-92],[-54,-62],[-32,0],[-13,-78],[194,-25],[-8,-54],[67,-9],[-1,-90],[284,-36],[65,-85],[6,-25],[56,-21],[24,-34],[-2,-44],[-50,-10],[-21,-26],[-73,-37],[-39,-34],[-10,-66],[4,-58],[-30,-48],[30,-37],[2,-65],[-17,-23],[14,-35],[-51,-79]],[[181086,28794],[-166,23],[-120,13],[-30,-42],[-26,-169],[-90,7],[-7,24],[-50,6],[-7,-41],[-208,31],[-49,-12],[-35,43],[-66,33],[-51,-73],[-42,2],[-85,-19],[-35,4],[-25,-15]],[[179994,28609],[2,10],[-113,15],[17,99],[-225,29],[12,76],[-132,18],[2,64],[22,42],[57,35],[33,40],[7,42],[-34,74],[-42,-2],[-10,21],[20,57],[-51,7],[41,266],[50,8],[16,98],[47,-6],[8,54],[30,-4],[7,42],[-35,5],[-72,32],[-5,55],[73,57],[-45,48],[-18,-12],[-130,17],[-4,-23],[-138,17],[2,12],[-130,16],[-4,10]],[[179855,25148],[128,-16],[39,-10],[136,10],[106,-2],[126,34],[236,-11],[-43,-255],[23,-3],[-10,-103],[-42,-72],[-4,-31],[183,-25]],[[180733,24664],[-27,-159],[1,-27],[-21,-41],[2,-63],[-22,-138],[5,-54],[-29,-173],[0,-38],[69,29],[103,34],[-69,-435],[-36,-202],[-63,-392],[47,-6],[-8,-48],[26,-22],[0,-74],[-25,-18],[-29,-44],[-44,6],[-7,-40],[467,-57]],[[181073,22702],[-102,-78],[8,-16],[-20,-58],[-33,-54],[-63,-39],[4,-19],[-34,-37],[-39,-18],[-32,-41],[4,-46],[-92,-32],[-6,-51],[-14,-10],[-100,-1],[-37,-21],[-46,-4],[-71,-31],[-30,4],[-52,-37],[-81,-20],[-9,-18],[-156,-59],[-54,-58],[-1,-35],[32,-20],[-42,-24],[-27,-71],[-64,-40],[-63,-1],[-48,-15],[-102,-101],[-19,-50],[-48,-52],[-36,-19],[-27,-40],[-46,7],[-124,-19],[-71,61],[0,27],[-95,101],[-10,20],[-147,121],[-64,-1],[-53,46],[-91,56],[-62,24],[-58,-7],[-71,4],[-76,21],[-64,-32]],[[178541,21919],[-26,43],[-60,7],[-47,18],[6,47],[-9,28],[30,52],[-40,63],[-7,46],[34,51],[36,10],[42,73],[3,37],[-56,46],[34,61],[34,5],[44,52],[-39,33],[-10,76],[-34,32],[30,58],[141,40],[29,2],[102,57],[-2,20],[39,43],[13,41],[-41,18],[-24,76],[38,26],[37,-8],[-11,47],[-83,76],[-63,18],[-10,41],[-219,31],[48,276],[29,132],[-30,31],[33,34],[5,34],[40,0],[105,32],[65,-7],[84,-62],[18,1],[105,-28],[31,-15],[38,10],[37,-6],[5,36],[40,43],[7,61],[-13,40],[58,8],[28,21],[25,68],[61,34],[23,35],[-16,70],[-49,-13],[-27,29],[-52,-18],[10,43],[-69,42],[-32,-18],[21,-39],[-69,7],[5,49],[40,45],[-29,42],[16,18],[-29,40],[79,31],[33,28],[44,-38],[33,13],[4,23],[41,40],[18,69],[-4,31],[-35,41],[2,57],[12,26],[79,-12],[36,16],[57,-2],[76,37],[28,58],[72,34],[57,-7],[11,-27],[72,-1],[56,57],[55,2],[42,31],[-1,31],[-20,35],[-58,56],[-12,54],[12,26],[-13,29],[68,30],[-3,20]],[[178133,26432],[61,-17],[32,4],[75,-11],[7,-34],[41,13],[43,-8],[4,24],[30,25],[53,-59],[24,-45],[31,-6],[68,14],[20,26],[54,20],[-8,61],[26,30],[-6,49],[55,6],[4,72],[41,33],[14,72],[69,-9],[45,10],[74,3],[29,-16],[28,14],[87,-2],[36,34],[54,16]],[[179224,26751],[-92,-554],[6,-64],[-7,-30],[20,-23],[8,-43],[-10,-80],[-14,-26],[11,-25],[-15,-37],[45,-61],[-4,-35],[-28,-27],[10,-57],[-15,-23],[57,-21],[90,-90],[-6,-44],[438,-61],[15,-33],[42,16],[43,-33],[19,-53],[39,-32],[53,-14],[21,-47],[5,-56],[-82,-2],[-18,-48]],[[178541,21919],[-33,-22],[-42,-2],[-7,-28],[-30,-6],[-93,20],[-51,26],[-144,127],[-36,47],[-86,87],[-82,74],[-26,32],[-102,73],[-36,15],[-60,41],[-40,0],[-30,30],[-58,17],[-63,46],[-43,11],[-90,8],[-31,-15],[-39,3],[-82,22],[-14,-21],[-91,28],[-24,-2],[-46,35],[-84,9]],[[176978,22574],[16,30],[-26,23],[-26,61],[-2,56],[-14,26],[-51,30],[-79,82],[39,115],[46,3],[-3,28],[75,47],[100,35],[-201,26],[125,768],[-66,-23],[-58,24],[-78,-37],[-47,30],[-2,40],[42,6],[73,442],[54,-6],[94,19],[29,-3],[20,69],[5,60],[-27,54],[22,130],[469,-62],[-43,67],[-15,44],[8,39],[-46,65],[-3,39],[30,38],[25,3],[61,63],[-27,14],[21,37],[39,32],[19,76],[31,30],[15,43],[-38,29],[2,34],[42,17],[-22,21],[34,35],[-1,40],[66,12],[24,41],[28,18],[-29,40],[9,47],[44,39],[33,48],[-19,17],[-33,-10],[-17,56],[13,38],[0,53],[-14,36],[18,35],[58,28],[20,34],[5,38]],[[185261,26224],[-94,-24],[-58,-4],[-31,39]],[[185078,26235],[-31,82],[-2,66],[21,94],[-23,7],[-8,41],[20,33],[-40,52]],[[185015,26610],[331,-39]],[[204241,27428],[-53,-43],[-83,-22],[-61,-29],[-34,-26],[-36,-46],[-64,9],[-85,1],[-87,-22],[-88,4],[-68,-12],[-88,-33],[-78,-51],[16,-31],[-63,-24],[-38,-24],[-37,-66],[-36,-46],[-8,-42],[-45,-106],[-68,-63],[-42,-72],[-12,-51],[-89,-19],[-134,-46],[-41,-28],[-44,-85],[-19,16],[-48,-2],[-116,-26],[-100,-48],[-33,-33],[-60,-28],[-7,-65],[-44,-29],[-37,21],[-79,2],[-54,-9],[-31,-24],[-81,18],[-93,-21],[-75,14],[-131,-14],[-86,-20],[-81,-29],[-51,-64],[-40,25],[14,24],[-66,48],[-57,12],[-89,7],[-72,-9],[-72,6],[-199,4],[-301,-12],[-461,-7],[-139,-24],[-21,-13],[-53,17],[-110,7],[-127,-9],[-159,-26],[-70,-20],[-43,-42],[-45,-10],[-83,30],[-120,0],[-107,-10],[-75,-17],[-58,19],[-111,8],[-120,-6],[-118,8],[-230,0],[-361,-11],[-295,-31],[-114,-18],[-162,-35],[-148,-37],[-227,-74],[-178,-69],[-84,-14],[-190,-59],[-89,-39],[-112,-23],[-158,-62],[-224,-91],[-239,-113],[-143,-80],[-175,-109]],[[195518,25259],[-33,36],[9,38],[66,29],[23,25],[-39,65],[-79,-51],[-119,-46],[-34,-29],[0,-46],[-123,-83],[-32,-2],[0,-52],[-89,-55],[-49,-59],[-34,-19],[-60,8],[-30,-18],[-44,-3],[-25,22],[-43,-20],[-47,-63],[-43,-6],[-18,19],[-34,-17],[-70,1],[1,62],[32,28],[-2,72],[-19,28],[21,20],[-16,51],[-25,23],[-74,-7],[-55,24],[-67,13],[17,66],[-32,32],[-49,-16],[-64,72],[12,52],[-8,61],[-34,41],[7,22],[-33,40],[-175,24],[-144,-43],[21,82],[20,41],[-23,21],[13,33],[-54,42],[5,66],[-14,23],[32,79],[-17,24],[40,233],[-154,31],[60,49],[-31,47],[-98,7],[-32,24],[-4,33],[-57,23],[17,38],[72,372],[-35,35],[-64,-6],[-28,49],[15,84],[25,23],[37,0],[-2,42],[33,23],[90,-19],[98,43],[22,28],[81,33],[44,-11],[103,-5],[27,29],[36,6],[10,66],[190,-25],[24,73],[-20,22],[0,46],[-30,72],[7,151],[28,21],[8,53],[-20,17],[23,40],[43,36],[-27,18],[-8,37],[34,32],[8,34],[77,-15],[75,493],[10,40],[-7,33],[-31,12],[-39,-31],[-45,34],[8,32],[-49,104],[21,30],[-4,34],[-51,8],[-25,25],[-67,7]],[[194007,30830],[26,-66],[87,-17],[142,0],[34,-30],[77,-35],[-1,-60],[48,-18],[39,-51],[31,-20],[99,-11],[28,57],[1,25],[53,11],[41,-4],[20,23],[51,17],[27,-5],[31,22],[6,27],[-17,27],[35,16],[24,66],[424,145],[727,249],[456,157],[669,-578]],[[185499,24537],[55,45],[35,82],[11,97],[-6,116]],[[185594,24877],[52,11],[48,-4],[23,34],[6,36]],[[185723,24954],[320,-45]],[[185951,24368],[-129,7],[-88,77],[-26,-57],[-91,-24],[-102,150],[-16,16]],[[182291,34350],[-13,19],[-40,-13],[-45,44],[-29,-10],[-24,25],[-28,-9],[-39,9],[-62,31],[-26,-36],[19,-56],[-13,-71],[-94,0],[-7,-11],[-638,-2],[-198,1],[2,-15],[-73,0],[0,55],[-16,13],[-103,0],[-111,10],[28,36],[7,49],[-269,35],[-16,7],[-266,2],[-1,-117],[-178,0],[0,-10],[-246,-1],[1,-152],[-348,-2],[-55,-24],[-144,0],[0,-34]],[[178545,35601],[0,317],[406,-1],[10,13],[942,-2],[0,129],[-11,61],[345,0],[23,19],[-43,71],[-55,65],[157,0],[45,-26],[170,0],[23,36],[-14,74],[-66,39],[34,31],[10,51],[50,3]],[[185111,25762],[12,76],[35,-5],[5,33]],[[185163,25866],[85,-36],[81,-66],[94,-17]],[[185423,25747],[-16,-92],[43,-6],[-11,-64]],[[185439,25585],[-11,-65],[-173,26]],[[171412,28012],[261,-34],[-49,-319],[195,-23],[-26,-30],[-25,-65],[13,-41],[-8,-26],[16,-44],[46,-58],[18,-88],[-47,-60],[-61,-17],[-15,-24],[117,-98],[3,-29],[-42,-63],[52,-49],[44,-3],[37,26],[54,-87],[20,-15],[-18,-34],[52,-20],[21,18],[30,-12],[25,19],[34,-34],[60,17],[22,-21],[21,-53],[37,-13],[29,-65],[27,17],[38,-34],[46,-78],[38,-13],[31,-49],[27,-11],[-27,-182],[34,-69],[25,-93],[6,-59],[-29,-111],[-1,-57],[21,-158],[3,-59],[181,-21],[42,50],[158,-17],[-16,64],[6,43],[104,-37],[69,-2],[40,-24],[66,-16],[68,0],[-17,-113],[-77,0],[0,-49],[-109,-25],[33,-53]],[[173115,25511],[-45,-8],[-115,38],[-26,-7],[-36,-34],[12,-80],[56,-105],[0,-109],[-17,-52],[-37,-52],[-3,-22],[48,-70],[-3,-20],[57,-82],[88,-155],[1,-138],[-71,0],[2,-291],[69,0],[0,-236]],[[173095,24088],[-117,15],[-135,9],[-132,24],[-106,2],[-146,-28],[-98,-39],[-56,-32],[-102,-77],[-112,-62],[-26,-28],[-9,-33],[41,-55],[-7,-39],[45,0],[6,-52],[59,-101],[51,-67],[-80,-2],[-19,-57],[-36,51],[-79,22],[-60,5],[-31,-17],[-20,-53],[-28,-7],[-9,-48],[7,-26],[-24,-38],[-47,1],[-54,41],[-12,45],[26,26],[-36,68],[-77,50],[-147,72],[-41,10],[-99,-9],[-68,-33],[25,-109],[-26,-9],[-79,42],[-45,0],[-39,43],[16,72],[59,49],[26,12],[29,38],[-22,81],[-17,34],[-65,98],[-52,66],[-94,99],[-231,217],[-173,141],[-166,113],[-216,127],[-123,57],[-36,27],[-105,50],[-84,45],[-86,37],[-94,32],[-96,17]],[[169623,25005],[12,791],[10,482],[5,494],[0,188]],[[169650,26960],[4,657],[-3,457]],[[169651,28074],[73,-70],[44,-15],[78,-61],[86,-46],[188,-192],[9,-19],[272,132],[356,-43],[29,33],[21,67],[-10,17],[30,44],[-19,32],[-48,38],[-31,5],[-20,30],[-43,15],[-63,5],[-14,40],[14,30],[809,-104]],[[180830,26508],[28,-14],[20,-118],[28,-22],[-18,-35],[-2,-57],[-37,-13],[19,-62],[54,-2],[37,-41],[15,-67],[73,-14],[0,-36],[71,-1],[1,-16],[82,-1],[38,22],[112,-1],[120,-15],[19,-26],[22,160],[238,-31],[13,23],[356,-41],[16,-14]],[[182135,26086],[-45,-65],[70,-35],[19,-68],[-5,-55],[15,-40],[29,-8],[-78,-112],[-40,-19],[-4,-40],[-21,-25],[-17,-96],[132,-19],[-6,-52],[4,-53],[16,-17],[-1,-58],[28,-16],[-26,-92],[17,-18],[24,-86],[27,-16],[16,-89],[-11,-45],[51,0],[42,-52],[-23,-51],[-37,-16],[-27,-165],[4,-48]],[[182288,24630],[-9,16],[-73,-17],[-83,16],[-86,-39],[-34,50],[-58,1],[-38,43],[-36,16],[-12,37],[-25,-1],[-41,-30],[-16,41],[-47,-48],[-50,-9],[-20,38],[24,65],[-62,-40],[-75,-3],[-57,-26],[-40,17],[-63,-23],[-33,-21],[-52,30],[-23,-7],[-49,-55],[-53,2],[-27,35],[-49,-5],[-11,31],[-95,-3],[-71,48],[-25,-147],[-166,22]],[[179224,26751],[70,57],[26,-3],[-7,-37],[26,-25],[134,-21],[15,7],[12,69],[192,-24],[34,42],[179,-27],[37,15],[4,100],[36,228]],[[181380,30099],[28,55],[63,380],[-6,30],[43,47],[12,65],[34,1],[17,103],[-30,37],[-31,17],[9,50],[25,-4],[0,257],[220,0],[0,64],[56,0],[0,127],[170,0],[-40,159],[-45,74],[30,181],[111,-1],[20,36],[20,127],[515,2],[1,448]],[[184334,30746],[0,-87],[-38,0],[0,-44],[26,2],[1,-86],[-18,-25],[43,-120],[20,-32],[33,-15],[35,-54],[34,-18],[54,-55],[34,-12],[2,-23]],[[184560,30177],[-63,-55],[-57,-31],[-22,-52],[-48,-63],[-15,-60],[23,-71],[-28,-1],[-9,-43],[-98,-25],[-29,5],[-39,32],[-19,-21],[8,-34],[-61,-20],[-66,20],[-31,-58],[-42,-25],[-39,-1],[11,-49],[-8,-21],[-103,8],[-45,-29],[-47,57],[-40,-8],[-119,0],[-52,-27],[-89,1],[-16,-18],[-57,-8],[20,-104],[-10,-13],[2,-78]],[[183372,29385],[-92,12],[14,15],[-121,16],[52,328],[-46,38],[-47,19],[-8,33],[-78,32],[-7,27],[-46,8],[-28,20],[-25,-39],[-40,38],[-37,55],[-21,0],[-32,-49],[7,-25],[-11,-64],[-284,38],[-88,15],[-10,-63],[-220,28],[-39,89],[-7,35],[-353,48],[-425,60]],[[185723,24954],[-23,1],[-48,154],[-17,30],[23,29],[25,155],[-53,92],[17,10],[18,128]],[[185665,25553],[8,30],[52,-38],[239,-31]],[[185964,25514],[39,-52]],[[183686,24118],[-98,-133]],[[183588,23985],[-92,36],[-105,30],[-91,6],[-52,-9],[-50,-43],[3,-32],[-94,11],[-153,30],[-31,-4],[-54,-38],[-59,-28],[-83,-24]],[[182727,23920],[47,47],[20,-5],[25,34],[21,123],[-632,86],[43,273],[7,78],[29,29],[1,45]],[[182135,26086],[95,-11],[63,4],[6,-19],[119,-15],[-7,-42],[42,-33],[97,-43],[27,14],[67,0],[27,142],[143,-19],[33,26],[32,-2],[17,-44],[4,-117],[78,-62],[8,-16]],[[182986,25849],[35,-13],[71,-87],[33,-9],[-2,-27],[20,-62],[-26,-8],[-9,-75],[12,-48],[-6,-31],[64,-73],[6,-50],[85,-32],[24,34],[68,9],[34,-20],[16,-39],[46,-7],[41,-67],[55,-13]],[[183553,25231],[-38,-29],[-25,-42],[-28,-8],[-22,-46],[-109,-44],[-69,-12],[-14,-59],[14,-21],[-17,-49],[0,-37],[-16,-28],[-34,11],[-42,40],[-36,6],[-26,-29],[-20,27],[-28,0],[-42,-41],[-135,10],[-57,46],[-32,-12],[-24,-33],[-7,-58],[-60,-35],[-21,-41],[-16,-105],[47,-36],[64,14],[67,-53],[55,2],[7,64],[29,61],[25,-58],[76,-71],[60,-31],[48,-7],[66,16],[112,3],[145,38],[74,69],[163,105],[21,21],[69,-24],[74,0],[92,-34],[51,-43],[32,-56],[19,-14],[-13,-75],[13,-44],[-27,-67],[-7,-41],[-28,-21],[-40,36],[-103,-69],[-16,-32],[-68,-84],[-66,-73],[-4,-20]],[[185629,33255],[-11,24],[36,17],[-23,57],[68,-12],[23,14],[63,-33],[-1,-46],[65,-20],[-2,59],[20,33],[37,-9],[31,9],[50,-50],[61,-6],[33,-39],[-3,-25],[46,-56],[1024,1],[403,-1],[0,-439],[641,0]],[[188102,32097],[-39,28],[-98,21],[-18,28],[-41,7],[0,-44],[26,-35],[2,-249],[-385,0],[1,-282],[-153,0],[-21,27],[-31,5],[-864,-1],[-133,-247],[-41,-17],[3,-55],[-41,-25],[16,-33],[-284,0],[0,-21],[-60,-5],[-30,-32],[19,-13],[20,-49],[31,-29],[-7,-50],[-32,6],[-106,-2],[-16,-23],[6,-32],[-42,6],[-14,32],[0,65],[-142,0]],[[179928,28235],[66,374]],[[181086,28794],[-6,-10],[42,-104],[45,-34],[82,-22],[33,-36],[-21,-13],[30,-49],[55,-34],[46,6],[33,-9],[18,35],[33,24],[45,-7],[7,34],[-14,36],[20,50],[6,63],[-14,36],[23,173],[17,67],[184,-25],[-3,-24],[265,-32],[-20,-129],[346,-44],[34,-11],[31,195],[137,-14],[38,4],[29,-17],[112,-15]],[[182719,28888],[4,-34],[-48,7],[-10,-65],[57,-8],[3,-28],[-56,-26],[-67,-79],[-23,-85],[-19,-37],[-31,-18],[-20,-67],[6,-17],[-42,-69],[22,-24],[54,-18],[39,-32],[77,-39],[33,-7],[43,-43],[57,-10],[-13,-80],[4,-35],[101,-10],[-15,-96],[9,-33],[-14,-32],[-122,17],[-16,-100],[18,-34],[-12,-66]],[[182738,27720],[-123,29],[-24,27],[18,35],[-47,40],[-68,15],[-16,-44],[-64,-59],[-15,-35],[-86,41],[-69,-5],[-53,51],[-38,4],[-6,-32],[-105,15],[6,37],[-118,-33],[-80,-3],[-36,-31],[-105,-31],[-43,-53],[-39,7],[-26,-26],[-13,-49],[-96,-38],[-49,28],[-14,-96],[-187,27],[-13,-2],[-187,25],[-1,-6]],[[171024,35155],[650,0],[-1,1100],[306,0],[1018,0],[590,0]],[[173587,36255],[0,-621],[-10,-19],[9,-44],[0,-250],[48,-129],[0,-104],[-6,-46],[-34,-104],[-8,-118],[-1,-188],[930,-4],[-1,-570],[-271,0],[1,-89],[16,-3],[-1,-66],[-15,0],[0,-743],[0,-715],[-12,-5],[2,-292]],[[174234,32145],[0,-162],[-5,-54],[13,-47],[-568,-5],[-7,-34],[32,-31],[13,-30],[-42,-92],[-25,-14],[-10,-92],[-24,-32],[-116,5],[-522,53]],[[172973,31610],[-419,44],[-7,-59],[-186,24],[-109,22],[-63,-1],[-615,73],[41,288],[-25,3],[24,163],[-17,2],[22,157],[4,59],[37,-5],[4,32],[-453,54],[81,581],[43,-5],[2,33],[-32,66],[-679,81],[66,474],[19,73],[14,178],[7,116],[63,-9],[93,4],[158,0],[63,-46],[103,15],[-21,269],[-77,135],[-71,35],[-2,167],[-18,494],[1,28]],[[184760,26030],[-33,-43],[5,-38]],[[184732,25949],[21,-90],[45,-17],[-43,-30],[-45,21],[-58,2],[-34,37],[-70,-23],[-39,-33],[-58,3],[-64,-42],[-16,-61]],[[184371,25716],[-18,-20],[-74,0],[-27,59],[-42,-14],[-42,9],[12,75],[44,21],[11,60],[163,82],[61,42]],[[184569,26065],[7,-42],[90,-4],[56,16],[38,-5]],[[174234,32145],[41,-1],[82,-20],[116,0],[59,-11],[383,-1],[28,-40],[209,-1],[-33,-40],[20,-37],[-14,-27],[5,-65],[14,-40],[-25,-21],[0,-38],[-17,-48],[19,-38],[-4,-41],[-20,-35],[-32,-118],[23,-21],[-7,-87],[-31,-22],[-22,-35],[1,-60],[-11,-31],[0,-61],[48,-48],[17,-87],[36,-6],[18,-48],[-7,-25],[52,-55],[105,-85],[86,-39],[17,-42],[30,-42],[-13,-30]],[[175407,30699],[0,-29],[34,-17],[-3,-27],[17,-68],[45,-20],[28,-46],[28,-13],[-7,-49],[36,-35],[10,-32],[28,-9],[55,-76],[59,-56],[38,-14],[-29,-29],[-1,-277],[-77,-29],[-105,0],[0,41],[-54,-9],[1,111],[47,1],[-19,31],[-46,12],[0,40],[-51,0],[1,-84],[-94,0],[0,84],[-25,0],[0,100],[-30,27],[-39,0],[-25,-55],[-85,35],[-19,20],[-79,-1],[-18,-44],[-55,-9],[-21,-17],[59,-30],[23,6],[-1,-57],[-60,0],[-1,-102],[65,-2],[-3,-91],[17,0],[-11,-79],[-67,0],[0,-33],[140,-1],[0,-22],[-102,-9],[-64,0],[0,-48],[-44,0],[-1,-52],[26,0],[1,-47],[-31,0],[-15,-23],[100,-11],[2,31],[27,24],[46,0],[0,-28],[94,-4],[23,-22],[0,-58],[-58,26],[0,-64],[42,-13],[1,-54],[-125,-1],[-114,-101],[-45,42],[-69,-61],[-26,0],[-1,-55],[-30,0],[-46,42],[-47,-42],[-19,-40],[-138,1],[-1,-91]],[[174499,29087],[-8,20],[-40,12],[-26,41],[2,47],[-17,43],[-38,-18],[-40,-60],[-39,-9],[-66,21],[-44,-6],[-42,-20],[-32,10],[-73,-11],[-25,-78],[8,-50],[-10,-19],[2,-83],[-60,-28],[-21,-90],[-9,-60],[15,-21],[-35,-62],[-53,22],[-50,-18],[-191,-8],[-27,9],[-25,44],[-142,13],[-29,-4],[-29,17],[4,29],[-65,7],[-33,-17],[-4,55],[34,34],[36,11],[17,56],[-39,65],[16,30],[-17,39],[8,29],[-10,37],[-54,33],[-22,-45],[24,-39],[-64,-19],[-32,-32],[-170,-35],[-23,-22],[29,-39],[-36,-25],[-90,-23],[-17,35],[-33,-17],[-78,-17]],[[172736,28871],[-22,112],[-20,17],[61,450],[0,99],[20,151],[23,37],[-47,13],[-23,23],[20,21],[-467,51],[43,316],[58,9],[87,-9],[20,145],[-35,4],[8,40],[-16,139],[6,43],[60,-7],[88,655],[290,-34],[19,139],[20,-2],[44,327]],[[185035,27390],[-13,-46],[11,-20],[-83,-65],[-8,-20],[48,-54],[-1,-52],[-30,-41],[-17,-66],[-3,-46],[13,-41],[11,-80],[27,-6],[41,-63],[-15,-60],[15,-35],[-14,-25],[-2,-60]],[[185015,26610],[-204,-16],[-64,0],[-62,-57]],[[184148,26733],[-17,16],[-37,87],[-35,62],[-34,24],[-82,106],[-82,124]],[[183861,27152],[-60,66],[-27,40],[-64,60],[22,135],[27,19],[57,-15],[73,-5],[49,57],[75,19],[44,-6],[68,-25],[44,-34],[55,-25],[27,0],[374,-56],[-14,33],[32,26],[32,-6]],[[184675,27435],[255,-34],[105,-11]],[[191764,33917],[-30,-43],[-36,-28],[-30,-247],[11,-104],[105,15],[131,-29],[26,7],[-3,-56],[27,-4],[-9,-61],[46,-45],[-34,-40],[16,-64],[-4,-50],[66,-73],[36,-6],[-24,-72],[30,-4],[33,-52],[3,-45],[58,-9],[3,16],[69,-9],[4,21],[46,22],[24,27],[32,5],[33,37],[50,-11],[18,33],[36,24],[52,-41],[69,5],[38,-64],[50,16],[89,62],[22,87],[70,-10],[17,24],[28,-5],[16,90],[143,-21]],[[193091,33215],[46,-89],[58,-40],[-13,-58],[43,-10],[51,-90],[82,-16],[5,-27],[43,-76],[54,-38],[32,-88],[28,-56],[32,-27],[12,-48],[-83,-93],[-31,11],[-1,-57],[-22,-30],[15,-54],[-26,-26],[13,-36],[-19,-11],[4,-57],[-25,-31],[-3,-51],[-24,-7],[3,-44],[-62,-2],[-15,14]],[[191753,32029],[-3,178],[-121,15],[-69,-5],[-35,34],[-135,18],[-56,36],[-19,1],[9,66],[-12,62],[36,67],[14,63],[16,116],[20,43],[-42,3],[-13,-33],[-48,0],[-41,-14],[-23,-23],[-50,-10],[-30,-32],[-43,-11],[52,330],[-226,30],[36,53],[52,29],[-40,57],[30,159],[-42,6],[5,27],[-54,13],[-40,-2],[-825,118],[41,241],[-70,11],[5,32],[-70,5],[-221,31]],[[189741,33743],[-22,36],[7,74],[-49,-5],[-27,-23],[-12,40],[8,34]],[[185594,24877],[-22,98],[-59,143],[-42,67],[-65,72],[-47,36],[-38,16]],[[185439,25585],[226,-32]],[[185964,25514],[-48,39],[-14,58],[18,75],[-43,55],[-21,42],[18,61]],[[185874,25844],[54,60],[14,46]],[[185942,25950],[36,14],[35,-9],[97,18],[40,-5],[51,17],[49,-4],[59,-34],[35,-9]],[[186344,25938],[57,-16],[50,-52],[-37,-7],[-37,-23],[-87,12],[18,-34],[-19,-63],[65,-61],[-45,-12],[-46,3],[-16,-26],[38,-68],[-36,-186]],[[191221,25347],[17,16],[55,-1],[44,13],[26,-13],[56,-93],[64,-4],[-10,-62],[-101,-106],[-9,-63],[149,-22],[-37,-30],[-9,-54],[-134,21],[-87,-147],[-12,-55],[-25,-8],[-23,-45],[21,-70],[-43,-17],[-2,-34],[66,0],[46,-35],[90,19],[13,23],[66,20],[25,-22],[91,-4],[47,17],[38,-29],[27,16],[31,-9],[-15,-75],[-45,-45],[-69,-108],[9,-24],[-94,-49],[-3,-68],[-27,-31],[-53,-38],[-20,-74],[-33,-67],[3,-28],[-31,-32],[-55,-40],[-6,-39],[16,-27],[1,-43],[-36,-46],[-9,-64],[-17,-66],[-11,-88],[-17,-89],[-51,8],[-2,-73],[-70,-10],[-70,3],[-25,-30],[-93,-37],[-60,5],[11,-33],[-49,-30],[-57,-3],[-128,-58],[-2,-42],[-45,-19],[-33,7],[-39,-42],[-49,-20],[-8,-36],[-39,-19],[-4,-31],[27,-35],[-26,-29],[-89,-12],[-71,31]],[[190217,22923],[-36,39],[-47,-3],[-54,-30],[-23,50],[4,45],[24,27],[-142,18],[30,110],[-92,13],[-5,67],[123,-18],[11,46],[-188,28],[44,243],[-7,44],[-57,5],[10,27],[42,59],[46,-9],[27,130],[-78,22]],[[181380,30099],[-516,70],[-14,-59],[-39,4],[-5,-34],[-39,4]],[[179219,30726],[-15,45],[26,29],[-13,43],[29,23],[17,56],[50,31],[-4,18],[47,106],[15,52],[-56,102],[-8,63],[-35,0],[-49,36],[-61,-20],[-20,19],[-17,57],[2,61],[-42,61],[8,18],[-36,72],[-75,22],[-58,65],[-30,-4],[-52,50],[-91,56],[-30,8],[-23,40],[-3,37],[-46,79]],[[182719,28888],[-29,40],[2,30],[564,-75],[50,-13],[-1,120],[34,76],[34,52],[-13,27]],[[183360,29145],[41,34],[84,35],[25,-1],[54,-30],[70,-5],[302,-3],[24,34],[69,-1],[3,-77],[45,-34],[28,-4],[-16,-79],[-20,3],[-1,-62],[-59,-7],[6,-74],[17,-32],[0,-111],[-26,-16],[77,-25],[7,-10],[147,-1],[0,25],[62,8],[65,-7],[67,-19],[-13,-49],[48,-24],[-26,-160],[11,-53],[79,-26],[38,20],[-25,-162],[60,-9],[36,-28],[15,-28],[36,-1],[18,-35],[99,-12],[-11,-63],[13,-44],[-26,-41],[-17,-86],[-20,-37],[8,-47],[-14,-36],[4,-34],[-16,-53],[3,-31],[-20,-22],[22,-23],[6,-43],[-20,-13],[-44,-111]],[[183861,27152],[-175,22],[2,12],[-252,34],[-19,-29]],[[183417,27191],[-278,36],[-94,19],[-5,18],[39,81],[6,73],[-40,45],[47,290],[-24,9],[-58,-95],[-67,-2],[-23,-34],[-32,23],[-6,31],[-144,35]],[[185644,26391],[76,30],[81,-6],[18,24],[50,-12],[68,13],[-19,-52],[72,23],[10,20],[98,64],[26,41],[85,-3],[41,-16]],[[186250,26517],[-7,-71],[-33,-22],[-5,-41],[35,-57],[-5,-32]],[[186235,26294],[-44,5],[-49,-23],[-95,10],[-18,-112],[-72,-3],[-14,-92]],[[185943,26079],[-32,27],[-82,-2],[-196,47],[-31,-15],[-70,29]],[[187620,29887],[51,58],[62,11],[77,4],[19,22],[164,4],[34,-18],[0,-21],[51,5],[82,-5],[269,97],[0,140]],[[190036,29980],[5,-42],[38,-6],[16,-30],[43,-22],[36,-4],[9,-20],[71,1],[284,-219],[569,-438],[344,-268]],[[191451,28932],[-384,-904],[-195,-499],[-233,-598]],[[189702,27065],[-5,70],[-24,48],[8,27],[-2,87]],[[189679,27297],[-59,33],[-25,-18],[-38,12],[-28,54],[-46,157],[33,57],[-42,31],[-9,30],[-72,71],[-25,57],[-42,30],[-12,50],[-26,6],[-18,54],[-45,12],[5,45],[-51,85],[29,17],[-15,48],[18,29],[-21,39],[-24,15],[-9,39],[-51,61],[6,39],[-49,60],[-36,22],[9,65],[23,20],[-31,78],[-75,-1],[-49,12],[-32,-18],[-30,-40],[-18,12],[40,40],[-34,33],[-106,53],[-45,-1],[-8,28],[-46,12],[3,28],[-44,42],[-33,-16],[-38,7],[-1,38],[-37,33],[-8,27],[17,35],[-24,9],[13,54],[32,-9],[41,29],[-6,97],[-35,52],[-157,4],[-19,25],[-38,20],[-32,-26],[-45,20],[-22,30],[-32,8],[-47,37],[-11,40],[-62,98],[-66,3],[-63,23],[-74,44],[24,39],[-43,25],[-12,70],[-65,22],[18,82],[-58,11],[-45,23],[-34,56],[-2,82]],[[190583,29199],[-11,-15],[-53,-6],[-2,-18],[46,-13],[22,-24],[34,15],[32,-13],[-17,-75],[-64,-12],[-14,-33],[21,-35],[47,-46],[181,13],[2,44],[49,18],[62,-3],[6,49],[43,56],[73,6],[-4,59],[28,48],[-124,-35],[-46,-44],[-48,65],[-27,-16],[-31,20],[-40,-1],[-1,-45],[-39,0],[-36,30],[-30,-15],[-35,30],[-24,-4]],[[184749,26176],[53,-37],[-27,-16],[-12,-31],[-3,-62]],[[184551,26262],[37,-26],[40,15],[6,48],[44,3],[68,-38],[-23,-14],[26,-74]],[[185942,25950],[1,129]],[[186235,26294],[42,-46],[25,-14],[-5,-56],[13,-27],[-18,-115],[48,15],[7,-60],[-3,-53]],[[184789,25946],[-3,-34],[-54,37]],[[184749,26176],[41,45],[30,-35],[65,-7],[-4,49]],[[184881,26228],[6,11],[87,-12]],[[184974,26227],[27,-62],[28,-4],[-10,-65],[70,-8],[-13,-88]],[[185076,26000],[-14,-92]],[[185062,25908],[-14,2],[-20,61],[-53,36],[-72,10],[-71,-9],[-43,-27],[0,-35]],[[183116,26214],[49,332],[44,-13],[66,8],[-5,64],[-19,75],[22,21],[4,189],[29,40],[-15,66],[32,36],[41,93],[33,54],[20,12]],[[184166,26085],[-177,19],[-447,57],[-40,-28],[-113,10],[-62,44],[-211,27]],[[169615,42931],[17,-5],[1,-62],[46,-16],[17,-42],[-17,-30],[20,-51],[34,-8],[6,37],[27,-4]],[[175583,39526],[5,-206],[1,-274],[449,-1],[25,-19],[-3,-68],[37,-12],[84,15],[71,-2],[24,-14],[-1,-164],[-15,-46],[11,-20],[0,-282],[4,-7],[0,-482],[173,0],[-14,-117],[-8,-15],[-8,-110],[0,-126]],[[175655,37115],[-509,0],[0,33],[-95,1],[-17,-8],[-40,21],[-45,-13],[-113,1],[-32,-11],[-96,29],[-123,-39],[-52,-49],[-82,0],[-84,-18],[-21,8],[-24,-42],[-29,2],[2,-53],[40,-37],[17,-50],[-68,0],[-5,-27],[17,-30],[-33,-39],[128,-326],[-147,1],[-7,-126],[-59,8],[-35,-16],[-42,8],[-18,24],[-100,29],[-36,-13],[-38,21],[-322,5],[0,-154]],[[171024,35155],[-1412,0]],[[169612,35155],[1,28]],[[169613,35183],[6,906],[5,647],[-1,666],[-1,1009]],[[169622,38411],[-1,738],[-2,892],[-2,876],[-3,509]],[[169614,41426],[-4,528],[-2,471],[4,0],[3,506]],[[184560,30177],[19,-5],[51,30],[37,36],[109,34],[85,-7],[46,13],[-6,26],[-40,8],[5,61],[175,1],[32,-3],[36,-41],[57,-4],[80,-33],[45,0],[85,-54],[81,-13],[-4,-39],[42,-27],[37,-39],[42,-7],[22,-17],[13,-41],[-41,-34],[24,-21],[-2,-36],[22,-19],[-2,-39],[275,-2],[44,-10],[58,116],[37,25],[24,-54],[75,-49],[21,-54],[52,-18],[50,-3],[1,-40],[-25,-17],[-6,-58],[8,-69],[57,-33],[9,-61],[48,3],[36,66],[55,74],[34,8],[63,-15],[23,38],[65,-6],[66,-32],[-5,-25],[29,-21],[54,-16],[8,-31]],[[186766,29623],[7,-69],[-71,-39],[-10,-23],[-60,-35],[-1,-143],[-69,1],[-9,-78],[-75,-33],[-82,7],[-40,-18],[-64,1],[-5,18],[-57,0],[10,-50],[-24,-80],[0,-42],[-43,-15],[-22,26],[-41,5],[-19,-28],[-34,-11],[-56,41],[13,-81],[-1,-64],[36,-5],[0,-37],[-45,-13],[-38,-49],[-46,0],[-21,-38],[-42,-18],[-63,-5],[-1,-39],[-32,-26],[42,-71],[-36,-19],[15,-30],[-22,-20],[28,-42],[-30,-36],[-9,-36],[34,-4],[0,53],[58,-52],[33,0],[-1,-70],[123,-1],[0,-47],[94,0],[39,-54],[0,-54],[32,10],[35,-47],[-35,-41],[4,-91],[-21,-23],[-1,-203],[-118,-82],[-3,-39],[-36,-50],[-10,-63]],[[185976,27571],[-48,58],[-30,59],[-59,7],[8,30],[-5,63],[-31,-2],[-51,46],[-59,-6],[-16,-60],[-18,0],[-46,41],[-18,38],[-38,0],[-9,35],[-30,-16],[-1,-28],[-37,-32],[-61,-30],[6,-59],[-50,5],[0,-32],[-49,-10],[-209,26],[-25,-171],[-28,-82],[78,-10],[-20,-33],[-39,-25],[-56,7]],[[183360,29145],[-23,16],[-3,49],[19,50],[-10,38],[7,54],[22,33]],[[189741,33743],[-14,-75],[64,-11],[-15,-74],[18,-38],[-35,-6],[7,-44],[116,-44],[2,-72],[-12,-56],[23,-15],[12,-46],[-93,-35],[-346,0],[1,-301]],[[185423,25747],[38,-25],[16,93]],[[185488,25896],[386,-52]],[[184694,26523],[37,7],[63,-64],[38,-22],[32,-73],[-23,-27],[45,-42],[-5,-74]],[[183116,26214],[-42,-255],[-69,9],[-19,-119]],[[185078,26235],[-40,-17],[-64,9]],[[186099,24267],[3,-60],[21,-27],[-36,-14],[-53,-77],[-39,-32],[-23,-57],[19,-40],[-11,-56],[-66,11],[-10,28],[-37,-11],[26,-52],[-24,-71],[47,-57],[32,-7],[13,-34],[-20,-37],[7,-45],[26,-28],[-27,-21],[12,-61],[33,-18],[24,-38],[-111,6],[-65,26],[-72,9],[-58,18],[-88,11],[-53,-20],[-20,-26],[-56,-6],[-72,-69],[-6,-33],[-32,3],[-68,-23],[-37,-74],[-31,-42],[-2,-39],[-20,-22],[-4,-41],[-26,-16],[-30,16],[-69,-27],[-15,7],[-52,-28],[-44,18],[-50,-7],[-103,-41],[-51,36],[-99,-19],[5,72],[-57,77],[-118,120],[-162,140],[-48,50],[-120,94],[-65,64],[-167,100],[-111,81],[8,18],[47,12],[95,-44],[8,-10],[123,-31],[6,-38],[33,-39],[55,-29],[-1,-21],[43,-26],[145,-37],[95,-11],[87,14],[179,62],[67,18],[83,36],[114,61],[45,38],[30,61],[-44,36],[42,60],[83,80],[39,49],[11,61],[-12,43],[25,28],[8,38],[42,5],[66,55],[27,39],[35,80],[36,43],[40,8]],[[173115,25511],[38,-7],[118,-94],[63,8],[109,-49],[96,8],[44,54],[87,6],[47,42],[320,5],[-7,-43],[81,1],[8,29],[72,-9],[27,34],[49,-8],[20,26],[52,5],[80,20],[622,8],[138,5],[-8,81],[3,59],[50,-42],[37,-2],[22,-23],[43,-15],[63,367],[246,-36],[12,71],[56,25],[16,88],[139,-20],[32,-16],[68,-4]],[[176978,22574],[-33,16],[-40,-3],[-32,59],[-50,21],[-28,-3],[-17,32],[-40,9],[-39,32],[-42,-7],[-72,45],[-67,58],[-98,76],[-55,52],[-76,44],[-63,67],[-54,22],[-29,29],[-140,105],[-67,43]],[[175936,23271],[9,56],[-26,34],[9,57],[17,42],[35,-4],[2,86],[-21,18],[-90,3],[-84,-21],[9,63],[-72,8],[10,56],[-98,17],[-46,-13],[14,99],[-9,48],[-40,56],[-68,-1],[2,16],[-106,13],[-5,-32],[-52,-11],[-82,7],[-11,-82],[-2,-78],[25,-12],[-37,-83]],[[175219,23613],[-41,27],[-152,74],[-69,-3],[-65,-15],[-77,-29],[-30,17],[-105,-28],[-79,-9],[-40,-25],[-31,-52],[7,-63],[-46,18],[-82,-2],[-50,-10],[-101,22],[-36,-8],[-56,10],[-43,38],[-50,13],[-97,54],[-96,43],[-59,39],[-169,133],[-93,58],[-142,72],[-79,35],[-184,58],[-59,8]],[[186766,29623],[69,-32],[47,-3],[43,-33],[78,-7],[9,103],[31,35],[64,10],[47,-19],[22,56],[-10,10],[0,87],[116,0],[78,-12],[35,19],[59,56],[42,28],[31,2],[11,-24],[82,-12]],[[189679,27297],[-1138,11],[-25,24]],[[188516,27332],[-38,9],[-42,30],[-52,6],[-6,-31],[-40,-36]],[[188338,27310],[-27,6],[-39,-23],[-14,-92],[-24,-30],[-111,-13],[-57,-31],[-68,1],[-46,23],[-20,-48],[0,-30],[23,-36],[-236,-133],[-64,29],[-21,70],[-50,55],[-31,7],[-56,67],[-60,-16],[-2,38],[-61,0],[-31,-21],[-18,-62],[-56,-20],[-44,72],[-23,8],[-30,63],[-95,-24],[-46,16],[-57,0],[-54,45],[-115,18],[10,54],[-30,12],[-26,-19],[-28,38],[-52,0],[-11,-43],[-61,-32],[-41,13],[-36,-20]],[[186530,27252],[-71,17],[-25,-10],[-34,17],[5,31],[-51,19],[-90,64],[-16,30],[6,37],[-70,9],[-3,-20],[-43,-3],[-7,-45],[-33,20],[11,68],[-67,18]],[[186042,27504],[7,44],[-73,23]],[[186530,27252],[-7,-78],[-33,-162],[3,-40],[-16,-28],[20,-16],[-18,-93],[-28,-70],[-39,-29],[-20,-42],[3,-69],[-50,-16],[-22,-107],[-32,-2],[-41,17]],[[185383,26628],[122,-11],[15,29],[-73,28],[11,39],[61,28],[-5,30],[18,29],[12,70],[36,18],[37,38],[27,-3],[33,218],[20,22],[59,32],[7,41],[51,54],[98,-12],[5,32],[-49,6],[10,30],[54,-7],[4,26],[64,-9],[23,18],[4,32],[-35,6],[45,59],[5,33]],[[179252,29928],[-111,15],[-8,10],[-121,15],[-57,-28],[-85,0],[6,34],[-86,13],[6,38],[-34,0],[-404,57],[-5,-34],[-98,11],[4,26],[-123,15],[-4,-32],[-211,26],[-5,-32],[-67,8],[-6,-19],[-37,-234],[-9,-31],[41,-19],[4,-24],[-69,7],[0,-54],[46,-53],[-5,-90],[-20,-107],[32,-29],[-24,-44],[16,-41],[9,-128],[-58,-103],[45,-79],[-9,-57]],[[175580,28360],[-57,3],[-43,22],[-95,26],[-40,71],[-123,24],[-76,100],[-44,24],[-88,13],[-39,15],[-12,27],[-82,61],[-22,28],[-46,19],[-159,110],[-62,55],[-75,42],[-17,37],[-1,50]],[[175407,30699],[1000,0],[-76,113],[9,65],[62,101],[129,182],[117,76],[85,199],[0,96],[-135,4],[-62,43],[-129,48],[1,233],[204,0],[17,8],[0,100],[36,0],[0,60],[69,0]],[[185062,25908],[-4,-22],[105,-20]],[[185065,25730],[-32,35],[-5,59],[-45,61],[-108,59],[-66,12],[-20,-10]],[[183686,24118],[67,-52],[89,31],[-29,-51],[-57,10],[-55,-6],[-45,-18],[-16,-66],[-52,19]],[[183845,24098],[-15,34],[26,41],[29,-18],[-39,-26],[-1,-31]],[[190217,22923],[-57,-97],[24,-47],[75,-39],[19,4],[91,-30],[19,-37],[91,-59],[42,7],[16,-25],[71,-10],[80,13],[4,23],[52,-8],[-6,-39],[56,-8],[7,-21],[59,3],[124,-26],[10,-17],[-30,-178],[21,-3],[-17,-109]],[[190968,22220],[-6,-24],[-59,10],[-2,41],[-41,-21],[0,-39],[-87,-9],[-16,-14],[-87,30],[-19,-22],[-80,-27],[-45,-53],[2,-19],[-86,11],[-3,55],[-19,34],[8,62],[-78,22],[-36,34],[-50,-33],[-29,-31],[-149,-34],[-94,32],[-59,-33],[-30,-2],[-6,34],[-46,-7],[-17,-70],[-59,-41],[-12,-23],[-41,10],[-29,-55],[-15,-57],[27,-9],[32,-49],[7,-34],[60,-33],[16,-27],[19,-101],[17,-32],[30,-13],[99,26],[14,-12],[-19,-85],[26,-145],[58,-26],[27,-54],[-22,-38],[-1,-33],[18,-43],[41,-10],[81,14],[27,38],[21,63],[40,21],[26,34],[34,8],[25,27],[40,-2],[70,36],[76,15],[16,68],[-2,100],[26,54],[31,10],[11,76],[116,-12],[39,-78],[-23,-81],[-8,-58],[16,-54],[-25,-91],[-1,-42],[21,-35],[50,-51],[3,-58],[-31,-42],[-22,-7],[-44,-60],[-68,-129],[-30,-83],[37,-83],[-7,-34],[-45,-12],[13,-53],[35,12],[63,-8],[27,-15],[-31,-61],[20,-24],[46,-7],[-1,-40],[23,-34],[-19,-25],[-54,20],[-34,34],[-29,-11],[-15,-32],[-51,-8],[-19,-43],[-2,-36],[47,-43],[-10,-61],[-27,-3],[-27,-78],[-57,-23],[-65,-13],[-82,0],[-59,38],[-24,-1],[-7,52],[-37,32],[-2,21],[-37,34],[-12,70],[57,-4],[24,40],[-1,43],[-29,7],[-10,31],[-46,9],[23,36],[-23,26],[-32,9],[-34,43],[-48,-1],[2,48],[-36,27],[-30,46],[-37,2],[25,64],[-10,39],[-61,95],[-21,54],[-50,87],[-54,70],[-137,146],[-46,29],[-93,73],[-95,65],[-89,45],[-57,22],[-85,20],[-59,3],[-58,-11],[-91,-56],[-43,-89],[-3,-50],[36,-83],[-105,-81],[-30,-8],[-97,7],[-36,-9],[-50,-47],[-18,6],[-28,66],[19,54],[-6,33],[-57,127],[-23,88],[-27,41],[-60,151],[-96,150],[-52,73],[-153,180],[-119,102],[-121,73],[-5,13]],[[171412,28012],[0,329],[384,0],[-26,33],[-5,67],[-48,62],[-44,16],[-28,27],[-9,71],[24,36],[-18,26],[144,72],[53,10],[77,44],[52,17],[40,65],[23,13],[25,41],[51,-21],[83,8],[45,21],[87,18],[13,-26],[79,-17],[39,-71],[21,-16],[43,6],[21,-20],[26,33],[34,-4],[25,34],[63,-5],[18,-20],[32,10]],[[185076,26000],[34,-20],[62,17],[45,-18]],[[182727,23920],[-24,-38],[-114,-39],[-44,-24],[-13,-54],[-32,-34],[-54,-12],[-54,-55],[-14,-30],[-78,-57],[-34,-10],[-19,-25],[0,-35],[-104,-12],[-94,-33],[-26,-34],[-44,-14],[-9,-52],[-112,-3],[-72,-25],[-41,-54],[-14,-45],[-25,-11],[-23,-37],[-144,0],[-71,-11],[-47,-18],[-28,-52],[-43,-23],[-65,-78],[-44,-40],[-39,-55],[-9,-46],[37,-24],[-53,-80],[-25,-3],[-24,-38],[-55,-17]],[[193091,33215],[-21,43],[-41,51],[-28,22],[-58,126],[-2,86]],[[191468,29122],[-41,-26],[-10,-29],[25,-66],[9,-69]],[[175936,23271],[-94,59],[-81,65],[-139,70],[-70,12],[-65,41],[-51,-5],[-20,-29],[-55,20],[-47,45],[-95,64]],[[195518,25259],[-110,-75],[-186,-134],[-331,-256],[-133,-108],[-157,-135],[-199,-187],[-141,-124],[-193,-178],[-217,-194],[-126,-117],[-254,-222],[-180,-170],[-54,-44],[-172,-154],[-184,-177],[-167,-171],[-169,-184],[-186,-169],[-6,19],[20,44],[38,7],[10,29],[-41,3],[-32,30],[-44,-13],[-82,4],[-19,-42],[-105,19],[-94,-56],[-19,-41],[15,-30],[-17,-25],[-66,-9],[-66,-29],[-7,-27],[-39,-4],[-41,15],[-24,33],[-37,14],[14,-57],[-19,-26],[-29,8],[-42,-47],[-41,20],[-64,5],[19,23],[-9,40],[-59,54],[-26,-41],[22,-10],[-11,-41],[-43,-26],[-118,-23],[-31,-18],[-44,13],[-27,-22],[-67,11],[-11,-24],[23,-42],[-40,-1],[-18,-42],[-47,27],[0,39],[-67,-1]],[[190743,22112],[51,7],[53,-7],[37,-25],[-27,-23],[-34,29],[-60,2],[-19,-21],[-57,-28],[-36,14],[28,58],[36,6],[28,-12]],[[191146,21986],[15,27],[34,5],[74,-54],[26,-42],[-34,-12],[-64,-41],[-63,-61],[-74,-36],[-61,31],[-137,42],[-86,107],[-26,44],[25,19],[-1,30],[74,-3],[61,19],[36,-25],[79,8],[-9,-42],[-78,-32],[-19,-26],[41,-15],[-25,-32],[113,30],[37,29],[62,30]],[[191384,22066],[34,10],[49,-4],[8,-19],[-91,13]],[[191345,22163],[65,-20],[16,30],[121,-13],[9,-49],[-61,-7],[-26,-13],[-98,-28],[-52,9],[-38,-18],[-64,43],[7,29],[68,49],[53,-12]],[[192090,22274],[2,-18],[-77,2],[2,16],[73,0]],[[191747,22272],[-14,45],[59,-24],[-45,-21]],[[191641,22228],[43,46],[20,-54],[-58,-17],[-5,25]],[[192097,22352],[-35,-1],[-50,-22],[3,32],[82,-9]],[[192238,22461],[-129,-57],[-65,-1],[-30,12],[-9,47],[41,12],[4,48],[80,31],[75,-18],[26,21],[61,-16],[56,-2],[-8,-41],[-72,-19],[-30,-17]],[[192203,22333],[46,73],[35,36],[23,-28],[-133,-138],[5,41],[24,16]],[[169651,28074],[-1,212],[-8,357],[3,221]],[[169645,28864],[2,493],[-6,684],[-5,381],[-3,397],[2,287]],[[169635,31106],[-3,517],[-3,781],[-7,871],[-7,791],[-1,597],[-2,492]],[[184371,25716],[-24,-48],[4,-78],[-29,-21],[-52,-2],[-66,-40],[-65,-9],[-79,-53],[-19,-26],[-74,-70],[-42,-2],[-147,-125],[-104,8],[-121,-19]],[[188338,27310],[39,17],[40,-18],[34,1],[51,30],[14,-8]],[[203971,27167],[11,40],[36,-26],[-6,-37],[-41,23]],[[173630,23416],[-41,-34],[-10,41],[51,-7]],[[186174,23660],[49,211],[-2,37],[17,95],[53,5],[59,-33],[42,-10],[28,-51],[38,-28],[103,-16],[41,5],[40,21],[59,16],[49,-15],[115,2],[45,-53],[3,-26],[27,-32],[65,-29],[49,-61],[-88,-43],[-15,-16],[-59,2],[-131,-25],[-60,4],[-70,-53],[-12,-25],[11,-35],[-29,-12],[4,-33],[-35,-14],[-22,27],[-27,-8],[-58,-63],[-24,24],[-93,26],[-28,29],[-92,28],[-28,-33],[-39,-1],[26,51],[-7,42],[11,29],[-15,61]],[[174308,136930],[-217,196]],[[174091,137126],[21,26],[58,3],[48,-22],[39,11],[51,-214]],[[173008,135473],[89,305]],[[173097,135778],[138,470],[5,14]],[[173240,136262],[19,62]],[[173259,136324],[370,-483],[234,316]],[[173863,136157],[151,205],[228,-108]],[[174242,136254],[-226,-1119],[-107,-523],[126,-658],[-134,-618],[-134,-619],[-322,-621],[-89,-100],[-47,-384],[257,-784],[-56,-853],[13,-692],[105,-6],[-11,-239],[-23,-255]],[[173594,128783],[-62,-7],[-50,17],[-20,28],[-19,61],[-24,20],[-175,24],[-13,-14],[-86,23],[-31,31],[-2,26],[-54,51],[-41,14],[2,36],[24,30],[4,53],[-40,40],[-21,61],[-78,26],[-34,27],[-7,78],[-26,18],[-20,38],[-58,19],[-49,76],[-70,53],[-32,-9],[-31,19],[-28,-27],[-41,-2],[-60,60],[-41,-5],[-70,62],[-33,49],[-30,28],[-24,-23],[-34,10],[-17,-18],[-26,45],[-40,21],[18,32],[7,53],[-58,66],[10,31],[-34,33],[-12,60],[-31,19]],[[172037,130116],[-3,20],[23,119],[-1,55],[-38,127],[-26,66],[-38,68],[-50,69],[-184,207],[-63,90],[-81,146],[-20,90],[-9,118],[2,129],[19,125],[28,138],[40,146],[37,258],[15,242],[30,181],[20,71],[27,124],[57,164],[48,123],[17,31],[46,47],[88,109],[56,124],[47,166],[51,135],[17,17],[76,109],[0,9],[107,151],[43,104],[11,64],[-17,107]],[[172412,134165],[236,-206],[-4,-307],[235,0],[107,218],[-183,662],[-191,693],[396,248]],[[172693,136060],[27,110],[21,40],[34,111],[35,92],[27,108],[3,68],[10,49],[55,27],[73,-70]],[[172978,136595],[-138,-262]],[[172840,136333],[-143,-273],[-4,0]],[[202395,70322],[-86,-594],[-60,-458]],[[202249,69270],[-47,-345],[-56,6],[-97,-697],[-306,43],[1,7],[-526,76],[-2,-17],[-167,20],[-8,-5],[-264,32],[2,17],[-128,14],[-227,-323],[-92,-127],[-101,-864],[13,-1],[-18,-158],[-7,1],[-20,-169],[43,-5],[-29,-263],[-15,-5],[-16,-158],[259,-28],[-47,-421],[61,-7],[-35,-262],[134,-184],[105,-134],[17,27],[31,-59]],[[192595,64844],[-36,35],[14,135],[39,309],[13,127],[-344,31],[34,175],[49,208],[29,202],[126,-12],[51,409],[-40,6],[38,309],[76,102],[22,133],[-11,295],[18,109],[-20,6],[30,232],[-200,27],[40,316],[23,94],[65,-10],[75,573],[2,2],[81,626],[303,-4],[138,-17],[13,95],[43,198],[18,133]],[[193284,69688],[24,4],[290,-44],[10,64],[298,-44],[22,152],[562,-85],[24,0],[-5,64],[19,184],[225,-35],[209,-25],[84,609],[23,6],[184,-23],[46,371],[353,-49],[24,34],[69,63],[34,15],[258,-38],[288,-39],[-2,104],[10,76],[366,-47],[18,-5],[-6,-139],[-20,-39],[1,-65],[173,137],[154,-201],[194,153],[135,101],[20,-16],[137,-179],[89,70],[148,-190],[293,226],[29,8],[158,125],[20,20],[44,-46],[109,-49],[18,-16],[97,75],[99,-14],[-1,-35],[312,-37],[-26,-222],[584,-76],[14,81],[-13,37],[-4,61],[31,66],[-5,39],[-29,24],[-19,37],[-6,54],[-25,1],[11,99],[192,-23],[30,61],[220,-28],[-17,-166],[642,-81],[113,228],[38,-5],[56,-29],[-21,-164],[535,-73],[-19,-146],[439,-50],[1,-7],[490,-59],[-22,-47],[-1,-39],[31,-68],[-8,-35],[263,-37]],[[204279,87916],[63,36],[10,25],[-30,116],[55,-8],[3,26],[135,-11],[1,12],[74,-12],[10,89],[10,9],[7,64],[27,42],[37,21],[98,21],[31,21],[56,-32],[24,37],[107,-15],[3,18],[57,-9],[2,21],[133,-16],[27,6],[43,-30],[29,-3],[-1,-36],[27,-84],[46,-32],[-16,-31],[-30,-8],[7,-39],[33,-17],[16,-28],[35,-20],[-12,-33],[24,-13],[7,-39],[31,-38],[-12,-29],[72,-5],[20,-41],[4,-67],[-25,-34],[29,-14],[-8,-78],[16,-40],[40,-9],[15,54],[34,19],[29,-16],[14,-42],[48,-15],[23,-42],[60,-17],[39,42],[5,30],[54,25],[18,-23],[38,7],[44,-17],[39,-2],[9,-28],[42,-45],[-5,-31],[34,-22],[26,40],[25,-6],[11,-26],[40,23],[27,-22],[26,8],[45,-17],[49,11],[5,37],[36,13],[-2,46],[43,17],[48,-5],[55,-18],[24,18],[40,-12],[16,-27]],[[206648,87566],[-12,-15],[-4,-50],[19,-24],[56,-133],[-1,-30],[21,-24],[-7,-44],[18,-4],[27,-66],[60,-44],[24,21],[85,-51],[30,-40],[7,-49],[31,-69],[0,-32],[29,-23],[-17,-33],[2,-163],[22,-118],[35,-58],[28,-13],[-16,-144],[28,-53],[-16,-17],[14,-61],[53,-16],[75,-6],[62,-27],[29,10],[62,-91],[51,-37],[14,-30],[-10,-58],[-30,-35],[1,-46],[20,-18],[-22,-33],[-12,-128],[-37,-10],[-16,-49],[-31,-30],[52,-53],[-19,-53],[-27,-31],[2,-88],[-13,-93],[-23,-29],[47,-37],[14,-42],[45,22],[66,-10],[43,9],[24,-17],[40,34],[6,27],[73,8],[-26,-58],[-7,-36],[-23,-21],[46,-50],[29,-42],[-30,-26],[69,-53],[10,15],[59,2],[31,-27],[34,-2],[33,43],[9,30],[54,17],[4,-26],[99,-228],[2,-32],[67,-19]],[[208110,84759],[-14,-49],[0,-37],[-34,-20],[-6,-36],[-20,-19],[15,-110],[19,-15],[33,-54],[-45,-14],[-3,-115],[-95,38],[-46,12],[-197,66],[-51,-34],[-46,7],[-11,29],[-31,-45],[-26,17],[-31,-9],[-14,20],[-28,-211],[16,-5],[60,-59],[40,-8],[71,-49],[58,26],[27,-30],[31,6],[12,-52],[39,-35],[-65,-81],[-15,-32],[-23,-6],[-10,-47],[-26,-36],[16,-20],[-10,-67],[-13,-25],[-30,-12],[-41,3],[-99,26],[-147,26],[-55,-16],[-63,52],[-50,6],[-60,20],[-25,-16],[-60,-10],[-75,6],[-38,15],[-49,-21],[-43,46],[-53,-11],[-20,-59],[-56,0],[-41,-11],[-96,-87],[59,-256],[6,-50],[-20,-152],[-25,-43],[-42,-9],[-85,-230],[-8,-66],[7,-39],[-61,-156],[-11,-7],[26,-74],[27,-39],[-20,-86],[6,-171],[-4,-67],[36,-103],[-6,-47],[86,-81],[-34,-13],[-52,-81],[21,-52],[-17,-70],[-24,-14],[-78,0],[-87,-39],[-40,-57],[16,-27],[-59,-10],[-58,20],[3,-54],[16,-82],[-7,-50],[-38,-40],[-13,-66],[-27,-3],[-8,-26],[25,-64],[-59,-18],[19,-92],[-42,-99],[-42,7],[-38,-32],[10,-81],[-16,-31],[-33,-24],[30,-44],[-71,-82],[35,-32],[-21,-22],[11,-50],[-43,-21],[52,-54],[-27,-70],[-85,-62],[-4,-46],[-19,-19],[25,-29],[3,-34],[34,11],[7,-30],[-9,-34],[49,8],[19,-32],[-42,-53],[1,-51],[45,-23],[-5,-62],[37,-72],[-16,-55],[-16,-16],[-11,-43],[50,-16],[4,-18],[44,-6],[39,-18]],[[206011,79768],[22,-67],[-23,-175],[-38,-17],[-31,-43],[16,-52],[-3,-32],[47,-173],[-18,-15],[-13,-163],[-32,-66],[-51,-6],[-36,-25],[-32,-43],[7,-38],[-70,-4],[-36,-13],[-60,3],[-17,12],[-17,108],[-159,45],[-51,6],[-11,-77],[-23,0],[-58,35],[-32,1],[-24,-28],[-26,25],[-86,19],[-26,-1],[-127,20],[23,-65],[1,-45],[-27,-28],[-55,-33],[-71,-15],[-47,17],[-53,32],[-41,68],[-29,7],[-22,-54],[-22,-24],[-112,-5],[-16,-110],[-45,24],[-15,-17],[-32,9],[-24,-135],[-32,34],[-89,46],[-64,-3],[-47,-13],[-42,48],[-70,1],[-17,34],[-82,64],[-29,-6],[-23,-23],[-25,12],[-15,-37],[-121,-35],[-48,2],[-57,38],[-8,-51],[6,-40],[-37,-15],[-62,15],[-38,-39],[-63,24],[-18,-31],[64,-137],[-44,-67],[-17,5],[-119,243],[-168,-86],[-40,-14],[-71,-50],[-55,-48],[-249,35],[-34,-253],[-379,46],[25,184],[-315,41],[-13,27],[-59,-55],[-31,-7],[-37,-34],[-7,-29],[-80,-71],[-26,6],[-30,-25],[-96,-180],[-295,39],[-221,36],[-117,14],[-52,-23],[-86,24],[-18,-10]],[[200865,78266],[-12,33],[54,296],[-15,30],[-77,56],[-34,47],[-29,2],[-51,59],[-6,19],[-36,13],[-47,60],[-24,40],[24,103],[-1,26],[-38,-2],[-36,-29],[-62,-24],[-36,0],[-35,-22],[-62,-11],[-64,82],[-128,15],[-7,29],[-34,4],[89,87],[-7,66],[26,76],[-12,19],[43,24],[21,56],[28,-32],[31,-1],[61,-89],[88,69],[47,11],[29,57],[60,41],[33,-13],[63,28],[-13,17],[24,57],[-38,17],[3,45],[37,28],[-4,28],[-45,11],[-35,-36],[-40,50],[-32,71],[-95,13],[-35,-55],[7,99],[-15,10],[156,127],[-200,266],[-131,180]],[[200253,80419],[58,7],[7,50],[13,10],[5,59],[16,73],[-37,-7],[8,58],[35,24],[16,45],[15,7],[17,54],[1,71],[-42,66],[-58,13],[-9,41],[21,24],[50,7],[31,18],[9,29],[-25,32],[-32,13],[-33,91],[-58,18],[-58,52],[17,34],[-2,47],[18,56],[-202,20],[11,57],[-9,48],[-50,87],[-22,7],[-18,89],[14,44],[40,6],[-19,45],[-33,-3],[-15,47],[-30,23],[-53,103],[-15,61],[-46,77],[-16,115],[18,43],[-16,107],[13,73],[41,-34],[10,42],[-20,17],[25,60],[-16,65],[40,109],[25,11],[31,37],[23,-30],[31,28],[-2,42],[37,17],[2,21],[-42,53],[-18,1],[298,253],[128,-48],[19,-50],[36,-12],[14,-35],[90,-43],[95,9],[-19,-65],[19,-42],[44,-45],[-21,-25],[-3,-52],[19,-32],[3,-52],[25,-79],[10,-53],[45,-45],[7,-56],[80,-5],[-19,-45],[11,-31],[-10,-40],[20,-18],[16,-43],[-6,-28],[23,-38],[-22,-77],[6,-32],[-22,-45],[-57,-34],[-15,-43],[18,-18],[64,-25],[10,-60],[32,-14],[53,3],[16,31],[64,35],[38,54],[31,-3],[22,45],[35,42],[-11,18],[9,67],[24,-7],[26,49],[-5,45],[21,58],[2,40],[-20,83],[108,-21],[21,-11],[15,-42],[-4,-25],[43,-72],[37,-7],[23,-24],[104,-34],[28,15],[12,33],[-5,84],[-14,48],[10,67],[41,25],[66,-22],[28,-44],[23,7],[37,58],[11,64],[56,21],[24,-7],[20,30],[95,-66],[50,-14],[30,-51],[83,31],[50,-16],[30,12],[-1,33],[42,65],[-11,104],[-25,20],[15,22],[-2,55],[-31,99],[42,25],[16,42],[17,137],[14,2],[42,43],[70,45],[8,64],[-5,27],[20,71],[24,32],[55,17],[30,60],[1,25],[103,14],[9,-34],[60,1],[11,-214],[16,-256],[19,26],[36,-42],[47,10],[-1,28],[17,37],[-10,26],[-1,113],[-26,86],[-5,99],[19,71],[38,31],[8,52],[55,24],[53,40],[56,70],[27,47],[36,39],[35,20],[54,83],[86,106],[29,50],[12,97],[13,3],[35,64],[-77,48],[-16,47],[47,179],[8,77],[182,-23],[-7,84],[-34,60],[17,28],[-24,30],[-2,45],[-27,26],[5,18],[-8,64],[-27,70],[9,39],[-1,73],[-36,66],[-7,40],[26,41],[-35,152],[-18,9],[2,71],[-15,55],[-104,205],[-40,65],[-33,1],[-9,53],[-27,16],[-22,42],[7,48],[16,16],[-40,37],[-14,47],[10,28],[-35,32],[-4,47],[-44,62],[72,48],[368,-6],[208,-30],[25,-12],[56,51],[-18,41],[-8,48],[16,40],[-23,39],[8,52],[-5,50],[-62,36],[-48,19],[-51,45],[-5,17],[11,66],[63,134],[45,61],[22,43],[63,-36],[24,14],[0,39],[-21,16],[-8,66],[3,83],[39,7],[63,-54],[49,-5],[12,37],[32,0],[6,24],[67,46],[27,49],[-10,29],[15,55],[19,33],[-12,26],[18,46],[229,-43],[246,-15],[-6,37],[22,38],[43,12],[-21,48],[5,40],[-26,23],[-12,33],[1,40],[-48,13],[-44,38],[-14,27],[-45,37],[-8,80],[-34,56],[3,22],[-26,24],[0,32],[-29,4],[-12,46]],[[179798,93263],[-119,148],[8,97],[41,-7],[374,322],[19,-25],[518,450],[42,491],[674,-67],[2,21],[562,-44],[-26,-324],[282,-24],[272,-18],[61,-172],[146,-12],[76,89],[45,34],[14,29],[97,120],[256,402],[26,45],[35,-2]],[[183203,94816],[206,-19],[320,-25],[106,-10],[201,-26],[24,7],[63,-42],[27,278],[21,236],[169,-16],[18,234],[546,-61],[28,302],[23,265],[483,-54],[8,142],[-38,46],[3,37],[299,-33],[40,418],[10,83],[341,-39],[28,-153],[477,-60],[123,-17],[33,338],[31,340],[363,-44],[14,193]],[[187170,97136],[559,-44],[-14,-176],[-93,5],[-38,-822],[-40,4],[-12,-148],[158,-24],[-15,-293],[-12,-187],[418,-32],[-2,-80],[427,-60],[-1,-19],[467,-69],[113,-20]],[[189085,95171],[25,-4],[108,-46],[31,-31],[-36,-275],[23,-180],[-71,-492],[269,-39],[-51,-432],[17,-5],[623,-70],[-24,-202],[79,48],[82,19],[31,-9],[62,-1],[45,-19],[20,-24],[77,-62],[59,1],[100,71],[57,67],[31,4],[58,-54],[-48,-218],[-58,6],[-24,-241],[-63,-674],[565,-59],[0,-41],[-28,-44],[-48,-20],[-15,-33],[7,-53],[75,-119],[22,-104],[28,-63],[34,-36],[44,-18],[56,7],[64,30],[49,-24],[87,15],[12,-41],[58,-61],[-4,-65],[104,-129],[31,-15],[15,-36],[63,-13],[54,-22],[77,-62],[51,-90],[5,-23],[46,-52],[28,-56],[7,-48],[-20,-23],[4,-92],[7,-40],[-27,-54],[26,-42],[-2,-32],[13,-75],[41,-70],[51,-30],[7,-18],[72,-24],[79,-35],[40,-35],[40,-91],[-9,-66],[47,-43],[2,-30],[-25,-99],[6,-53],[-20,-61],[-40,-20],[-15,-49],[-22,-11],[-1,-48],[300,-47],[27,242],[150,-15],[385,-71],[-16,-119],[322,-85],[13,-59],[479,-51]],[[193908,89688],[-14,-50],[-29,-15],[-40,-79],[-8,-90],[6,-38],[-18,-110],[-35,-40],[2,-51],[35,-47],[22,27],[28,-26],[27,-69],[6,-68],[-14,-57],[21,-50],[-35,-46],[-73,-38],[-20,4],[-62,-39],[-50,6],[-11,-87],[-24,-26],[32,-54],[-9,-32],[-70,-46],[-7,-28],[20,-83],[31,-23],[-16,-47],[-26,-32],[35,-94],[-53,-38],[11,-30],[-13,-39],[9,-37],[-15,-42],[27,-39],[0,-30],[-22,-51],[20,-41],[-2,-81],[44,-22],[29,-25],[42,-16],[2,-46],[27,-54],[-22,-38],[-15,-58],[34,-70],[-6,-29],[16,-34],[-21,-83],[29,-97],[-26,-39],[-74,-53],[-17,-42],[-28,-27],[-86,-7],[-46,-61],[-1,-46],[-19,-43],[37,-11],[39,-126],[-19,-27],[2,-27],[22,-34],[7,-41],[-41,-63],[-7,-43],[13,-40],[20,-18],[2,-55],[-68,-29],[-36,0],[-29,29],[-28,1],[-32,-26],[-43,-13],[-45,5],[-79,-49],[-33,-43],[-28,-15],[-45,7],[-45,-11],[-50,-31],[0,-29],[-34,-37],[-148,-91],[-63,5],[-34,-32],[-29,-11],[-29,-81],[15,-81],[-18,-32],[-33,-23],[13,-44],[-25,-62],[-35,-45],[-4,-112],[30,-23],[1,-28],[-46,-18],[-39,-79],[-51,-70],[-57,-9],[-43,-31],[4,-45],[-36,-54],[-4,-38],[-41,-15],[-23,16],[-50,-20],[-14,7],[-64,-22],[-8,-78],[-28,-48],[-54,-21],[-49,22],[-71,6],[-48,-14],[-67,-52],[-32,96],[2,53],[-35,32],[-44,-2],[-41,14],[-33,-24],[-9,-35],[-40,-10],[-22,-47],[-29,-13],[-15,18],[-40,4],[-12,-26],[-44,8],[-36,-38],[-84,-24],[-57,25],[-27,-22],[45,-43],[13,-25],[-4,-42]],[[191224,84892],[-37,-18],[-61,24],[-46,4],[-28,26],[-20,56],[-28,41],[-27,2],[-4,30],[-33,38],[-6,49],[-66,21],[-22,42],[-52,-32],[-54,9],[-61,42],[-54,56],[-22,6],[-49,119],[-36,0],[-59,46],[-7,27],[21,234],[-521,56],[21,191],[-30,3],[18,191],[-309,33],[-182,23],[-9,-90],[-49,97],[24,-3],[73,736],[-327,37],[-80,-47],[-32,-42],[-11,-36],[-22,-17],[-47,-73],[-238,30],[44,388],[-42,14],[38,389],[-233,26],[-109,-1],[-362,43],[-57,-565],[-191,24],[-32,-319],[-122,10],[-151,25],[-64,-69],[-36,-258],[10,-7],[125,-14],[-36,-329],[-245,29],[1,7],[-115,14],[-1,-8],[-396,47],[-8,-84],[-486,56],[-7,3],[-234,18],[-223,31],[-5,-44],[-49,4],[-7,-68],[-409,45],[-181,18],[-5,63],[-40,92],[-31,28],[-30,11],[-24,26],[-7,33],[-39,28],[-65,13],[-16,-13],[-57,28],[5,34],[-8,45],[-55,4],[-32,-20],[-70,-16],[-35,41],[-105,70],[-43,0]],[[184512,86695],[57,33],[42,34],[40,7],[23,35],[-338,37],[34,267],[-63,5],[50,368],[52,336],[43,350],[-192,25],[34,314],[41,444],[286,-22],[44,332],[-74,9],[5,37],[30,329],[24,-1],[5,47],[22,29],[97,-11],[30,260],[18,200],[14,113],[-125,17],[30,312],[15,128],[-201,26],[46,448],[-777,81],[-510,62],[-186,26],[-23,27],[-17,50],[-1,61],[13,22],[-2,44],[52,117],[38,19],[21,44],[38,57],[4,66],[-9,31],[37,68],[2,26],[46,53],[24,14],[44,56],[80,64],[2,80],[44,53],[14,46],[-15,36],[-1,58],[15,63],[23,49],[-12,24],[-158,14],[29,97],[-214,22],[12,228],[-106,7],[-7,-83],[-321,39],[-162,17],[0,6],[-403,45],[-11,-139],[-263,31],[-14,4],[30,128],[-357,35],[-34,-23],[-240,30],[-205,28],[-68,-60],[-1,20],[-136,179],[-67,223],[-225,-157],[-204,-139],[-82,33],[-475,109],[-3,-28],[-62,-3]],[[174153,88151],[57,572],[913,-67],[-8,-123],[237,-15],[-8,-215],[288,-18],[388,-29],[603,-80],[346,-31]],[[176969,88145],[277,-25],[-61,-701],[518,-50],[-37,-363],[-29,-338],[-21,-201],[-7,1],[-17,-224],[245,-17],[-27,-350],[-7,-1],[20,-221],[400,-31],[292,-29],[43,7],[41,19],[19,48],[55,64],[26,-4],[6,33],[28,10],[-3,49],[41,20],[-5,76],[-10,52],[16,39],[30,25],[30,55],[-2,116],[12,41],[19,10],[23,52],[180,-30],[140,-16],[13,128],[284,-32],[384,-42],[-25,-253],[438,-48],[-30,-290],[-7,-92],[-14,-101],[-16,2],[-5,-53],[-35,3],[-23,-196],[-30,2],[-35,-392],[248,18],[2,-37],[42,-5],[-48,-444],[-42,39],[-99,131],[-389,-324],[-322,-266],[272,-396],[-43,-34],[-94,9],[-215,-175],[-4,-54],[-306,-262],[-21,-99],[497,-607],[57,42],[25,44],[-15,70],[35,31],[38,9],[11,36],[51,19],[68,-97],[139,-182],[119,32],[26,39],[60,67],[23,116],[24,32],[16,46],[45,65],[33,12],[79,77],[49,57],[32,24],[58,66],[38,34],[71,31],[12,25],[62,16],[71,34],[19,22],[14,96],[34,49],[130,-169],[62,52],[52,-58],[30,-12],[192,-225],[-26,-23],[81,-101],[140,-181],[3,-8],[318,-408],[123,104],[274,-352],[-204,-170],[-17,-44],[55,-124],[83,-163],[-26,-109]],[[182145,81312],[-34,-39],[-72,-136],[-153,-276],[-8,-57],[24,-19],[27,-84],[-26,-78],[-44,-93],[-111,-43],[-6,-21],[19,-74],[-19,-42],[-33,-20],[11,-92],[-34,-47],[3,-18],[-38,-36],[-22,-48],[-24,-3],[-47,-33],[-6,-71],[-139,-103],[-130,-8],[-302,392],[-382,42],[-1,-12],[-73,6],[-141,374],[-57,81],[1,15],[-68,76],[-111,41],[-20,40],[-79,64],[-11,19],[-35,10],[-22,26],[-92,50],[-67,-34],[-106,134],[-456,-391],[-126,11],[-17,-24],[-4,-41],[12,-15],[-36,-413],[-17,-26],[18,-40],[-8,-19],[-40,-416],[140,-14],[-23,-239],[-230,21],[-49,26],[-44,11],[-590,62],[-15,-152],[-31,-344],[-825,87],[-46,-461],[-333,38],[39,365],[28,271],[-668,73],[-36,38],[53,11],[25,92],[-648,58],[-29,-38],[-68,-38],[-43,-57],[-73,-27],[-46,-68],[-50,-43],[-4,-38],[-25,-16],[-44,-67],[-26,-14],[-27,-55],[-62,-56],[-53,-13],[-19,-19],[-54,-25],[-48,-8],[-39,6],[-41,-47],[-40,-27],[-36,-10],[-17,-23],[-45,7],[-67,-24],[-62,-51],[-35,-6],[-24,-22],[-57,-19],[-86,12],[-68,-24],[-42,-43],[-47,-36],[-44,-12],[-28,-200],[-79,10],[-27,-220],[-51,-468],[-36,-352],[69,-458],[-20,-42],[-51,-48],[-25,-37],[-41,-118],[1,-50],[-52,-74],[-7,-79],[-45,-41],[-28,-93],[-41,-62],[-2,-76],[-23,-113],[-60,46],[-3,-28],[-642,65],[1,36],[-359,36],[-2,-33],[-302,31],[-6,-37],[-41,-87],[-9,-35],[29,-151],[-21,-35],[38,-66],[-12,-45],[20,-52],[13,-75],[24,-11],[33,-53],[24,-79],[-12,-43],[12,-37],[39,-60],[23,1],[15,-56],[24,-25],[9,-37],[47,-70],[7,-43],[36,-40],[18,-48],[52,-54],[-6,-45],[-25,-76],[38,-49],[-8,-31],[29,-43],[10,-41],[51,9],[9,-36],[-27,-42],[28,-28],[-25,-17],[11,-31],[-36,-45],[0,-33]],[[172927,74749],[-204,26],[-63,19],[-117,14],[-88,-10],[-117,25],[-38,20],[-31,-13],[-272,32],[-155,199],[-566,62],[-543,-4],[-138,1],[-17,-179],[-310,33],[-42,-347],[-474,59]],[[169752,74686],[0,417],[0,641],[0,512],[0,576],[0,1221],[-345,0]],[[169407,78053],[61,697],[47,536],[-65,6],[7,141],[-100,7],[68,676],[-131,270],[-30,-14],[-33,-50],[-86,-31],[-46,-127],[-19,-39],[-195,229],[-375,39],[52,676],[36,465],[103,-31],[512,-42],[24,331],[52,676],[-294,29],[41,650],[235,-16],[35,646],[-178,14],[6,101],[473,-20],[472,-3],[607,-52],[-14,-172],[469,422],[56,643],[210,-2],[337,-414],[20,-27],[799,-233],[58,25],[65,-10],[39,36],[59,14],[88,12],[42,31],[27,37],[110,81],[9,27],[28,27],[42,57],[87,18],[27,29],[85,52],[22,-4],[76,19],[34,27],[22,35],[-411,514],[255,222],[-30,42],[164,142],[-128,142],[-483,545],[436,428],[402,-485],[111,151],[183,168],[81,816],[90,919]],[[191224,84892],[29,-19],[2,-31],[58,-24],[35,2],[-1,-40],[23,-117],[53,-29],[32,-78],[-9,-23],[70,-109],[-10,-20],[23,-42],[47,-47],[4,-27],[-54,-52],[59,-41],[2,-25],[64,-44],[55,-14],[30,-31],[62,-8],[10,-26],[-11,-40],[13,-33],[38,-9],[28,-48],[63,2],[10,26],[12,91],[29,44],[49,25],[26,-73],[26,3],[20,46],[58,7],[56,69],[32,66],[35,34],[9,-33],[56,-32],[5,-51],[23,-13],[17,-59],[-6,-36],[24,-42],[37,-6],[14,-47],[32,-24],[53,-60],[6,-46],[14,-17],[8,-55],[-34,-11],[-47,-43],[-4,-30],[-26,-39],[-14,-50],[-35,-7],[-25,-57],[-45,-18],[-7,-48],[34,-25],[13,-41],[41,-74],[379,-18],[344,-22],[-8,-142],[190,-11],[-8,-149],[613,-57]],[[193945,82894],[-8,-30],[-41,-72],[-28,-28],[5,-65],[20,-43],[-19,-32],[-27,0],[-63,-80],[-63,-48],[-19,-4],[-24,30],[-23,0],[-56,-48],[-96,-7],[-53,16],[-24,31],[-8,75],[-91,29],[-62,-39],[-35,-67],[7,-33],[-12,-22],[-46,-30],[-39,5],[-40,39],[-44,9],[-23,-29],[132,-319],[-17,-4],[-157,21],[-64,-54],[-92,10],[-18,-140],[17,-21],[-23,-182],[-213,23],[-28,-272],[-153,9],[-73,-58],[-89,-175],[-47,-61],[-1,-20],[-181,-158],[-207,-170],[-17,25],[56,512],[20,191],[-661,83],[-42,-22],[-29,-287],[23,-36],[-32,-267],[-35,-9],[-233,29],[20,-29],[34,-108],[-553,71],[15,122],[-72,5],[-184,25],[-41,9],[-294,35],[-59,-510],[39,-4],[-11,-104],[-56,-367],[-4,-36],[-36,5],[-40,-365],[-288,23],[-230,30],[-255,32],[8,83],[-1,101],[13,174],[-145,0],[13,-52],[-12,-123],[2,-27],[-18,-139],[128,-310],[-15,-12],[16,-140],[2,-136],[-19,-43],[-72,-44],[-58,9],[-39,21],[-443,67],[-225,31],[-17,78],[29,256],[-273,31],[-49,-32],[-18,-112],[-15,-29],[-36,-8],[-35,-43],[-18,-122],[-35,-17],[-16,-47],[-28,-40],[-31,-24],[-3,-36],[-22,-33],[1,-29],[-30,-21],[-26,-49],[-352,37],[37,343],[2,224],[20,-22],[77,-7],[40,90],[34,374],[10,39],[-336,26]],[[186899,80220],[-57,18],[-25,32],[-63,9],[-68,-22],[-43,104],[-176,98],[-91,13],[-37,-58],[-79,-24],[-32,-78],[-146,18],[14,124],[70,-8],[45,412],[-303,38],[-3,4],[-313,41],[-37,17],[-61,-13],[-33,8],[-137,17],[26,86],[3,43],[-48,42],[43,28],[10,53],[-299,33],[-38,-7],[-37,30],[-263,17],[-51,16],[-49,-10],[236,197],[38,17],[-7,50],[27,24],[89,33],[60,539],[42,241],[-77,-59],[-39,-22],[-22,-25],[-69,-9],[-113,7],[-53,-27],[-34,41],[-19,40],[-39,2],[-48,87],[-59,42],[-7,25],[48,165],[4,44],[-21,45],[29,34],[-248,26],[30,320],[-405,42],[56,537],[14,115],[-134,16],[13,132]],[[183913,83980],[8,57],[-122,14],[30,272],[33,340],[10,121],[52,582],[35,420],[13,125],[306,-33],[35,-12],[20,210],[-3,46],[33,345],[4,72],[69,51],[33,65],[43,40]],[[158219,95944],[-1,383],[0,702],[-1,833],[0,1315]],[[158217,99177],[625,-42],[24,299],[46,605],[631,-1],[-103,-100],[245,-288],[155,-188],[-213,-208],[484,-600],[153,-8],[105,125],[490,613],[227,104],[555,550],[392,377],[-14,18],[208,194],[338,-421],[1029,-33],[15,134],[-19,195],[304,-28],[302,-7]],[[164196,100467],[-1,-570],[-45,-581],[-22,-499],[-609,16],[-12,-536],[-527,-476],[43,-30],[-43,-60],[20,-78],[-36,-405],[347,-411],[-212,-642],[326,-379],[-135,-124],[680,-696],[-404,-393],[397,-36],[-9,-174],[42,-1],[468,-39],[19,309],[470,-36],[29,290],[321,-37],[167,-315],[682,-52],[-8,-138],[-74,-180],[833,-53],[7,-62],[-5,-61],[402,-32],[15,0],[12,369],[170,249],[450,432],[126,-150],[212,-175],[126,-152],[-54,-49],[265,-351],[38,30],[67,30],[42,45],[16,57],[41,40],[31,96],[23,8],[12,60],[38,17],[67,95],[11,52],[30,43],[30,26],[37,109],[39,53],[24,3],[90,-19],[56,5],[51,-21],[28,-30],[38,-23],[43,-2],[-14,-234],[490,-32],[500,-33]],[[170457,94534],[175,-212],[96,-103],[-30,-62],[-357,-320],[-281,-253],[196,-245],[262,-335],[-204,-158],[-45,53],[-166,14],[-4,-44],[20,-60],[30,-212],[56,-56],[21,-204],[-9,-14],[-23,-98],[30,-132],[-473,-413],[-36,-7],[-2,-58],[129,-44],[90,-107],[-258,-230],[-210,-196],[87,-103],[-480,-412],[28,-38]],[[169099,90485],[-268,-233],[-155,152],[-201,133],[-18,3],[-157,-152],[-188,-172],[-612,-505],[-274,-317],[52,-473],[-772,88],[-20,4],[-423,41],[-389,36],[-28,-266],[32,-10],[-11,-119],[-180,-162],[-103,-68],[11,-65],[37,-48],[9,-74],[43,-21],[15,-75],[-329,21],[-657,43],[-661,35],[46,662],[-693,47],[167,159],[-630,721],[-201,-185],[-178,199],[-679,-623],[83,-124],[-194,-157],[-173,-147],[-603,25],[-101,122],[-193,219],[-491,-407],[-145,12],[-1645,138]],[[158222,88942],[0,1570],[-1,728],[0,550],[-1,575],[0,574],[0,703],[-1,717],[0,945],[0,640]],[[216764,72153],[0,40],[43,34],[37,-33],[41,-15],[-6,-36],[-45,-47],[-51,15],[-19,42]],[[217385,72126],[-3,38],[33,36],[0,-54],[-30,-20]],[[216714,71922],[22,51],[41,22],[20,-84],[-30,-46],[-50,40],[-3,17]],[[217274,72958],[-25,89],[30,107],[1,86],[-10,72],[-22,58],[107,80],[88,13],[98,34],[65,37],[53,-21],[-37,-99],[-53,-181],[-42,-172],[-38,-181],[-23,-195],[-6,-176],[3,-78],[24,-126],[41,-65],[11,-105],[-24,-75],[-18,-7],[-30,23],[15,51],[-2,46],[-64,145],[2,23],[-31,97],[-31,53],[-48,110],[-7,70],[-38,82],[5,35],[21,54],[0,53],[-15,63]],[[216113,72401],[-4,-89],[18,-56],[22,-28],[27,-6],[19,-33],[-19,-18],[97,-64],[56,-19],[63,-39],[68,-11],[8,-71],[-47,-36],[16,-29],[-19,-35],[-1,-33],[-36,-48],[-63,-35],[-36,-49],[-59,-20],[-43,-3],[-105,27],[-36,-15],[19,-95],[11,-22],[-48,-22],[-10,38],[-33,-12],[7,-36],[-18,-13],[-41,51],[-18,-1],[-52,-49],[-18,-46],[29,-13],[38,5],[33,-39],[-77,-29],[-10,-66],[-81,70],[-24,7],[-18,-45],[18,-46],[-16,-81],[-27,48],[-36,24],[-45,8],[-42,-18],[-3,-42],[-17,-14],[-62,-6],[-13,-16],[9,-43],[-31,-10],[18,-37],[-25,-31],[7,-53],[31,-41],[-26,-28],[-36,54]],[[215432,71042],[-47,45],[-26,-5],[-24,-64],[-28,-2],[-3,60],[-25,78],[14,97],[-21,44],[-21,8],[-40,-10],[32,-29],[4,-24],[-64,-21],[-15,-26],[-58,-7],[-60,13],[-37,-23],[-48,16],[-52,-53],[-50,18],[-2,22],[20,110],[17,40],[48,4],[-1,23],[-40,5],[-30,17],[-16,37],[-37,43]],[[214822,71458],[30,4],[18,65],[-18,67],[24,20],[12,75],[-17,30],[18,57],[-1,71],[-23,4],[-16,59],[-1,86],[-14,29],[-43,7],[7,49],[-62,10],[-3,-23],[-28,-18],[-28,4],[-7,-44],[-42,-9],[18,103],[44,26],[56,45],[27,9],[9,31],[75,1],[36,20]],[[214893,72236],[1,-60],[41,9],[31,-20],[16,-67],[-34,-20],[-2,-75],[28,-31],[23,-46],[0,-55],[88,-15],[16,23],[44,-10],[26,-37],[61,-36],[48,-14],[46,-2],[44,38],[94,-15],[8,60],[61,-10],[7,51],[43,-1],[63,-51],[31,1],[51,39],[42,-16],[-6,38],[33,32],[-15,61],[7,54],[-10,38],[15,43],[42,27],[3,24],[30,51],[-23,34],[1,29],[40,6],[28,56],[63,-43],[17,5],[-1,46],[22,32],[34,3],[63,-11]],[[216616,71552],[-2,-32],[-32,-11],[-9,-63],[20,-45],[38,-26],[-48,-16],[-10,-41],[-52,-33],[8,-32],[32,4],[0,-39],[23,-7],[10,-40],[-36,-6],[-17,-72],[0,-36],[-22,-19],[15,-69]],[[216534,70969],[-75,66],[-126,20],[-5,-36],[-62,10],[-19,-110],[-24,-60],[3,-59],[-71,-30],[-36,4],[-34,-25],[-70,12],[-11,-28],[-157,27],[-70,35],[-20,32],[-29,17],[-68,12],[-25,26]],[[215635,70882],[-29,56],[-52,36],[-45,-4],[-30,15]],[[215479,70985],[22,8],[-14,43],[-24,26],[-8,40],[29,45],[-19,30],[38,17],[-16,39],[14,12],[68,7],[20,61],[61,2],[49,-29],[20,-39],[30,-8],[14,26],[-14,30],[6,28],[-20,47],[28,38],[75,-74],[50,0],[3,35],[-33,8],[23,36],[52,5],[7,43],[-30,22],[-65,10],[32,48],[34,29],[19,-3],[44,-50],[17,25],[42,-6],[30,13],[16,30],[-14,29],[-11,73],[50,7],[103,-29],[33,8],[62,36],[23,29],[84,55],[58,94],[-7,31],[17,41],[27,30],[81,135],[51,-32],[-88,-145],[16,-33],[-22,-14],[-39,12],[-7,-33],[30,-16],[-13,-54],[5,-65],[15,-37],[43,-48],[29,-5],[-16,-42],[27,-54]],[[172927,74749],[659,-82],[218,5],[762,-90],[28,-27],[392,35],[232,-29],[605,-518],[430,-368],[12,-20],[296,-252],[1,9],[321,-274],[125,-14],[-18,-184],[-67,-330],[1122,-124],[630,-61],[-5,-60],[257,-27],[25,55],[474,-54],[-10,-93],[276,-30],[-24,-248],[538,-82],[-4,130],[447,-383],[510,-752],[260,-25],[338,-39],[760,-46]],[[182517,70771],[-100,-845],[80,-10],[-16,-86],[14,-38],[-39,-31],[8,-23],[-61,-174],[501,-60],[-8,-70],[694,-81],[-36,-333],[221,-27],[-55,-457],[557,-61],[-19,-165],[211,-25],[-43,-323],[-349,43],[-7,9],[-533,65],[-4,-31],[-49,6],[-40,-339],[311,-39],[-36,-296],[-26,-10],[-63,-333],[-60,-294],[279,-58],[-105,-626],[-32,5],[-81,-79],[305,-224],[-32,-26],[-61,-26],[-50,-9],[-77,-31],[-43,-40],[-33,-58],[-22,-12],[-23,-48],[-60,-65],[-6,-78],[-13,-55],[2,-66],[-35,-27],[-57,3],[-111,-28],[-37,-25],[-98,-24],[-95,-53],[-25,-23],[66,-226]],[[169751,64844],[1,1360],[0,665],[0,469],[0,714],[0,524],[0,639],[0,576],[0,961],[0,617],[0,790],[0,1025],[0,832],[0,670]],[[214122,81535],[-55,-35],[-34,-9],[-30,-29],[-19,11],[-7,42],[-58,-1],[-45,-33],[-63,6],[-30,-36],[-33,-20],[-37,-89],[-97,-183],[-24,-98],[-13,-97],[-82,-95],[-47,14],[2,-44],[-71,-14],[-29,-39],[-48,-33],[5,-42],[-61,-68],[-46,5],[-36,-17],[-96,-92]],[[213068,80539],[-5,55],[-39,28],[-31,44],[-76,10],[-40,27],[-20,29],[-74,-32],[-40,53],[-20,6],[-51,69],[13,24],[-11,86],[-14,19],[-60,-5],[-72,14],[-33,31],[-71,-4],[-33,25],[-26,39],[-55,-30],[-63,56],[-16,51],[-25,36],[-42,15],[-6,22],[-43,27],[-50,-4],[3,-46],[-37,-37],[-26,9],[-52,39],[-38,12],[-39,-13],[-61,-60],[-18,-36],[-27,-85],[-76,-136],[-23,-6],[-33,14],[-45,-29],[-31,-8],[-12,19],[9,62],[-11,12],[-65,11],[-1,29],[24,15],[-18,118],[40,-8],[-8,33],[19,13],[44,-9],[7,39],[-32,39],[-31,13],[26,31],[14,60],[-6,39],[41,42],[45,23],[-8,19],[12,47],[-28,15],[29,55],[22,-14],[19,24],[-32,20],[31,49],[38,4],[23,17],[-27,71],[-34,22],[5,20],[-41,14],[-16,22],[-42,-4],[-21,-33],[-28,-12],[-70,44],[-15,-8],[-28,-69],[15,-74],[-16,-30],[-81,4],[-15,-18],[-43,61],[-31,-11],[-13,48],[-25,23],[-33,12],[-3,148],[-6,33],[-39,22],[-117,161],[-22,-34],[-40,-10],[-31,4],[-18,-32],[-52,-12],[-33,43],[-35,-31],[-19,10],[-56,-3],[-38,-14],[-15,-107],[-106,16],[-50,-9],[4,40],[-76,29],[-44,-1],[-30,-15],[-101,29],[-17,16],[37,42],[12,45],[42,82],[-29,28],[-1,44],[13,58],[-13,64],[-53,74],[-25,3],[-19,48],[13,35],[-39,45],[6,47],[19,31],[35,-21],[28,37],[41,3],[37,16],[20,26],[-12,29],[5,39],[17,20],[-8,63],[13,22],[-1,38],[-40,34],[12,23],[-21,43],[-26,6],[1,33],[-29,41],[-14,44],[-36,-13],[-31,12],[-11,-24],[-134,-53],[-41,41],[-30,-43],[-81,21],[-19,30],[-47,16],[1,36],[-26,31],[-4,26],[17,50],[-20,11],[-1,49],[-24,39],[36,1],[96,21],[-45,157],[-3,48],[-42,75],[4,21],[-24,39],[-49,14],[-57,-33],[-61,-21],[-33,-21],[-59,-82],[-45,21],[-9,22],[21,31],[-18,29],[3,32],[29,73],[25,13],[-37,57],[-7,39],[-21,41]],[[209488,83978],[37,62],[25,21],[35,81],[27,10],[92,-32],[34,8],[15,82],[53,4],[33,18],[35,65],[-25,26],[12,35],[53,-33],[42,46],[27,103],[27,3],[35,-23],[9,-30],[-15,-19],[19,-60],[57,-54],[16,-36],[-16,-31],[26,-20],[46,-8],[38,-33],[33,-44],[0,-48],[-15,-55],[1,-32],[-23,-55],[-69,-41],[23,-50],[41,-66],[47,-19],[35,10],[64,-52],[27,36],[15,-11],[50,20],[31,-8],[61,-40],[36,-50],[48,-36],[52,32],[-1,23],[-28,14],[34,33],[27,-1],[62,53],[41,-67],[42,-14],[51,-73],[34,-26],[5,-39],[24,-45],[58,-46],[28,132],[143,-21],[41,-18],[60,-94],[43,-11],[50,-36],[42,-43],[45,0],[23,39],[32,6],[34,33],[15,45],[22,21],[-14,34],[127,32],[-16,27],[16,60],[33,48],[41,2],[42,25],[35,4],[-11,51],[4,57],[116,-19],[13,107],[-30,4],[-10,48],[-48,17],[-47,3],[5,40],[21,28],[-23,71],[99,-13],[11,88],[-113,17],[37,33],[1,50],[30,51],[28,15],[19,59],[29,25],[-23,32],[31,52],[46,8],[24,-10],[31,-46],[25,-16],[56,14]],[[212194,84517],[54,38],[23,-23],[44,-95],[81,-126],[49,-47],[96,-132],[69,-76],[48,-38],[75,-49],[52,-10],[111,-84],[81,-98],[119,-91],[70,-39],[78,-30],[130,-42],[45,19],[5,27],[43,-3],[70,-69],[-48,-47],[-20,-59],[14,-53],[20,23],[-20,31],[9,33],[22,16],[70,12],[21,-5],[30,-76],[62,-53],[27,-52],[43,-14],[50,-65],[-7,-39],[27,-48],[37,-94],[-1,-55],[20,-51],[-2,-44],[10,-29],[8,-96],[-22,-42],[-1,-104],[20,-117],[20,-53],[61,-123],[107,-176],[26,-31],[-2,-30],[26,-71],[27,-49],[41,-52],[57,-54],[49,-33],[63,-33],[68,-48],[-35,-80],[-34,-16],[-54,18],[-48,-9],[-40,21],[-30,-2],[-45,-22],[-60,-58],[-10,-35],[29,-50]],[[193266,107020],[25,-50],[34,16],[-1,52],[56,-4],[47,11],[3,-20],[87,-8],[42,-16],[18,-20],[40,-15],[36,17],[55,4],[47,-61],[46,8],[29,29],[60,13],[40,35],[44,24],[29,-14],[23,10],[42,-24],[123,-24],[109,8],[84,-36],[37,-1],[82,24],[41,66],[11,46],[-7,46],[-23,29],[-3,52],[-76,92],[-4,32],[-26,11],[-10,39],[15,25],[48,-53],[29,-47],[87,-188],[21,-71],[23,-134],[29,-60],[-5,-14],[41,-92],[35,-44],[67,-46],[4,-34],[73,-121],[33,-2],[29,-58],[42,-100],[24,-81],[8,-62],[-8,-45],[20,-21],[17,-65],[-26,-17],[27,-27],[17,-58],[50,16],[22,-24],[43,-101],[10,-37],[-10,-26],[-52,-13],[-23,-83],[-35,-69],[25,-29],[31,-113],[25,-41],[87,-95],[116,-85],[10,-14]],[[195355,105262],[-235,51],[-99,-15],[-36,-28],[-75,-10],[-43,-22],[-8,-29],[12,-45],[-30,-12],[-81,-66],[10,-31],[-5,-68],[-71,9],[-47,-485],[3,-1],[-49,-502],[-290,34],[1,63],[-16,23],[-32,8],[-71,35],[-51,-11],[-101,37],[-34,64],[-38,24],[-13,44],[5,36],[-55,-24],[-49,-36],[46,-78],[33,-82],[-5,-47],[-32,-60],[-35,-113],[-2,-49],[17,-39],[59,-116],[24,-94],[4,-44],[25,-101],[12,-205],[-12,-105],[-32,-86],[2,-71],[21,-52],[33,-118],[24,-49],[42,-46],[28,-18],[34,-48]],[[194143,102684],[-503,59],[-39,38],[-45,14],[0,48],[26,10],[-32,38],[-9,45],[-35,26],[-5,60],[-22,47],[-59,53],[-28,51],[-27,10],[-6,26],[-91,62],[-36,-5],[20,113],[-51,86],[16,21],[1,34],[-32,30],[-41,-1],[-35,45],[-46,16],[-21,36],[-22,-5],[-21,34],[-41,-30],[-28,-34],[-60,0],[-21,-28],[-34,-11],[-25,39],[28,15],[-6,79],[39,25],[19,38],[-7,36],[-64,18],[-14,31],[-24,-10],[-17,24],[-38,23],[-2,25],[-37,76],[0,30],[-28,26],[-85,18],[10,31],[-12,21],[-90,3],[-29,14],[-3,41],[9,31],[-44,47],[-31,20],[16,93],[37,15],[25,-12],[26,20],[-2,41],[25,19],[17,55],[28,33],[-23,48],[-25,27],[-16,39],[6,36],[-24,8],[-15,50],[-61,76],[9,26],[-37,30],[8,18],[126,-14],[16,74],[31,61],[-22,34],[17,133],[-2,88],[13,113]],[[192538,105384],[36,-7],[69,42],[9,32],[33,25],[71,3],[35,29],[15,67],[34,37],[22,59],[24,17],[37,391],[-46,3],[4,59],[-39,31],[-23,32],[36,52],[33,28],[36,115],[8,72],[-7,67],[-24,71],[-53,56],[7,74],[52,-6],[2,24],[38,-5],[1,76],[15,12],[9,100],[-15,29],[-25,3],[6,68],[60,-24],[16,-90],[36,-27],[46,15],[86,-16],[9,-32],[42,11],[4,55],[17,11],[14,43],[-2,34]],[[158210,114937],[-1,832],[0,959],[0,320],[-1,959],[0,960],[-1,690]],[[158207,119657],[25,-27],[70,-46],[34,-35],[7,-24],[46,-24],[42,-51],[28,-54],[76,-65],[141,-156],[74,-49],[69,-39],[25,-36],[59,-44],[74,-45],[74,-32],[80,-29],[121,-31],[32,-19],[54,-52],[66,-33],[34,-10],[33,-32],[38,53],[47,-18],[29,12],[71,-15],[55,-29],[64,-42],[50,-49],[47,-30],[30,21],[57,-3],[102,-44],[66,17],[59,-9],[117,-2],[120,22],[67,-1],[70,11],[21,16],[55,12],[111,-39],[1,-23],[27,-32],[42,-30],[62,-33],[133,-50],[107,-49],[33,-28],[96,-47],[141,-41],[54,-49],[81,-36],[66,-15]],[[161590,118174],[-18,-279],[805,-667],[24,348],[86,-7],[4,17]],[[162491,117586],[90,-45],[49,-16],[46,-32],[-46,-98],[-18,-90],[6,-103],[20,-55],[24,-169],[4,-72],[26,-72],[37,-130],[47,-86],[29,-86],[46,-93],[18,-52],[56,-100],[56,-65],[40,-35],[150,-106],[87,-50],[56,-14],[68,-38],[200,9],[92,-9],[112,-71],[116,-45],[77,-61],[59,-69],[77,-37],[77,-95],[-17,-29],[66,-22],[29,-19],[47,-13],[28,-19],[19,-58],[24,-38],[20,4],[26,-54],[26,-23],[63,-32],[32,-39],[15,4],[77,-27],[28,2],[113,-20],[14,-23],[27,21],[52,-30],[22,-31],[66,-20],[-7,-42],[37,-2],[31,12],[50,-3],[40,-22]],[[165120,115078],[-16,-68],[19,-43],[67,-36],[25,-47],[0,-60],[-15,-31],[-29,-6],[-26,23],[-92,-20],[15,-46],[35,-3],[9,-22],[-20,-47],[22,-21],[46,-5],[41,-24],[8,-65],[-17,-21],[-32,4],[-33,47],[-30,8],[-33,-23],[-11,-58],[22,-35],[44,13],[17,-17],[-4,-40],[-42,-4],[-35,-45],[-16,-56],[6,-21],[40,-36],[-4,-31],[-32,-70],[-17,-19],[-53,-31],[-19,-46],[34,-23],[8,-52],[-17,-29],[-34,-16],[-20,-35],[7,-28],[36,-31],[44,-12],[21,-32],[1,-29],[-21,-43],[-36,-44],[-23,-53],[-4,-35],[29,-41],[31,6],[24,34],[41,15],[66,-37],[63,-72],[-21,-56],[-54,-10],[-51,45],[-24,-14],[-15,-45],[58,-26],[96,-85],[5,-19],[-8,-60],[16,-39],[5,-115],[-16,-79],[4,-52],[28,-55],[32,-37],[52,-34],[5,-18],[0,-106],[65,-71],[41,-31],[47,-70],[2,-20],[-24,-63],[41,-57],[11,-36],[-26,-85],[-37,-15],[10,-84],[18,-42],[-7,-33],[-26,-43],[1,-56],[14,-33],[-17,-48],[10,-44],[-40,-62],[2,-53],[28,-20],[4,-49],[12,-27],[-26,-112],[15,-29],[-6,-53],[8,-104],[-11,-55],[2,-49],[-11,-59],[-38,-1],[-13,-35],[28,-43],[3,-82],[-9,-31],[-45,-56],[-22,-39],[14,-32],[-27,-63],[-6,-53],[14,-35],[-5,-39],[-39,-88],[-61,-63],[-51,-68],[-3,-73],[-42,-28],[-27,-54],[-43,-39],[-14,-69],[-38,-37],[7,-29],[65,-55],[13,-23],[-20,-68],[2,-58],[-44,-34],[-14,-44],[38,-23],[23,-41],[-12,-46],[3,-44],[18,-37],[36,-16],[1,-22],[-28,-33],[4,-35],[56,5],[16,-23],[-30,-48],[49,-25],[36,-44],[15,-68],[-12,-32],[-46,2],[-16,-11],[5,-39],[39,-62],[33,-28],[-1,-58],[8,-26],[53,-14],[44,-37],[26,-54],[5,-44],[39,-29],[28,-6],[31,38],[19,-3],[3,-53],[-37,-70],[11,-20],[57,-47],[51,-67]],[[165572,108712],[1,-37],[76,13],[22,-43],[16,-60],[0,-48],[-12,-41],[13,-48],[-7,-22],[-39,-12],[-21,-44],[25,-42],[-7,-87],[18,-62],[33,-30],[58,-33],[15,-41],[-16,-97],[33,-89],[18,-29],[84,-94],[26,-68],[54,-46],[11,-41],[-38,-31],[-11,-26],[10,-54],[-6,-31],[5,-89],[19,-30],[70,-35],[8,-32],[-19,-20],[3,-31],[54,-11],[1,-41],[-32,-21],[-10,-22],[29,-27],[4,-25],[-27,-25],[-5,-33],[15,-25],[6,-41],[16,-16],[19,-50],[-14,-57],[14,-53],[25,-41],[-19,-45],[19,-35],[34,-15],[52,-130],[-26,-61],[4,-20],[-13,-76],[7,-28],[-688,57],[-7,-134],[-415,28],[29,520],[-587,51],[-453,46]],[[164046,106902],[7,643],[97,-8],[36,558],[-791,71],[-538,49],[14,242],[-79,10],[-41,33],[3,52],[-43,65],[-34,32],[146,254],[-47,32],[154,268],[-256,175],[-417,-393],[-237,253],[127,100],[48,8],[60,33],[78,31],[33,3],[-346,429],[-272,-267],[-568,693],[-33,-63],[-119,-144],[-38,-37],[-62,-25],[121,-76],[-187,-395],[-218,3],[-92,103],[-292,-286],[-208,250],[-623,32],[13,146],[-474,32],[63,1003],[14,222],[50,704],[46,634],[-930,72]],[[158211,112443],[0,793],[-1,931],[0,770]],[[161600,113145],[35,783],[61,1385],[-258,22],[-324,159],[-51,61],[-90,3],[-438,4],[-36,-1255],[-20,-531],[-35,-32],[32,-49],[64,-25],[118,13],[50,-6],[109,-21],[4,-12],[67,-33],[68,-53],[32,-14],[67,-1],[54,-21],[55,5],[137,-7],[68,-35],[47,-17],[63,-38],[21,-22],[23,-63],[-2,-40],[-28,-67],[5,-25],[51,-53],[51,-15]],[[188982,117955],[-14,-48],[-33,-28],[-26,2],[-7,35],[26,38],[34,14],[20,-13]],[[187514,117232],[40,53],[-2,22],[-61,41],[12,16],[-18,47],[79,75],[16,45],[-19,15],[-17,60],[26,38],[10,45],[45,37],[-6,141],[29,66],[16,7],[-3,52],[28,32],[22,68],[-40,58],[-34,6],[44,59],[-65,38],[-6,28],[48,22],[0,35],[16,18],[7,63],[-46,73],[7,55],[-15,31],[-11,97],[-27,47],[22,38],[-54,27],[-9,51],[-55,38]],[[187493,118876],[47,47]],[[187540,118923],[49,-69],[42,-43],[74,-36],[-3,-40],[9,-54],[44,-79],[26,-9],[13,20],[31,-65],[44,-47],[27,3],[34,-64],[23,-71],[29,-58],[63,-76],[54,-35],[8,-49],[-45,-31],[-10,-44],[9,-42],[63,-67],[-9,-52],[17,-3],[11,50],[24,54],[73,19],[3,17],[41,20],[13,43],[52,47],[49,18],[3,-24]],[[188401,118156],[-21,-25],[15,-39],[-56,-18],[67,-92],[-26,-32],[4,-18],[50,-59],[14,-31],[-17,-37],[-9,-52],[-22,-35],[18,-27],[-18,-80],[16,-16],[-15,-42],[11,-71],[37,-72],[-11,-33],[23,-27],[10,-39],[21,-30],[22,-66],[40,-30],[-3,-20],[26,-60],[48,-63],[52,-115],[-2,-28],[153,-22]],[[188828,116877],[-12,-36],[0,-51],[12,-56],[22,-34],[9,-63],[-7,-50],[10,-42],[44,-26],[14,-42],[28,-53],[18,-103],[32,-115],[46,-105],[42,-60],[16,3],[43,-90],[31,-28],[26,8],[42,-41],[-1,-41]],[[189243,115852],[-42,4],[4,-24],[-59,-63],[-5,-47],[-20,-22],[-16,-51],[-19,-11],[-35,20],[-111,12],[0,-8],[-106,7],[-41,-2],[-7,-51],[-15,2],[-10,-162],[-40,-3],[-27,-41],[-32,14],[-29,67],[-38,38],[-34,-21],[-5,-37],[-44,-4],[-14,-36],[-69,-33],[-40,26],[-58,13]],[[188331,115439],[18,190],[-31,37],[1,35],[-32,74],[2,37],[-23,58],[12,24],[-76,104],[-37,23],[-41,51],[-2,36],[23,53],[4,51],[26,73],[23,37],[-58,74],[1,43],[-24,64],[-26,36],[-7,48],[-36,-10],[-20,-44],[-137,74],[-29,82],[-34,4],[2,165],[-132,14],[18,44],[-21,31],[-36,3],[-23,65],[6,16],[-12,48],[-40,9],[-22,59],[2,25],[-51,29],[-5,31]],[[171617,124228],[26,10],[5,38],[24,14],[13,-28],[-12,-46],[29,-55],[57,-54],[0,61],[39,-3],[14,29],[29,-24],[24,7],[9,-30],[31,3],[-14,-61],[35,2],[54,19],[12,32],[40,-9],[44,-64],[50,-5],[41,-32],[42,12],[616,-60],[666,-63],[87,508],[-14,26],[-78,92],[-9,21],[-45,22],[-24,49],[-23,5],[-18,31],[14,51],[48,26],[46,108],[60,-30],[45,-10],[63,-37],[26,-28],[21,3],[264,829]],[[173954,125587],[382,-692],[183,-332],[1133,-119],[442,-46],[54,643],[665,-68],[477,-49],[-45,-621],[-218,19],[-45,-630],[-390,35],[-38,-623],[-250,19],[-34,-643],[-251,-255],[-33,-274],[34,-16],[22,-33],[47,-97],[44,-47],[76,-38],[71,-5],[48,-39]],[[176328,121676],[44,-43],[76,-101],[-166,-269],[-238,180],[-157,-256],[-64,-544],[-126,-1071],[-91,-1116],[-58,-707],[-333,-507],[56,-59],[77,-33],[22,-62],[48,-62],[45,-26],[86,-87],[18,-36],[35,-22],[72,-1],[-535,-790],[-234,303],[-636,-643],[27,-23],[104,-29],[46,-1],[32,-35],[63,-41],[28,-48],[23,-17],[31,-69]],[[174623,115461],[-8,-7]],[[174615,115454],[-334,-318],[-463,580],[-175,-162],[-440,618],[-432,-404],[198,-264],[-427,57],[12,161],[-585,55],[-14,-167],[-581,64],[-30,-400],[-28,-331],[-94,9],[-15,-302],[231,-14],[-20,-306],[-76,-54],[-35,-7],[-41,44],[-41,8],[-80,-18],[-18,50],[-71,-1],[-41,49],[-43,-15],[-48,-714],[629,-50],[-8,-126],[-280,19],[-19,-316],[46,11],[-19,-234],[-436,46],[7,103],[-322,35],[-32,-458],[-181,27],[-48,-43],[15,-41],[-4,-22],[19,-36],[-7,-21],[20,-28],[2,-53],[-19,-41],[-3,-48],[72,-30],[22,-37],[17,4],[55,-44],[37,-84],[-15,-77],[24,-19],[34,5],[27,-42],[7,-55],[19,-26],[-9,-26],[21,-22],[5,-40],[-4,-62],[16,-65],[58,-29],[18,-48],[26,-13],[18,-60],[45,-21],[5,-40],[28,-47],[26,-11],[9,-81],[-13,-28],[45,-40],[33,-6],[2,-49],[13,-45],[-33,-47],[-9,-40],[19,-35],[-22,-42],[24,-35],[-6,-29],[-28,-3],[-22,-23],[3,-108],[10,-72],[41,-44],[6,-30],[-33,-15],[11,-82],[20,-15],[12,-74],[-14,-19],[60,-47],[212,-22],[-23,-246],[746,-85],[246,-30],[268,-26],[-44,-540],[-48,-587],[-123,11],[-61,-648],[-43,5],[9,-73],[15,-56],[79,-57],[127,-15],[38,16],[45,-3],[23,-15],[30,-49],[43,-37],[52,0],[39,-27],[21,-29],[66,0],[38,500],[613,-51],[39,490],[712,-66],[9,105],[183,-12],[-66,-747],[290,-33],[6,59],[421,-47],[6,123],[204,-17],[-68,-830],[-34,-391]],[[175034,107068],[-793,75],[-31,-316],[-482,54],[8,92],[-506,50],[13,170],[-375,14],[-221,281],[-128,-122],[-106,-109],[4,50],[-32,37],[-12,41],[-52,22],[-26,29],[-41,-3],[-35,46],[-120,-106],[-99,12],[-664,64],[26,311],[-229,17],[-190,60],[-446,64],[-375,52],[10,104],[25,58],[6,63],[-711,55]],[[169452,108233],[-4,64],[-36,-2],[-17,20],[-47,-41],[-296,-269],[-407,531],[-159,-140],[-140,184],[-455,36],[-18,-105],[-3,-129],[-377,27],[-1,2],[-418,33],[13,186],[-1180,95],[-2,-40],[-333,27]],[[165120,115078],[21,15],[37,-9],[29,32],[20,0],[62,-73],[-15,-43],[0,-37],[51,42],[116,-61],[178,-61],[47,-27],[20,-34],[-1,-98],[44,-81],[50,-56],[67,-61],[52,-30],[88,-29],[107,-16],[178,-3],[40,11],[80,5],[53,21],[82,8],[39,16],[55,4],[16,11],[72,12],[37,-29],[10,13],[91,30],[71,6],[127,25],[54,15],[98,6],[70,11],[99,23],[55,22],[81,47],[87,72],[45,27],[55,-32],[22,18],[30,-2],[91,33],[65,31],[190,128],[85,21],[22,-4],[24,26],[117,75],[97,85],[59,70],[0,13],[71,52],[50,30],[28,35],[63,-22],[36,12],[33,60],[59,62],[38,30],[65,16],[99,41],[63,-3],[-4,31],[30,47],[39,43],[3,16],[129,216],[15,15],[8,56],[30,86],[1,32],[21,93],[4,88],[26,54],[-8,37],[15,28],[0,92],[15,94],[37,76],[11,5],[-2,57],[34,52],[26,17],[-8,26],[28,88],[19,35],[-5,24],[15,103],[3,103],[12,33],[-11,112],[-10,58],[-18,52],[24,122],[19,65],[60,124],[86,69],[58,59],[109,150],[97,160],[33,77],[20,73],[-6,45],[13,85],[10,16],[42,-3],[79,55],[101,98],[83,99],[85,113],[55,98],[22,28],[64,158],[15,73],[5,90],[25,68],[1,69],[42,59],[15,56],[27,30],[34,7],[26,-19],[15,38],[-2,28],[28,57],[27,82],[31,66],[17,62],[16,97],[-13,71],[-55,80],[-5,77],[40,48],[19,64],[61,133],[40,156],[24,71],[37,134],[16,97],[-4,80],[28,71],[75,128],[55,105],[49,76],[82,170],[32,85],[6,35],[-5,70],[-77,158],[-25,130],[-16,54],[-27,145],[-28,66],[-46,85],[29,23],[45,-7],[19,16],[-5,41],[50,127],[25,148],[26,373],[5,117],[25,168],[17,84],[-1,50],[25,59],[29,154],[79,338],[40,119],[20,27]],[[189243,115852],[-11,-91],[-19,-99],[1,-54],[10,-37],[40,-48],[-2,-90],[-63,-52],[32,-4],[1,-48],[38,-37],[-1,-23],[37,-56],[8,-48],[26,-28],[69,-55],[47,-62],[3,-31],[-26,-6],[-26,-40],[33,-18],[9,56],[25,2],[13,-27],[2,-67],[27,-32],[-12,-26],[33,-57],[-68,-68],[-42,-70],[-27,-58],[-34,-154],[1,-76],[13,-66],[17,-46],[-16,-27],[-49,-48],[-13,-26],[-1,-45],[20,-8],[34,-52],[-23,-58],[21,-53],[4,-40],[31,-23],[-27,-57],[-28,-80],[-12,-67],[1,-118],[-23,-82],[6,-70],[27,-7],[3,-28],[-31,-9],[-86,-99],[-45,-89],[-9,-43],[-49,-55],[-21,-50],[-30,-142],[-86,-163],[-6,-89],[12,-88],[-8,-53],[17,-143],[24,-132],[-7,-42],[38,-77],[40,-40],[49,-22],[1,-26],[31,-38],[26,-49],[66,-55],[2,-33],[59,-72],[20,-44],[59,-45],[33,-13],[5,-19],[33,-8],[18,17],[16,-54],[53,-90],[30,-149],[25,-18],[-23,-46],[12,-12],[85,14],[30,-33],[-46,-34],[3,-61],[55,-4],[44,11],[11,-25],[46,-51]],[[189848,111074],[-75,-82],[-13,-36],[-29,-24],[-34,-6],[1,-22],[-29,-18],[-15,34],[-56,32],[-35,-7],[-131,49],[-24,55],[25,47],[-30,29],[0,24],[-26,41],[-12,43],[-40,9],[-1,49],[31,33],[-14,52],[9,25],[-30,16],[-29,47],[-42,-11],[-82,37],[-24,-7],[-38,37],[-39,-16],[-61,13],[-37,-21],[-67,-15],[-83,12],[-56,132],[-53,-27],[-16,3],[-79,-68],[-41,-51],[-71,-47],[-24,33],[-64,-25],[-69,-2],[-23,18],[-27,-22],[-27,17],[2,72],[-31,38],[-16,-34],[-50,-18],[-6,-59],[-18,5],[-20,35],[-52,-23],[-26,25],[-18,-8]],[[188033,111487],[-43,5],[6,48],[-17,48],[-83,40],[-14,29],[263,232],[34,-19],[54,18],[-5,22],[28,27],[-2,34],[-24,47],[-23,18],[-9,30],[16,27],[9,48],[-56,84],[2,47],[-24,11],[-26,68],[27,33],[-10,48],[-37,22],[-89,85],[-30,-15],[-34,14],[-32,-48],[-43,1],[-36,-40],[-38,6],[-42,30],[-6,43],[26,33],[31,3],[21,52],[-1,80],[15,44],[-25,44],[-44,36],[-17,-5],[-23,-39],[-44,-3],[-32,37],[-67,57],[18,103],[24,11],[-12,33],[0,90],[-53,-2],[-18,22],[-31,8],[0,55],[8,37],[50,23],[-3,58],[32,43],[30,18],[-14,23],[26,24],[12,40],[20,10],[34,-8],[30,34],[-8,28],[24,37],[-22,27],[2,53],[16,21],[-21,69],[-17,22],[-12,50],[-26,27],[-37,1],[-14,120],[5,41],[19,32],[-62,77],[-38,3],[-39,19],[-31,-17],[-43,33],[-45,-7],[-43,52],[-28,4],[17,185],[287,61],[-41,87],[10,24],[36,12],[28,42],[4,48],[-59,46],[-20,49],[54,-5],[20,-40],[31,6],[23,-43],[18,37],[28,22],[23,-7],[21,51],[38,418],[33,13],[56,-18],[36,32],[0,36],[-33,19],[-25,36],[-12,38],[7,66],[-28,42],[452,-51],[5,50]],[[189767,111201],[-9,-47],[-60,-3],[1,48],[53,18],[15,-16]],[[189692,111300],[-13,-22],[-52,-15],[13,40],[52,-3]],[[189642,111326],[-22,39],[23,17],[17,-19],[-18,-37]],[[189569,112450],[1,69],[11,39],[44,5],[38,-26],[27,-53],[-49,-53],[-45,3],[-27,16]],[[189627,111607],[26,-47],[-9,-64],[13,-28],[-6,-42],[-49,29],[-16,61],[-23,36],[-40,96],[47,-22],[22,-22],[35,3]],[[189669,111406],[-6,59],[-12,38],[15,64],[24,-58],[19,-23],[-4,-57],[10,-74],[-24,-12],[-35,48],[13,15]],[[189651,111420],[-13,-37],[-30,22],[15,32],[28,-17]],[[189540,113187],[-32,24],[37,23],[-5,-47]],[[189914,111928],[-20,16],[-8,41],[-36,45],[15,30],[-4,52],[-23,33],[10,36],[-34,43],[13,76],[32,-45],[29,-13],[39,-57],[50,-14],[42,1],[68,18],[17,17],[34,-44],[-35,-32],[-40,-99],[-37,-128],[-3,-73],[56,-36],[-2,-34],[45,-29],[1,-37],[17,-30],[50,5],[48,-36],[22,-57],[6,-40],[-55,-19],[-4,-44],[47,-11],[12,-40],[33,-26],[23,-1],[-32,-68],[-28,4],[-11,-50],[-25,-26],[-8,-58],[14,-50],[-12,-55],[-56,-19],[-27,-18],[-35,6],[-24,22],[-41,-9],[-111,2],[-109,53],[0,25],[-36,90],[-32,25],[-13,33],[10,116],[15,30],[-22,95],[-21,25],[-18,46],[-56,54],[-48,96],[-49,86],[-25,20],[-42,10],[-55,31],[-32,41],[-43,25],[-50,74],[-28,23],[-36,64],[51,18],[49,29],[43,14],[15,-12],[59,8],[15,-23],[68,-23],[35,-50],[30,-23],[64,-15],[40,-31],[14,-26],[107,-27],[28,-34],[60,-16]],[[189836,112007],[44,-26],[11,-42],[-43,23],[-12,45]],[[189626,113382],[-34,49],[-47,4],[-49,66],[31,51],[32,-34],[71,-53],[8,-24],[-12,-59]],[[201907,91771],[31,-57],[28,-23],[66,-1],[51,-90],[13,-130],[14,-33],[0,-36],[-39,-115],[19,-50],[45,-26],[5,-66],[51,-58],[42,-30],[62,-31],[62,-46],[24,-115],[-6,-52],[-38,-14],[-9,-41],[13,-21],[50,-17],[32,-31],[438,134],[19,39],[58,46],[46,-14],[25,3],[66,-24]],[[203075,90872],[16,-22],[43,-31],[61,8],[23,-16],[16,-71],[-11,-8],[-20,-97],[-27,-32],[-4,-56],[-18,-33],[9,-35],[-18,-46],[-6,-54],[-43,-89],[43,-45],[-11,-40],[38,-20],[25,2],[29,-31],[41,-27],[-11,-36],[12,-44],[-24,-31],[-1,-67],[11,-48],[-17,-21],[3,-39],[-12,-37],[43,-18],[73,32],[25,-39],[28,-18],[-1,-47],[13,-79],[19,-30],[13,-157],[-31,-18],[-28,-32],[-23,-9],[-38,-71]],[[203315,89320],[-31,35],[-151,-66],[-82,-24],[-129,-69],[-23,46],[-45,-13],[-13,-57],[24,-103],[-4,-72],[23,-15],[51,29],[35,9],[33,-8],[39,-62],[-24,-60],[34,-10],[38,5],[53,20],[48,-31],[33,35],[53,-2],[22,87],[-32,54],[131,76]],[[203398,89124],[23,13],[146,-283],[-234,-133],[31,-98],[16,-124],[18,-25],[40,-2],[75,53],[109,100],[81,25],[110,43],[58,3],[53,-30],[21,-28],[9,-48],[-39,-285],[48,-7],[7,-49],[25,-19],[-6,-31],[40,-12],[13,-56],[53,-21],[-2,-45],[20,-26],[50,-25],[24,-26],[70,-31],[-1,-31],[23,-10]],[[200253,80419],[-13,-29],[-27,8],[-33,-19],[-46,1],[-26,-22],[-90,11],[-16,38],[-35,-16],[-116,22],[-71,35],[-16,48],[-49,-20],[-26,28],[-59,19],[-40,46],[-15,31],[-67,18],[-70,55],[-4,46],[-23,15],[30,195],[25,21],[22,45],[32,15],[-1,24],[46,35],[-53,136],[-68,-36],[-74,46],[-32,-31],[-68,6],[-9,-53],[-35,-58],[-17,-11],[-51,56],[-38,62],[-39,21],[-28,-3],[-99,32],[-28,44],[-34,24],[-66,34],[-47,-20],[-62,37],[-76,10],[-60,-13],[-58,-3],[-44,8],[-40,-9],[-49,-31],[-69,4],[-33,17],[-22,-6],[-24,-38],[-20,2],[-36,58],[-21,13],[-55,6],[-15,30],[-31,15],[-23,-6],[-40,16],[-16,39],[-41,11],[-42,33],[-79,-9],[3,36],[-52,98],[6,69],[-13,22],[-58,35],[-57,77],[-96,94],[-6,60],[-82,63],[-12,27],[-42,-8],[-69,11],[-24,-22],[-55,2],[-40,100],[-20,0],[-41,79],[-49,6],[-20,84],[-67,20],[-53,71],[-36,115],[7,42],[-18,46],[9,57],[-36,33],[-11,49],[-21,39],[-50,27],[-57,-8],[-62,55],[-36,9],[-35,-12],[-84,79],[-82,-7]],[[196464,82950],[-19,45],[-35,50],[-85,68],[-7,33],[22,61],[-40,41],[-32,4],[-9,36],[-48,55],[-48,27],[-36,7],[-39,28],[-23,64],[-40,47],[-37,12],[3,39],[-17,34],[-49,-9],[-78,28],[-56,-36],[-52,44],[-44,-7],[-22,8],[-61,-19],[-39,-43],[-15,-33],[-43,-12],[-11,-32],[-59,-19],[-24,-40],[-27,16],[-84,-4],[-27,-26],[10,-88],[-63,-30],[-52,-5],[-36,-30],[-60,-29],[-36,-41],[-17,-37],[-69,8],[-8,66],[-31,-8],[-30,15],[-32,-26],[-59,-29],[-47,30],[9,-51],[-29,-43],[-19,-10],[-18,-82],[-22,-45],[-37,-11],[-77,-2],[-141,-11],[-90,22],[-59,24],[-32,-4],[-11,-22],[-76,5],[-32,19],[-89,-6],[4,-43],[-54,-11],[-35,-48]],[[193908,89688],[-4,104],[36,23],[-28,60],[-29,44],[15,66],[13,21],[-53,36],[-12,60],[-38,55],[-5,117],[5,35],[34,15],[32,47],[35,11],[43,-8],[65,10],[40,25],[56,21],[43,-17],[76,47],[6,23],[42,23],[30,41],[13,38],[40,16],[25,40],[40,26],[24,-1],[26,31],[25,10],[22,55],[49,38],[16,28],[48,-3],[40,62],[-8,42],[4,74],[-8,27],[56,31],[30,39],[52,10],[-88,120],[28,66],[187,-103],[4,76],[27,14],[-23,50],[51,69],[56,5],[19,168],[34,-5],[9,64],[28,8],[-4,65],[46,-5],[17,-35],[-11,-20],[28,-57],[18,3],[37,-35],[82,25],[7,33],[80,6],[33,-12],[26,25],[11,99],[132,109],[27,2],[47,27],[12,48],[18,12],[35,64],[42,33],[16,52],[22,30],[104,77],[90,-9],[43,20],[58,56],[22,13],[72,14],[47,55],[28,87],[-15,27],[34,26],[36,-6],[101,53],[40,3],[39,18],[34,-13],[35,50],[8,35],[-9,37],[28,46],[30,23],[28,-9],[-4,-43],[31,-88],[82,-15],[24,-11],[39,-47],[-1,-35],[13,-96],[25,-7],[63,-45],[17,-22],[70,-45],[87,-9],[44,17],[24,-65],[75,-15],[26,-32],[33,5],[45,35],[62,-4],[71,21],[17,24],[14,141],[36,7],[59,-4],[24,24],[42,15],[65,-8],[4,14],[53,-4],[67,22],[50,-3],[104,-176],[14,-8],[-10,-87],[-10,-36],[-56,-64],[-30,7],[-30,-14],[-23,-30],[-8,-41],[-70,-63],[-11,-20],[-47,-36],[-26,-54],[-21,-6],[-22,-46],[5,-31],[38,-61],[-6,-37],[35,-6],[25,-38],[80,-140],[314,217],[197,145],[322,-43],[-3,-32],[0,-154],[44,-99],[-38,-38],[29,-28],[15,-76],[30,-6],[41,30],[35,-18],[19,-63],[-7,-58],[57,-10],[-46,-302],[-98,-195],[65,-8],[174,-138],[-228,-321],[67,-53],[-271,-242],[-36,-182],[15,-1],[168,-71],[78,-143],[-78,-122],[87,-272],[-192,-160],[6,-87],[-7,-57],[11,-54],[46,-25],[33,15],[16,-15],[73,13],[33,90],[31,-7],[25,-40],[53,8],[48,24],[27,48],[0,21],[32,46],[6,49],[-7,88],[78,11],[94,118],[81,37],[19,42],[-53,6],[-61,23],[14,29],[7,53],[57,19],[62,62],[2,22],[-23,37],[-5,44],[28,46],[67,23],[28,1],[31,-83],[11,-52],[65,-7],[46,37],[4,86],[74,1],[11,-44],[67,-38],[28,-35],[53,34],[50,15],[50,46],[17,26],[5,110],[-11,49],[-41,24],[-41,85],[4,29],[23,10],[12,70],[38,25],[32,2],[-3,30],[27,22],[25,-35],[43,-25],[62,-16],[42,14],[7,26],[-22,21],[23,31],[68,3],[12,13],[18,70],[-21,30],[44,64],[45,6],[-10,27],[38,12],[30,-6],[27,39],[21,50],[33,35],[-3,71],[-57,16],[-15,16],[13,58],[-47,7],[-18,16],[14,50],[-21,28],[3,37],[27,26],[80,19],[96,29],[35,43],[20,44],[57,14],[104,-13],[115,24],[52,-29],[86,17],[99,31],[26,15],[50,-10],[37,16],[46,107],[56,86],[19,90],[26,42],[37,-6],[141,81],[-3,68],[59,54],[26,72],[22,30],[29,2],[33,26],[4,25],[-17,44],[5,24],[71,-5],[27,11],[57,-7]],[[202400,88770],[115,-15],[20,159],[-113,18],[-22,-162]],[[203410,88261],[24,26],[32,61],[-2,35],[-39,49],[-185,25],[-5,-40],[33,-4],[-18,-124],[160,-28]],[[201720,84112],[18,-66],[220,-28],[62,88],[18,-9],[25,66],[-145,70],[-10,-70],[-36,-19],[-145,32],[-7,-64]],[[202393,86888],[-368,-600],[27,-40],[-9,-48],[-106,-94],[-41,-77],[-56,-73],[76,-135],[6,-44],[41,3],[40,37],[13,-4],[140,33],[82,25],[53,25],[18,24],[13,73],[35,23],[32,36],[32,73],[5,268],[9,63],[2,126],[-10,166],[26,88],[-33,5],[-27,47]],[[194143,102684],[-11,-72],[-24,-60],[-116,-50],[-41,-40],[-28,-112],[4,-32],[36,-75],[-7,-48],[-41,-43],[-14,-30],[-20,-122],[-20,-21],[-29,-3],[-60,-66],[-38,-51],[-52,13],[-21,22],[-30,-1],[-19,-46],[-51,-29],[-10,-24],[-58,-32],[-2,-53],[-27,-25],[-25,-48],[-6,-35],[-27,-38],[-28,0],[-60,47],[-34,15],[-71,4],[-33,-23],[-42,-45],[-50,15],[-31,81],[-27,20],[-59,-23],[-46,21],[-25,24],[-12,50],[-36,15],[-138,-60],[-12,-17],[2,-49],[24,-64],[24,-40],[-12,-48],[-26,-19],[-42,-11],[-16,-55],[14,-60],[4,-54],[-21,-120],[-62,-45],[-90,-24],[-13,-18],[-6,-58],[-22,-53],[-33,-15],[-50,-5],[-46,-44],[-19,-2],[-37,23],[-38,-72],[42,-151],[-6,-56],[-18,-49],[37,-65],[-15,-40],[3,-32],[-34,-43],[-2,-31],[38,-86],[13,-73],[37,-100],[0,-38],[28,-48],[-6,-37],[-84,-111],[-2,-43],[12,-31],[-7,-71],[-29,-37],[7,-22],[-13,-75],[-12,-28],[49,-79],[4,-83],[36,-58],[8,-46],[31,-52],[-55,-45],[-3,-46],[71,-105],[42,-27],[40,-1],[76,-35],[20,-28],[68,-5],[42,-55],[-3,-46],[24,-71],[-11,-70],[-25,-33],[-38,-10],[-70,-76],[-41,-17],[-27,-40],[-24,-69],[-36,-30],[-48,-22],[-2,-49],[-25,-41],[-8,-49],[33,-76],[53,-60],[9,-44],[44,-28],[8,-56],[-31,-68]],[[192437,97967],[-81,-87],[-28,-37],[-37,-66],[16,-63],[-42,-39],[-28,-43],[-25,-81],[-40,-47],[15,-57],[-21,-55],[6,-61],[-4,-129],[-299,28],[-58,19],[-47,6],[-43,24],[-55,2],[-42,22],[-156,48],[-9,43],[29,75],[-632,70],[-9,-88],[11,-9],[-17,-257],[-17,-146],[-143,53],[-195,22],[-212,409],[23,229],[-754,79],[-70,-61],[-149,18],[-36,-438],[-23,-353],[-35,-524],[221,-21],[-31,-384],[357,-33],[-39,-436],[-497,45],[-19,-128],[-106,14],[-31,-359]],[[187170,97136],[26,367],[-333,37],[45,461],[-409,34],[-8,-60],[-81,9],[-22,-12],[-21,17],[-238,26],[50,54],[59,89],[-3,78],[-38,60],[-66,193],[-19,47],[-31,109],[25,152],[-49,14],[22,166],[28,286],[-135,12],[-13,221],[-141,134],[-31,129],[179,-15],[30,398],[-245,20],[22,321],[56,727],[-4,15],[25,417],[-354,27],[1,36],[-53,49],[-77,84],[-59,37],[-48,53],[-37,66],[-21,15],[-54,88],[10,61],[-20,41],[-10,54],[-32,30],[-75,47],[-9,41],[-35,3],[-16,-17],[-39,15],[-9,19],[-55,22],[-34,-17],[-18,71],[-32,36],[24,66],[62,60],[-101,9],[13,153],[-340,176],[22,69],[24,133],[-7,44],[-39,64],[2,73],[15,55],[64,81],[-5,41],[-103,160],[-159,175],[8,104],[-7,6],[13,165],[-430,36],[13,132],[-173,260],[-6,-99],[-110,2],[-46,16],[-81,153],[-258,-2],[-23,-43],[-23,3],[-5,-55],[-59,6],[-45,-11],[-78,-1],[-48,112],[-32,19],[0,21],[-55,32],[38,500],[77,924],[-271,125],[-92,20],[-86,8],[-58,-12],[-33,24]],[[182376,106307],[40,30],[27,304],[162,-18],[27,341],[68,-27],[69,-3],[243,-46],[67,-27],[25,337],[449,-40],[27,273],[74,-8],[6,59],[16,43],[38,49],[207,202],[244,258],[81,-109],[233,196],[-29,14],[-50,6],[-67,-26],[-78,63],[-227,577],[-59,51],[-7,41],[36,264],[319,285],[-173,233],[242,213],[-14,35],[5,41],[-13,35],[-41,49],[-55,-33],[-47,54],[-28,0],[-50,29],[-5,41],[12,22],[-20,22],[174,182],[-88,100],[-432,52],[31,271],[53,552],[52,554],[207,-22]],[[184127,111826],[74,-166],[125,-10],[133,-58],[47,-4],[33,16],[27,-2],[-14,-134],[-27,-36],[-24,-128],[-6,-246],[168,-19],[-8,-90],[176,-21],[-14,18],[5,76],[115,-13],[-18,28],[23,71],[29,-19],[14,18],[-5,35],[23,22],[14,-35],[6,-54],[30,-23],[-3,-55],[256,-28],[15,-31],[-9,-28],[16,-98],[38,-23],[47,-1],[15,-27],[28,4],[16,-29],[40,-9],[69,55],[33,-7],[22,-35],[-11,-34],[35,2],[-4,38],[69,84],[17,55],[33,26],[34,65],[14,2],[7,73],[-40,4],[-4,21],[36,75],[1,102],[-9,12],[11,62],[-71,75],[-14,69],[2,38],[-48,-14],[-56,39],[-7,60],[8,42],[21,18],[35,-32],[27,1],[20,60],[21,19],[107,-12],[3,8],[279,-32],[-31,-318],[102,-12],[-28,-42],[89,-71],[-21,-37],[235,-318],[100,-149],[24,23],[399,-53],[21,505],[477,-64],[350,-52],[-2,37],[-24,41],[77,22],[37,58]],[[187957,111236],[25,-61],[133,-112],[-72,-100],[46,-39],[72,101],[88,-134],[-9,-55],[13,-34],[43,-52],[29,-19],[1,-41],[40,-69],[-46,-27],[-86,56],[3,32],[-58,6],[-13,-128],[39,-5],[10,-38],[44,-5],[-55,-579],[-24,-9],[-14,-43],[27,-17],[14,-27],[-5,-34],[-34,-2],[-6,-109],[-54,-11],[-7,-48],[39,-15],[47,-48],[-4,-51],[71,-6],[18,10],[52,-26],[18,-58],[70,-17],[37,11],[-4,-58],[271,-31],[10,99],[36,-14],[17,10],[24,-26],[6,-29],[24,-25],[42,7],[61,-14],[27,15],[31,-37],[5,-84],[27,-43],[27,-19],[21,37],[54,-36],[39,11],[40,50],[28,-11],[46,-60],[49,-14],[32,-27],[31,-11],[57,42],[54,1],[37,-18],[16,20],[50,-56]],[[189607,109112],[-36,-2],[-42,-21],[-9,-42],[11,-37],[107,-238],[70,20],[22,-25],[66,2],[38,10],[48,-8],[-1,-28],[35,-22],[-25,-25],[11,-21],[-29,-31],[131,-19],[35,-64],[43,-33],[60,-70],[23,-50],[-7,-57],[31,-17],[22,-51],[30,3],[15,28],[24,-23],[48,21],[72,-12],[19,-25],[10,-39],[25,-46],[28,-19],[-11,-31],[-29,-33],[31,-30],[7,-68],[33,-26],[35,-9],[15,-47],[21,-27],[-3,-42],[-66,-64],[19,-22],[-31,-49],[49,-31],[34,-85],[-45,-25],[-18,-36],[33,-6],[12,20],[29,-5],[2,-45],[45,2],[26,-18],[0,-30],[60,-39],[-58,-46],[1,-27],[66,-29],[-10,-56],[23,-15],[18,-67],[80,0],[32,-13],[27,-49],[30,-6],[15,-57],[28,0],[14,33],[40,-20],[8,-32],[48,-44],[21,16],[-10,43],[28,12],[-10,-71],[24,-77],[-25,-77],[61,-43],[15,-73],[-4,-71],[13,-88],[-30,-7],[-22,-29],[-31,-7],[6,-45],[-33,-52],[-42,-24],[-6,-79],[24,-5],[-27,-67],[11,-33],[44,-85],[-7,-39],[-1,-125],[20,-25],[-28,-51],[17,-65],[-61,-21],[701,-98],[285,-31],[177,-23],[-36,-116],[-1,-49],[66,14],[43,-13],[89,-44],[43,-1],[51,-21],[44,-43],[37,0]],[[211928,76730],[-36,-64],[-306,41],[13,31],[29,14],[8,53],[18,18],[34,-21],[13,30],[-12,25],[24,47],[48,-31],[25,37],[30,-27],[-35,-45],[53,-4],[27,27],[42,-7],[-44,-83],[30,-32],[24,26],[15,-35]],[[169452,108233],[38,-17],[46,-53],[2,-33],[-17,-23],[0,-38],[17,-27],[33,-8],[3,-47],[14,-33],[40,-24],[-4,-29],[31,-16],[7,-48],[51,-72],[1,-46],[26,-42],[-66,-17],[-31,-70],[27,-53],[-1,-25],[21,-30],[-11,-85],[-19,-12],[13,-45],[23,-10],[-14,-41],[25,-52],[7,-46],[20,-42],[42,-47],[-19,-26],[1,-46],[28,-29],[7,-33],[59,-38],[17,-22],[-37,-40],[16,-64],[-8,-37],[25,-35],[5,-38],[37,-41],[-123,-141],[27,-134],[-262,-110],[-16,-255],[-300,22],[-20,-23],[-422,50],[-14,-37],[14,-36],[4,-50],[-13,-26],[-29,-18],[315,-184],[-12,-222],[261,-21],[-43,-723],[91,-8],[2,-8],[-445,-402],[315,-438],[46,25],[87,27],[373,-494],[-312,-278],[-25,-25],[-3,-30],[125,-6],[328,-41],[22,8],[156,-21],[25,-8],[-58,-85],[-20,-52],[-9,-50],[8,-48],[-75,-41],[-37,-10],[-46,-32],[-16,-188],[41,-238],[53,-127],[8,-135],[164,-207],[-19,-241],[-427,62],[-25,-17],[-17,-54],[16,-46],[-26,-83],[12,-51],[-20,-40],[9,-56],[-8,-50],[4,-63],[-31,-61],[-55,-17],[-21,-56],[-37,-68],[-8,-44],[-62,-118],[-28,-5],[-15,-24],[-41,2],[-35,-27],[-13,-30],[-46,-37],[3,-33],[-76,-89],[10,-81],[21,-44],[-3,-22],[-34,-26],[21,-67],[54,-89],[-2,-43],[-48,-26],[-7,-58],[-24,-52],[172,-10],[-32,-474],[-118,8],[-4,-63],[-107,-364],[14,-113],[284,-22],[-25,-431],[-65,5],[-11,-164],[-187,21],[-29,-287],[96,-31],[38,6],[34,-7],[23,-68],[35,-77],[22,-88],[34,-64],[32,-47],[44,-94],[42,-38],[63,-75],[22,-17],[59,-112],[40,-90],[3,-39],[25,-64],[-37,3],[-109,-324],[-3,-64],[21,-93],[-10,-172],[-129,-169],[-95,8],[-18,-261],[79,-14],[-95,-182],[-6,-91],[222,-17],[-12,-133],[-104,-350],[105,7],[14,-5],[260,-23],[33,482],[16,217],[268,-38],[-2,-115],[948,-48]],[[170944,95898],[-97,-217],[-1,-93],[26,-61],[-3,-93],[16,-74],[-368,30],[-60,-856]],[[164196,100467],[653,-22],[28,557],[24,-1],[25,497],[212,-18],[7,171],[234,-6],[128,-8],[29,39],[27,13],[-3,52],[11,31],[-9,60],[-98,121],[16,79],[-31,61],[-37,28],[-3,74],[-9,33],[5,62],[24,7],[28,67],[-13,148],[92,-15],[27,-71],[38,-10],[10,-18],[78,0],[33,-26],[77,-143],[71,-57],[51,-73],[92,-36],[25,12],[-32,51],[-30,72],[9,90],[3,88],[13,134],[-39,68],[-149,71],[-98,14],[-20,27],[15,46],[25,16],[-5,37],[-38,49],[12,46],[-5,116],[12,38],[-14,40],[35,59],[19,47],[46,-2],[45,82],[-23,57],[5,55],[25,28],[-41,45],[-8,44],[-83,17],[-43,-14],[-45,4],[-157,-65],[-76,-7],[-30,-20],[-36,16],[-51,-1],[-137,17],[-248,-55],[-8,31],[0,70],[33,50],[-3,30],[-40,35],[5,16],[187,-16],[18,300],[22,393],[11,253],[40,-2],[6,390],[2,340],[-40,4],[3,46],[-260,13],[-11,-239],[-238,31],[-576,77],[72,434],[-241,24],[44,892],[18,355],[108,-10]],[[179728,133401],[5,-46],[-2,-78],[-43,-136],[-21,-93],[-5,-65],[13,-18],[3,-52],[15,-27],[-3,-57],[-51,-85],[-45,-95],[-38,-143],[-17,-112],[-1,-166],[-6,-94],[-11,-91],[-36,-86],[-7,-43],[13,-57],[18,-29],[8,-71],[24,-69],[48,-78],[44,-31],[18,-32],[18,-63],[41,-41],[32,-107],[-2,-66],[6,-45],[27,-55],[18,-55],[11,-62],[21,-54],[40,-73],[20,-24],[60,-44],[43,-47],[57,-39],[14,-45],[3,-77],[23,-96],[14,-24],[4,-96],[10,-49],[2,-53],[22,-67],[-7,-77],[5,-69],[-12,-109],[6,-47],[24,-96],[38,-98],[35,-64],[20,-67],[3,-30],[52,-247],[21,-60],[56,-129],[73,-134],[85,-116],[79,-77],[20,-12],[79,-73],[34,-24],[79,-35],[83,-15],[102,8],[29,-19],[13,-27],[33,-5],[46,41],[88,-12],[133,34],[43,-11],[23,36],[95,42],[133,92],[67,77],[58,99],[22,14],[33,-12],[22,19],[13,47],[66,36],[8,41],[41,56],[52,91],[22,115],[3,72],[-16,16],[14,73],[-20,64],[58,2],[23,30],[63,-65],[45,21],[35,-37],[31,-64],[28,-38],[64,-33],[27,23],[82,-45],[71,6],[54,21],[42,29],[8,21],[70,9],[46,53],[35,24],[60,12],[57,23],[61,56],[47,56],[28,45],[18,48],[60,112],[24,90],[17,28],[45,-15],[34,5],[29,-15],[3,-29],[44,-51],[10,-56],[24,-39],[31,-25],[22,-61],[25,2],[35,-31],[11,-58],[18,6],[53,-55],[-2,-31],[-39,-104],[-19,-75],[18,-30],[-4,-55],[12,-12],[-6,-98],[14,-48],[43,-8],[33,28],[42,-14],[29,4],[77,39],[14,-27],[-8,-53],[-32,-44],[-63,-175],[-18,-94],[11,-52],[-13,-81],[24,-65],[50,-41],[69,-36],[60,-95],[29,-93],[20,-27],[118,-36],[-1,18],[70,2],[62,12],[20,24],[33,-20],[46,29],[9,-52],[4,-112],[12,-41],[57,-28],[46,2],[31,-41],[53,3],[33,-30],[120,12],[42,-8],[11,16],[70,-3],[32,-18],[13,-64],[34,-39],[-3,-69],[21,-59],[63,3],[26,-49],[6,-37],[-14,-55],[20,-168],[19,-3],[44,-49],[78,-14],[23,-16],[27,13],[-6,-62],[23,-45],[51,-27],[6,-49],[135,-28],[47,9],[40,-30],[39,8],[26,-21],[34,-50],[34,-30],[27,-1],[50,-34],[23,9]],[[185664,127163],[13,-32],[-59,-623],[154,-19],[-30,-325],[-95,10],[-5,-57],[10,-27],[6,-83],[42,5],[5,36],[29,17],[24,-16],[-12,-142],[82,-9],[15,-21],[-33,-27],[-6,-46],[-63,-3],[-22,-11],[-88,-1],[-61,-25],[-94,5],[-22,26],[-23,-514],[-85,-5],[-4,-46],[-101,12],[-10,-112],[36,-6],[-5,-59],[95,-13],[-12,-140],[-66,7],[-4,-59],[-32,-66],[31,-48],[-5,-24],[17,-31],[24,-8],[5,68],[57,-6],[-5,-67],[65,-6],[2,30],[152,-14],[12,153],[96,-10],[-13,-161],[21,-29],[-152,15],[-37,-5],[-5,-67],[48,9],[96,-4],[2,16],[65,-6],[45,-15],[22,-29],[18,35],[63,-3],[-3,-22],[36,-9],[48,43],[92,-125]],[[186040,124474],[9,-65],[29,-5],[29,12],[25,-20],[2,-48],[30,-4],[22,-98],[25,-19],[-24,-35],[-21,-64],[-8,-62],[10,-23],[34,-23],[20,-52],[47,3],[19,28],[55,-63],[-1,-36],[11,-67],[36,-22],[-12,-43],[-39,-14],[-7,-27],[18,-84],[-27,-43],[20,-49],[60,-42],[2,-55],[42,-78],[25,-19],[4,-24],[36,-74],[21,-128],[-4,-40],[11,-19],[-16,-64],[-32,-62],[-14,-60],[15,-45],[7,-70],[16,-13],[40,1],[17,-27],[-44,-105],[-37,-128],[-2,-47],[28,-83]],[[186517,122369],[-65,-46],[-4,-28],[-47,-35],[-28,16]],[[186373,122276],[-26,30]],[[186347,122306],[-92,28],[-37,40],[-9,78],[-106,-132],[-28,25],[-6,43],[-34,-8],[-57,1],[-27,-11],[-37,-50],[-40,-8],[-41,24],[-29,-15],[-56,42],[-35,-28],[-31,10],[-43,-45],[9,-64],[-10,-7],[-51,28],[-68,2],[-3,-25],[-63,-31],[-49,-34],[17,-31],[0,-31],[-30,-53],[-5,-45],[11,-102],[35,-5],[16,-41],[24,-31],[-2,-110],[10,-29],[-14,-26],[5,-53],[-32,-47],[10,-54],[-45,-60],[-8,-30],[-44,-5],[-14,-20],[-9,-55],[-38,-33],[-81,53],[-53,21],[-43,-46],[-40,-20],[30,-29],[-39,-31],[3,-61],[18,-22],[46,3],[10,-34],[41,-11],[-24,-29],[44,-48]],[[185203,121054],[-36,-18],[-44,-72],[1,-21],[-30,-31],[9,-47],[-32,-11],[-41,-59],[28,-30],[5,-36],[30,-39],[5,-51],[-50,-42],[-37,-14],[-40,-49],[-52,7],[-18,-31],[-31,1],[-39,34],[-28,7],[-50,-15],[-37,-50],[-21,8],[-13,57],[-19,37],[-26,-9],[-63,-93],[-45,-35],[-24,-30],[-47,10],[-31,26],[-16,58],[-21,21],[-31,71],[-63,86],[-52,38],[7,45],[-9,37],[-23,16],[-12,40],[-116,9],[-55,41],[-19,-7],[-7,-59],[-49,2],[-30,-141],[14,-55],[-15,-60],[-42,-38],[-91,31],[-47,37],[-58,-20],[-29,12],[-18,27],[-129,62],[-18,39],[-72,-19],[-3,-25],[-46,-15],[-25,23],[-38,-1],[-56,-47],[-13,-55],[26,-8],[27,-75],[-24,-41],[-72,-25],[-23,30],[-46,0],[-61,46],[-60,29],[-48,-47],[-23,7],[-28,-29],[-37,-12],[-32,10],[-2,37],[-28,39],[-36,26],[-13,43],[-89,63],[-40,49],[-32,15],[-36,-20],[-27,-37],[-17,-66],[-39,-62],[-27,-7],[-20,-36],[-33,0],[-63,63],[-32,-24],[-2,-25],[-31,-4],[-26,-29],[-30,0],[-10,52],[-33,17],[-9,29],[-22,14],[9,32],[-8,84],[-12,36],[-62,79],[-38,8],[-38,-16],[-41,15],[1,31],[-32,6],[-26,42],[-15,65],[-24,22],[-20,38],[-35,128],[-61,18],[-18,148],[6,32],[-50,-7],[-26,43],[-20,-4],[-25,25],[-62,-7],[-9,-23],[-42,-34],[-61,-16],[-36,23],[-60,14],[-38,45],[-58,19],[-67,36],[-31,-1],[-59,34],[-61,-52],[-2,-28],[-72,-43],[-21,37],[-26,3],[-18,48],[-19,-9],[-49,33],[-35,13],[-8,-38],[-61,-57],[2,-27],[-39,-4],[-46,19],[-37,-22],[-33,-37],[-18,-37],[-88,-19],[-39,1],[-9,-27],[-34,16],[-25,-20],[-26,25],[-71,25],[-28,0],[-31,40],[-20,50],[-33,-3],[-45,15],[-36,28],[-39,5],[-25,30],[-23,-14],[-29,57],[-28,16],[-24,45],[18,32],[-6,29],[-39,15],[-75,-11],[-44,13],[-23,-18],[-41,9],[-43,-18],[-36,10],[-117,-52],[-12,-15],[-48,23],[-63,10],[-25,27],[-40,6],[-37,36],[-36,10],[19,46],[-18,15],[-74,0],[-35,39],[-24,6],[-14,-30],[-59,-19],[-38,45],[-45,13],[-94,-8],[-97,-47],[-70,-51],[-73,-42],[-18,-31],[-32,-3],[-57,-37],[-81,-9],[-23,-28],[-50,-21],[-48,-9],[-114,25],[-34,24],[-61,-22],[-78,-12],[-30,6],[-105,-10],[-34,13],[-167,-34],[-25,-16],[-45,2],[-84,93],[-36,-21],[-28,7],[-70,52],[-116,29],[-119,-1],[-77,-34],[-30,2],[-86,-10],[-72,7],[-72,21],[-130,3],[-42,-7],[-77,28],[-102,-16],[-58,-49],[-48,42],[-27,2]],[[173954,125587],[126,396],[34,489],[-2,15]],[[174112,126487],[28,357],[-101,366],[-306,496],[-161,921],[22,156]],[[174242,136254],[43,150],[73,368],[10,38],[1402,-101],[14,199],[-319,576],[-5,-23],[-43,-5],[-18,-27],[-97,44],[-29,-24],[-30,-6],[0,-44],[-54,12],[-15,-76],[-18,0],[-73,45],[-51,108],[-55,30],[-34,34],[-35,61],[6,29],[-49,-15],[3,23],[-34,43],[-17,-35],[-34,22],[-2,63],[-18,25],[2,71],[-36,24],[-4,21],[-66,40],[-3,38],[-39,2],[-9,38],[-66,-38],[-25,11],[-100,-20],[-63,17],[-31,-52],[-42,4],[-41,-21],[-16,-22],[-63,12],[-4,-44],[-56,0],[-20,20],[10,28]],[[174091,137897],[291,422],[60,77],[-556,-3]],[[173886,138393],[-134,-1],[5,-367],[2,-337],[-4,-260],[-172,-326],[-113,10],[7,124],[-22,39],[-45,-89],[-113,-16],[73,-16],[-1,-19],[37,-47],[19,-39],[34,-1],[59,-21],[52,12],[26,-42],[27,-14],[17,44],[26,13],[20,48],[27,5],[25,-33],[27,10],[22,30],[34,-2],[26,17],[56,1],[24,27],[55,-14],[26,8],[17,-22],[66,11]],[[174308,136930],[31,-28],[-121,-77],[-255,-219],[-505,-113],[140,-284],[52,164],[139,-18],[17,-111],[57,-87]],[[173259,136324],[-24,-23],[5,-39]],[[173097,135778],[-165,-2],[-100,-175],[176,-128]],[[172412,134165],[-20,31],[-26,69],[-39,19],[-23,35],[-23,5],[-28,66],[-9,65],[-27,46],[-44,19],[-6,88],[-19,34],[-5,90],[-30,85],[20,90],[-7,67],[6,45],[-20,72],[-35,41],[-34,22],[-21,-14],[-9,64],[-18,32],[30,69],[40,128],[18,7],[60,94],[27,57],[29,32],[11,-34],[40,-8],[37,27],[41,78],[26,10],[35,38],[37,2],[56,18],[40,64],[28,26],[30,5],[32,42],[35,72]],[[172647,135963],[184,-19],[9,389]],[[172978,136595],[29,-8],[25,15],[38,-32],[43,89],[-54,36]],[[173059,136695],[-21,30],[40,41],[2,29],[94,10],[7,107],[19,48],[-12,13]],[[173188,136973],[0,46]],[[173188,137019],[3,32],[-39,74],[-46,33],[4,-126],[-138,-18],[-160,73],[-98,184],[-199,153],[69,79],[-51,-7],[-31,-61],[-34,13],[-23,-8],[-34,-74],[40,-31]],[[172451,137335],[-24,-63]],[[172427,137272],[-68,10],[-30,19],[-33,-2],[-32,29],[17,106],[13,30],[-16,108],[-11,19],[-33,-258],[-10,-238]],[[172224,137095],[-72,-36],[-16,22],[-46,25],[-28,-1],[-36,34]],[[172026,137139],[254,539],[97,-60],[90,8],[91,54],[179,-111],[88,153],[160,211],[15,222],[-411,124],[-32,-11],[35,73],[413,-123],[13,226],[-1,117]],[[173017,138561],[-2,206],[82,32],[137,90],[29,9]],[[173263,138898],[43,-17]],[[173306,138881],[141,-54],[25,123],[-71,294],[73,87],[69,29],[69,-303],[28,28],[-21,126],[61,55],[94,-140],[-14,216],[109,102],[-23,144],[86,47],[62,58],[-23,5],[-57,-17],[-32,0],[-56,18],[-57,-18],[-12,-20],[-2,-87],[-14,-98],[-27,-68],[-2,-25],[-38,-71],[-45,-26],[-20,9],[-36,41],[1,22]],[[173574,139358],[69,91],[-20,26],[-21,85],[-58,85],[-57,63],[-37,19],[-48,-23],[-30,33],[2,123],[12,63],[17,161],[1,43],[19,138],[27,144],[23,82],[37,111],[26,38],[54,36],[14,30],[4,97],[35,144],[15,112],[31,22],[9,106],[64,231],[31,161],[24,64],[38,68],[7,32],[44,123],[31,109],[45,7],[0,42],[-12,38],[32,121],[43,192],[12,23],[-1,81],[24,169],[3,191],[-4,92],[-9,44],[-17,17],[2,31],[22,11]],[[174077,143034],[547,69],[404,51],[-37,125],[-32,71],[6,48],[60,94],[6,143],[-21,72],[-10,76],[0,46],[104,103],[-13,19],[44,38],[4,37]],[[175139,144026],[439,0],[884,0]],[[176462,144026],[22,-39],[-11,-86],[23,-31],[4,-38],[40,-16],[3,-48],[23,-31],[27,-10],[23,-34],[9,-54],[1,-90],[6,-37],[-8,-57],[18,-16],[-5,-34],[28,-61],[2,-43],[-13,-54],[-1,-52],[-27,-103],[-21,-52],[15,-16],[1,-52],[23,-52],[5,-36],[-6,-80],[36,-67],[35,-13],[36,5],[31,-93],[44,-22],[34,-74],[21,-29],[4,-41],[30,-28],[-7,-54],[25,-59],[-79,-126],[-40,-55],[-18,-42],[-16,-89],[-6,-105],[28,-47],[21,-13],[3,-57],[-14,-32],[2,-91],[-6,-118],[37,-81],[28,-40],[-1,-143],[27,-68],[2,-119],[6,-50],[-4,-163],[-4,-43],[12,-114],[-11,-41],[3,-47],[-29,-102],[-4,-65],[10,-46],[-7,-41],[14,-91],[59,-40],[17,-58],[39,-26],[53,9],[36,-81],[47,-37],[28,25],[65,-33],[31,-37],[63,-98],[36,-11],[17,15],[51,-27],[76,-2],[88,15],[95,43],[18,24],[78,48],[25,28],[6,35],[31,-19],[14,-39],[45,4],[76,-59],[25,-4],[3,-98],[40,-39],[26,-78],[28,-29],[174,69],[25,22],[30,-48],[34,-3],[16,-34],[-41,-48],[-24,-10],[-28,12],[-21,41],[-21,-2],[-95,-69],[-28,-91],[-45,-82],[-25,-72],[-31,-44],[-35,-81],[-27,-44],[-6,-25],[-39,-51],[-47,-86],[-41,-105],[-32,-53],[-56,-31],[26,-35],[32,-15],[1,-43],[-24,-54],[24,-21],[-3,-31],[16,-41],[-21,-28],[-19,-62],[-3,-37],[31,-22],[-25,-97],[-24,-60],[-16,-107],[1,-79],[22,-72],[34,20],[44,-6],[38,15],[20,-17],[63,-8],[26,7],[62,-11],[38,2],[45,18],[10,-30],[44,-3],[53,-48],[26,-3],[28,-48],[34,-40],[38,-6],[31,16],[7,-45],[65,-21],[-4,-24],[24,-20],[4,-67],[-10,-74],[20,-4],[8,-65],[-20,-60],[19,-71],[-13,-48],[3,-69],[16,-27],[41,-23],[15,-50],[19,4],[12,-64],[20,-31],[35,-19],[47,-2],[33,-40],[26,-5],[40,15],[23,-31],[62,-35],[67,-73],[51,-11],[24,19],[52,-86],[48,-1],[-7,-38],[-44,-49],[-43,-65],[-33,-39],[-19,-40],[10,-63],[61,11],[-2,-17],[-75,-72],[-16,-54],[-20,-20],[-25,-86],[-9,-77],[-40,-52],[-34,-121]],[[178829,136140],[-36,18],[7,32],[-96,42],[-3,-55],[14,-40],[-49,1],[-39,34],[-24,48],[-32,-14],[4,-91],[51,-74],[21,-101],[-123,13],[-97,-87],[-30,-72],[-55,-14],[-17,24],[13,31],[-18,36],[10,108],[-11,63],[-35,42],[6,37],[-20,22],[8,39],[-11,58],[-51,37],[-45,79],[-10,62],[51,88],[45,0],[-25,58],[7,15],[44,23],[10,36],[-20,77],[21,65],[-20,20],[-60,-15],[-11,32],[4,40],[-12,48],[-30,32],[-37,20],[-5,37],[7,54],[29,98],[-15,37],[-19,-10],[-7,-62],[-20,4],[-15,40],[-23,17],[-28,-33],[-24,14],[-22,-36],[-42,18],[-15,-25],[-49,-20],[-58,37],[-48,7],[-10,-55],[-23,-39],[-6,-62],[-29,-49],[5,-61],[19,-52],[-36,-16],[-11,-37],[-21,-3],[-4,-34],[-42,-8],[-18,-23],[1,-41],[-36,-49],[-17,-54],[-324,30],[-27,-19],[-44,6],[-20,-46],[30,-52],[15,-51],[-7,-32],[-30,-55],[7,-43],[-11,-21],[44,-49],[-22,-40],[-54,-19],[-52,8],[-23,-22],[-8,-36],[-30,-33],[9,-30],[46,-19],[35,-36],[38,-58],[-1,-30],[18,-22],[-8,-53],[39,-37],[21,-33],[48,-15],[8,-41],[44,-29],[2,-25],[-46,-107],[15,-37],[-1,-51],[20,1],[-248,-202],[332,-543],[5,-19],[41,5],[60,-45],[57,-10],[21,20],[67,1],[46,9],[71,-31],[49,-63],[37,-1],[45,-16],[51,40],[62,8],[18,-24],[34,-5],[45,11],[31,-3],[16,23],[43,-5],[13,15],[62,4],[18,-13],[70,30],[41,-22],[41,-5],[-40,-497],[62,46],[333,-33],[-10,-25],[16,-22],[-7,-28],[-51,-18],[-48,-39],[7,-39],[29,-13],[31,33],[79,-22],[54,-37],[37,-57],[2,-82],[36,-17],[-6,-53],[-20,-15],[-9,-56],[-62,-87],[9,-30],[-8,-72],[-28,-23],[-40,-61],[-75,-81],[-12,-62],[-38,-49],[-15,-59],[24,-30],[695,150],[3,21],[-14,84],[18,10],[40,-34],[5,-24],[37,4],[33,43],[39,30],[42,-23],[49,46],[65,-28],[22,3],[39,33]],[[186835,127885],[34,28],[-14,23],[18,44],[73,-67],[12,-38],[-9,-31],[-29,-18],[-75,1],[-10,58]],[[178462,139674],[-15,55],[21,-3],[23,-40],[-29,-12]],[[184956,128592],[-8,35],[66,12],[27,15],[29,-23],[15,-49],[-43,-12],[-84,35],[-2,-13]],[[185784,124687],[15,2],[4,46],[45,-4],[-5,-65],[56,-2],[-10,-35],[-171,11],[5,57],[-23,15],[3,31],[24,-2],[-3,-38],[42,3],[18,-19]],[[184370,128914],[41,37],[9,-39],[-20,-19],[-30,21]],[[182247,130080],[5,29],[32,-3],[46,18],[15,-36],[0,-50],[26,-75],[-87,-6],[-18,14],[-63,8],[-35,33],[5,39],[50,6],[24,23]],[[182187,130224],[64,-46],[34,14],[23,-22],[-78,-9],[-32,-58],[-32,6],[-39,-53],[-9,32],[43,58],[-13,18],[20,76],[19,-16]],[[182295,129790],[-21,6],[-21,34],[92,24],[1,-56],[-29,-27],[-22,19]],[[182542,130395],[0,21],[31,31],[16,-37],[-26,-43],[-21,28]],[[182058,129805],[26,41],[33,24],[18,46],[24,0],[7,-36],[-22,-19],[-40,-6],[-46,-50]],[[180202,131389],[-22,19],[21,36],[15,-38],[-14,-17]],[[173211,136582],[-31,48],[9,33],[-45,1],[9,-61],[58,-21]],[[172393,137527],[54,-2],[13,43],[45,14],[4,22],[-83,-16],[16,-55],[-49,-6]],[[173188,136250],[4,45],[-13,64],[2,49],[-33,13],[-4,-71],[44,-100]],[[178536,135997],[66,37],[-17,54],[-82,98],[-9,-45],[59,-58],[-48,-40],[31,-46]],[[172506,138593],[35,19]],[[172541,138612],[34,4],[32,22],[108,-26],[29,36],[21,-17],[16,-39],[49,-22],[50,-13]],[[172880,138557],[-41,-46],[-14,26],[-42,8],[-58,28],[-86,-30],[-42,18],[-6,30],[-29,9],[-56,-7]],[[173005,136695],[-24,-7],[-28,28],[-20,52],[19,29],[34,-8],[17,23],[25,0]],[[173028,136812],[11,-57],[-34,-60]],[[174615,115454],[-80,-964],[530,-697],[385,-18],[61,-79],[-93,-89],[116,-157],[292,-356],[173,-223],[-588,-572],[-26,-30],[-7,-59],[17,-54],[33,-36],[59,-37],[-24,-146],[-5,-96],[41,-68],[103,-92],[9,-35],[-15,-37],[5,-56],[-25,-59],[-4,-44],[42,-31],[35,-11],[28,-25],[7,-27],[61,-30],[98,2],[81,-58],[14,-34],[37,-21],[33,11],[25,-15],[19,-37],[19,-68],[-3,-59],[17,-15],[-10,-39],[12,-25],[-37,-32],[33,-27],[54,21],[54,-11],[27,-15],[36,1],[71,46],[17,-15],[68,32],[57,-1],[55,-69],[7,-24],[78,-52],[10,-30],[-15,-63],[-1,-36],[-16,-27],[30,-12],[25,13],[15,52],[20,23],[38,-11],[14,-29],[55,-38],[24,25],[24,-6],[41,-33],[-3,-55],[25,-72],[-15,-47],[-75,-42],[-8,-29],[19,-40],[25,-22],[-27,-37],[20,-52],[130,-94],[23,-57],[39,-43],[-8,-50],[13,-47],[25,-45],[-24,-4],[-19,-48],[1,-62],[-17,-16],[4,-34],[-23,-20],[-6,-66],[60,-85],[62,-110],[8,-72],[15,-64],[109,-124],[68,-61],[40,-21],[56,-12],[55,8],[63,45],[49,-25],[71,33],[87,-10],[116,8],[152,-67],[29,-66],[14,9],[20,-86],[43,-56],[-10,-39],[103,-29],[16,-61],[33,12],[28,-37],[9,-53],[19,-14],[-3,-49],[9,-38],[46,-12],[101,-8],[20,-22],[10,-47],[-19,-27],[4,-25],[28,-32],[23,-61],[33,-56],[20,-59],[-18,-55],[2,-63],[14,-15],[80,1],[-6,-58],[34,-34],[31,-10],[7,-43],[85,34],[65,10],[26,-40],[29,-13],[24,-40],[7,-42],[33,-65],[-1,-31],[28,-47],[-16,-39],[-25,-7],[2,-54],[-59,-39],[5,-52],[32,-84],[66,-24],[42,-60],[17,-62],[2,-64],[62,-78],[15,-62],[1,-74],[35,-57],[-12,-75],[8,-52],[72,-108],[63,-60],[82,7]],[[179389,106700],[13,-34],[8,-60],[-15,-47],[-30,-37],[-45,-29],[-90,-39],[-32,-30],[-16,-41],[-25,-12],[-13,-32],[-54,12],[-50,-17],[-14,12],[-74,-54],[1,-88],[-43,-70],[-59,0],[-63,36],[-36,-5],[-34,-68],[-61,-33],[-44,-48],[-28,-74],[-34,-59],[-4,-64],[-12,-23],[-40,-31],[-19,10],[-33,52],[-18,3],[-27,-36],[-206,19],[-645,56],[-902,93],[-741,71],[6,68]],[[175910,106101],[28,318],[-67,5],[43,549],[5,83],[-795,64],[-5,-60],[-85,8]],[[169099,90485],[441,-532],[118,-150],[217,-258],[60,39],[415,370],[332,-416],[76,-83],[136,-164],[309,-378],[27,5],[16,-31],[259,-314],[289,-372],[280,-36],[290,-35],[4,64],[570,-4],[612,-64],[5,62],[64,-7],[534,-30]],[[169407,78053],[-582,0],[-1236,-1],[-308,0],[-929,0],[-925,0],[-309,0],[-1544,0],[-889,0],[-655,-1],[-926,0],[-199,0],[-1189,0],[-935,0],[-557,0]],[[158224,78051],[0,511],[0,1470],[0,575],[0,1214],[0,1342],[-1,1980],[0,895],[0,903],[0,457]],[[158223,87398],[0,931],[-1,613]],[[161590,118174],[44,-31],[47,-6],[66,35],[38,-26],[49,-12],[25,-19],[39,12],[55,-10],[37,5],[81,-21],[148,-89],[5,-30],[-21,-28],[8,-51],[25,-57],[44,-47],[59,-43],[27,-31],[12,-61],[26,-32],[87,-46]],[[186347,122306],[-11,-43],[-6,-71],[-39,6],[-7,-27],[-27,-15],[16,-33],[-46,-16],[-2,-50],[30,-10],[70,52],[38,58],[75,43],[-18,34],[-35,-23],[-32,4],[-2,38],[22,23]],[[186517,122369],[55,-20],[15,12],[52,-73],[37,0],[36,-47],[3,-26],[51,-70],[5,-56],[20,-27],[0,-28],[62,-48],[8,-59],[12,-36],[31,-24],[0,-120],[43,-77],[-28,-30],[-3,-60],[-31,-47],[3,-63],[-23,-41],[-32,-90],[1,-51],[-13,-38],[11,-108],[40,-3],[53,-41],[5,-110],[41,-22],[3,-30],[-17,-57],[-2,-64],[-65,-67],[-41,-2],[-36,-85],[-49,-63],[-35,-61],[-8,-31],[2,-59],[-17,-76],[30,-52],[-39,-120],[-9,-72],[7,-107],[15,-45],[64,-42],[51,12],[29,-26],[59,6],[15,-32],[-8,-52],[8,-78],[78,-137],[31,-25],[43,-81],[21,-72],[26,-5],[5,-61],[30,-44],[51,-40],[19,-33],[28,-23],[39,-58],[18,-80],[42,-102],[31,-7],[27,-22],[29,-1],[72,-31],[22,-18]],[[187493,118876],[-43,6],[-10,15],[-106,44],[-39,33],[-54,5],[-29,24],[-19,40],[-63,28],[-18,-15],[-16,45],[39,81],[-10,54],[33,47],[-27,1],[-81,-77],[-42,-19],[-13,14],[-110,-31],[-15,20],[-30,3],[8,145],[0,50],[-18,25],[-6,66],[-13,37],[-29,3],[5,77],[-68,99],[-44,76],[-72,8],[-4,-43],[-41,5],[-6,-61],[-35,-45],[-32,-58],[-35,39],[-35,4],[-41,-23],[2,44],[-50,25],[-24,22],[-34,-31],[-44,67],[-49,46],[-7,57],[-28,-2],[-2,29],[-23,39],[29,56],[-52,33],[-36,0],[5,30],[-15,52],[-45,16],[-12,48],[-25,31],[-39,18],[26,42],[-6,46],[-31,14],[-26,-6],[-34,18],[-48,51],[-23,45],[11,12],[-22,44],[-38,41],[-55,-3],[-18,19],[8,44],[-21,32],[4,88],[-27,18],[11,83],[-94,46],[-50,50],[-36,7],[-29,-23],[-92,39],[25,45],[-29,36],[-80,45],[-33,-3],[-15,46]],[[174623,115461],[53,-34],[41,13],[42,35],[26,-1],[88,-64],[40,10],[61,-7],[48,-33],[62,-85],[26,-68],[8,-45],[26,-60],[11,-43],[54,-103],[59,-41],[71,-99],[48,-18],[80,-52],[29,-30],[73,-22],[51,36],[39,11],[45,-3],[61,20],[44,6],[36,-9],[31,24],[146,-9],[61,-27],[79,54],[35,12],[43,-4],[72,-18],[66,-32],[34,14],[41,-8],[74,5],[56,-17],[58,9],[31,31],[51,13],[30,30],[60,-7],[57,42],[18,-10],[49,23],[40,-2],[48,17],[28,34],[70,24],[21,32],[40,22],[62,0],[51,27],[32,5],[20,165],[102,-5],[14,-12],[32,22],[15,35],[111,-49],[27,-34],[44,9],[26,44],[33,-18],[105,-74],[60,0],[8,25],[65,-10],[57,15],[52,-11],[24,26],[36,-14],[44,5],[22,16],[7,40],[23,31],[-7,69],[10,20],[32,-7],[26,20],[89,-6],[12,10],[89,-26],[44,-41],[33,-7],[49,39],[68,-14],[5,-78],[47,-54],[70,-11],[36,24],[45,1],[30,-39],[20,-3],[16,-43],[32,-26],[24,-2],[30,-39],[49,4],[77,-73],[14,-47],[75,8],[14,-53],[66,-11],[29,-39],[27,-9],[13,-50],[30,-39],[90,-9],[15,27],[48,22],[37,-2],[26,32],[6,78],[44,29],[42,-24],[52,-59],[59,-34],[36,11],[34,28],[6,31],[70,25],[30,45],[17,-14],[6,-66],[21,-21],[45,-19],[32,-33],[50,-11],[32,-31],[29,5],[7,29],[29,33],[46,2],[52,-41],[46,-22],[31,-3],[54,-22],[46,-2],[28,-15],[24,-34],[550,-46],[-22,-331],[369,-488],[291,-385],[616,-59],[33,0],[7,21],[40,24],[-7,46],[82,5],[35,-34],[27,-81],[33,-17],[61,-16],[45,-24],[41,-69],[36,-83],[92,-102],[63,-55],[61,191],[28,-42],[29,8],[65,-79],[385,-41],[65,-50],[37,-46],[36,-71],[64,-74],[40,-29],[72,-70],[44,-68],[97,-87],[45,-71],[50,-144],[19,-34]],[[184169,112277],[-14,-131],[-28,-320]],[[182376,106307],[-46,-12],[-70,-42],[-62,-101],[-48,-45],[-54,38],[-22,28],[-102,41],[-20,26],[-10,53],[-59,39],[-67,9],[-59,-28],[-26,1],[-53,-35],[-56,6],[-133,34],[-37,-57],[-61,-63],[-56,-75],[-40,-28],[-105,-7],[-80,14],[-68,-34],[-49,-15],[-112,-14],[-170,-13],[-105,29],[-106,56],[-81,52],[-160,70],[-73,20],[-126,-51]],[[180060,106203],[-19,-1],[-118,59],[-106,105],[-53,130],[-57,101],[-41,46],[-56,50],[-60,39],[-54,21],[-84,-36],[-23,-17]],[[183203,94816],[5,90],[-399,35],[19,193],[40,66],[15,161],[-571,61],[6,67],[-25,155],[-320,34],[22,334],[-287,32],[2,20],[-74,13],[-135,2],[-71,16],[22,284],[-424,36],[-19,9],[-566,39],[-1,-13],[-280,38],[-300,35],[44,406],[27,282],[-765,80],[-7,-7],[-347,37],[-1,8],[-107,12],[7,153],[31,309],[76,812],[-473,47]],[[178347,98662],[52,551],[24,-2],[18,187],[143,-15],[103,984],[51,454],[370,-36],[5,64],[45,160],[197,-21],[114,206],[27,278],[20,241],[-28,29],[-216,20],[23,80],[66,65],[7,70],[31,21],[20,45],[66,39],[29,27],[66,28],[64,53],[30,45],[42,8],[29,-12],[54,20],[9,24],[48,33],[74,13],[62,-24],[60,23],[82,-12],[18,7],[85,76],[40,49],[44,14],[20,21],[11,58],[50,2],[12,61],[44,1],[-11,42],[-282,362],[309,271],[-192,251],[-113,-101],[-327,358],[-110,10],[48,527],[122,-13],[69,860],[89,1039]],[[215614,79165],[9,-15],[-14,-57],[84,11],[47,-20],[27,-40],[-4,-51],[-16,-52],[-26,-29],[-56,-2],[-38,23],[6,-103],[24,34],[119,1],[45,24],[42,-45],[59,-33],[16,-24],[20,-84],[-12,-30],[-37,-15],[5,-29],[-80,-69]],[[215834,78560],[-9,-3],[-418,73],[-564,99],[-24,-8],[-57,20],[-5,-25],[82,-120],[61,-21],[5,-36],[-29,-11],[-1,-34],[-20,-25],[1,-31],[-22,-17],[-45,0],[-52,-17],[-15,-49],[-36,-23],[-24,-32],[-62,9],[-28,-181],[-30,-4],[-8,-26],[-131,21],[3,29],[-41,7],[12,72],[-51,7],[-2,33],[-129,21],[4,41],[-32,55],[-7,-50],[-35,12],[8,43],[-20,32],[-153,22],[-34,-3],[-85,13],[-6,29],[-37,23],[-58,9],[-9,22],[-97,16],[7,48],[-45,7],[3,19],[-84,13],[-12,-41],[-35,-6],[-9,30],[-114,17],[-19,-133],[-28,6],[-9,-66],[-381,61],[-1,-6],[-238,31],[-2,26],[-35,13],[-27,-23],[-24,1],[-51,46],[-13,-55],[-27,-1],[-31,73],[9,32],[-15,22],[-50,-47],[-38,-22],[-20,6],[-46,-26],[-8,-27],[-48,-13],[-44,35],[-9,21],[22,78],[-6,17],[-62,-2],[-16,101],[0,84],[27,27],[-2,38],[14,22],[-38,14],[-28,-10],[-53,31],[-40,52]],[[212008,79045],[-9,60],[8,47],[-8,43],[-58,17],[9,19],[-1,60],[56,16],[25,-28],[32,24],[15,37],[7,103],[-20,18],[-5,38],[63,81],[9,31],[32,-3],[12,102],[41,-18],[24,13],[58,-16],[27,-29],[40,-23],[8,18],[75,23],[14,50],[-24,53],[6,22],[50,11],[20,36],[39,3],[66,23],[30,32],[-7,66],[10,53],[53,80],[1,28],[55,17],[85,-4],[-3,32],[120,-16],[19,-20],[71,-4],[12,69],[-16,12],[18,90],[-43,28],[6,27],[-13,38],[51,135]],[[214122,81535],[2,74],[31,25],[50,3],[51,-21],[48,-4],[76,18],[56,-68],[46,-88],[101,-120],[26,5],[74,-50],[66,-28],[64,-20],[158,-9],[111,14],[31,13],[11,46],[-15,23],[34,17],[55,-19],[-7,-57],[29,-66],[73,-31],[101,0],[45,10],[50,-10],[42,-47],[-49,-91],[15,-46],[-6,-25],[18,-34],[-4,-25],[27,-46],[11,-46],[-30,-55],[25,-99],[-6,-33],[30,-101],[-51,49],[-48,-4],[-2,-61],[-57,-42],[-30,3],[-19,-20],[-11,-59],[-21,-13],[-24,-41],[-21,-58],[-47,-1],[-49,-34],[95,-19],[67,51],[47,87],[72,49],[87,11],[26,20],[31,75],[52,-4],[24,-47],[-20,-34],[-24,-5],[15,-40],[-42,-30],[-36,-7],[-30,-50],[-70,-64],[11,-23],[6,-71],[18,-41],[-3,-34],[-24,-35],[-77,-41],[-34,-38],[1,-43],[18,-27],[-4,-168],[57,-18],[34,-127],[-16,-52],[25,-23],[15,-54],[-39,9],[-54,-2],[-19,-40],[58,-27],[50,-44],[18,-27],[45,-23],[-40,-53],[1,-21],[27,-57],[64,-11]],[[214182,81652],[10,19],[42,1],[20,-44],[-72,24]],[[215429,79876],[16,22],[30,-23],[4,-56],[-37,2],[-13,55]],[[215686,79652],[-8,73],[32,0],[11,-19],[-18,-69],[-17,15]],[[215617,79787],[-25,-4],[-6,41],[35,-10],[-4,-27]],[[215530,80122],[-19,36],[-8,54],[11,28],[32,9],[50,64],[55,16],[26,-17],[12,-53],[-41,-85],[-34,-37],[-63,-33],[-21,18]],[[215652,79877],[-25,4],[-6,79],[41,10],[3,-64],[-13,-29]],[[215710,80274],[-10,33],[27,46],[17,-35],[-15,-38],[-19,-6]],[[215434,79931],[35,41],[19,-53],[-46,-8],[-8,20]],[[215508,80023],[14,-4],[-17,-62],[-22,30],[25,36]],[[216046,81000],[6,28],[-29,99],[13,26],[-23,66],[28,85],[-3,50],[-24,94],[-54,8],[-38,-34],[-24,-1],[-52,19],[-17,25],[28,54],[49,53],[21,35],[50,57],[58,22],[94,58],[168,147],[58,49],[131,141],[131,197],[67,117],[56,125],[-9,34],[20,78],[8,81],[-6,41],[-31,81],[-48,78],[-52,102],[-43,72],[-41,56],[-80,74],[-58,30],[-83,8],[14,43],[36,49],[76,83],[58,87],[63,73],[110,95],[144,81],[64,-9],[2,-55],[-10,-108],[-17,-332],[5,-172],[16,-114],[19,-72],[54,-138],[48,-79],[79,-74],[29,-18],[99,-18],[-2,-56],[10,-92],[20,-32],[-28,-101],[-98,-215],[-129,-319],[-29,-78],[-71,-173],[-240,-563],[-46,-114],[-80,-212],[-92,-235],[-76,-206],[-73,-214],[-33,-109],[-37,-138],[-21,-93],[-20,-121],[-6,-98],[13,-147],[32,-124],[2,-34],[-32,-90],[-13,-63],[-66,-22],[-43,6],[-48,20],[-28,23],[-55,76],[-14,35],[-2,40],[-14,39],[-45,49],[-19,62],[-8,55],[6,72],[-29,53],[-10,62],[-29,64],[-8,58],[19,30],[-9,30],[-40,33],[10,46],[-38,37],[-26,12],[-15,28],[22,45],[3,105],[51,49],[31,80],[55,53],[12,114],[-25,89],[11,65],[30,63],[41,59],[12,45],[101,131],[53,102],[-1,47],[15,12],[-11,83]],[[215799,81070],[21,-25],[-14,-32],[-35,60],[-29,20],[-38,8],[-32,66],[-28,18],[12,48],[64,-80],[42,-28],[37,-55]],[[209488,83978],[-22,18],[-51,5],[-52,-36],[-10,-62],[-36,-5],[-21,44],[-32,11],[-44,-5],[-63,-28],[-31,27],[-39,14],[-27,45],[-39,40],[-51,-17],[-30,-27],[-21,40],[54,45],[86,-15],[-44,185],[19,63],[18,151],[-27,34],[-46,-14],[-28,7],[-10,-38],[-60,-10],[-57,-34],[-44,12],[-18,41],[-2,48],[14,23],[-7,39],[28,61],[11,53],[19,34],[-58,60],[-3,21],[-59,22],[-15,-35],[-45,-21],[-29,-27],[-30,19],[-4,34],[-24,18],[-6,36],[-32,41],[-69,13],[-8,24],[-47,22],[-47,64],[10,49],[-14,33],[-56,10],[-49,-22],[-46,11],[-21,-50],[-25,-16],[4,-65],[-3,-81],[-20,-18],[3,-41],[-22,-69]],[[206648,87566],[17,-18],[80,-19],[20,23],[50,-7],[5,31],[32,33],[-20,39],[20,55],[31,17],[24,-12],[38,23],[-2,51],[35,22],[28,-5],[40,12],[55,52],[-9,35],[154,-19],[43,19],[11,76],[39,21],[34,37],[5,50],[72,58],[-17,100],[34,21],[11,-37],[38,6],[-37,50],[61,0],[-4,55],[-48,-30],[-8,62],[27,9],[44,-26],[11,23],[-20,51],[-17,-13],[-37,16],[18,31],[31,-15],[13,28],[-34,14],[-18,38],[33,44],[87,-53],[23,26],[7,82],[22,74]],[[207670,88696],[66,14],[43,22],[44,42],[45,21],[49,42],[83,-16],[18,-22],[-10,-109],[8,-98],[-29,-22],[-71,-18],[-31,-38],[21,-22],[49,42],[47,5],[50,33],[14,61],[8,151],[131,-43],[26,8],[46,-32],[15,-41],[-1,-52],[53,-142],[47,-49],[63,-17],[65,-44],[25,-35],[51,-13],[49,-48],[15,-58],[31,-41],[-2,-22],[-44,-7],[11,-38],[86,-59],[15,-24],[8,-49],[23,-33],[-26,-32],[-32,-57],[22,-48],[18,-2],[4,48],[37,21],[6,-49],[21,-42],[25,-26],[-55,-24],[26,-48],[5,-39],[27,-20],[38,-5],[16,-18],[48,15],[58,-5],[36,31],[82,-72],[73,-14],[9,-55],[28,-34],[27,6],[51,-22],[41,31],[32,-32],[-5,-64],[22,-4],[10,-59],[30,-81],[43,-55],[39,-76],[41,-4],[47,-60],[66,-52],[33,-15],[85,-94],[22,-66],[-15,-52],[24,-47],[-26,-40],[-12,-52],[37,-47],[31,-19],[4,78],[-14,39],[12,36],[42,-29],[13,-27],[-6,-41],[41,-48],[-1,-29],[53,6],[-10,86],[-80,79],[-26,12],[-33,37],[-11,30],[-4,64],[23,8],[68,-27],[23,18],[92,-51],[38,-30],[103,-49],[62,-22],[-8,-38],[-51,13],[-82,-24],[14,-29],[37,-22],[26,-52],[-37,-22],[3,-32],[27,-59],[51,-3],[22,12],[42,-3],[-1,-92],[28,42],[-4,113],[-24,17],[16,63],[26,43],[0,42],[30,-3],[15,-41],[55,-12],[50,4],[30,20],[38,-52],[51,-7],[9,-57],[19,-20],[41,-8],[5,-47],[32,12],[58,-34],[7,20],[-51,79],[-10,47],[61,13],[-24,31],[-20,-14],[-30,61],[-36,26],[-48,-7],[23,37],[-30,25],[-4,31],[-32,-2],[-14,17],[-46,7],[-28,-8],[1,93],[19,40],[40,-1],[24,13],[42,-22],[30,14],[60,-39],[44,-10],[60,-72],[34,-25],[68,-35],[40,-2],[1,-44],[-57,-44],[-6,-80],[24,0],[19,-48],[16,-4],[28,39],[-26,50],[59,50],[16,28],[0,38],[-15,21],[25,23],[34,-27],[25,22],[22,-28],[2,-35],[-23,-26],[14,-25],[4,-87],[24,-102],[52,-174],[24,-19],[42,-82],[57,-57],[44,-35],[-28,-16],[62,-32],[28,25],[52,-8],[19,-24],[-10,-65],[-30,-43],[14,-11],[48,55],[-4,36],[48,45],[9,89],[15,-4],[41,-178],[25,-50],[42,-5],[21,-22],[8,-37],[27,-42],[36,-19],[35,-139],[13,-86],[30,-100],[24,-42],[27,-112],[15,-34],[19,-93],[56,-176],[38,-103],[64,-134],[71,-140],[49,-51],[-5,-27],[-33,-41]],[[209224,87875],[-20,-39],[-25,-2],[-23,-31],[-34,3],[-18,-50],[-19,3],[-45,-38],[-37,7],[-111,118],[7,26],[-51,64],[-48,92],[-12,52],[-17,14],[-50,90],[-21,68],[-63,71],[-90,19],[-17,46],[-46,32],[-60,31],[-22,24],[-49,26],[-9,55],[-24,49],[-7,81],[-13,38],[-77,74],[-38,83],[-7,34],[-27,51],[-20,82],[-45,27],[51,44],[76,19],[34,107],[93,-19],[30,10],[12,28],[24,-6],[59,-51],[20,-33],[-33,-30],[52,-23],[59,-36],[23,11],[18,-24],[44,3],[135,-85],[60,-5],[62,8],[37,-5],[14,-18],[-30,-21],[-9,-51],[25,-6],[68,61],[18,40],[-14,26],[65,43],[1,-164],[-39,-155],[-4,-60],[5,-131],[13,-28],[29,-26],[11,-94],[24,-14],[5,-36],[32,-37],[40,-14],[25,15],[16,-28],[9,-47],[30,-18],[32,-137],[15,-105],[15,-38],[-10,-31],[-51,-62],[-4,-27],[18,-39],[-31,-41],[-68,67],[32,63]],[[209574,87456],[11,42],[-14,27],[-9,80],[-38,23],[-37,-26],[-20,4],[-1,78],[-19,19],[-22,89],[1,31],[45,67],[10,-91],[39,-66],[37,-11],[29,-45],[24,-17],[15,-64],[29,-49],[6,-32],[30,-85],[-22,-43],[-33,-26],[-52,26],[-9,69]],[[210890,89909],[-7,35],[30,4],[3,-37],[-26,-2]],[[210238,86469],[18,37],[23,-29],[-41,-8]],[[210681,86628],[34,17],[-2,-42],[-32,25]],[[209842,86606],[-27,36],[13,28],[26,1],[8,-64],[-20,-1]],[[216656,68126],[4,16],[-37,57],[-16,96],[-22,47],[17,54],[-36,-6],[14,57],[42,77],[-15,22],[30,178],[44,-1],[7,39],[45,49],[19,53],[-11,11],[-62,11],[11,64],[34,20],[14,27],[15,129],[14,-1],[10,65],[-78,13],[7,61],[-38,6],[-27,64],[64,10],[19,88],[-10,21],[-61,10],[15,34],[12,68],[-4,35],[11,67],[-13,12],[-121,22],[22,61],[-4,33],[14,82],[-30,5],[-2,57],[-30,29]],[[216523,69968],[40,63],[-51,91],[48,21],[7,25],[34,42],[-10,23],[29,44],[-2,77],[14,28],[32,2],[40,22],[-14,32],[55,26],[-14,27],[24,19],[12,35],[27,21],[35,4],[16,25],[37,-4],[28,-23],[50,16]],[[216960,70584],[23,10]],[[216983,70594],[-1,-27],[23,-51],[21,-21],[67,19],[26,58],[41,-5],[36,13],[21,-20],[12,-53],[49,2],[10,18],[43,-11],[31,12],[42,-57],[14,-63],[36,-33],[81,-11],[-2,-82],[-42,-73],[-156,-21],[28,-42],[-30,-25],[-40,-1],[-8,-72],[35,-20],[22,-33],[-22,-36],[20,-19],[29,7],[13,-77],[21,-27],[-27,-23],[-5,-28],[-62,-15],[13,-50],[-35,-20],[-57,12],[-18,-49],[-34,-35],[17,-28],[36,14],[-2,56],[7,31],[38,-15],[50,22],[16,65],[57,10],[-15,-41],[26,-55],[20,-67],[-9,-82],[17,-54],[-1,-54],[32,-49],[22,12],[1,85],[23,23],[-4,-157],[8,-125],[24,-164],[24,-111],[24,-79],[37,-50],[48,-103],[21,-31],[41,-25],[48,-77],[36,-40],[55,-39],[63,-3],[43,12]],[[217415,69823],[21,-10],[-21,-55],[-19,7],[19,58]],[[217470,69755],[16,40],[-48,71],[-17,99],[10,54],[61,59],[22,57],[9,56],[25,50],[-14,30],[9,63],[27,-23],[-48,-310],[-22,-183],[-8,-174],[18,-108],[-28,2],[-18,54],[14,68],[-8,95]],[[217343,70181],[63,12],[34,-25],[-16,-69],[-49,-63],[-41,-7],[-27,11],[-12,38],[72,72],[-24,31]],[[217351,70026],[36,-9],[-3,-24],[-40,2],[7,31]],[[202249,69270],[652,-94],[18,120],[139,-18],[454,-66],[167,54],[392,118],[402,-65],[113,-16],[14,120],[182,-22],[75,232],[78,-53],[256,124],[33,-50],[63,-9],[-9,246],[118,1],[-10,215],[201,-26],[33,208],[100,-16],[68,-77],[31,-4],[21,40],[-35,44],[103,78],[112,-95],[20,34],[30,-28],[23,29],[119,-122],[95,97],[27,-28],[208,-31],[67,-48],[43,-70],[67,-21],[48,-64],[43,-111],[6,-195],[107,-38],[13,-67],[63,-62],[34,-7]],[[207033,69527],[24,-17],[56,-9],[44,-35],[2,-99],[25,-20],[34,25],[32,-31],[5,-28],[26,-4],[107,-37],[5,-51],[33,-47],[104,-69],[-21,-38],[-4,-66],[41,-48],[60,23],[18,-41],[765,-109],[5,-29],[-30,-103],[-36,-47],[-9,-29],[35,-114],[30,21],[144,-23],[-4,-29],[133,-10],[69,31],[114,11],[-10,-66],[55,-8],[38,36],[47,-8],[-4,-27],[259,-39],[28,35],[29,15],[36,-8],[45,46],[32,-5],[41,-26],[54,12],[24,33],[43,14],[27,43],[37,9],[59,-26],[20,-32],[25,22],[25,-3],[50,34],[70,16]],[[209870,68572],[88,-122],[50,-28],[23,-38],[-23,-57],[22,-56],[22,-31],[56,-28],[23,-67],[-1,-43],[61,-41],[-2,-22],[36,-10],[46,-55],[14,21],[32,-2],[38,23],[46,-6],[33,23],[62,-15],[37,1],[61,14],[91,-120],[46,-8],[50,9],[20,-36],[40,-14],[48,-59],[-11,-22],[25,-30],[-64,-60],[21,-43],[2,-92],[11,-42],[-40,-71],[-39,-3],[-11,-87],[-26,-10],[-38,-57],[-44,5],[-44,-46],[9,-25],[-8,-77],[27,-72],[-24,-139],[-93,-94],[-81,-27],[25,-30],[-2,-38],[16,-37],[-29,-46],[-25,15],[-36,-16],[-45,-70],[5,-28],[-50,-64],[-48,-6],[2,-56],[-57,-78],[-23,-105],[-34,-56],[-63,-62],[-49,-78],[-53,-36],[19,-44],[-5,-21],[-38,-31],[-53,-27],[-8,-45],[-44,-45],[-19,-32],[-31,5],[-31,-36],[13,-59],[-17,-37],[-61,-69],[-35,-12],[-11,-27],[10,-43],[-23,-27],[-7,-68],[-9,-12],[11,-112],[9,-5],[-18,-73],[-18,-45],[7,-77],[-2,-74],[11,-30],[-15,-31],[-2,-71],[-27,-45],[-31,-1],[11,-76],[-39,-11],[-19,-32],[38,-75],[28,7],[30,-17],[-1,-42],[38,17],[52,5],[28,-25],[50,-18],[26,11],[42,-13],[39,20],[12,74],[-25,47],[12,64],[34,31],[9,51],[34,2],[32,-30],[35,17],[80,-37]],[[211067,78313],[23,-4],[44,38],[37,48],[-13,54],[17,42],[-25,51],[4,46],[-7,47],[-21,25],[18,27],[-7,43],[-15,16],[-8,49],[37,59],[-33,14],[-15,50],[24,52],[47,5],[-18,29],[9,25],[44,12],[0,48],[41,17],[39,-29],[12,-73],[19,-29],[39,9],[1,-43],[43,-16],[50,-37],[38,4],[45,-41],[-9,-23],[32,-63],[7,-32],[26,-1],[13,-29],[-1,-44],[34,-48],[44,-13],[61,21],[35,51],[41,23],[27,36],[15,42],[42,11],[-6,33],[18,54],[21,-13],[28,55],[-6,32],[17,46],[-11,21],[44,35]],[[215834,78560],[68,6],[6,28],[31,29],[42,-52],[-22,-79],[-23,11],[-30,-14],[-21,-90],[26,-46],[-17,-31],[12,-18],[33,36],[24,-36],[-55,-29],[-37,-44],[20,-102],[71,23],[-7,58],[46,-16],[4,41],[-17,26],[23,53],[33,-7],[-9,44],[-58,20],[-17,41],[3,30],[41,0],[28,16],[31,-9],[20,27],[-3,57],[32,22],[-25,22],[6,27],[-32,11],[-21,34],[2,64],[28,44],[2,40],[19,18],[42,-13],[-13,43],[19,10],[15,-179],[20,-99],[30,-85],[71,-113],[51,-56],[63,-43],[55,-19],[46,-3],[49,19],[18,37],[2,38],[39,-22],[-27,-25],[-53,-119],[-85,-205],[-55,-146],[-84,-254],[-65,-225]],[[216229,77356],[-471,78],[4,-44],[-11,-78],[-26,-68],[-33,-43],[-43,-9],[-20,-28],[-24,8],[-43,-9],[-2,-47],[-71,10],[-43,-42],[-30,42],[-32,26],[-90,12],[-11,-88],[-74,10],[-21,-33],[9,-67],[-9,-41],[-66,-225],[-7,-40],[-35,-72],[-18,-117],[-79,25],[-26,-117],[21,-2],[-7,-93],[39,-6],[-4,-31],[44,-5],[15,-15],[-9,-110],[17,-3],[-24,-162]],[[215049,75972],[-2,-16],[-119,20],[0,-30],[30,-2],[0,-27],[-50,-42],[-29,-35],[-5,-38],[71,-11],[-9,-64],[29,-10],[-1,-44],[-33,4],[-1,-33],[-21,-25],[-29,0],[-29,41],[-35,15],[-53,-41],[-16,-45],[-60,-50],[0,-34],[-34,-6],[-20,-31],[-2,-60],[-77,2],[-30,31],[-34,17],[-69,19],[-75,-10],[-14,28],[-27,-27],[-29,19],[-49,-19]],[[214227,75468],[-57,10],[-25,40],[-163,23],[32,-92],[-241,33],[6,43],[-37,6],[7,50],[-40,5],[10,56],[25,60],[-51,-30],[-2,61],[32,79],[3,82],[-24,4],[16,113],[-70,-17],[-15,-14],[-33,14],[-36,-42],[-14,13],[-34,-22],[-15,17],[-37,-1],[-23,44],[-56,-12],[-23,-18],[-97,-27],[-39,-20],[-36,58],[-80,63],[-41,-6],[-10,-49],[-48,-23],[2,-28],[-23,-36],[-29,-4],[-48,-28],[-8,-68],[-51,3],[-16,-28],[-28,20],[-43,58],[-50,50],[-56,38]],[[212661,75946],[24,164],[-26,94],[-30,5],[-41,62],[-32,0],[-73,39],[8,35],[-12,26],[-92,23],[-31,34],[-60,28],[-24,-98],[-171,24],[-68,3],[-12,53],[45,35],[-14,28],[158,-21],[30,40],[18,5],[40,96],[9,92],[19,27],[-8,43],[-47,43],[-18,105],[0,37],[-37,27],[-45,-37],[-41,38],[-35,49],[-44,-14],[-15,52],[23,53],[-1,26],[-38,23],[5,25],[-44,55],[-56,8],[11,89],[-9,22],[-6,66],[-72,21],[-16,52],[57,6],[45,31],[23,42],[-190,29],[20,132],[-19,33],[30,12],[17,39],[-35,58],[2,42],[-101,7],[-282,42],[-19,8],[-10,-69],[-78,11],[25,60],[-44,5],[30,219],[-192,29],[-33,17],[-12,37]],[[187957,111236],[25,10],[41,53],[-2,32],[22,32],[-20,42],[18,49],[-8,33]],[[189848,111074],[44,-12],[79,-9],[53,-36],[73,-25],[30,-31],[42,-29],[24,11],[33,-6],[35,-22],[-6,-32],[35,-93],[-20,-39],[10,-65],[-12,-41],[-6,-110],[-71,-148],[20,-4],[49,51],[-62,-121],[-74,-187],[-36,-132],[-28,-118],[-3,-50],[-23,-120],[-11,-104],[2,-133],[10,-63],[46,-107],[54,-59],[29,-42],[20,-7],[24,-48]],[[190208,109143],[-65,0],[0,-23],[-29,-18],[-23,16],[-21,-79],[-26,14],[-17,-15],[-43,10],[-29,24],[-43,10],[-96,51],[-41,36],[-38,-3],[-13,-18],[-6,-62],[-15,-8],[-54,24],[-42,10]],[[190830,110515],[22,28],[-8,37],[17,31],[-34,6],[-14,49],[43,42],[19,-39],[1,-44],[25,-33],[-15,-58],[23,-30],[-6,-39],[8,-48],[-10,-66],[-18,-29],[-41,-18],[0,47],[44,89],[-56,75]],[[190901,110824],[4,-40],[-18,-34],[-47,23],[0,53],[12,34],[23,0],[26,-36]],[[185664,127163],[42,-3],[58,-32],[41,-14],[40,22],[58,-3],[102,16],[-31,-97],[-12,-51],[16,-69],[55,-65],[23,-14],[11,-46],[72,-63],[33,-47],[30,-75],[35,-30],[29,-8],[46,11],[19,35],[53,-15],[46,49],[28,0],[17,-33],[-10,-72],[18,-50],[-26,-17],[-129,-140],[-95,-119],[-61,-106],[-39,-78],[-8,-33],[-46,-79],[-55,-143],[22,-41],[-19,-69],[16,-53],[-3,-70],[31,-62],[35,-118],[24,-57],[33,-38],[99,-4],[57,-6],[46,23],[21,31],[2,47],[14,40],[38,0],[9,-36],[-5,-46],[24,-29],[15,-43],[2,-61],[-50,13],[-39,-15],[-68,-53],[-90,-91],[-27,-58],[14,-47],[42,-40],[-9,-29],[-38,-55],[10,-57],[-44,-34],[-59,-67],[-51,-76],[-36,-119]],[[215432,71042],[18,-40],[29,-17]],[[215635,70882],[-23,-83],[-42,-54],[26,-37],[-30,-181],[-127,16],[-30,-192],[-32,4],[-5,-31],[-59,10],[-4,-27],[-80,7],[-6,36],[-47,-39],[-42,6],[-13,-16],[-18,-119],[58,3],[23,-39],[8,-93],[-39,6],[-8,-55],[-39,6]],[[215106,70010],[6,34],[-22,11],[10,71],[-65,10],[-13,35],[-82,13],[7,54],[-19,25],[-193,39],[-12,39],[-68,12],[-9,-25],[-64,11],[4,29],[-49,22],[-64,8],[-4,-22],[-117,20],[-37,47],[-70,12],[3,20],[-72,11],[-1,-20],[-124,15],[-25,-41],[3,-41],[-17,-109],[-77,13],[-19,-111],[-50,-8],[-53,9],[-20,-85],[-43,2],[-29,-188],[-58,19],[-11,-73],[-24,-37],[-65,8]],[[213563,69839],[-4,46],[-25,98],[23,27],[-8,27],[-26,4],[5,35],[-29,30],[82,-11],[6,41],[-51,63],[-23,54],[10,56],[20,25],[30,9],[20,124],[-4,58],[17,30],[-88,14],[18,48],[61,24],[44,78],[-39,10],[38,31],[63,18],[73,-54],[6,38],[23,29],[28,90],[30,43],[29,60],[63,33],[-28,57],[41,8],[23,65]],[[213991,71147],[121,-19],[74,6],[22,106],[73,-14],[31,-28],[28,31],[51,8],[116,-22],[12,78],[58,-7],[15,-20],[47,36],[58,66],[34,4],[-3,32],[82,7],[12,47]],[[197521,100335],[11,-40],[29,-61],[-13,-63],[-27,-27],[-5,-37],[30,-3],[25,-25],[-18,-33],[13,-41],[48,-42],[18,-32],[32,-23],[11,-42],[26,-43],[40,11],[48,-49],[-7,-34],[28,-15],[17,-108],[27,-18],[11,-39],[46,-45],[-31,-46],[-70,-53],[-9,-38],[-30,-25],[19,-21],[48,-27],[10,-45],[-30,-176],[14,-40],[28,-11],[87,-111],[36,-34],[36,17],[72,-32],[14,-37],[24,-20],[15,-33],[32,28],[51,-25],[10,-27],[25,0],[44,-54],[35,26],[14,36],[25,1],[76,47],[36,-54],[52,-25],[52,-51],[12,-30],[43,-46],[4,-27],[47,-28],[49,-149],[35,-15],[124,-5],[32,29],[56,-4],[11,-48],[51,7],[30,43],[22,-25],[40,26],[41,-18],[40,14],[52,-47],[27,19],[-14,60],[41,66],[40,-16],[50,-33],[25,-49],[53,-76],[73,-49],[34,1],[50,36],[31,-29],[213,-26],[207,-29],[26,103],[51,22],[22,-4],[32,-40],[28,22],[27,-15],[50,23],[30,52],[131,17],[48,19],[21,25],[41,1],[9,-27],[28,-11],[9,-31],[30,-42],[43,-38],[40,-9],[-8,-54],[16,-53],[30,-20],[-15,-42],[37,-54],[4,-43],[-14,-50],[-3,-54],[-20,-102],[-41,-53],[-41,-24],[-17,-113],[-34,-23],[37,-46],[-26,-41],[-4,-51],[19,-33],[-13,-41],[12,-40],[-20,-26],[-2,-68],[-37,-62],[-42,30],[-8,21],[-43,-18],[-18,-30],[29,-57],[4,-43],[-40,-46],[-22,-7],[-16,-31],[5,-98],[-22,-75],[51,-37],[22,-42],[53,-22],[3,-48],[32,-81],[41,28],[49,6],[-2,32],[18,38],[3,59],[134,-29],[12,-16],[76,-8],[27,16],[26,-12],[16,-38],[66,-20],[32,-43],[39,-9],[26,10],[12,44],[33,-16],[48,26],[-1,17],[37,34],[27,-3],[54,17],[22,-10],[49,2],[82,69],[22,34],[12,79],[59,5],[24,15],[25,-13],[69,35],[14,42],[29,-25],[45,44],[-9,35],[35,91],[18,-24],[21,22],[44,2],[26,56],[-20,53],[214,-29]],[[202183,97254],[-2,-87],[18,-35],[3,-38],[27,-15],[13,-37],[-8,-48],[17,-77],[48,-2],[16,-132],[-59,44],[-76,-66],[-34,-11],[16,-27],[-9,-125],[-2,-73],[26,-59],[27,-5],[66,-47],[-28,-34],[27,-40],[34,-3],[-27,-85],[-9,-74],[14,-91],[-4,-50],[5,-89],[13,-9],[19,-64],[25,-51],[16,-9],[-5,-39],[19,-86],[36,-51],[47,-36],[16,-47],[35,-55],[-15,-23],[-12,-84],[1,-93],[25,-56],[1,-29],[59,-115],[17,-9],[-1,-50],[40,-28],[20,-122],[32,-26],[-37,-39],[16,-35],[3,-45],[17,-42],[22,-85],[18,-33],[39,-47],[43,-25],[8,-31],[-13,-90],[105,-66],[107,-146],[17,-38],[5,-73],[44,-4],[44,45],[42,-8],[47,-97],[24,-1],[10,57],[69,39],[28,-32],[27,-2],[38,-42],[35,-19],[1,-22],[-41,-13],[-26,-36],[-2,-120],[-10,-63],[30,-40]],[[203380,93713],[-106,-102],[-161,-138],[-86,-46],[-16,-33],[-9,-54],[-53,-50],[-34,-51],[18,-73],[1,-115],[-27,23],[-17,-72],[-62,2],[-72,18],[-30,-6],[-26,12],[-36,-6],[-34,-38],[-27,-2],[-54,-53],[-49,-17],[-84,5],[-33,-16],[-42,31],[-16,43],[-34,31],[-21,-2],[-17,-150],[-24,16],[-57,-64],[-28,-1],[-23,-20],[-28,8],[-36,38],[-14,66],[-40,34],[-19,-8],[-15,-71],[13,-15],[-27,-34],[-16,-69],[34,-63],[19,-53],[50,19],[19,-60],[46,-6],[44,-25],[-4,-79],[15,-45],[52,-48],[-31,-109],[-45,-17],[-6,-31],[12,-71],[-1,-60],[14,-33],[4,-62],[-83,-131],[-57,1],[-114,-90]],[[192437,97967],[34,-78],[20,-16],[9,-40],[42,-60],[31,4],[31,-20],[46,18],[158,-45],[41,4],[39,-16],[42,15],[116,-47],[24,5],[42,-19],[36,-1],[41,-26],[104,-29],[49,-30],[79,-69],[37,-67],[21,-103],[20,-35],[-6,-40],[40,-85],[62,-42],[5,-34],[35,-33],[26,0],[66,29],[31,37],[42,2],[40,15],[60,-16],[59,8],[51,19],[44,-38],[45,12],[38,-8],[78,-74],[54,-12],[31,-28],[111,-15],[31,5],[54,-19],[17,15],[55,8],[12,23],[47,2],[51,19],[36,46],[24,-2],[23,48],[33,-7],[38,17],[38,-12],[16,47],[41,7],[54,-13],[72,15],[62,65],[27,39],[9,79],[22,18],[37,-14],[30,14],[-2,47],[9,45],[32,24],[10,23],[3,78],[12,37],[0,42],[-18,78],[30,29],[-4,19],[22,48],[73,27],[24,16],[22,-12],[42,36],[16,44],[40,34],[4,31],[38,65],[58,56],[4,39],[-21,55],[45,52],[1,38],[46,29],[55,71],[11,43],[47,-9],[28,16],[32,108],[33,19],[30,-2],[15,23],[-23,33],[21,37],[-28,42],[-32,-2],[-12,32],[14,25],[2,86],[-29,85],[-25,28],[-23,-12],[-40,7],[-7,31],[32,33],[-30,68],[-53,-29],[-6,21],[16,39],[-13,15],[176,-23],[17,-29],[-26,-66],[38,-27],[-8,-26],[41,-23],[13,32],[55,-22],[6,-34],[-21,-72],[12,-33],[79,36],[14,-13],[5,-45],[45,7],[32,-9],[35,-38],[175,-54],[55,11],[78,-17],[32,6],[56,42],[18,2],[85,42],[114,113],[61,7],[15,37],[49,44],[20,59],[-2,36],[-31,50],[-54,66],[-27,23],[-21,67],[-41,77],[-9,35],[-40,28],[-1,34],[-37,67],[-9,66],[-22,37],[9,23],[-17,29],[31,28],[12,33],[-5,25],[12,41],[-27,89],[-26,14],[-22,109],[10,12],[64,3],[46,-60],[28,-74],[76,-47],[19,15],[74,16],[4,36],[39,50],[48,8],[71,34],[4,-33],[353,294]],[[205308,97730],[20,5],[34,36],[33,-14],[-63,-28],[-24,1]],[[203397,93815],[-7,47],[34,-14],[-27,-33]],[[205285,97056],[-22,55],[16,42],[6,108],[23,-3],[39,-47],[37,-13],[19,10],[43,-25],[47,-79],[-14,-21],[-39,6],[-51,-52],[-38,37],[-44,19],[-28,-15],[6,-22]],[[205710,96804],[-49,-50],[11,-34],[-18,-23],[10,-28],[-56,-33],[-23,28],[-55,31],[-31,69],[43,15],[64,-19],[32,10],[42,43],[30,-9]],[[203569,97419],[32,11],[-3,-37],[35,-35],[-57,-2],[-44,-36],[-25,69],[30,-6],[32,36]],[[205635,97086],[-39,13],[-6,34],[43,12],[41,-51],[-39,-8]],[[203536,96346],[3,33],[28,8],[13,-22],[-44,-19]],[[202333,96365],[-5,48],[29,20],[41,-11],[16,-45],[-40,-26],[-41,14]],[[172254,126121],[3,-56],[74,-96],[12,-29],[42,2],[21,42],[23,6],[54,-50],[41,-1],[-5,-28],[21,-14],[-13,-31],[10,-54],[30,-11],[39,13],[46,-9],[7,21],[37,-21],[70,1],[9,-18],[72,20],[-1,14],[54,22],[17,-16],[77,44],[24,-6],[64,11],[19,-5],[32,27],[17,-6],[52,29],[58,-2],[7,17],[43,-1],[32,-12],[49,68],[45,26],[18,-4],[43,22],[40,-2],[32,19],[41,-15],[56,42],[73,33],[86,13],[0,24],[84,52],[43,65],[2,19],[43,56],[26,45],[64,83],[25,17]],[[171617,124228],[4,27],[27,40],[28,61],[57,180],[32,81],[38,119],[32,128],[-9,26],[25,78],[38,48],[31,58],[23,65],[27,146],[11,99],[3,62],[-11,59],[56,57],[9,28],[77,85],[47,39],[34,52],[14,82],[-37,98],[26,42],[-5,32],[38,94],[22,7]],[[203380,93713],[75,70],[11,20],[31,109],[7,47],[103,-7],[36,-62],[31,-34],[63,-31],[23,-32],[32,-117],[41,-94],[30,-41],[42,-78],[129,-69],[19,-56],[33,-19],[33,-3],[26,-27],[45,-30],[57,-94],[31,-79],[21,-35],[1,-66],[37,-15],[23,-36],[1,-30],[35,-65],[68,-56],[14,59],[-29,3],[1,66],[-40,68],[-9,60],[-26,29],[-21,83],[-13,77],[3,72],[-32,33],[-38,69],[-13,92],[-30,87],[-40,46],[-25,88],[-64,156],[-33,50],[-52,129],[-18,61],[9,18],[44,-13],[8,93],[-45,2],[-10,31],[23,19],[7,29],[-26,44],[11,45],[-4,39],[32,49],[20,3],[2,43],[31,96],[16,15],[-7,32],[6,52],[48,109],[30,49],[88,47],[20,59],[50,31],[76,-17],[19,12],[2,34],[20,32],[49,-3],[52,-36],[7,-57],[26,-19],[43,13],[-1,-51],[13,-20],[12,-63],[48,-127],[10,-42],[25,-26],[3,-26],[99,-90],[32,-6],[28,-22],[-6,-52],[28,-62],[7,-39],[-6,-45],[75,-33],[58,-56],[-24,-48],[-27,-21],[-15,-50],[9,-36],[25,-20],[59,-25],[26,7],[13,-51],[48,-42],[167,-48],[53,12],[74,-35],[5,-50],[57,-38],[30,-2],[43,-64],[30,-2],[15,-21],[48,-29],[42,-43],[45,-2],[21,-38],[39,-16],[27,-25],[8,-67],[38,10],[36,-20],[43,-44],[41,-60],[99,-16],[46,-36],[29,-35],[-2,-29],[26,-50],[15,49],[2,49],[72,-52],[46,-14],[46,-37],[-9,-72],[52,65],[41,-19],[24,-44],[73,11],[1,44],[-27,42],[-18,55],[-50,86],[6,81],[-46,48],[-17,36],[14,38],[-31,30],[-58,89],[34,30],[-16,48],[24,29],[-15,23],[0,67],[-28,22],[13,33],[-11,50],[22,43],[3,92],[14,25],[27,10],[21,49],[-1,35],[40,32],[37,-39],[39,-19],[43,7],[82,-24],[29,7],[30,-31],[34,-17],[12,-21],[-20,-70],[-47,8],[19,-40],[26,-15],[-9,-36],[-55,-27],[-18,25],[-24,-8],[42,-40],[28,-11],[14,20],[44,-6],[46,-94],[-7,-54],[-22,-36],[38,-23],[6,95],[9,50],[21,26],[-12,40],[-39,48],[-22,53],[43,31],[-12,23],[27,33],[38,-31],[17,-34],[-6,-47],[31,-19],[-10,-36],[14,-116],[22,-75],[39,-39],[104,-34],[23,16],[40,-11],[2,-30],[43,-68],[-35,-29],[-36,4],[-41,-63],[-9,-31],[-1,-83],[-53,6],[-55,27],[4,38],[-53,25],[-17,34],[-28,-32],[-58,33],[-9,-15],[70,-79],[-38,-13],[12,-62],[23,-44],[53,-39],[-15,-25],[0,-33],[-27,-49],[17,-8],[39,63],[65,10],[48,-22],[21,-52],[0,-52],[-29,-78],[21,-67],[24,-14],[5,-36],[19,-14],[26,47],[-12,86],[18,62],[53,56],[14,80],[19,23],[-33,16],[-17,87],[38,-14],[51,2],[44,-44],[-34,-19],[4,-29],[26,-14],[-25,-76],[-13,-74],[-13,-130],[11,-109],[13,-33],[35,-17],[14,20],[41,-13],[-6,-41],[5,-60],[35,-36],[68,-21],[-19,-59],[14,-24],[-26,-35],[-6,-43],[11,-40],[-20,-11],[-9,-68],[-16,-14],[-18,-100],[-6,-91],[13,-19],[-23,-74],[-25,-42],[-35,-223],[-5,-74],[1,-133],[25,-27],[-10,-61],[-53,-82],[-7,-170],[-12,-93],[-1,-134],[-14,-67],[-62,-165],[-10,-74],[5,-61],[45,-28],[24,-70],[22,-31],[34,-5],[34,17],[4,-169],[-16,-35],[36,-69],[31,-26],[40,38],[14,-57],[18,-26],[-3,-52],[19,-11],[-20,-92],[-41,-58],[-25,-2],[-52,-79],[-30,-13],[-70,33],[8,-67],[48,-29],[39,11],[5,-52],[-8,-35],[4,-59],[45,-168],[41,-100],[76,-117],[59,-73],[69,-72],[13,-22],[-23,-28],[-17,-66],[-42,-21],[-91,12],[-44,-2],[-39,14],[-52,-4],[-2,-16]],[[207371,89008],[-69,-3],[-91,38],[-78,28],[-23,-6],[-33,-40],[-33,-17],[-89,35],[-55,-29],[-76,-60],[-45,11],[17,47],[74,33],[2,32],[-20,10],[-71,10],[-36,48],[-9,77],[-34,32],[-30,6],[-26,26],[-33,84],[-59,60],[-27,48],[36,29],[-10,14],[6,46],[30,27],[0,26],[-20,39],[9,71],[18,-1],[53,-39],[39,38],[-28,74],[13,14],[-66,88],[19,38],[-44,58],[7,57],[-43,6],[6,40],[-34,5],[-5,-45],[-28,4],[-6,-51],[-42,6],[-36,-13],[-4,-30],[-28,-14],[-31,45],[-52,-17],[-15,-44],[-38,1],[-36,-42],[-60,0],[20,-46],[-12,-41],[-43,-72],[-41,-10],[-10,37],[19,41],[-1,35],[-16,36],[-41,59],[-13,32],[-27,138],[-24,41],[-46,18],[-58,-12],[-46,-40],[-32,-57],[-26,-6],[-39,17],[-21,42],[-35,40],[14,30],[38,16],[45,49],[26,45],[25,23],[46,21],[38,52],[-26,27],[-32,6],[-17,62],[40,33],[-3,28],[-27,51],[-74,-13],[-27,12],[-38,-5],[-86,16],[-115,15],[-83,39],[-95,71],[-132,19],[-32,-14],[-75,-90],[-96,-61],[-77,51],[-34,52],[2,40],[16,45],[-9,24],[-53,33],[-34,2],[-62,-15],[-114,31],[-3,50],[38,92],[1,37],[-48,45],[-124,-42],[-29,-117],[-54,-29],[-38,-40],[-25,0],[-34,26],[-81,12],[-53,31],[-34,38],[-24,-7],[-41,39],[28,85],[-20,52],[23,46],[-49,31],[-47,-2],[-23,44],[-43,5],[-51,35],[-44,-26],[-60,32],[-15,-52],[-49,8],[5,26],[-28,13],[-6,27],[-45,-13],[-23,-30],[-24,-4],[-50,-58],[-21,-6],[-21,-33],[-66,-12],[-33,-20],[-31,9],[-27,-30],[-25,3],[-28,-32],[-16,-37],[9,-47],[-10,-38],[-180,-94]],[[207613,88885],[-26,5],[-33,52],[52,-3],[51,-27],[-12,-26],[-32,-1]],[[208476,90556],[4,-41],[-40,10],[36,31]],[[207816,90858],[-10,25],[-27,2],[-29,-17],[-18,25],[7,35],[26,21],[-5,45],[28,-8],[11,-37],[35,-58],[-18,-33]],[[203742,95598],[-7,25],[80,7],[14,35],[29,0],[-3,-40],[-49,-24],[2,-23],[-51,2],[-15,18]],[[206962,95807],[2,55],[32,-17],[-15,-42],[-19,4]],[[205723,95555],[17,28],[29,-42],[-18,-15],[-28,29]],[[207606,88976],[0,16],[70,19],[0,-31],[-22,-21],[-48,17]],[[204814,95657],[11,30],[32,-23],[5,-27],[-28,-15],[-20,35]],[[207943,90363],[-17,33],[3,62],[-12,38],[45,-18],[25,2],[32,49],[46,35],[16,-84],[29,-22],[-8,-35],[-32,0],[-68,-19],[-59,-41]],[[205952,94337],[-23,65],[73,53],[10,32],[-25,36],[33,48],[10,45],[54,16],[1,-34],[26,-21],[2,-85],[-26,-2],[-40,-29],[-57,-24],[-19,-25],[2,-69],[-21,-6]],[[204002,94622],[6,-36],[-10,-55],[-19,-33],[-40,-5],[-5,37],[33,70],[35,22]],[[203869,94522],[-19,32],[1,31],[38,10],[32,-54],[-4,-21],[-48,2]],[[205475,94566],[1,16],[46,10],[18,15],[35,-11],[-8,-33],[-26,-11],[-56,-4],[-10,18]],[[204024,94750],[19,106],[25,-24],[2,-24],[-46,-58]],[[203872,94492],[52,23],[4,-33],[-38,-8],[-18,18]],[[205045,95725],[-21,-16],[1,-70],[-42,0],[-36,92],[44,20],[41,-5],[13,-21]],[[206147,94375],[6,22],[-17,61],[28,27],[59,-16],[-25,61],[3,32],[37,36],[-78,33],[-20,28],[18,18],[16,47],[39,-1],[42,-22],[29,-32],[45,-27],[15,-77],[22,-9],[2,-29],[-20,-28],[42,-50],[-2,-28],[53,-17],[23,-55],[21,-12],[-31,-41],[-36,7],[-7,-59],[-21,-28],[-31,14],[-41,-38],[14,-26],[-39,-20],[-34,8],[-16,-27],[-22,7],[-33,-38],[-28,62],[32,50],[8,56],[-51,71],[-47,-11],[25,46],[20,5]],[[205300,94028],[56,29],[2,-28],[-58,-1]],[[203802,94886],[5,51],[32,50],[-9,28],[22,63],[-20,33],[16,31],[-4,31],[40,39],[-17,18],[18,62],[-7,41],[60,61],[45,2],[2,-32],[-16,-28],[-3,-49],[26,-86],[19,-30],[4,-54],[19,-48],[30,-25],[-36,-92],[10,-94],[-25,-85],[7,-43],[-17,-44],[-44,-71],[-46,-15],[-87,43],[4,50],[32,19],[-29,75],[-18,16],[4,42],[-17,41]],[[204386,95168],[-12,-40],[37,-16],[9,-23],[-25,-22],[-29,2],[-20,-32],[-20,-4],[-59,-44],[-29,-55],[-116,-59],[-46,87],[13,32],[33,16],[18,29],[30,8],[44,-7],[17,57],[30,22],[42,14],[34,-39],[13,31],[-13,23],[29,36],[20,-16]],[[178829,136140],[-19,-55],[-1,-60],[10,-81],[-21,-70],[1,-84],[-15,-80],[15,-19],[48,8],[34,-34],[32,51],[34,3],[-4,-44],[18,-14],[24,12],[-18,41],[15,63],[20,31],[29,2],[51,23],[23,30],[58,21],[42,-46],[53,-21],[88,17],[50,29],[27,42],[54,4],[15,21],[33,-29],[-31,-43],[-20,-45],[6,-25],[-75,-137],[-13,-67],[-29,-52],[-12,-102],[13,-27],[42,-11],[-6,-45],[-25,-60],[27,-37],[-5,-32],[18,-36],[-11,-74],[-16,-28],[-4,-36],[24,-29],[-8,-34],[8,-29],[-24,-64],[-16,-213],[11,-104],[58,-102],[6,-34],[-11,-29],[-9,-146],[0,-174],[23,-77],[-3,-68],[7,-38],[5,-85],[50,-136],[81,-76],[81,-29],[18,-46],[1,-54],[17,-54],[25,-22]],[[178839,135733],[47,0],[-6,-52],[-31,22],[-10,30]],[[178933,135783],[-1,26],[34,6],[9,-34],[-26,-15],[-16,17]],[[178917,135815],[12,-37],[-32,-4],[-3,29],[23,12]],[[178958,135733],[21,-54],[-25,-2],[4,56]],[[213563,69839],[14,-59],[21,-28],[-3,-78],[-26,-20],[6,-59],[20,-34],[-1,-32],[21,-46],[-53,-64],[-1,-54],[-28,-27],[-21,15]],[[213512,69353],[-26,37],[-97,15],[-37,-13],[-17,19],[-59,-25],[-74,17],[-37,28],[-84,-59],[-26,6],[-52,34],[-20,26]],[[212983,69438],[-63,13],[-77,30],[4,28],[-48,51],[-17,-10],[-41,23],[-14,51],[-35,35],[1,76],[-19,0],[-39,38],[-37,9],[-15,74],[13,46],[4,67],[-47,57],[2,61],[28,-1],[0,37],[-22,44],[-9,41],[-34,6],[4,30],[-94,15],[-22,13],[13,86],[-31,5],[-12,-73],[-26,17],[-9,33],[-29,4],[5,31],[-16,47],[-51,38],[-46,19],[-65,8],[9,59],[-91,14],[-34,-12],[6,44],[-16,38],[-44,6],[18,40],[-17,58],[-18,25],[8,26],[-51,19],[-38,-25],[-23,2],[-27,58],[-27,19],[3,38],[21,26],[114,-17],[-14,53],[58,5],[21,38],[9,59],[57,10],[-32,29],[-29,-16],[17,105],[16,37],[-43,0],[4,33],[-24,22],[39,45],[-109,34],[-21,-28],[-22,9],[-14,36],[43,27],[6,22],[-17,100],[13,30],[95,58],[47,-7],[9,66],[51,-8],[15,72],[-29,4],[9,35],[36,-15],[6,47],[36,29],[62,-13],[8,45],[102,-10],[41,16],[26,-21],[-4,-27],[73,-20],[-3,-20],[73,-11],[42,-60],[32,-6],[17,-26],[15,83],[49,21],[9,58],[63,7],[5,27],[-21,57]],[[212754,71936],[38,2],[27,-16],[72,9],[129,-20],[-11,-72],[18,-31],[61,29],[17,35],[31,6],[11,-120],[38,8],[24,-16],[20,134],[104,-16],[5,13],[113,-11],[67,-45],[42,-12],[-8,-59],[56,-8],[-19,-28],[101,-16],[1,-78],[34,-25],[50,-4],[56,-37],[31,-45],[-31,-16],[21,-42],[-11,-52],[94,-16],[-26,-173],[101,-4],[-19,-63]],[[216534,70969],[30,-27],[-7,-50],[-23,4],[-7,-48],[32,1],[21,-29],[74,-3],[6,-17],[118,-18],[60,-1],[31,-29],[65,-10],[11,-69],[-6,-40],[25,-25],[-4,-24]],[[216523,69968],[-13,-32],[-32,-8],[-38,-32],[5,-35],[-56,28],[-12,-41],[-43,-7],[-29,10],[-24,-11],[-31,-63],[8,-15],[-23,-63],[13,-48],[19,-22],[-68,-86],[-51,-15],[-21,-18],[-86,13],[5,51],[-33,4],[-35,32],[-2,60],[-58,5],[-10,-87],[-107,38],[-9,-53],[-85,14],[-4,35],[-22,19],[-1,33],[-23,18],[16,24],[-21,63],[-12,70],[34,16],[-27,36],[-1,31],[-52,12],[-49,-38],[-70,-21],[-68,22],[-14,-16],[-75,-26],[-24,-35],[-65,-15],[-81,50],[-10,46],[-41,12],[-5,41],[14,46]],[[183913,83980],[-128,-60],[-68,-958],[-26,-383],[-559,-487],[-78,202],[-242,-441],[-67,83],[-491,-422],[-109,-202]],[[176969,88145],[34,235],[-300,51],[76,561],[36,26],[36,-22],[9,65],[-54,6],[62,639],[210,-19],[-22,31],[36,113],[49,40],[91,-109],[474,420],[-190,248],[-157,202],[30,155],[11,139],[52,217],[11,137],[391,-36],[377,344],[127,106],[16,23],[39,399],[43,23],[130,173],[-24,105],[31,34],[372,-24],[11,257],[305,-7],[49,52],[22,7],[292,257],[221,187],[-67,83]],[[197521,100335],[1,16],[-35,56],[-32,30],[-65,81],[-6,33],[-46,-2],[-15,42],[-18,7],[-31,59],[-31,15],[-22,56],[27,23],[15,32],[-11,38],[33,49],[-4,53],[15,47],[-16,31],[4,37],[529,-71],[-7,-59],[230,-30],[369,310],[-36,5],[2,153],[35,29],[45,-16],[46,0],[38,336],[22,-2],[116,-139],[39,23],[32,31],[69,43],[27,33],[-58,103],[0,81],[36,1],[35,-50],[46,-30],[55,31],[4,47],[22,66],[52,27],[50,43],[38,6],[68,-52],[32,-39]],[[199220,101918],[-27,-56],[27,-39],[22,9],[43,-40],[23,-54],[-16,-47],[46,-75],[72,-11],[32,11],[-35,-102],[-33,-12],[-11,-23],[38,-37],[23,-4],[10,-30],[30,-10],[-10,-42],[2,-79],[99,-30],[41,-47],[31,11],[13,-62],[-4,-42],[13,-31],[26,-2],[55,-56],[36,19],[70,-23],[32,-56],[-48,-4],[-26,-20],[-10,-37],[-61,-20],[3,-20],[39,-8],[48,-33],[59,-13],[-3,-15],[40,-86],[-19,-108],[4,-16],[54,29],[29,7],[25,-42],[18,8],[-10,56],[42,22],[19,-32],[-2,-58],[53,-33],[34,-4],[23,-27],[35,38],[20,-20],[31,7],[18,36],[35,8],[15,-63],[26,-29],[34,-15],[32,40],[59,-20],[-10,-28],[37,-41],[47,0],[25,52],[19,12],[77,-41],[-20,-37],[23,-37],[-25,-31],[-58,31],[-34,-23],[-18,-36],[39,-29],[26,-61],[-29,1],[-15,-51],[-1,-51],[-17,-38],[26,-13],[32,24],[43,-11],[11,28],[32,9],[44,28],[94,-5],[61,-55],[10,-30],[32,-32],[52,10],[21,22],[61,-30],[33,2],[-6,-65],[17,-51],[32,-40],[28,21],[35,-9],[33,-99],[58,-89],[64,62],[12,-35],[-15,-133],[31,-27],[-39,-39],[-9,-67],[4,-73],[-53,77],[-34,7],[-4,-39],[41,-18],[17,-24],[-41,-34],[-21,-54],[-16,-79],[0,-47],[12,-69],[35,-31],[30,-101],[-31,-65],[-18,-14],[-8,-38],[-32,-39],[42,-6],[-44,-71],[38,0],[20,44],[30,23],[6,23],[39,45],[29,6],[12,23],[63,33],[22,19],[11,-73],[20,-39],[50,-37],[76,26],[-12,-54],[-4,-156],[22,-54],[-11,-32],[69,-61],[-22,-23],[8,-50],[28,-4],[-15,-82],[-38,-9],[-6,-27],[-41,14],[-38,-1],[26,-41],[-12,-25],[34,-22],[28,18],[53,4],[35,-18],[28,14],[20,-67],[-35,-5],[-28,39],[-24,-31],[-67,-12],[-19,-54],[-2,-75],[-13,-21],[24,-38],[-80,-33],[46,-35],[16,-42],[1,-34],[33,-21],[22,36],[53,46],[63,22],[7,40],[26,3],[8,-27],[32,-33],[27,-64],[40,26],[72,19],[-3,-54],[-19,-3],[-21,-126],[7,-19],[50,7],[23,-31],[-15,-30],[68,25],[95,-39],[20,-94],[15,-2],[39,103],[22,26],[17,56],[63,4],[12,-76],[-6,-85],[-42,-15],[-8,-67],[-76,-60],[-24,-42],[-26,-83]],[[200622,102654],[-38,11],[8,37],[38,-18],[-8,-30]],[[201002,102372],[-9,-32],[-27,4],[8,31],[28,-3]],[[200808,102527],[11,53],[20,-19],[-31,-34]],[[200748,102116],[-7,43],[-38,-12],[-17,-19],[-30,28],[33,47],[39,4],[23,33],[8,49],[-4,41],[29,0],[-6,59],[13,35],[-13,37],[15,16],[37,-6],[-14,-55],[45,-58],[0,-80],[-43,28],[-6,-29],[-37,-26],[8,-37],[-25,-3],[-2,-82],[-8,-13]],[[200603,102444],[9,56],[33,3],[28,18],[25,-18],[8,-54],[-40,-33],[-44,-11],[-19,39]],[[200771,101604],[-20,1],[-41,56],[-7,49],[43,-36],[25,-70]],[[200095,100684],[-16,17],[-9,73],[32,5],[30,-19],[2,-41],[31,-40],[-47,-15],[-23,20]],[[203222,98032],[-11,42],[22,26],[17,-36],[0,-36],[-28,4]],[[203118,98588],[-37,59],[-37,23],[13,34],[30,-2],[2,-27],[55,-15],[16,-16],[3,-43],[-12,-18],[-33,5]],[[203930,99955],[15,19],[-19,36],[43,3],[23,-62],[-62,4]],[[202050,101048],[-31,-45],[-30,43],[34,13],[27,-11]],[[202856,101002],[-13,33],[40,48],[14,-55],[-25,-2],[-16,-24]],[[202887,100660],[9,-51],[-20,-45],[-24,-25],[-31,23],[-46,-22],[-63,67],[21,33],[85,-15],[-16,57],[12,19],[73,-41]],[[202159,100337],[-27,31],[-7,73],[49,16],[56,-11],[28,-39],[-2,-29],[-27,-53],[-90,-34],[20,46]],[[202009,100385],[-1,41],[-35,27],[47,11],[18,17],[45,-28],[37,-79],[-105,30],[-6,-19]],[[201550,100949],[-9,55],[44,32],[33,-21],[8,-75],[-32,-16],[-44,25]],[[201574,100899],[-6,-12],[34,-46],[-23,-5],[-13,29],[-29,-9],[-27,21],[-46,12],[27,32],[54,6],[29,-28]],[[201058,101414],[5,32],[29,63],[24,0],[12,-44],[-33,-45],[-37,-6]],[[201205,101406],[-11,34],[-35,24],[29,35],[22,-38],[-5,-55]],[[175910,106101],[-869,89],[-50,-552],[-53,-589],[116,-11],[-40,-500],[-55,-683],[-72,-878],[172,-16],[-39,-464],[12,-1],[-46,-567],[-66,-12],[-13,-128],[14,-1],[-22,-286],[-22,-10],[-90,-206],[205,-23],[-32,-336],[-92,10],[-39,-405],[-73,8],[-38,-487],[-342,33],[-15,-102],[149,-15],[-24,-246],[-35,-428],[126,-11],[-21,-292],[-354,6],[-384,79],[-40,-34],[347,-436],[-283,-248],[106,-11],[-43,-465],[-164,-140],[137,-14],[-5,-77]],[[173873,97652],[-9,-199],[-13,-480],[-49,-377],[-19,-154],[-420,41],[-764,65],[-8,-67],[-608,61],[12,164],[-290,24],[-94,-865],[-667,33]],[[174091,137897],[-32,25],[9,26],[-12,35],[10,33],[-26,10],[-9,42],[-25,16],[-11,36],[25,13],[13,42],[-27,35],[26,39],[-14,65],[-56,30],[-60,19],[-16,30]],[[173017,138561],[-119,3],[-18,-7]],[[172541,138612],[26,26],[27,56],[55,135],[84,225],[78,194],[41,119],[31,74],[24,42],[56,70],[59,136],[37,48],[76,84],[30,10],[72,-6],[-64,-91],[-13,-48],[18,-28],[2,-37],[28,-56],[58,-87],[17,-56],[-10,-36],[1,-92],[16,-70],[17,-128],[20,-52],[52,-54],[5,-16],[-65,-62],[-56,-14]],[[173306,138881],[58,42],[25,27],[6,48],[-44,48],[-21,68],[-9,71],[4,70],[11,54],[54,62],[45,63],[46,-7],[50,-48],[43,-21]],[[200865,78266],[103,-312],[43,-113],[318,-39],[-4,-67],[-19,-31],[21,-75],[10,-102],[-63,-53],[-3,-47],[-21,-43],[-31,-22],[-24,-38],[-35,-4],[15,-62],[-25,-57],[-32,-31],[2,-68],[-8,-82],[2,-34],[-32,-54],[29,-38],[18,-107],[-52,-94],[11,-13],[68,-9],[26,-12],[16,-37],[85,67],[39,12],[217,19],[31,27],[6,23],[58,25],[106,-8],[62,-26],[34,-5],[87,19],[20,-37],[43,20],[14,42],[29,22],[103,-64],[62,-52],[-5,-55],[55,4],[29,13],[45,68],[-7,42],[146,-17],[-2,-19],[-67,-32],[55,-30],[15,-60],[-33,-47],[6,-13],[102,8],[56,28],[14,-22],[60,1],[15,129],[175,-22],[-2,23],[33,18],[79,-9],[20,-27],[98,-12],[8,14],[98,-23],[63,90],[378,-51],[-10,-27],[68,-38],[-38,-274],[-64,-60],[-123,-34],[-4,35],[-54,19],[-27,-5],[-18,-125],[-56,8],[-12,-90],[-24,3],[-70,-70],[-72,-55],[162,-24],[-52,-48],[-45,-69],[-20,-88],[31,-5],[-9,-64],[30,-4],[-12,-86],[-36,9],[-10,-65],[19,-3],[-16,-109],[-100,15],[-12,-81],[133,-20],[-19,-145],[-98,-108],[14,-126],[4,-129],[-9,-63],[-42,-49],[2,-29],[44,-6],[37,-61],[-338,-149],[22,-33],[39,-16],[-92,-46],[94,-291],[66,-216],[57,-89],[71,-187],[19,-36],[-13,-63],[-66,5],[-14,25],[-109,-45],[3,-43],[58,3],[11,-34],[-31,-20],[22,-63],[39,-27],[23,33],[43,-1],[76,-32],[-470,-513],[141,-135],[-107,-115],[-51,-47],[-193,-154],[-60,-96],[-24,-19],[7,-44],[-93,-166],[-6,-35],[41,-79],[52,-68],[1,-15],[60,-85],[-11,-82],[21,-35],[-10,-91],[-61,-452],[-58,-404],[163,-24],[-47,-328]],[[193284,69688],[-56,9],[31,170],[-32,139],[-3,35],[33,248],[-2,27],[17,184],[84,609],[-306,38],[4,39],[-15,92]],[[193039,71278],[-30,266],[-49,3],[38,300],[-23,4],[13,179],[65,532],[67,326],[21,-3],[37,314],[-256,33],[5,41],[27,-4],[42,320],[32,46],[26,195],[267,-23],[276,-26],[54,409],[6,385],[0,193],[63,192],[2,238],[24,191],[17,30],[-10,62],[-14,16],[-126,16],[25,202],[57,38],[284,-37],[48,407],[15,30],[86,640],[113,-18],[22,200],[-89,12],[13,103],[32,92],[9,59],[-41,34],[0,78],[22,54],[68,42],[68,-22],[26,-21],[31,24],[72,-10],[39,26],[28,233],[-12,11],[-26,87],[31,33],[-8,104],[2,46],[-22,32],[43,81],[5,50],[-15,10],[-87,16],[-14,15],[-51,1],[-16,-12],[-36,21],[-103,117],[-57,21],[-18,39],[-47,-16],[-51,17],[-49,4],[-10,22],[-108,33],[14,50],[-7,33],[-35,87],[4,78],[-2,100],[-31,91],[-29,39],[-15,40],[9,23],[-378,48],[74,668],[407,-50],[75,639],[196,-26],[65,558],[45,-5],[33,94],[-12,48],[-107,92],[-11,139],[484,-63],[215,-29],[50,407],[388,-52],[78,663],[-103,15],[40,318],[94,-13],[63,-19],[31,-28],[43,-20],[26,-44],[31,-23],[20,24],[89,3],[40,27],[30,-3],[0,33],[40,52],[9,44],[23,12],[33,75],[102,32],[28,24],[29,-3],[44,48],[42,2],[-4,35],[65,42],[28,10],[-14,36],[15,33],[52,-11],[52,2],[23,49],[28,33],[49,29],[24,39],[-10,14]],[[187514,117232],[-54,-2],[-18,-17],[-36,20],[-51,-14],[-45,-59],[25,-25],[-10,-92],[-25,-26],[-34,16],[-38,-52],[-49,0],[-19,13],[-34,-78],[-32,-37],[-21,28],[-38,25],[-9,51],[-51,15],[-5,19],[-87,9],[-15,-62],[-43,4],[-11,33],[9,56],[-16,32],[-44,4],[8,40],[24,37],[-91,9],[3,48],[-66,7],[-47,-84],[-10,-101],[12,-26],[23,-1],[49,-56],[44,-15],[-24,-258],[48,-77],[-13,-51],[32,-66],[-1,-42],[17,-32],[-17,-51],[29,-26],[19,-49],[-19,-28],[-43,-5],[0,-48],[-28,-41],[-20,-10],[-16,-53],[-19,-5],[-7,-37],[-35,-4],[-65,-43],[-48,-18],[1,-71],[-20,-8],[-41,16],[-33,-33],[-56,-6],[-30,10],[-14,-23],[9,-26],[-22,-47],[-81,-1],[-25,-17],[-85,-25],[-39,-49],[17,-27],[0,-35],[-79,-84],[-2,-78],[-15,-27],[15,-70],[-27,-10],[-10,-96],[-56,34],[-62,27],[-21,-2],[-30,-42],[-51,-32],[-25,-28],[-44,19],[-54,-2],[-45,-16],[-14,-43],[-157,-63],[-60,-16],[-29,-56],[-4,-81],[-17,-26],[-41,-16],[-51,-40],[-25,16],[-78,26],[-12,-44],[0,-49],[-34,-15],[-10,-38],[-25,-24],[10,-55],[-30,-50],[18,-27],[9,-49],[-19,-14],[-19,-50],[-25,-28],[-7,-32],[-23,-21],[42,-68],[16,-43],[-46,-40],[-14,-48],[-28,-19],[-25,-93],[-45,-23],[-36,-2],[2,-90],[-29,-35],[-32,3],[-5,-44],[-16,-19],[20,-64],[28,-27],[-14,-23],[-88,-6],[1,-48],[-28,-40],[-5,-56],[-17,-15],[21,-37],[1,-76],[-8,-78],[19,-47],[-66,-63],[-14,-47],[27,-84],[43,-82],[10,-53],[-32,-111],[-4,-37],[16,-61],[-14,-49],[-5,-74],[-34,-94],[-21,5],[-54,-61],[-93,-29],[2,61],[-46,23],[5,76],[-53,4],[-106,-91],[-40,-381]],[[216023,73772],[48,-48],[43,-14],[24,-115],[50,-36],[-7,-19],[38,-23],[34,-33],[10,-37],[29,-41],[-24,-23],[23,-29],[51,8],[31,-17],[40,-41],[-5,-20],[-50,-28],[-43,8],[-39,-11],[-110,-67],[-62,-50],[-31,-62],[-28,-72],[-50,-79],[5,-13],[-28,-59],[31,-78],[50,8],[147,-46],[54,24],[14,40],[32,-3],[6,-78],[10,-14],[-14,-66],[10,-19],[-26,-66],[-13,-66],[-58,24],[-51,-31],[-31,29],[-9,43],[30,67],[-4,16],[-81,-8],[27,-32],[41,-108],[24,-12],[-48,-74]],[[214893,72236],[2,24],[26,15],[4,41],[-18,23],[-50,7],[-16,-14],[-67,18],[-40,3],[-10,67],[-81,23],[-7,78],[42,60],[-7,19],[36,25],[1,46],[14,49],[-2,42],[34,46],[81,79],[-17,31],[40,56],[-17,36],[-17,74],[-1,76],[16,28],[-63,0],[-39,27],[-70,15],[-40,-9],[-12,26],[41,25],[-13,78],[-22,38],[67,-10],[-17,28],[45,97],[-20,64],[-1,29],[-23,22],[-30,55],[14,47],[-22,7],[-3,34],[18,29],[-52,1],[-15,27],[-61,23],[6,21],[38,4],[26,49],[-1,39],[48,57],[-82,23],[22,16],[3,45],[82,-3],[2,35],[-10,50],[-64,100],[3,43],[-13,40],[43,24],[-25,51],[27,11],[1,72]],[[214627,74518],[75,-13],[-9,-27],[49,-9],[45,11],[46,-28],[24,31],[40,-37],[13,84],[31,21],[71,-20],[-9,-54],[29,-11],[8,-46],[25,-23],[46,11],[27,-22],[47,-85],[30,-30],[60,-9],[36,-57],[47,-8],[-11,-70],[-43,6],[-1,-63],[23,-4],[-7,-38],[61,-9],[-11,-75],[-43,-26],[-13,-87],[62,-10],[44,11],[22,-21],[48,30],[62,-7],[49,-35],[73,-11],[58,-57],[32,20],[12,-26],[95,-20],[54,25],[6,56],[93,-14]],[[216424,73914],[55,-210],[72,-187],[75,-132],[20,-48],[10,-58],[-37,-64],[-82,-18],[-34,1],[-28,43],[-20,78],[-32,22],[-44,59],[-14,80],[-26,7],[-22,32],[-77,56],[-8,66],[-25,47],[-26,9],[-26,35],[11,39],[-2,40],[29,39]],[[216193,73850],[231,64]],[[162306,118113],[30,-2],[25,-46],[-23,-16],[-60,55],[28,9]],[[162597,118486],[6,-23],[28,-17],[7,-44],[-13,-12],[-44,7],[-74,-56],[-2,-52],[-55,14],[-29,63],[-2,29],[16,55],[99,38],[45,28],[18,-30]],[[164393,117019],[-23,39],[0,74],[34,8],[30,30],[-6,46],[44,68],[2,68],[34,-17],[20,-38],[-20,-26],[-79,-159],[-6,-37],[10,-61],[-40,5]],[[165412,119144],[0,38],[31,-10],[5,-35],[-14,-25],[-26,-3],[-58,-32],[-9,43],[55,4],[16,20]],[[163932,117106],[-34,28],[1,53],[-49,22],[-101,-29],[-8,-27],[-29,-19],[-7,-51],[-37,-15],[-18,21],[-7,42],[-32,29],[0,27],[-20,40],[-5,40],[69,-2],[44,30],[25,38],[33,15],[44,35],[16,29],[4,46],[32,58],[37,-23],[14,48],[36,-4],[21,35],[15,52],[-12,87],[48,-25],[5,-21],[42,-69],[75,-73],[24,-34],[41,-16],[-16,-45],[4,-43],[19,-59],[54,-62],[16,-43],[-30,-2],[-56,-32],[-74,-1],[-53,-22],[-21,-59],[-85,17],[-25,-16]],[[162962,117520],[42,-23],[21,-52],[49,-49],[-41,-14],[-11,45],[-56,-4],[-34,60],[-42,-6],[-10,52],[-15,23],[-5,43],[30,21],[11,-35],[32,-22],[29,-39]],[[163092,117633],[-21,38],[29,21],[23,-50],[-31,-9]],[[164859,119849],[-23,20],[-42,2],[-26,49],[26,31],[12,51],[19,41],[36,-1],[17,-16],[-4,-53],[19,-51],[-4,-88],[-30,15]],[[162819,119113],[-20,-19],[-36,-9],[-69,10],[-14,34],[-2,42],[-32,63],[36,48],[5,61],[78,75],[103,83],[34,60],[-14,42],[28,40],[-9,24],[47,30],[43,45],[0,60],[54,36],[32,11],[103,70],[30,47],[43,30],[24,0],[67,-21],[55,15],[62,45],[89,0],[78,26],[51,7],[50,-13],[87,0],[36,8],[65,46],[27,33],[151,68],[25,18],[28,48],[33,30],[32,-21],[53,-14],[100,-11],[27,-14],[49,-79],[55,-41],[25,-43],[40,-35],[36,-7],[65,2],[22,-49],[34,-32],[29,-43],[12,-40],[-11,-38],[4,-63],[39,-50],[6,-44],[-26,-11],[-68,-1],[-1,29],[-20,35],[-94,5],[-25,-29],[-31,-5],[-16,-26],[-42,-5],[-58,-37],[-67,-57],[-9,39],[-18,19],[1,42],[-34,18],[-15,54],[20,24],[-16,44],[-71,36],[2,42],[-65,-19],[-3,-36],[-42,-56],[-10,-35],[-57,-1],[-16,20],[-34,-16],[-26,-36],[-46,-2],[-8,-31],[27,-47],[19,-7],[81,4],[17,-56],[-60,-91],[-20,37],[1,32],[-46,19],[-36,-5],[-62,-54],[48,-36],[2,-46],[-16,-76],[21,-33],[-26,-68],[-89,-4],[26,-67],[8,-92],[-51,-31],[-36,10],[-48,-8],[-4,59],[-30,59],[-55,35],[-25,-9],[-30,-47],[17,-28],[-54,-63],[-5,-54],[-18,-32],[-48,6],[-16,-22],[-84,-71],[-44,-89],[-21,23],[-23,0],[-52,-44],[-77,14],[-15,26],[-80,-2],[-54,-28],[-23,78],[-20,22],[-70,10],[-16,60],[5,74],[-27,45],[19,22]],[[162772,118953],[16,-101],[-16,-24],[-34,-7],[-48,-50],[-1,-42],[-83,-2],[30,77],[-13,59],[-14,16],[-1,40],[23,63],[25,31],[72,61],[32,-4],[35,-43],[-23,-74]],[[163822,119063],[44,28],[18,-7],[21,-48],[-34,-36],[-16,-56],[-42,-31],[-47,17],[-12,40],[22,53],[46,40]],[[158217,99177],[-1,1044],[0,725],[0,433],[-1,639],[0,968],[0,457],[-1,1199],[0,254],[-1,960],[0,960],[-1,722],[1,535],[0,491],[0,490],[0,640],[-1,826],[-1,1923]],[[193039,71278],[-58,-32],[-548,93],[-50,-14],[-153,26],[-146,31],[-133,24],[-301,40],[-227,33],[39,354],[36,-7],[38,328],[-325,38],[23,58],[55,539],[-42,21],[-39,4],[4,32],[-31,4],[-4,-33],[-472,53],[32,307],[-26,6],[-898,94],[31,312],[-609,50],[-254,19],[-190,25],[-568,62],[-45,-377],[-330,40],[-297,36],[-34,0],[-9,-85],[-77,8],[-7,-59],[-166,27],[-364,37],[-50,1],[-596,70],[-146,19],[16,145],[-24,3]],[[186094,73610],[16,360],[12,193],[30,349],[22,220],[181,-17],[18,124],[9,103],[9,6],[-30,77],[-45,17],[-66,88],[-21,85],[-12,22],[121,89],[88,27],[74,636],[-187,24],[59,504],[19,180],[-59,-3],[-123,12],[65,651],[213,-25],[36,329],[35,294],[150,-20],[38,279],[-55,7],[25,189],[36,314],[24,226],[-28,3],[43,324],[19,190],[25,211],[49,461],[15,81]],[[172647,135963],[21,30],[25,67]],[[173188,137019],[-56,33],[-23,-27],[-42,-4],[-49,-21],[-57,13],[-29,-13],[-18,-25],[-25,18],[-10,49],[-32,22],[-44,-4],[-9,23],[-45,12],[-43,37],[-8,26],[11,34],[-29,11],[6,34],[-32,25],[-38,-4],[-43,39],[-35,10],[-58,31],[-29,-3]],[[172427,137272],[9,-49],[-43,-71],[-99,-1],[-39,-18],[-31,-38]],[[172026,137139],[10,47],[49,122],[9,47],[32,89],[121,281],[30,80],[64,190],[57,181],[51,198],[7,82],[38,114],[12,23]],[[216226,75844],[-56,16],[8,54],[-52,10],[24,32],[16,56],[-73,18],[-23,43],[22,62],[-41,6],[-7,-50],[-53,-5],[-103,15],[-6,22],[-35,8],[-39,-7],[-78,12],[-7,-33],[-70,11],[-5,-33],[-89,7],[-18,-28],[-95,-25],[-28,-31],[3,-22],[-58,7],[-6,-38],[-98,-43],[-60,-38],[-5,-30],[-49,6],[-3,40],[-39,51],[4,26],[-58,9]],[[216229,77356],[-42,-159],[-34,-149],[-34,-177],[-24,-212],[0,-75],[9,-67],[19,-72],[32,-67],[33,-31],[29,-10],[29,31],[29,11],[32,-15],[-7,-75],[-35,-180],[-24,-142],[-15,-123]],[[211067,78313],[-35,16],[-27,-22],[-41,21],[-62,18],[-70,52],[-100,23],[-31,2],[17,67],[-7,36],[-37,32],[13,37],[-71,8],[-28,45],[-58,27],[-33,-3],[-15,-22],[-43,-20],[-34,23],[-78,13],[-24,-9],[-29,19],[-37,4],[-75,-12],[-36,-233],[-31,-4],[-21,25],[0,29],[-25,19],[-21,-42],[33,-29],[-14,-41],[39,5],[28,-14],[-5,-43],[-17,-54],[11,-25],[-19,-44],[-36,-37],[-19,-86],[-39,-21],[3,-45],[-18,-6],[-332,-27],[-104,16],[-26,-27],[-32,1],[-62,-61],[26,-43],[-16,-36],[-53,-66],[-16,-32],[-38,-33],[-42,21],[-476,70],[-85,11],[-28,15],[-94,18],[-6,-87],[-32,-57],[25,-17],[31,9],[-1,-59],[-137,-26]],[[208477,77612],[-18,6],[-25,43],[-51,-15],[-54,5],[-93,46],[-26,41],[-3,39],[-24,42],[3,28],[-35,53],[-18,70],[-20,33],[-84,-27],[-47,17],[-64,-14],[-24,6],[-25,30],[-24,4],[-31,-19],[-8,-48],[-209,-163],[-230,33],[-34,90],[17,26],[-45,106],[-26,32],[-12,42],[-146,2],[-43,-16],[-48,48],[-112,19],[6,28],[-21,90],[41,62],[21,65],[0,38],[-20,31],[1,68],[50,46],[21,68],[-13,29],[-63,87],[-27,15],[-5,29],[-49,29],[-33,46],[30,10],[-49,65],[23,53],[37,4],[25,42],[-10,27],[2,110],[-56,28],[-25,47],[13,46],[65,92],[-30,54],[-6,54],[-162,23],[-80,8],[-22,40],[-58,23],[-67,-15],[-47,3],[-63,-19],[-79,41],[-31,34],[-45,98],[-145,32],[-36,-34]],[[175156,144926],[49,33],[-25,34]],[[175180,144993],[7,72],[49,105],[-11,48]],[[175225,145218],[118,-17],[51,-3],[135,13],[-6,-40],[60,-2],[-13,-69],[-15,-11],[-11,-44],[-34,-17],[-38,-39],[-61,4],[-42,-45],[77,-76],[-205,-476],[2,-175],[43,-39],[5,-37],[32,-14],[5,-21],[-55,-6],[-31,23],[21,37],[-40,5],[-1,-42],[20,-19],[-20,-22],[-18,-44],[-65,-16]],[[174077,143034],[38,50],[16,44],[23,123],[9,160],[7,33],[31,40],[-14,49],[-25,52],[22,22],[-6,45],[-25,87],[5,61],[-6,48],[-34,112],[-14,91],[-24,50],[16,47],[-2,37]],[[174094,144185],[144,-182],[241,246],[-57,24],[28,43],[-22,44]],[[174428,144360],[65,12],[58,44],[63,-24],[25,13],[37,-24],[46,17],[27,31],[37,22],[35,-18],[61,67],[55,25],[26,27],[36,94],[4,44],[49,36],[40,43],[17,34],[17,85],[30,38]],[[175643,144710],[16,48],[-16,30],[115,280],[-130,100],[2,14],[46,39],[51,32]],[[175727,145253],[15,-36],[45,14],[-1,-27],[51,-14],[19,4],[16,-34],[52,-31],[-34,-47],[2,-38],[-24,-10],[-47,-86],[-31,-19],[-28,-33],[-12,-55],[-43,-82],[-35,-37],[-29,-12]],[[173983,144073],[49,-7],[5,-30],[-27,-5],[-27,42]],[[191051,109545],[28,-8],[-2,-43],[-41,27],[-26,29],[19,16],[22,-21]],[[190948,110230],[-15,31],[-3,55],[33,5],[26,-51],[-18,-182],[-35,23],[-20,38],[31,60],[1,21]],[[191192,109861],[-14,-10],[-31,23],[14,48],[21,11],[-4,43],[8,62],[42,57],[-33,61],[-4,35],[-30,37],[8,24],[36,-37],[40,-18],[16,-40],[72,-27],[21,-37],[50,-66],[0,-56],[34,-45],[86,19],[68,40],[20,-18],[-7,-47],[-27,-61],[-39,8],[-11,-18],[-59,-34],[-35,3],[-30,45],[-48,19],[-24,-18],[-25,29],[-24,-15],[-33,16],[-30,-3],[-28,-30]],[[191089,110252],[-37,72],[18,34],[42,-38],[34,-47],[-21,-20],[-14,-49],[-28,24],[6,24]],[[182517,70771],[29,244],[361,-44],[35,304],[281,-34],[9,3],[45,387],[945,-122],[85,-10],[46,8],[17,-15],[369,-44],[32,284],[23,131],[299,-35],[32,312],[64,284],[561,-68],[71,638],[-64,8],[23,222],[44,418],[93,-12],[36,-20],[36,12],[105,-12]],[[172254,126121],[34,60],[21,89],[10,114],[-25,101],[-18,41],[-19,14],[-67,97],[-31,58],[-20,66],[-71,165],[-46,126],[-21,186],[-49,218],[-19,110],[-4,147],[-18,126],[-30,158],[5,149],[-5,70],[-32,127],[-22,132],[-53,205],[23,167],[34,137],[38,169],[52,167],[57,148],[17,29],[39,117],[19,72],[16,110],[-12,166],[-20,85],[0,69]],[[216616,71552],[27,-25],[71,-14],[74,10],[70,-9],[-9,-38],[26,-37],[-14,-61],[50,-11],[59,10],[-18,-75],[-25,-42],[11,-34],[37,-56],[68,-17],[-12,-40],[29,-45],[-39,-49],[8,-73],[26,-25],[-3,-41],[9,-69],[-16,-27],[10,-64],[33,-41],[-14,-42],[25,-74],[-35,-28],[-48,-5],[-33,64]],[[217181,71381],[-23,74],[99,32],[27,-2],[14,-39],[-68,-20],[-49,-45]],[[217086,70640],[27,18],[33,-25],[16,-53],[-45,2],[-23,20],[-8,38]],[[217117,70813],[32,12],[21,-31],[-8,-42],[-38,-63],[-6,46],[-18,35],[17,43]],[[217225,70732],[0,-26],[24,-76],[-23,-15],[-24,35],[23,82]],[[217101,71110],[14,42],[46,-7],[-5,-29],[-55,-6]],[[217147,70893],[57,-27],[-10,-38],[-47,65]],[[217228,71046],[21,-38],[-11,-39],[6,-33],[60,-22],[-37,-53],[-68,45],[1,83],[28,57]],[[217549,71910],[54,22],[25,-18],[50,-73],[37,-31],[100,-25],[27,1],[48,-22],[57,3],[-5,-51],[-57,-108],[-98,-271],[-67,-210],[-41,-146],[-47,-227],[-18,-111],[-14,-148],[4,-61],[-38,6],[6,47],[-35,-7],[-18,-46],[19,-24],[-45,-29],[-53,9],[-22,28],[-2,44],[-47,68],[28,18],[7,45],[-21,45],[18,58],[-6,33],[72,55],[12,30],[-35,85],[-14,13],[-6,48],[25,64],[-2,68],[-11,49],[6,83],[-11,48],[3,61],[11,32],[-11,45],[-44,43],[31,31],[10,60],[33,6],[20,20],[50,185],[13,65],[-11,42],[13,48]],[[217322,70904],[-10,-46],[-22,6],[10,42],[22,-2]],[[217320,70523],[-43,22],[-14,31],[30,64],[18,20],[-20,38],[-27,-7],[-3,76],[23,29],[102,2],[-6,-35],[-29,-22],[15,-34],[3,-82],[8,-30],[-18,-55],[-39,-17]],[[178347,98662],[0,-8],[-186,19],[-228,-201],[-494,-440],[-180,-173],[-42,53],[-309,-279],[-179,229],[-467,-417],[95,-119],[-258,-231],[20,251],[-356,34],[-4,-3],[-259,24],[-16,-204],[-610,35],[10,129],[-411,47],[14,200],[-271,35],[-343,9]],[[207371,89008],[68,-52],[144,-82],[40,-16],[89,-10],[-5,-44],[6,-44],[-41,-38],[-2,-26]],[[203398,89124],[-4,68],[-18,31],[-27,6],[-14,34],[-33,38],[13,19]],[[213890,68124],[18,44],[-38,62],[-90,13],[-2,24],[28,19],[29,54],[-9,42],[-58,-3],[-32,39],[-21,47],[18,42],[-43,45],[-13,60],[8,51],[-31,8],[-27,46],[-29,27],[-8,74],[35,32],[-14,42],[5,40],[-53,20],[-48,27],[20,45],[-26,56],[8,24],[-29,28],[-31,53],[12,96],[43,72]],[[212547,74077],[13,55],[22,38],[29,24],[57,7],[12,-14],[62,-9],[-17,27],[-3,78],[-10,30],[26,38],[9,63],[-61,10],[9,54],[-22,55],[15,20],[8,54],[-33,30],[-16,-12],[-32,30],[0,64],[32,53],[-50,8],[8,56],[-39,3],[3,-50],[-41,-13],[-12,30],[17,17],[-41,58],[-44,50],[-30,-15],[-13,27],[-46,16],[-24,46],[-26,15],[-10,77],[29,46],[35,17],[33,1],[33,27],[75,43],[6,47],[29,57],[-21,61],[28,17],[-2,61],[-24,34],[19,38],[-22,78],[-14,74],[20,44],[-17,14],[-6,53],[31,27],[11,29],[-15,27],[12,33],[54,-11],[68,32]],[[214227,75468],[-5,-50],[29,-19],[24,-63],[-17,-138],[-106,-154],[7,-51],[-23,-24],[5,-38],[47,-5],[55,-39],[24,-76],[-9,-31],[65,-50],[9,-27],[56,-7],[59,-21],[25,11],[26,-52],[29,22],[54,-19],[6,-74],[40,-45]],[[212754,71936],[-4,21],[29,20],[12,79],[-38,-27],[17,110],[13,-2],[8,85],[-44,7],[9,40],[41,53],[12,31],[-26,16],[-19,58],[-45,8],[-47,-58],[-31,19],[-40,57],[24,45],[54,24],[37,7],[26,-12],[8,56],[40,8],[93,51],[30,29],[11,81],[-60,11],[-21,-34],[-108,17],[-27,-1],[-22,-25],[-59,20],[11,75],[30,10],[62,48],[11,31],[-179,100],[-30,21],[26,37],[4,29],[125,128],[26,50],[16,109],[23,-48],[88,-12],[0,22],[51,40],[-125,18],[16,128],[76,7],[8,17],[-60,35],[-28,27],[-44,7],[8,56],[-53,8],[30,31],[0,34],[-54,-2],[-18,22],[-52,29],[-45,6],[-51,46],[10,44],[57,86],[3,60],[24,29],[-11,24],[-35,-5]],[[212547,74077],[-7,-26],[-57,27],[-51,-14],[-22,-35],[-38,-12],[-15,-22],[-67,-36],[-25,2],[-26,27],[-28,5],[9,39],[57,52],[-4,57],[-16,39],[51,70],[-77,11],[-11,16],[-57,-11],[-10,37],[24,21],[30,-4],[50,49],[-12,25],[17,35],[33,1],[3,34],[-36,41],[7,67],[-7,40],[-95,19],[-26,-37],[-63,15],[-31,43],[-39,-29],[-4,-31],[-39,3],[-28,-18],[-7,-51],[-15,-34],[-155,20],[-28,-40],[-14,-50],[-60,-45],[-33,-62],[5,-39],[-9,-52],[-40,-55],[-166,-80],[-2,-23],[-71,-77],[-19,-35],[-68,-31],[-34,20],[-31,-35],[-100,-38],[-103,13],[-33,-16],[-71,42],[-19,-1],[-41,53],[-74,44],[-15,27],[-25,-15],[-46,3]],[[210663,74020],[-67,63],[-31,-9],[-39,37],[-16,-2],[-34,33],[-64,27],[-17,-4],[-22,46],[-15,72],[-22,7],[-19,41],[-33,33],[-2,24],[-34,43],[-33,7],[-27,33],[-19,43],[10,33],[-16,23],[9,95],[-51,-1],[-8,17],[-44,2],[-40,36],[-34,-27],[-36,-6],[-92,23],[-65,46],[-17,25],[-4,51],[-18,16],[15,35],[-13,30],[12,55],[-74,29],[-22,31],[58,45],[4,77],[-52,67],[-38,21],[-23,30],[-25,-11],[-14,35],[-64,31],[-11,42],[-27,3],[-36,28],[-9,33],[-47,12],[-51,47],[-13,40],[-25,18],[-28,40],[0,55],[-32,5],[-30,-23],[-51,5],[-43,49],[3,39],[-38,23],[-32,-20],[-67,58],[-31,57],[15,29],[-18,24],[17,45],[-502,70],[145,366],[71,471],[9,41],[-268,38],[-189,-7],[-13,283],[37,-14],[193,98],[13,48],[63,11],[26,-4],[-4,46],[66,39],[38,-46],[52,-34],[41,-2],[46,44],[-21,70],[12,57],[-37,67],[-60,1],[-31,-41],[-42,-18],[-16,26],[-51,9],[-38,24],[-36,38]],[[209870,68572],[-8,70],[28,84],[-15,24],[12,28],[55,5],[14,48],[42,27],[81,-13],[44,326],[113,-16],[27,198],[275,-41],[40,-1],[145,-22],[262,-26],[65,-18],[70,-52],[42,-56],[50,37],[-21,20],[31,46],[51,-27],[6,39],[418,-68],[0,21],[-34,61],[6,38],[38,-19],[11,73],[197,-31],[10,56],[86,-13],[-12,48],[110,-16],[6,37],[188,-29],[31,11],[93,84],[125,-20],[34,33],[23,-46],[29,-35],[59,8],[21,26],[33,-10],[14,17],[48,7],[25,-25],[63,0],[54,-24],[28,2]],[[216226,75844],[-11,-147],[38,-64],[-9,-40],[-10,-108],[3,-111],[14,-44],[-4,-107],[12,-77],[19,-59],[48,-45],[34,-13],[28,19],[-12,-221],[10,-121],[0,-73],[25,-71],[19,-7],[10,-47],[-33,-4],[-26,-26],[-27,15],[-22,-19],[-5,-71],[-9,-32],[-35,-60],[-3,-48],[12,-43],[-24,-47],[9,-37],[-64,-38],[-39,-1],[-36,-55],[-38,37],[-15,-43],[14,-27],[-15,-79],[-26,1],[-33,-56],[57,-71],[29,-8],[-9,-61],[-79,37]],[[216193,73850],[14,38],[-28,28],[-1,39],[-30,37],[10,55],[23,21],[65,28],[88,65],[26,41],[22,-118],[42,-170]],[[207033,69527],[86,621],[28,-3],[31,225],[-11,17],[8,126],[26,205],[39,284],[54,83],[46,17],[39,100],[48,58],[39,78],[37,54],[36,14],[127,-169],[230,52],[-1,-166],[146,-31],[31,-13],[42,11],[88,9],[13,10],[118,-19],[25,-20],[111,53],[-18,35],[13,41],[23,21],[12,63],[-27,34],[23,151],[-24,54],[-3,132],[16,136],[28,192],[78,-11],[18,8],[204,-28],[46,8],[75,-10],[-17,-65],[443,-67],[14,341],[22,22],[35,250],[42,294],[434,-312],[23,161],[-12,2],[26,171],[-38,7],[8,93],[22,151],[34,-5],[13,35],[-21,124],[70,-11],[-7,-49],[57,-8],[3,19],[110,-16],[4,26],[50,-10],[26,29],[41,-6],[-4,-28],[48,-8],[9,62],[-5,52],[26,-4],[0,53],[19,140],[60,-9],[15,121],[28,10],[58,-8],[17,121],[36,-6],[1,28],[100,29],[-4,51],[47,92],[-15,19],[-6,69],[-86,82],[4,29]],[[175225,145218],[55,85],[36,-43],[84,-10],[110,20],[48,34],[-5,16],[71,43],[12,31],[37,-43],[-14,-19],[27,-45],[29,-4],[12,-30]],[[175643,144710],[-60,-3],[5,-20],[-20,-53],[-1,-104],[19,-39],[-7,-73],[-38,-22],[-11,-72],[-23,-28],[9,-25],[-1,-58],[-67,-69],[28,-19],[36,35],[35,65],[2,26],[29,50],[22,14],[84,110],[-2,38],[13,32],[39,44],[72,54],[23,-48],[31,54],[28,-19],[77,-87],[9,-105],[-24,-37],[-13,-41],[21,-35],[32,-7],[57,28],[115,-33],[50,-119],[61,-18],[57,30],[58,-21],[12,-45],[61,-42],[1,-22]],[[175156,144926],[24,67]],[[174094,144185],[22,57],[32,35],[49,40],[78,49],[65,27],[47,-1],[41,-32]],[[174782,146158],[18,20],[23,-60],[3,-65],[-44,-23],[-36,5],[-9,17],[-49,44],[24,23],[43,2],[27,37]],[[176805,148260],[-36,39],[12,29],[70,10],[41,-9],[-3,-22],[41,-68],[-63,-42],[-62,63]],[[177052,149042],[-7,21],[24,27],[34,15],[39,3],[28,-14],[54,-51],[-122,-39],[-32,6],[-18,32]],[[176090,149453],[-2,-33],[-88,-10],[-14,15],[24,59],[53,-9],[27,-22]],[[174820,150336],[-17,-43],[-28,-2],[-55,21],[-33,-2],[-65,23],[-34,43],[41,26],[84,-10],[73,-33],[34,-23]],[[174187,145907],[-31,23],[59,38],[31,-3],[-39,-51],[-20,-7]],[[173788,146805],[2,48],[43,6],[2,-29],[-47,-25]],[[175469,147321],[1,-26],[-29,-22],[-23,39],[12,16],[39,-7]],[[174079,146822],[0,29],[32,1],[16,-28],[14,-63],[-20,-49],[-39,13],[-3,97]],[[176048,144388],[-11,-47],[-48,11],[8,43],[51,-7]],[[176169,151176],[25,45],[41,19],[61,-17],[39,-2],[48,-29],[-70,-31],[-144,15]],[[175916,145180],[-39,31],[-35,65],[41,7],[31,-52],[32,-8],[19,-23],[3,-70],[-52,50]],[[174694,145232],[-12,40],[26,17],[19,42],[34,-28],[2,-82],[-52,-31],[-17,42]],[[175075,145130],[-6,13],[39,62],[-14,55],[21,26],[40,17],[18,-12],[-15,-48],[-29,-60],[-42,-51],[-12,-2]],[[176291,144272],[15,-60],[-52,-6],[0,54],[-18,37],[-48,16],[-23,-15],[-62,50],[1,51],[103,-6],[18,-24],[35,-9],[38,-56],[-7,-32]],[[174398,145844],[-12,30],[44,16],[17,22],[33,-5],[13,-21],[-39,-42],[-56,0]],[[174203,151745],[25,87],[58,-6],[33,-28],[-28,-33],[-76,-33],[-12,13]],[[174498,151825],[35,12],[27,-28],[-8,-29],[-33,10],[-21,35]],[[174230,147424],[-4,51],[24,5],[-20,-56]],[[174351,145805],[29,-22],[20,-33],[11,-52],[50,-40],[31,-58],[47,-29],[17,-87],[50,-66],[16,-40],[25,-30],[1,-42],[-22,-36],[-4,-47],[-53,59],[-28,0],[-4,-40],[-56,-77],[-28,72],[-62,-14],[-39,-56],[-6,-21],[-28,-10],[-11,-23],[10,-34],[-8,-34],[-29,-18],[-53,19],[-10,17],[-45,1],[-16,25],[-1,42],[-30,48],[-37,6],[-26,48],[-32,20],[23,29],[-32,85],[13,42],[1,43],[-13,47],[30,25],[15,37],[29,43],[24,-21],[42,43],[-4,21],[24,31],[29,-11],[29,7],[29,29],[32,49],[9,29],[41,24]],[[174541,145809],[22,46],[52,29],[35,9],[31,-11],[38,3],[56,22],[4,-37],[52,-61],[20,-87],[-25,-15],[-40,-63],[-53,-31],[-51,-3],[-57,-17],[-42,27],[-45,76],[-35,44],[19,48],[19,21]],[[176043,145653],[-14,14],[38,31],[25,-23],[67,-29],[-18,-53],[-49,-56],[-43,8],[3,22],[45,42],[-27,36],[-27,8]],[[174279,145815],[4,-26],[-31,-34],[-58,3],[-26,33],[15,17],[37,5],[52,34],[7,-32]],[[175962,145776],[-23,28],[45,18],[-4,-36],[-18,-10]],[[176601,148851],[-24,-26],[-28,11],[-9,36],[28,6],[33,-27]],[[180419,150285],[35,-11],[-11,-42],[-30,-45],[-50,-4],[-21,41],[14,41],[52,2],[11,18]],[[175623,150961],[7,51],[31,0],[25,-40],[-16,-40],[-32,-13],[-15,42]],[[176245,151161],[34,-18],[36,-5],[41,32],[95,33],[54,0],[31,-11],[125,-12],[12,-43],[-42,-44],[-41,5],[-96,-43],[-21,-29],[-7,-37],[-18,-19],[-59,-11],[-75,-26],[-57,16],[-64,-1],[-70,-16],[-52,20],[-70,11],[-64,30],[-44,31],[9,44],[-3,45],[34,30],[35,1],[64,49],[41,18],[54,-6],[47,-41],[71,-3]],[[174109,151633],[-5,27],[34,23],[44,8],[84,31],[73,53],[33,3],[36,22],[41,8],[21,-19],[17,-49],[48,-62],[80,36],[30,-3],[80,-38],[-5,-50],[-33,-58],[-36,-22],[-65,11],[-31,-14],[-164,16],[-56,-1],[-104,25],[-17,0],[-85,32],[-20,21]],[[174427,146121],[30,-4],[25,-49],[-25,-23],[-22,-107],[-40,-21],[-34,-7],[-5,-20],[-67,59],[16,45],[31,35],[40,-13],[20,77],[31,28]],[[174269,148553],[-9,44],[-27,42],[71,26],[44,-15],[-43,-74],[-5,-30],[-31,7]],[[181525,148806],[-17,-43],[-48,-23],[-17,3],[-13,37],[10,20],[58,28],[27,-22]],[[174806,147463],[-28,-21],[-23,-60],[-54,-55],[-22,-49],[-30,5],[-43,64],[-83,41],[-57,17],[-40,-33],[-7,42],[-65,70],[-44,87],[6,19],[40,32],[31,64],[22,120],[32,45],[34,26],[32,8],[63,-12],[33,8],[33,24],[34,-34],[35,-15],[45,9],[36,-51],[18,-8],[39,20],[26,-40],[4,-81],[46,-32],[-13,-61],[-20,-15],[-22,-53],[-60,-64],[2,-17]],[[174055,147761],[-25,19],[-15,-16],[-33,34],[-16,3],[-31,47],[11,44],[-23,27],[24,28],[13,42],[23,3],[74,111],[60,0],[36,20],[145,32],[7,-83],[19,-37],[14,-88],[-20,-119],[-2,-77],[-32,4],[-34,-40],[-20,-86],[-19,24],[-37,1],[-28,-16],[-37,6],[-9,51],[-19,47],[-26,19]],[[190208,109143],[26,-45],[23,-77],[30,-14],[39,-2],[34,-31],[38,-102],[27,-33],[62,-4],[35,-40],[23,-49],[24,-27],[77,-132],[40,-58],[33,-30],[49,1],[83,-85],[39,-18],[51,-1],[46,-33],[16,-24],[40,-22],[44,-73],[42,-44],[37,-11],[52,2],[43,-14],[58,-53],[62,-45],[88,-25],[50,-39],[92,-37],[28,14],[27,-13],[59,23],[25,28],[46,6],[63,-5],[49,-13],[31,-19],[7,-94],[15,-59],[39,-71],[27,-15],[31,19],[41,-49],[70,-4],[26,14],[23,-35],[-44,-58],[48,-20],[94,-106],[37,-26],[58,-11],[49,18],[50,0],[22,16],[55,11],[57,-24],[11,34],[65,42],[44,71],[63,117],[-12,15],[21,49],[54,46],[5,36],[-17,18],[-2,54],[87,-73],[9,-98],[11,-39],[53,-67],[-9,-34],[10,-48],[-51,-7],[-10,-61],[-14,-26],[29,-19],[28,-90],[47,-105],[41,-58],[137,-138],[-14,-42],[36,-62]],[[191276,108665],[-6,31],[82,-1],[-21,-30],[-31,10],[-24,-10]],[[192287,108325],[-9,27],[22,16],[20,-35],[37,5],[-34,-100],[-2,-52],[-52,-39],[-16,-33],[-20,10],[-16,-51],[-37,-43],[-53,50],[-76,43],[-49,105],[-32,11],[-12,22],[41,61],[21,5],[77,-15],[44,15],[31,39],[23,-39],[62,-18],[30,16]],[[173059,136695],[-17,17],[-37,-17]],[[173028,136812],[34,9],[20,39],[21,-2],[20,39],[18,-4],[29,27],[18,53]],[[195355,105262],[31,-77],[110,-32],[33,-25],[41,-7],[39,6],[9,25],[66,6],[60,-11],[31,45],[-23,49],[16,22],[-26,111],[-66,63],[-2,57],[40,85],[14,67],[-24,68],[42,9],[56,-21],[64,0],[42,12],[64,-7],[32,-31],[10,-33],[29,-27],[14,12],[26,-78],[-16,-37],[15,-22],[-11,-41],[3,-77],[21,-145],[24,-115],[28,-65],[61,-79],[47,-24],[61,-91],[38,-38],[58,-27],[50,10],[51,-28],[61,-4],[20,-10],[59,5],[20,27],[43,23],[6,54],[31,32],[66,14],[10,20],[53,-19],[67,35],[19,-20],[54,-168],[17,-34],[45,-38],[76,-19],[48,-18],[9,-16],[64,-20],[26,34],[48,8],[18,13],[24,-25],[69,-6],[40,-31],[26,-64],[36,-45],[67,-4],[9,36],[29,-32],[-3,-95],[12,-36],[-9,-48],[-31,27],[-28,-25],[-14,25],[-47,-37],[-24,-49],[15,-52],[19,-20],[57,-12],[35,-46],[53,-18],[33,-27],[-39,-38],[14,-56],[98,-49],[9,-35],[58,-77],[73,-20],[9,-54],[51,-22],[54,4],[27,-19],[50,-10],[40,13],[45,-21],[47,19],[20,-24],[30,7],[-5,34],[48,56],[47,4],[22,23],[8,54],[28,19],[-2,28],[-53,-2],[-18,22],[-49,-1],[-9,48],[4,58],[-6,58],[14,34],[29,30],[19,-18],[36,7],[32,-12],[40,-65],[31,-11],[2,-24],[29,-14],[24,15],[20,-25],[66,-5],[9,26],[28,10],[4,39],[31,20],[25,-10],[11,35],[30,-39],[2,-25],[-23,-17],[-23,-40],[-3,-29],[16,-73],[40,-7],[-13,-34],[19,-30],[34,27],[-2,-60],[-39,-25],[-7,-23],[42,-20],[-25,-61],[29,-10],[19,23],[39,-37],[-39,-26],[5,-65],[54,-23],[46,82],[39,18],[-24,-60],[-40,-39],[-10,-42],[52,-41],[32,22],[27,-19],[15,23],[-20,103],[37,89],[29,-14],[0,-105],[9,-15],[-11,-45],[29,-21],[31,1],[26,-77],[-18,-12],[-1,-50],[24,2],[10,36],[36,35],[16,-46],[-23,-47],[1,-62],[-27,-40],[19,-37],[83,45],[45,47],[37,-25],[47,-10],[15,55],[43,-18],[22,23],[-7,33],[3,61],[44,8],[37,-37],[12,-62],[-2,-57],[31,-8],[49,-39],[-48,-56],[-71,8],[12,-37],[97,-68],[-5,-25],[58,7],[27,-8],[28,-38],[-23,-62],[39,25],[54,-61],[2,-19],[-31,-73],[1,-31],[29,-73],[-11,-95],[5,-61],[30,-2],[46,-79],[48,-33],[21,-55],[19,-10],[41,34],[26,1],[34,-47],[-10,-18],[-58,9],[-25,-47],[14,-27],[36,-32],[26,1],[19,-34],[25,-7],[34,-37],[24,-62],[-40,4],[-23,-17],[-30,2],[-52,-23],[-16,59],[-14,17],[-61,-2],[-10,-22],[-38,6],[-1,53],[-38,0],[-3,52],[-34,14],[-47,-3],[10,66],[-2,57],[-33,51],[23,20],[-2,32],[19,38],[-17,19],[13,28],[-17,24],[-29,-26],[-5,43],[-89,25],[-11,-60],[21,-59],[-17,-5],[-16,57],[-38,-2],[23,-40],[14,-57],[-7,-46],[-75,-61],[-14,19],[-34,-2],[-57,-36],[-55,39],[-28,52],[-57,33],[-28,31],[-7,-48],[26,-48],[63,-67],[6,-50],[-39,-113],[-42,-76],[-39,-51],[-56,-95]],[[200963,102857],[-25,19],[7,42],[27,-11],[-9,-50]],[[200044,104165],[-18,15],[13,67],[39,-7],[21,-32],[-9,-46],[-46,3]],[[200630,103729],[0,-66],[-56,80],[32,3],[24,-17]],[[200311,103328],[34,25],[-27,31],[-10,41],[-40,-66],[-14,11],[6,66],[18,-8],[30,42],[10,95],[19,38],[-15,132],[41,8],[39,-18],[6,-37],[-20,-25],[24,-48],[-16,-56],[8,-32],[65,14],[10,-14],[-29,-82],[25,-19],[-8,-83],[50,58],[-12,-58],[3,-37],[35,20],[11,-18],[5,-71],[27,52],[61,-111],[49,-59],[-23,-42],[-16,24],[-59,-19],[-7,-41],[-25,-15],[-32,22],[-21,33],[-26,-14],[-36,38],[-19,-13],[9,-61],[-56,-40],[-38,0],[-13,47],[12,57],[-30,51],[-37,-22],[-11,-23],[-32,-13],[-7,43],[-57,34],[39,27],[16,51],[44,7],[5,24],[35,54]],[[200293,104063],[6,-40],[35,-9],[-26,-51],[-37,16],[-23,-27],[21,-24],[-14,-19],[21,-36],[8,-56],[-1,-82],[-13,-30],[-47,-52],[-16,31],[12,38],[9,101],[-13,17],[-30,-49],[-8,-86],[-29,-26],[-27,36],[28,55],[16,57],[-58,-11],[3,-37],[-17,-50],[-36,-11],[-15,51],[23,171],[37,19],[20,-13],[29,42],[1,55],[-26,9],[-10,33],[47,59],[34,-62],[62,43],[7,21],[35,-5],[16,20],[31,-5],[-20,-72],[-35,-21]],[[199917,102916],[2,-19],[45,-56],[19,-49],[17,-15],[12,-79],[-34,-13],[-23,39],[-19,-2],[-16,32],[-8,70],[-14,50],[14,43],[-16,28],[21,19],[-7,65],[27,6],[2,-71],[-22,-48]],[[200853,103238],[-23,-44],[19,-39],[1,-49],[-63,34],[-26,1],[3,37],[21,24],[6,55],[49,1],[13,-20]],[[200341,102899],[70,11],[-23,-82],[-27,7],[-19,26],[-24,-35],[-33,18],[12,128],[28,-32],[16,-41]],[[199902,103240],[-28,-43],[-38,6],[-15,33],[11,33],[84,9],[-14,-38]],[[200246,102831],[21,-57],[-28,-3],[-24,35],[8,132],[20,-4],[9,-65],[-6,-38]],[[200138,103231],[29,90],[26,-3],[2,-53],[-17,-32],[-40,-2]],[[199836,103368],[-14,1],[-61,106],[59,-33],[16,-74]],[[198487,104422],[-11,-54],[1,-143],[-30,-24],[-47,8],[-43,30],[9,35],[-35,63],[25,62],[-18,50],[1,53],[25,47],[43,-8],[31,-76],[49,-43]],[[198957,103779],[17,37],[29,5],[-5,-43],[-41,1]],[[199155,103962],[-26,27],[34,34],[-8,-61]],[[188401,118156],[38,-51],[-2,-56],[72,-15],[48,32],[14,21],[35,-8],[7,37],[41,70],[-13,35],[48,-5],[31,-47],[22,-18],[17,-39],[32,-9],[4,-61],[-45,-4],[-51,-73],[-6,-24],[24,-56],[-10,-35],[-21,-5],[-82,-103],[-21,-35],[-15,-66],[14,-36],[-37,-111],[-7,-78],[11,-72],[63,-78],[30,-22],[19,-77],[31,-57],[72,-52],[16,-62],[0,-52],[13,-31],[35,-36]],[[160487,38891],[36,2]],[[160523,38893],[48,-15],[11,-32]],[[160582,38846],[12,-58],[30,-23]],[[160624,38765],[3,-54],[-34,-2]],[[160593,38709],[-126,-8]],[[160467,38701],[-22,146]],[[160445,38847],[42,44]],[[161225,39472],[74,-15],[42,-22],[17,53],[-12,94],[31,58],[20,7],[12,45],[46,73],[13,67],[16,21]],[[161484,39853],[29,-50],[27,-13],[-8,-36],[107,11],[33,-31],[50,-3],[31,-76],[0,-41],[35,0],[1,-39],[-28,-6],[32,-47],[79,-43],[-1,-34],[93,-1],[65,16],[-5,-51],[64,-56],[0,-22],[143,-71]],[[162231,39260],[-18,-35],[-47,-1],[-22,-26],[-68,-22],[21,-30],[-20,-43],[28,-56],[-39,-40],[-70,-45],[-22,-52]],[[161974,38910],[-9,-45],[-25,-43],[2,-44],[-25,-40],[11,-78],[-29,-50],[12,-37],[-25,-37],[-135,-30],[-27,-26],[-32,-1],[-20,-48],[-25,-19],[-61,-19],[-36,-64],[-56,-21],[-41,70],[-72,-16],[-45,71],[-50,-17],[-33,-43],[-30,-59],[-54,-84],[-38,-21],[0,-71],[-20,-9],[-50,16],[-4,-26],[-58,-57],[-5,-48],[-45,-96],[-52,-1]],[[160897,37917],[-38,12],[-10,144],[12,24],[-7,120],[7,46],[-36,52]],[[160825,38315],[-16,19],[32,112],[-19,43],[-38,39],[39,32]],[[160823,38560],[40,-1],[-52,103],[-2,40],[52,18],[-3,31],[34,8],[17,35],[-22,29],[-27,8]],[[160860,38831],[-3,54],[25,29],[66,-1],[-4,54],[65,77],[-4,23]],[[161005,39067],[71,-5],[29,-22],[30,-1],[-45,70],[5,56],[29,61],[-18,38],[7,33],[29,26],[13,34],[-12,33],[36,24],[26,49],[20,9]],[[159115,41331],[204,0],[78,-8],[382,6],[799,0],[68,-193],[4,-1]],[[160650,41135],[-41,-20],[-26,21],[-46,-6],[-49,-53],[-42,12],[-59,-56],[6,-38],[31,-60],[-19,-21],[4,-43],[239,-113],[1,-677]],[[160649,40081],[-81,-23],[-56,-3],[-14,-19],[-50,1],[-34,15],[-36,-17],[-40,16],[-18,-18],[-34,11],[-24,-19],[-36,19],[-64,-42],[-43,-3],[-13,-49],[-57,-24],[-37,-42],[-49,-12],[-26,24],[-35,-9]],[[159902,39887],[-22,38],[24,45],[34,-4],[-11,39],[-62,104],[-31,1],[-20,28],[0,34],[-26,39],[-46,10],[-56,49],[-58,33],[-9,34],[-37,32],[-9,43],[-32,88],[-37,58],[-107,64],[-49,56],[-81,49],[-26,36],[-14,53],[6,31],[-14,92],[-33,91],[-7,47],[-28,72],[-58,88],[22,94]],[[160903,37521],[72,-70],[43,-16],[54,-36],[48,3],[34,-20],[50,-5],[26,34],[18,53],[-12,43],[46,-3],[2,22],[76,51],[52,-34],[19,45],[88,-5],[6,53],[74,3],[58,131],[-2,37],[30,0],[68,36],[23,-29],[70,35],[53,102],[43,-33],[20,10],[35,-35],[31,-13],[24,11],[123,-54]],[[162175,37837],[151,-119],[-1,-216],[76,-7],[82,-70],[195,-93],[-52,-959]],[[162626,36373],[-376,-129],[-50,-54],[-103,2],[-100,-24],[-58,-47],[1,-55],[-47,-43],[-42,-20],[-28,1],[-16,-31],[-44,6],[-80,28],[-71,-4],[-10,-14]],[[161602,35989],[-232,98],[-192,65],[-114,26],[-102,11],[-72,-42],[-7,-44],[-49,-15],[-99,-9]],[[160735,36079],[-12,62],[10,109],[11,37],[-20,129],[-17,8],[-16,91],[-27,28],[-6,121],[-10,33],[-39,28],[-33,9],[-47,-13],[-56,12]],[[160473,36733],[11,35],[-19,19],[32,35],[-34,72],[-33,1],[-80,-16],[-29,-18],[-29,24],[-42,6],[-7,57],[-34,16],[21,30],[-18,34]],[[160212,37028],[23,4],[43,36],[33,-7],[154,106],[14,29],[54,66],[45,37],[30,58],[59,75],[6,48],[19,41],[87,17],[96,-8],[28,-9]],[[140910,73007],[-187,315],[-271,324],[-8,94],[-12,290],[-36,152],[-21,65],[-35,70],[-39,168],[129,399],[265,-6],[249,6],[336,-7],[600,1],[-248,-1236],[-23,-113],[-128,-99],[-22,-90],[12,-230],[16,-77],[-481,-1],[-96,-1],[0,-24]],[[123656,78043],[494,0],[680,0],[845,0],[853,0],[553,0],[815,0],[546,0],[645,0],[437,0],[822,0],[1050,0],[679,0],[686,0],[625,0],[622,0],[908,0],[432,0],[1112,0],[642,0],[1325,0],[565,0],[455,0]],[[139447,78043],[-12,-1553],[-32,6],[-42,-37],[-135,-540],[7,-244],[-34,-415],[201,-379],[804,3],[218,0],[-129,-398],[40,-171],[35,-71],[21,-64],[36,-151],[15,-374],[5,-13],[271,-324],[194,-326],[1,-558],[-178,1],[-1,-605],[-2,-659],[214,2],[670,0],[-2,-1237],[-757,-2],[-455,0],[-5,-1201],[-1401,-10]],[[138994,68723],[-3810,-12],[-3846,14],[-7681,4]],[[123657,68729],[-1,6031]],[[123656,74760],[0,672],[0,890],[0,633],[0,514],[0,574]],[[162459,41035],[42,-78],[-1,-41],[52,-14],[69,-71],[39,-32],[31,-51],[2,-39],[-22,-34],[10,-32],[-50,-44],[-43,10],[-33,-78],[-45,-29],[-19,-70],[4,-30],[-43,-51],[-12,-58],[38,-58],[-13,-19],[1,-100],[229,-2],[-20,-50],[2,-66],[25,-101],[6,-64],[13,-26],[-1,-69],[-43,4],[-10,-74],[-18,-202],[-35,3],[-12,21],[-198,16],[-3,-31],[-39,-31],[17,-15],[-57,-63],[-78,-73],[-13,-33]],[[161484,39853],[-41,31],[-131,43],[-48,11],[-12,29],[25,20],[9,39],[-73,46],[-44,55]],[[161169,40127],[73,47],[-33,19],[1,28],[-79,38]],[[161131,40259],[10,51],[56,69],[32,1],[46,37],[43,4],[35,-29],[0,-21],[73,-7],[-3,40],[33,10],[35,-11],[66,8],[9,-59],[19,-30],[33,3],[56,22],[73,-52],[34,-14],[15,84],[45,40],[25,52],[-40,19],[47,32],[4,30],[38,43],[14,39],[27,-4],[2,39],[23,23],[-27,29],[32,88],[-19,72],[111,-38],[213,150],[85,20],[83,36]],[[157928,45186],[564,-10],[-2,-195],[66,-15],[-2,-475]],[[158554,44491],[1,-341],[-1,-518],[-2,-747],[232,0],[0,-447],[-101,0],[0,-10]],[[158683,42428],[-11,9],[-97,0],[-35,36],[-77,-39],[-32,-6],[-45,-68],[-59,-15],[-22,75],[-39,18],[-37,-15],[-28,15],[-286,0]],[[157915,42438],[-1,347],[-9,29],[1,72],[-168,1],[0,490],[-572,0],[-33,364],[-53,37]],[[157080,43778],[56,42],[42,45],[25,72],[13,62],[22,21],[49,83],[23,17],[47,58],[61,44],[32,7],[32,36],[4,24],[72,71],[34,59],[50,15],[54,52],[41,91],[26,43],[52,39],[47,9],[55,-5],[19,-44],[-44,-76],[-32,-5],[-12,66],[-27,-115],[21,-10],[77,21],[30,55],[12,93],[23,75],[-6,76],[41,9],[17,-79],[57,-10],[26,58],[20,6],[-2,44],[-23,20],[-31,-25],[-69,1],[-24,28],[20,158],[-40,38],[-13,37],[1,48],[-30,54]],[[167152,42137],[5,65],[17,44],[101,1],[2,16],[73,58],[123,-62],[257,5],[-1,-238],[73,-31],[36,-51],[14,-47],[68,-74],[-69,-25],[-41,-47],[77,-7],[60,-15],[16,81],[16,45],[-16,26],[0,65],[429,-1]],[[168392,41945],[9,-124],[26,19],[48,-8],[-20,-73],[-49,-22],[-60,34],[-30,-39],[-10,-43],[7,-51],[30,-46],[-10,-33],[-43,-1],[-19,14],[-49,2],[-22,-14],[-34,-85],[7,-30],[43,-20]],[[168216,41425],[-15,-9],[-93,-21],[20,-55],[-18,-20],[-61,21],[45,-79],[58,-55],[12,37],[37,-1],[4,-34],[-19,-19],[8,-61],[-115,-25],[8,-56],[41,-20],[34,10],[19,-24],[-10,-50],[-18,-26],[-47,-17],[6,-27],[-27,-16],[-75,-2],[5,-22],[-85,-15],[-49,20],[-58,60],[-7,69],[4,43],[-16,24],[-39,22],[28,29]],[[167793,41106],[47,4],[55,-11],[13,72],[-44,103],[56,3],[56,25],[-35,71],[-52,-4],[0,38],[-34,39],[-2,66],[-88,40],[-74,-2],[-42,-80],[-25,1],[14,-52],[31,-16],[-10,-28],[-54,18],[-46,-21],[-72,8],[-91,-1]],[[167396,41379],[-26,35],[17,83],[-63,104],[-1,32],[19,41],[33,18],[44,-16],[22,26],[-45,56],[32,23],[-9,26],[-45,6],[-14,22],[-41,3],[7,35],[-20,27],[-64,-20],[6,36],[47,26],[15,48],[-28,34],[-55,5],[-9,41],[43,27],[-47,25],[-12,35],[-27,5],[-23,-25]],[[160757,38826],[103,5]],[[160823,38560],[-36,31],[-57,-21],[-27,39]],[[160703,38609],[-37,50],[-73,50]],[[160624,38765],[69,4],[35,-25],[-4,53],[-33,-2],[-2,27],[68,4]],[[160796,39029],[84,8],[19,25],[56,15],[28,-27],[22,17]],[[160757,38826],[-7,108],[-33,28]],[[160717,38962],[2,38],[30,13],[17,29],[30,-13]],[[139838,50828],[-1,744],[-2,479],[0,683],[102,-78],[27,-13],[151,-46],[661,-126],[587,1],[1,-143],[248,0],[-1,-49],[200,0],[477,26],[0,-135],[143,0],[141,-85],[521,-309],[60,-39],[38,39],[14,31],[116,-58],[0,475],[654,1],[1,-965],[854,1],[0,-639]],[[144830,50623],[1,-639],[-487,-1],[-1023,1],[0,-337]],[[143321,49647],[-62,-14],[-68,0],[-30,-55],[-83,38],[-58,8],[-69,-32],[-65,-38],[-59,-62],[16,-52],[-19,-17],[-59,11],[-43,25],[-74,15],[-92,-9],[-52,-59],[1,-36],[-30,-14],[-23,-34],[-11,-59],[-53,37],[-39,-19],[-40,37],[0,49],[-14,37],[-22,6],[20,46],[-7,19],[38,19],[7,25],[-45,93],[12,47],[34,64],[-1,33],[20,38],[-5,85],[84,14],[0,-50],[40,-4],[-43,-55],[24,-26],[57,17],[39,-15],[70,34],[18,36],[21,3],[19,56],[1,33],[-18,40],[-49,2],[-14,88],[-30,24],[-43,80],[-4,25],[-35,63],[-82,59],[-17,64],[-33,49],[-30,3],[-18,39],[-61,66],[-51,14],[-1,60],[-44,27],[-28,-9],[-38,-83],[-56,-6],[-34,-41],[-41,29],[5,33],[-26,34],[-8,39],[26,34],[-10,63],[-25,30],[-60,3],[-16,19],[-71,16],[-59,-16],[-46,-3],[-17,28],[20,67],[-5,31],[29,41],[-4,23],[-72,60],[-104,-42],[-19,35],[49,4],[58,36],[4,122],[-43,7],[-64,43],[-35,-17],[-34,41],[-97,26],[-32,-12],[-40,-36],[-31,-83],[-3,-31],[23,-19],[-5,-29],[24,-41],[-64,-60],[-45,-18],[-8,-45],[-69,15],[-53,65],[12,38],[-29,40],[-31,-15],[29,-45],[-23,-28],[-27,-5],[-37,39],[25,34],[3,40],[-66,11],[8,55],[-43,58],[-56,-9],[-29,-32],[-15,-41],[11,-70],[-20,-2],[-27,49],[-29,-23],[-48,8],[-36,-35],[-46,-9],[-18,-47],[3,-45],[23,-43],[99,-16],[14,-28],[90,39],[77,-32],[23,-66],[-127,61],[-30,1],[-49,-28],[1,-47],[-62,-1],[-6,-13],[-90,20],[-105,39],[-85,21],[-81,-7],[-81,4],[-57,-11],[-12,-50],[-31,-37],[-36,-14],[-43,10],[-57,55],[-70,27]],[[160470,38936],[17,-45]],[[160445,38847],[-136,-27],[-25,-14],[-38,3],[-32,-32],[-36,-8],[3,-106],[-20,-2]],[[160161,38661],[-27,100],[-39,165],[-29,107],[-10,74]],[[160056,39107],[101,-11],[4,-30],[53,-31],[46,66],[68,4],[6,-96],[35,2],[1,-39],[36,-25],[64,-11]],[[160320,44346],[588,2]],[[160908,44348],[22,-69],[5,-44],[46,-118],[16,-84],[38,-119],[10,-67],[0,-67],[-9,-86],[-21,-98],[-15,-33],[319,-36],[37,-20],[27,12],[296,-33],[43,-59],[69,-48],[-43,-10],[-29,-79],[22,-129],[9,-89],[1,-65],[65,-11],[76,12],[18,-14],[12,-128],[14,-40],[-3,-69],[-16,-24],[11,-46],[-13,-96],[-3,-69],[11,-88],[6,-98],[-8,-42],[14,-66],[-5,-26],[14,-62],[-21,-65],[54,-37],[-16,-43]],[[161961,41995],[-24,1],[-148,-21],[-68,1],[0,30],[-24,15],[-146,-3],[-1,-23],[-101,0],[-10,-83],[-15,-32],[34,-6],[-7,-47],[-42,2],[-1,-43],[22,-41],[2,-41],[17,-29],[10,-78],[-15,-73],[-221,10],[27,-86],[3,-51],[-10,-53],[-90,-104],[-126,-17],[-41,36],[-50,10]],[[160936,41269],[-65,63],[-5,33],[28,69],[15,68],[-26,33],[-22,91],[0,43],[-32,45],[2,36],[-26,27],[10,31],[-20,81],[-34,25],[-82,-19],[3,81],[-35,124],[-81,128],[-72,-22],[-49,15],[-87,8],[35,308],[48,93],[35,254],[32,81],[5,117],[-94,-18],[-151,676],[69,14],[-24,37],[3,50],[-9,28],[24,66],[1,123],[-17,204],[5,84]],[[150191,45788],[714,3],[898,4],[654,5],[665,4]],[[153122,45804],[-1,-524],[-1,-744],[1,-525],[0,-626]],[[153121,43385],[-72,-24],[-28,-19],[-89,-12],[-39,-24],[-68,-16],[-30,-53],[-22,-8],[-31,-49],[19,-77],[-73,-31],[-22,-35],[-60,-35],[-96,-72],[-26,-34],[-36,-19]],[[152448,42877],[0,31],[-199,-2],[-780,-3],[-152,1],[-1041,1],[1,600],[-88,0]],[[150189,43505],[-1,644],[-2,951],[5,688]],[[145884,64869],[87,-42],[-3,-214],[-390,4],[1,101],[-53,204],[161,46],[14,-11],[183,-88]],[[157915,42438],[-176,0],[-572,-20],[-712,2]],[[156455,42420],[18,37],[7,59],[25,4],[61,134],[-7,44],[-24,51],[-57,58],[-25,3],[-28,31],[36,38],[43,-3],[28,19],[5,48],[15,28],[43,17],[13,39],[49,65],[41,38],[88,40],[23,20],[-5,85],[-15,32],[-38,17],[-56,61],[58,52],[38,64],[50,59],[12,25],[58,49],[36,21],[54,65],[79,58]],[[145169,46624],[221,-1],[623,14]],[[146013,46637],[0,-10],[362,-1],[854,0],[1,-847],[829,0],[421,2],[872,5],[749,2]],[[150101,45788],[90,0]],[[150189,43505],[-500,1],[1,-390]],[[149690,43116],[-354,-3],[-924,-3],[-457,-1],[-420,0]],[[147535,43109],[-66,76],[-21,14],[-1,31],[-19,25],[12,41],[-38,88],[-47,23],[-28,-23],[-27,41],[-17,45],[-31,36],[-33,11],[-22,51],[-44,25],[-14,27],[-73,64],[-49,24],[-54,87],[-91,112],[-70,66],[-157,116],[-185,113],[-25,33],[-43,31],[-48,18],[-16,26],[-82,53],[18,53],[-30,33],[-32,1],[-34,-38],[-61,52],[-51,22],[40,22],[6,54],[-13,75],[24,39],[29,101],[34,57],[1,60],[-11,128],[-19,109],[-47,219],[-65,216],[-95,234],[-26,4],[-73,54],[-62,34],[-19,51],[-60,89],[-57,39],[-49,16],[-58,-1],[-33,58],[-45,29],[-49,47],[107,16],[22,23],[80,-30],[19,30],[-23,49],[3,70],[-33,63],[-36,44],[-57,7],[-70,45],[-72,-8],[-54,3],[-62,35],[-64,57]],[[143892,42999],[-31,42],[23,18],[-28,41],[56,7],[9,-41],[-46,-33],[17,-34]],[[144593,43891],[27,52],[-16,46],[43,13],[12,37],[-11,18],[12,40],[-9,46],[18,16],[-8,33],[56,0],[51,38],[61,8],[58,25],[39,-153],[36,-27],[-79,-5],[-33,9],[-30,-27],[-40,-66],[-53,-50],[-54,-41],[-32,-35],[-46,-25],[-2,48]],[[145967,44575],[-60,15],[-64,40],[27,12],[85,-16],[12,-51]],[[161127,51115],[-398,-2],[-812,-1],[0,-339],[3,-63],[-1,-488]],[[159919,50222],[-183,1],[-6,-12],[-73,0],[-111,8],[0,-401],[-386,2],[-328,-1],[-2,-494],[-96,42],[-72,40],[-21,20],[-50,-25],[-41,15],[-287,0],[-11,40],[-135,-1],[0,11],[-185,1]],[[157932,49468],[0,349]],[[157932,49817],[167,0],[-10,66],[27,141],[1,80],[9,28],[0,65],[-47,-14],[-6,24],[33,46],[2,42],[-30,43],[21,11],[5,38],[24,28],[-41,42],[0,145],[57,376],[309,576],[99,195],[1,1040],[794,-1],[570,0],[605,0],[0,-96],[77,65],[58,-80],[2,-39],[83,-5],[44,28],[41,3],[133,34],[21,-22],[7,-37],[-10,-132],[-58,-5],[-22,-26],[-51,-7],[-75,-67],[5,-34],[-37,-30],[-14,-27],[-34,-13],[-19,-80],[26,-27],[-37,-54],[43,-142],[28,-46],[3,-84],[13,-79],[-62,-34],[440,1],[0,-638]],[[153122,45804],[536,3]],[[153658,45807],[642,1],[476,1],[682,1]],[[155458,45810],[381,2]],[[155839,45812],[9,-14],[-13,-67],[8,-72],[19,-74],[-24,-32],[-11,-56],[-55,-77],[-8,-61],[7,-43],[-92,-76],[-43,-16],[-20,-40],[-21,-13],[-36,-70],[-1,-55],[-35,-25],[-31,-111],[-4,-38],[-39,-129],[-49,-39],[-45,-135],[-47,-70],[-50,-57],[-16,-49],[-51,-67],[-46,-12],[-60,-30],[-36,-63],[-18,-13],[-105,-32],[-62,-13],[-78,6],[-41,-9],[-91,11],[-58,-32],[-77,-16],[-35,-44],[-136,-28],[-78,-63],[-75,-68],[-118,-57],[-73,-43],[-85,-33],[-82,-54],[-44,-11],[-78,6],[-99,-17],[-77,-82],[-6,-40],[-40,4],[-106,-9],[-47,-18],[-70,-65],[-30,-19],[-41,-45],[-58,-27],[-20,-25]],[[161169,40127],[-39,-19],[8,-24],[-59,-63],[-60,-105],[-103,67],[-75,70],[10,85]],[[160851,40138],[43,-10],[112,25],[31,92],[5,33],[54,53],[7,-67],[28,-5]],[[163431,46816],[1,-1002],[2,-520],[2,-838],[2,-743]],[[163438,43713],[1,-738],[1,-3],[1,-680],[4,-89],[1,-128],[-27,-149],[-1,-484],[-333,-1],[1,104],[-188,-63],[-61,-9],[-31,-37],[-77,-28],[-34,-1],[-26,-35],[-30,6],[-165,17]],[[162474,41395],[31,44],[54,22],[-358,36],[7,42],[29,66],[-7,33],[27,32],[6,68],[-6,32],[-71,11],[-66,-17],[-31,7],[-27,-51],[-42,-1],[-34,15],[-20,152],[-27,72],[22,37]],[[160908,44348],[-26,61],[8,95],[-44,24],[-24,125],[14,65],[18,6],[-5,45],[14,34],[11,65],[34,61],[54,82],[18,44],[-11,66],[17,95],[15,41],[-6,37],[22,35],[-6,40],[8,70],[-7,29],[19,24],[11,65],[-19,73],[-7,67],[30,112],[140,1],[20,44],[32,32],[30,120],[-53,57],[-74,29],[-24,80],[8,101],[-5,33],[21,92],[17,48],[6,74],[-10,109],[-22,126],[0,44]],[[161132,46799],[1020,9],[616,5],[663,3]],[[169623,25005],[-185,16],[-60,18],[-59,0],[-50,-13],[-44,24],[-76,19],[-90,-5],[-43,-28],[-69,16],[-54,-16],[-32,-35],[-56,3],[-20,-11],[-34,18],[-85,13],[-79,-23],[-78,-3],[-53,-11],[-65,57],[-12,26],[-49,12],[-32,-8],[-11,33],[-43,22],[-63,14],[-37,-21],[-37,33],[3,34],[-18,24],[-58,11],[-70,42],[-66,29],[-32,26],[-23,46],[-48,60],[-78,40],[-59,65],[-57,21],[-73,4],[-65,58],[-27,12],[-25,49],[-50,23],[-16,49],[-29,35],[-23,87],[-123,213],[5,17],[-41,84],[-82,142]],[[167052,26326],[267,1],[9,-32],[37,-57],[8,-38],[27,-44],[7,-45],[-11,-60],[25,-51],[4,-44],[115,12],[62,20],[27,18],[47,-1],[54,42],[27,0],[-40,75],[0,73],[24,0],[2,134],[511,1],[1,73],[27,11],[242,2],[-2,90],[24,34],[-37,52],[-2,178],[-31,55],[44,113],[-9,27],[1139,-5]],[[168785,25972],[31,-39],[32,-20],[30,1],[82,-26],[27,41],[71,-26],[28,64],[-47,17],[38,86],[-234,86],[-19,-43],[-48,17],[-30,-69],[49,-62],[-10,-27]],[[160182,38604],[56,-2],[21,-41],[35,-8]],[[160294,38553],[-33,-15],[17,-254],[-34,-14],[-50,-3]],[[160194,38267],[22,36],[-23,118],[-8,74],[5,63],[-8,46]],[[157925,35282],[76,15],[11,-20],[51,-4],[62,8],[102,-25],[58,-22],[72,-46],[48,-8],[70,-57],[16,-33],[-6,-75],[20,-47],[62,-55],[60,-24],[82,-2],[-24,-46],[17,-63],[42,-41],[-33,-20],[-57,-2],[-79,-61],[-60,-65],[-37,-17],[-30,-56],[-64,-46],[-71,6],[-60,40],[-72,33],[-40,0],[-19,32],[-133,62],[-107,23],[-105,-48],[-35,0],[-21,32],[-75,24],[-74,9],[-97,19],[-44,-7],[-92,8],[-99,-6],[-48,-69],[-16,-37],[-95,-1],[-148,-31],[-69,-31],[-89,-60],[-56,-63],[-33,-80],[3,-62],[37,-79],[34,-26],[-6,-64],[-30,-30],[-22,-56],[-35,-5],[-27,-40],[-18,5],[-72,-20],[-43,5],[-58,-21],[-77,-63],[-50,-66],[-71,-5],[-28,-40],[-56,-28],[-82,69],[-72,50],[-152,133],[-49,73],[-50,13],[-86,10],[-48,-12],[-79,12],[-39,13],[-57,-11],[-84,49],[-73,-2],[-29,22],[-76,14],[-43,-4],[-56,-28],[-15,-55],[36,-17],[-45,-29],[-4,-25],[-56,-29],[-3,-27],[-59,9],[-30,-18],[-25,-40],[-33,30],[-78,39],[-39,-31],[-35,17],[-60,4],[-65,-14],[-8,-14],[-69,-1],[-24,18],[-106,21],[-22,-12],[-73,-2],[-28,-24],[-84,0],[-108,-73],[-79,54],[-134,60],[-107,-10],[-26,-52],[-35,-21],[-59,18],[-69,3],[-36,-30],[7,-23],[-82,-12],[-76,13],[-26,-8],[-77,-76],[-38,19],[37,40],[5,51],[-31,71],[-27,31],[-15,42],[-44,54],[-46,73],[-50,47],[-53,20],[-35,1],[-19,26],[-79,-28],[-34,-1],[-5,27],[-52,26],[0,76],[-100,112],[-46,44],[26,52],[-50,-8],[-11,47],[41,81],[68,21],[9,15],[-14,91],[29,32],[-9,49],[51,66],[-3,52],[-16,77],[25,21],[27,52],[113,16],[46,-16],[95,22],[65,-3],[102,22],[57,36],[22,39],[27,4],[102,-9],[29,4],[30,33],[47,16],[18,50],[66,1],[149,20],[38,12],[37,-6],[63,29],[62,-6],[23,13],[96,18],[101,32],[90,-5],[102,17],[46,-9],[116,17],[44,13],[62,-5],[108,46],[20,-2],[75,28],[17,40],[63,58],[79,-14],[71,31],[15,20],[75,-14],[25,33],[46,-4],[42,47],[90,20],[37,-4],[70,24],[43,34],[23,3],[39,44],[48,7],[43,-9],[59,-31],[79,7],[46,-23],[89,13],[99,-27],[68,-9],[57,34],[66,13],[47,19],[63,-63],[56,2],[81,37],[61,61],[32,14],[54,4],[24,19],[24,-28],[42,0],[54,40],[44,-28],[-16,-38],[-1,-71],[-42,12],[-43,-4],[-74,-48],[-73,-75],[1,-61],[52,-43],[46,-1],[82,28],[60,-25],[34,7],[8,-65],[-32,-24],[-52,-20],[-60,-60],[-9,-62],[-48,-36],[-48,-56],[-1,-54],[30,-28],[64,-16],[58,5],[35,14],[159,-35],[145,3],[66,20],[36,-6],[139,56],[45,-4],[22,-49],[25,-14],[2,-32],[34,-27],[5,-28],[-50,-31],[-71,-72],[7,-24],[-56,-15],[-49,-45],[-8,-22],[8,-78],[20,-7],[-8,-40],[26,-13],[47,36],[17,26],[28,-32],[57,-16],[45,33],[25,6],[-5,37],[-52,28],[-59,-8],[-28,15],[-40,-9],[-10,54],[41,0],[22,19],[3,42],[81,-50],[83,-19],[114,23],[113,129],[41,32],[-1,57],[10,11],[-4,64],[27,37],[25,13],[54,-12]],[[164452,38593],[0,312],[53,20],[-3,20],[44,16],[-41,70],[484,-1],[-2,152],[0,854],[-2,140]],[[164985,40176],[35,-9],[124,-10],[75,2],[83,-9],[68,4],[95,17],[98,-24],[61,1],[163,-31],[372,92],[0,106],[144,0],[201,45],[131,0],[-1,-420],[-41,-4],[-1,-146],[732,1],[-1,-772],[240,-1],[1,-655]],[[167564,38363],[0,-390],[-680,0],[2,-489],[-1,-320],[-687,3]],[[166198,37167],[-693,1],[1,318],[-803,-1],[-251,2],[0,156]],[[164452,37643],[0,950]],[[149874,47001],[-662,-4],[-1,639],[-242,-1],[23,-110],[-94,0],[0,109],[-349,-2],[0,354],[-4,109]],[[148545,48095],[3,174],[893,4],[0,-65],[93,0],[23,-29],[150,-43],[37,418],[-371,15],[35,282],[47,143],[413,1],[41,-22],[27,-76],[242,-1],[-1,-8],[141,-4],[47,4],[185,46],[56,18],[653,-9],[2,-35],[44,2],[21,-41],[10,-492],[181,2],[1,-320],[33,-24],[199,-18],[27,12],[190,46],[-2,-63],[84,-1],[51,-56],[78,-68],[52,-3],[-1,-33],[55,-83],[32,0],[-14,-113],[80,0],[69,-138],[52,-52],[-1,-330],[293,-2],[-38,34],[5,41],[-26,15],[56,36],[37,-8],[15,16],[-1,-566],[3,-6],[250,3],[558,1],[5,-3],[-1,-889]],[[150101,45788],[3,186],[-3,148],[7,46],[28,48],[27,24],[38,63],[59,39],[36,62],[42,38],[63,84],[-9,87],[3,44]],[[150395,46657],[154,1],[0,348],[-675,-5]],[[164647,32954],[754,-11],[450,-6],[241,-5]],[[166092,32932],[-2,-936],[793,0],[58,1],[630,0],[-1,-983]],[[167570,31014],[-689,2],[-2,-900],[-640,0],[-2,-609]],[[166237,29507],[-476,-2],[-838,1]],[[164923,29506],[-1,38],[-78,102],[-110,85],[-64,62],[-25,38],[20,72],[80,9],[88,53],[37,41],[72,41],[124,47],[36,25],[41,54],[32,17],[41,38],[26,49],[41,37],[25,41],[30,71],[35,177],[9,67],[6,222],[-9,134],[-59,255],[-94,318],[-78,245],[-52,142],[-68,159],[-48,97],[-74,182],[-56,119],[-55,131],[-53,94],[-43,94],[-52,92]],[[160650,41135],[3,23],[46,24],[16,-7],[79,83],[66,-21],[76,32]],[[162474,41395],[20,-80],[25,-16],[-18,-119],[-53,-30],[0,-32],[-18,-36],[24,-13],[5,-34]],[[160851,40138],[-27,7],[-31,-27],[-66,-17],[-7,-23],[-40,-11],[-31,14]],[[149690,43116],[0,-1017],[-2,-537],[0,-815],[990,-1],[0,-13]],[[150678,40733],[-26,-7],[-14,-42],[-35,-34],[6,-38],[-49,-2],[-32,-23],[-51,-2],[-5,36],[-36,4],[-55,-23],[-65,-45],[-36,-40],[-12,-34],[11,-39],[-25,-7],[-39,-91],[-41,-76],[-3,-57],[32,-48],[26,-10],[51,12],[-1,-45],[14,-19],[-8,-45],[12,-68],[-36,17],[-13,53],[-41,18],[8,32],[-20,17],[-56,12],[-86,-38],[-45,-50],[-25,-131],[6,-98]],[[149989,39822],[-90,0],[-15,-59],[-27,-33],[14,-28],[5,-99],[32,-46],[-19,-23],[-5,-63]],[[149884,39471],[-71,-65],[-27,-52],[-50,-40],[-14,-31],[185,-39],[101,50],[90,-1],[50,15],[56,77],[29,5],[42,78],[33,-7],[59,40],[32,-53],[-6,-50],[56,-10],[32,13],[25,61],[-14,45],[17,28],[-17,33],[9,24],[-37,41],[43,11],[64,-45],[15,-22],[-6,-34],[19,-19],[-5,-32],[-28,-37],[-14,-43],[8,-80],[-14,-75],[-25,-49],[-40,-8],[-79,-62],[-12,-22],[4,-92],[9,-34],[36,-42],[17,-44],[-4,-45],[43,-21],[23,-83],[-26,-16],[0,-32],[23,-12],[-15,-39],[29,-31],[27,-74],[-61,-23],[-12,-34],[-92,-11],[1,-59],[-50,-1],[-16,15],[-7,73],[27,20],[-7,25],[-47,8],[-25,67],[3,44],[-74,51],[-63,25],[-49,8],[-8,20],[-56,23],[-43,-4],[26,92],[-19,21],[-28,60],[-117,58],[-94,30],[-110,19],[-106,-5],[-90,-33],[-18,-40],[3,-55],[-26,-89],[-35,-18],[-35,8],[-17,-19],[36,-42],[-16,-99],[-51,10],[-62,30],[-49,1],[-9,-27],[-44,1],[-35,14],[16,138],[-21,16],[-13,50],[-37,5],[-2,57],[-42,35],[-10,23],[-63,63],[-18,28],[-67,62],[5,18],[-80,78],[-119,108],[-40,51],[11,28],[-50,56],[-27,42],[-54,51],[-76,60],[-121,83],[-112,57],[-94,27],[-39,0],[-61,-36],[-28,29],[28,58],[45,-8],[23,20],[8,73],[-28,92],[-21,38],[-49,49],[-97,51],[-40,69],[-43,60],[-93,73],[-92,36],[-57,-8],[-45,-43],[-109,1],[-31,-27],[-27,-3],[-46,-49],[-11,-83],[-56,7],[-71,33],[56,27],[5,88],[29,54],[-16,71],[52,37],[10,79],[52,57],[52,106],[45,14],[20,34],[3,54],[17,34],[38,20],[17,-21],[26,-95],[-18,-28],[10,-48],[-7,-38],[14,-58],[39,-27],[135,-41],[81,8],[49,-2],[24,-28],[46,-13],[3,-39],[-22,-21],[-36,-68],[20,-56],[37,-24],[45,-6],[15,-23],[77,-15],[22,-24],[6,-38],[-25,-61],[33,-44],[7,-29],[49,-13],[69,-1],[27,-17],[-22,-46],[-42,29],[-35,6],[-5,-39],[29,-28],[26,3],[53,31],[45,-5],[75,15],[64,20],[18,28],[-5,32],[45,7],[9,-22],[35,-12],[14,23],[63,19],[29,-31],[42,3],[16,37],[-33,71],[-46,-21],[-111,35],[-25,21],[-59,-33],[-9,-25],[11,-38],[-55,24],[48,147],[-6,99],[12,46],[-83,34],[-17,-45],[-39,9],[20,73],[-6,26],[-42,35],[0,-47],[-26,-26],[11,-61],[38,-65],[12,-43],[-6,-53],[15,-59],[-57,-23],[-38,-5],[40,121],[-17,88],[-15,14],[-20,61],[-32,20],[4,61],[41,23],[24,46],[-17,31],[8,38],[-18,39],[11,26],[-17,50],[5,55],[-25,13],[-19,34],[-29,-2],[-14,34],[-24,11],[17,40],[7,125],[-60,66],[25,2],[13,103],[-13,115],[-28,94],[9,35],[-28,119],[-75,184],[-35,78],[-46,79],[-43,39],[-47,21],[-32,3],[-42,27],[-27,43],[-49,26],[81,87],[41,10],[24,20],[-15,26],[-8,127],[31,63],[-25,77],[-3,36],[-19,51],[11,43],[-5,40],[-45,71],[-26,82],[-92,133],[-43,47]],[[150451,38338],[22,2],[6,-41],[-35,-16],[-25,23],[-7,39],[39,-7]],[[149075,38477],[-1,58],[34,-9],[-10,-52],[-23,3]],[[150741,38578],[33,57],[38,-26],[-71,-31]],[[151722,40234],[12,19],[47,1],[-11,-31],[-48,11]],[[150549,38981],[-2,27],[44,27],[8,-42],[-6,-61],[-21,0],[-23,49]],[[165364,42739],[167,0],[60,73],[1,281],[243,-2],[14,55],[52,-73],[183,-17],[33,-32],[7,-429],[619,9],[0,-523],[66,-29],[72,47],[71,-22],[45,-39],[42,-13],[52,60],[61,52]],[[167396,41379],[21,-23],[19,-71],[79,-122],[54,-65],[47,71],[57,0],[61,19],[54,-31],[-20,-16],[25,-35]],[[168216,41425],[259,-1],[455,0],[684,2]],[[169622,38411],[-60,10],[-114,-8],[-109,10],[-67,-8],[-61,11],[-70,-13],[-42,14],[-46,43],[-49,32],[-34,4],[-36,-44],[-48,35],[-57,-8],[-211,7],[-222,-54],[-62,5],[-89,-14],[0,-59],[-135,-9],[-28,6],[-93,-6],[-15,6],[-87,-9],[-323,1]],[[164985,40176],[0,425],[-7,148],[-521,-1],[-76,1],[25,49],[13,97],[-3,62],[18,55],[7,91],[14,26],[35,114],[-2,15],[-45,35],[-3,80],[11,39],[37,46],[37,31],[24,45],[-45,29],[31,44],[-6,18],[-40,14],[-22,41],[31,27],[4,48],[31,61],[-28,91],[49,71],[13,50],[5,67],[25,14],[6,37],[762,2],[-1,591]],[[123657,57082],[0,2016]],[[123657,59098],[0,5597]],[[123657,64695],[0,4034]],[[138994,68723],[16,-5873],[11,-2402],[1,-339],[6,-1809],[14,-1],[-2,-362],[-105,3],[-119,23],[-59,-22],[-63,1],[-28,-17],[-76,4],[-150,-8],[-43,13],[-46,30],[-34,6],[-35,35],[-58,9],[-32,13],[-27,-13],[-50,9],[-77,43],[-63,-11],[-78,28],[-66,52],[-165,46],[-22,-4],[-84,26],[-131,11],[-60,31],[-137,24],[-42,-7],[-37,12],[-83,3],[-54,27],[-157,16],[-98,0],[-40,-18],[-49,6],[-83,-9],[-47,6],[-88,-14],[-47,3],[-29,-17],[-190,-29],[-21,-19],[-93,-12],[-171,20],[-54,-11],[-77,25],[-77,56],[-52,21],[-43,-6],[-71,41],[-75,-26],[-172,44],[-44,-11],[-86,16],[-76,-35],[-136,15],[-116,36],[-62,-6],[-54,8],[-36,19],[-87,23],[-184,-42],[-651,-14],[-480,-67],[-784,-108],[-1208,-166],[-2182,-289],[-6,48],[-84,-11],[6,-48],[-1965,-249],[-605,-74],[-834,-101],[-1588,-188],[-363,-55]],[[160427,38630],[2,-39]],[[160429,38591],[13,-192],[-51,-54]],[[160391,38345],[-26,-39],[16,-20],[-1,-96],[-24,-57],[-59,-76],[-203,-9]],[[160094,38048],[31,28],[6,43],[28,62],[22,73],[13,13]],[[160294,38553],[133,77]],[[163438,43713],[659,5],[662,5],[-2,-328],[606,0],[1,-656]],[[164452,38593],[-592,0],[-1,-251],[-285,1],[0,-27],[-90,-1],[-31,62],[-35,43],[-80,69],[-12,41],[-567,2],[4,-50],[-27,-17],[-6,-44],[-413,269],[-113,71]],[[162204,38761],[-230,149]],[[160429,38591],[274,18]],[[160825,38315],[-42,-26],[-69,-3],[-48,8],[-92,-59],[-53,11],[-48,39],[-47,9],[-35,51]],[[162204,38761],[-56,-88],[30,-36],[-2,-27],[31,-25],[21,-35],[-38,-111],[24,-51],[-3,-49],[-22,-38],[7,-42],[-14,-77],[20,-37],[-9,-23],[28,-68],[-6,-30],[24,-68],[-27,-40],[-37,-79]],[[160903,37521],[10,25],[-6,112],[62,113],[-35,8],[-37,138]],[[157853,48100],[241,-1],[-37,108],[-1,65],[-28,67],[-19,76],[3,35],[-10,59],[6,85],[-46,147],[-30,0],[0,727]],[[159919,50222],[-1,-752],[-1,-517],[0,-514],[0,-657],[-2,-288]],[[159915,47494],[1,-702],[-870,-4],[-8,-41],[-40,9],[-17,32],[-124,-1]],[[158857,46787],[-461,1],[-14,-4]],[[158382,46784],[-27,-9],[-34,20],[80,50],[-12,61],[-45,84],[-8,30],[-36,68],[-73,55],[-53,21],[-78,7],[-51,46],[23,73],[-70,183],[-8,81],[-52,243],[-47,93],[-3,47],[-24,72],[-11,91]],[[164452,37643],[-571,0],[-434,-1],[27,-21],[-16,-40],[92,-60],[47,-24],[75,-73],[106,-71],[34,-40],[13,-70],[-32,-51],[-70,-45],[-33,-11],[-75,-7],[-51,-18],[-28,-34],[-5,-54],[26,-39],[6,-60],[-53,-60],[-33,-21],[-56,-81],[-31,-57],[-45,-35],[-15,-58],[-570,-190],[-134,-49]],[[167570,31014],[0,-55],[202,34],[7,10],[118,-9],[73,17],[50,-9],[243,0],[1,104],[656,-1],[715,1]],[[169645,28864],[-685,4],[-697,7],[0,-588],[-11,-53],[-516,2],[-509,-1],[-379,2]],[[166848,28237],[-3,638],[-611,1],[3,631]],[[159915,47494],[860,3],[222,2]],[[160997,47499],[3,-564],[-56,-33],[-35,-72],[0,-33],[223,2]],[[160320,44346],[8,9],[16,137],[-567,-1]],[[159777,44491],[-21,582],[-34,85],[-500,7],[1,821],[-68,-2],[-55,8],[-22,51],[-34,14],[-17,42],[-11,61],[2,77],[-34,57],[-35,-18],[-37,36],[21,33],[-24,56],[-37,38],[0,97],[9,44],[-10,79],[11,21],[-21,50],[-4,57]],[[160668,38943],[49,19]],[[160582,38846],[22,61],[64,36]],[[160212,37028],[-14,-24],[-41,-9],[-44,-37],[-28,-40],[-50,5],[-32,-16],[-73,34]],[[159930,36941],[14,37],[4,95],[-11,95],[-9,26],[4,61],[55,33],[13,22],[2,51],[31,34],[-9,88],[13,34],[-7,90],[-14,78],[15,42],[-11,86],[11,12],[-7,89],[14,49],[38,68],[18,17]],[[161127,51115],[0,-173],[272,-1],[2,-375],[2,-746],[245,0],[0,-792]],[[161648,49028],[0,-760],[-656,-3],[5,-766]],[[161648,49028],[875,1],[905,2],[1,-529],[1,-771],[1,-915]],[[160214,39625],[-91,48],[-40,59],[-42,48],[-29,-4],[-15,27],[-62,61],[-33,23]],[[161225,39472],[-42,45],[9,48],[-61,5],[-44,15],[-30,25],[-21,-5],[-33,-41],[-8,-41],[-80,3]],[[160915,39526],[-68,-4],[-51,14],[-55,-19],[-38,27],[87,162],[-195,96],[-85,-153],[-62,38],[-234,-62]],[[160798,39152],[-35,-25],[30,-52],[3,-46]],[[160668,38943],[-33,35],[-25,-22]],[[160610,38956],[-2,35],[-66,-5],[-2,34],[-81,-5],[11,-79]],[[160056,39107],[15,62],[35,75],[6,35],[-9,64],[-39,59],[37,55],[67,33],[34,-16],[7,-22],[-19,-86],[-2,-41],[22,-46],[100,-26],[22,24],[40,-55],[31,-6]],[[160403,39216],[36,-29],[48,2],[147,-34],[24,-23],[55,15],[85,5]],[[157466,48278],[-332,-227],[-386,-267]],[[156748,47784],[-73,902],[94,-3],[-1,618],[2,780],[538,2],[16,-37],[-41,-62],[9,-29],[-24,-38],[-10,-43],[4,-57],[670,0]],[[157853,48100],[3,125],[9,26],[42,1],[-12,39],[13,12],[49,-30],[49,7],[0,37],[-23,22],[-62,31],[-49,57],[-50,23],[-26,46],[-85,25],[-85,49],[15,42],[49,-1],[34,63],[-7,52],[-31,27],[-20,47],[-65,36],[-68,69],[-16,8],[-43,58],[17,48],[24,15],[20,50],[57,30],[-45,61],[-44,18],[-37,-9],[-54,11],[-24,19],[-4,67],[13,34],[-27,20],[-38,0],[6,81],[-35,43],[-24,-2],[36,-54],[-46,-89],[1,-27],[33,-91],[-10,-36],[18,-18],[16,-139],[-8,-92],[-11,-21],[-10,-76],[-14,-39],[5,-39],[-16,-72],[16,-23],[9,-50],[-31,-47],[9,-70],[46,7],[38,28],[36,-9],[25,-53],[48,-38],[30,-54],[-1,-36],[-26,-14],[-6,-27]],[[149989,39822],[-8,-120],[26,-25],[74,0],[26,-29],[-11,-30],[-26,-17],[20,-37],[-12,-63],[-36,-32],[-26,15],[4,40],[-26,17],[-40,-7],[-70,-63]],[[159777,44491],[-363,-1],[-860,1]],[[157928,45186],[-40,77],[-9,53],[-40,33],[-24,46],[-65,69],[-19,36],[13,86],[0,53],[33,26],[7,103],[-14,59],[-24,-3],[-34,25],[-19,-50],[-34,11],[-36,43],[15,41],[-43,19],[-69,72],[-24,52],[6,60],[34,23],[20,32],[-21,16],[25,80],[19,22],[22,65],[56,-12],[-3,51],[106,65],[51,13],[11,17],[60,18],[1,-22],[66,12],[44,73],[70,-20],[-14,36],[38,4],[46,35],[41,7],[49,53],[26,-3],[-22,-50],[45,-43],[18,-33],[39,32],[-12,33],[41,10],[49,37],[18,36],[5,59],[-54,41]],[[160610,38956],[-40,-39],[-47,-24]],[[168392,41945],[-1,27],[47,192],[-1,296],[3,11],[-87,93],[111,1],[3,11],[141,-17],[15,-30],[53,-12],[44,-57],[-17,-13],[13,-45],[-4,-30],[49,-60],[43,-25],[-9,-29],[33,-41],[-6,-28],[34,-59],[43,26],[21,74],[-12,37],[9,32],[-41,21],[7,21],[70,-9],[17,24],[-15,26],[-92,-2],[-59,118],[-39,24],[39,52],[35,11],[39,-6],[97,-45],[32,7],[28,50],[-3,29],[43,10],[17,39],[44,3],[7,34],[-26,14],[50,46],[39,22],[79,-32],[35,16],[5,25],[-28,41],[69,9],[37,32],[22,43],[-28,14],[-36,-13],[-16,49],[45,11],[67,-23],[-11,39],[79,-14],[35,24],[35,-24],[2,-47],[18,-7]],[[166848,28237],[-685,0],[-699,3],[-35,-5],[-22,-80]],[[165407,28155],[-47,46],[-96,108],[-46,81],[-90,122],[-29,80],[-20,15],[-99,188],[-26,16],[-40,49],[16,34],[-8,24],[41,20],[91,-15],[45,33],[21,50],[5,92],[-16,61],[-34,69],[-61,70],[-83,23],[-17,54],[-4,71],[13,60]],[[154096,58249],[-11,-145],[-25,-405],[-277,0],[0,550],[46,0],[-10,49],[164,57],[11,-28],[-1,-78],[103,0]],[[160403,39216],[-22,2],[-53,67],[25,47],[-9,49],[-33,59],[5,37],[-10,35],[-59,89],[-33,24]],[[160915,39526],[-20,-46],[-26,-29],[13,-62],[-23,-24],[-50,-3],[5,-69],[-26,-2],[10,-139]],[[169613,35183],[-820,-6],[-12,-7],[-870,-7]],[[167911,35163],[-1026,-6],[0,436],[-564,-2],[-8,275],[110,126],[-66,50],[52,39],[-1,210],[-205,0],[3,711],[-3,149],[-5,16]],[[144830,50623],[859,3],[415,1],[43,-25],[2,-630],[2,-591],[899,1],[58,-255],[55,-16],[64,12],[-1,-216]],[[147226,48907],[0,-109],[-620,-1],[-1,-134],[1,-395],[-594,1],[1,-868],[0,-764]],[[145169,46624],[-47,5],[-40,-52],[-77,-42],[5,-23],[56,-66],[8,-34],[84,-31],[31,-5],[31,37],[37,-27],[47,40],[34,-38],[-35,-18],[-47,9],[28,-71],[42,-37],[36,17],[42,-7],[3,-24],[-73,5],[-13,-37],[-22,-9],[-10,-45],[-90,117],[-45,29],[-90,83],[-70,-1],[-31,12],[-23,39],[-82,36],[-53,49],[-107,38],[-43,6],[-67,30],[-56,-3],[-78,-17],[-30,-45],[-47,-18],[-40,-42],[-61,-11],[-11,81],[-9,20],[-15,111],[-48,32],[-29,33],[-31,73],[-37,29],[-59,3],[-48,71],[-15,39],[5,27],[33,21],[-15,46],[-39,17],[-7,44],[-39,14],[-37,-27],[55,-21],[-27,-29],[31,-46],[-67,-32],[-5,-54],[7,-47],[67,-76],[-5,-29],[23,-27],[41,-21],[66,27],[55,-89],[40,-23],[52,-6],[29,-40],[-46,-56],[-7,-52],[18,-80],[-52,-33],[-29,-5],[-42,23],[0,31],[-53,25],[-48,36],[-10,23],[-68,23],[-41,45],[26,62],[-9,73],[-19,51],[11,9],[-12,60],[-25,2],[-26,78],[-26,38],[11,19],[-19,54],[-54,51],[-27,-4],[-63,24],[-30,-1],[-34,-27],[3,-30],[-56,-11],[-86,96],[-24,58],[31,-1],[71,29],[88,-28],[41,39],[19,83],[-2,49],[-13,57],[-45,88],[-42,51],[-68,33],[-70,-18],[-12,-29],[-49,5],[7,37],[-38,50],[-49,10],[-37,-28],[-21,-34],[-48,16],[-28,43],[30,77],[-8,57],[84,31],[-4,32],[48,-7],[31,13],[26,35],[24,10],[25,107],[-14,65],[-57,143],[-45,72],[-66,80],[-68,46],[-12,38],[-38,39],[11,20],[59,25],[45,2],[66,-42],[48,7],[97,0],[52,-8],[51,15],[54,-38],[-33,-7],[-46,16],[-41,-12],[38,-42],[49,-13],[50,-32],[33,-9],[-37,-92],[17,-34],[-3,-57],[15,-20],[58,1],[38,24],[35,39],[2,82],[31,12],[4,45],[64,48],[27,37],[30,66],[1,21],[58,44],[11,41],[-25,25],[29,48],[11,54],[-44,36],[-11,57],[-8,140],[-22,96],[-22,59],[-62,103],[-106,113],[-33,61],[-25,14],[-94,112],[-77,58],[-119,56],[-46,10]],[[145420,46304],[44,44],[13,-28],[-20,-30],[-37,14]],[[166092,32932],[-1,93],[1,880],[794,-2],[773,-2],[1,975],[251,2],[0,285]],[[164647,32954],[-60,118],[-155,263],[-92,148],[-155,229],[-106,145],[-150,193],[-139,161],[-131,158],[-118,129],[-201,208],[-239,230],[-217,192],[-223,180],[-196,150],[-129,94],[-143,100],[-197,125],[-114,69],[-240,129],[-40,14]],[[162740,36167],[35,-29],[34,-4],[60,-25],[56,5],[15,-36],[56,-32],[3,-29],[59,-1],[-48,-57],[-24,-43],[-2,-48],[25,-32],[-41,-46],[-90,-43],[24,-57],[79,3],[65,18],[45,-14],[-16,-39],[-26,-23],[-80,-17],[-89,-37],[-17,-33],[64,-55],[8,-30],[-13,-32],[40,-41],[81,-13],[32,-56],[-31,-56],[24,-48],[43,7],[16,47],[-25,23],[17,31],[-30,15],[4,33],[76,47],[59,20],[49,-27],[64,1],[33,21],[17,60],[10,77],[-2,77],[16,67],[44,50],[51,1],[-25,56],[-62,54],[-63,46],[-70,35],[-148,106],[-71,19],[-125,86],[-92,13],[-41,20],[-73,-35]],[[152448,42877],[-98,-38],[-86,-15],[-50,-29],[-12,-19],[-78,-56],[-9,-18],[-132,-127],[-44,-34],[-30,-62],[3,-23],[-36,-50],[15,-27],[-8,-41],[21,-20],[-30,-42],[-10,-38],[-47,-43],[-32,-101],[2,-50],[-29,-9],[-15,-30],[-45,-21],[-26,-48],[-74,-107],[-34,-40],[16,-14],[-31,-69],[-7,-43],[-29,-20],[-25,-44],[-98,-112],[-124,-114],[-53,-22],[-70,4],[-96,-21],[-44,-35],[-43,-60],[-17,-75],[34,-28],[26,-81],[-31,-24],[-17,-40],[-29,11],[-29,-45],[49,-14],[14,29],[31,3],[12,-37],[-17,-54],[-4,-54],[30,-40],[-38,-27],[-9,-32],[30,-37],[-18,-46],[-10,-74],[-41,-23],[-15,-28],[0,-49],[-26,-20],[-15,58],[27,18],[-12,43],[-50,48],[30,24],[-26,62],[-57,29],[-104,-3]],[[160427,38630],[-2,24],[42,47]],[[160735,36079],[-81,-24],[-44,-61],[-80,-88],[-4,-35],[28,-15],[-84,-47],[-7,-23],[-50,-10],[-48,-50],[-59,-45],[-58,-54],[-31,-2],[-42,23],[-89,18],[-15,-11],[-53,20],[-38,-10],[-72,11]],[[159908,35676],[30,174],[-6,56],[57,39],[-27,28],[-40,98],[42,0],[-4,35],[79,6],[9,27],[1,144],[-10,23],[-1,67],[-58,13],[-18,32],[39,46],[4,38],[65,32],[19,29],[6,43],[30,15],[57,-12],[62,66],[101,27],[67,1],[39,32],[22,-2]],[[159115,41331],[-15,96],[-18,56],[-58,70],[-46,88],[-33,18],[-107,-11],[-40,19],[1,36],[53,16],[19,79],[-28,92],[-4,36],[-50,78],[-39,16],[-21,55],[-61,82],[-30,26],[-14,49],[-35,25]],[[158589,42257],[7,10],[121,-1],[2,65],[-36,32],[0,65]],[[167052,26326],[-46,81],[-13,35],[-55,85],[-73,105],[-90,109],[-152,171],[-81,68],[-48,24],[-32,33],[-41,25],[-73,55],[10,24],[33,12],[22,33],[5,42],[-11,37],[-31,50],[-55,52],[-117,74],[-63,80],[-37,23],[-68,19],[-47,-11],[-21,-49],[-50,3],[-19,47],[-62,45],[-47,52],[-29,48],[-36,25],[-19,41],[-63,48],[-21,55],[-55,72],[-80,63],[-29,63],[-40,53],[-11,37]],[[160182,38604],[-21,57]],[[156951,47447],[-14,83],[-94,83],[-63,-37],[-24,-56],[-165,-40],[32,-157],[-20,-79],[-17,-107],[62,-40],[5,-30]],[[156653,47067],[-63,-19],[-34,-19]],[[156556,47029],[-7,38],[-74,-8],[39,-120]],[[156514,46939],[-69,-75],[-4,-39],[-28,-3],[-21,-27],[-46,-26],[-37,-6],[-31,-45],[-117,-39],[-17,-30],[-34,-18],[-25,-55],[3,-98],[-12,-17],[-6,-89],[1,-87],[-26,-34],[-3,-34],[-34,-63],[-31,-33],[-27,-77],[-30,-14],[-3,-34],[-36,-14],[-23,-42],[-19,-128]],[[155458,45810],[-1,756],[133,0],[0,638],[363,284],[380,296],[415,0]],[[157466,48278],[-18,-75],[32,-77],[-7,-32],[14,-97],[12,-18],[2,-85],[-45,-43],[10,-25],[-35,-14],[21,-56],[4,-43],[-17,-28],[-18,-69],[-69,9],[-15,15],[-53,1],[-16,-54],[30,-104],[62,-101],[23,-49],[12,-58],[-93,-10],[-48,2],[-98,21],[-34,72],[-28,8],[-51,55],[-92,24]],[[147226,48907],[661,3],[0,-642],[196,0],[1,-209],[71,7],[53,29],[57,-20],[50,6],[230,14]],[[149874,47001],[2,-226],[61,-11],[58,-23],[101,-65],[299,-19]],[[159908,35676],[-25,3],[-80,-49],[-113,7],[-49,-15],[-30,10],[-230,8],[-133,-14],[-41,-37],[-87,-43],[-36,-10],[-121,-14],[-102,17],[-139,69],[-59,59],[-38,2],[-30,34],[-6,90],[47,37],[36,58],[30,92],[45,54],[60,51],[71,82],[95,-23],[69,45],[46,14],[140,85],[82,66],[33,15],[30,45],[109,198],[15,52],[42,55],[69,44],[16,21],[71,32],[110,20],[85,58],[30,9],[10,38]],[[158589,42257],[-65,1],[-34,-31],[-54,-108],[-31,-24],[-32,-62],[-26,-77],[-14,-89],[-36,-19],[-35,-40],[-27,-88],[-1,-24],[76,-102],[-21,-107],[-3,-69],[-31,-107],[-81,-92],[-56,-42],[-99,-86],[-75,-85],[-39,-55],[4,-24],[-22,-45],[0,-44],[-48,-107],[1,-54],[-34,-42],[-18,-53],[2,-138],[-10,-32],[4,-61],[-31,-61],[-1,-76],[12,-23],[52,-37],[56,-15],[-21,-29],[-2,-47],[-21,-31],[-38,-29],[-16,-69],[-19,-28],[15,-118],[-46,-120],[-5,-99],[-35,-127],[18,-29],[-35,-38],[-17,-34],[-69,-70],[-23,-60],[-6,-46],[-22,-24],[-42,-83],[-28,-72],[-18,-73],[2,-52],[33,-26],[-50,-40],[-24,-60],[-4,-53],[-40,-56],[-49,-113],[-15,-58],[15,-55],[11,-131],[-21,-19],[-60,12],[-61,-31],[39,-86],[32,-27],[12,-44],[-20,-82],[60,-48],[-61,-36],[-42,-37],[-82,-21],[-52,-25],[-36,-29],[-25,-76],[-17,-12],[-59,-1],[-73,9],[-20,-8],[-54,40],[-50,55],[-213,128],[-71,15],[-59,2],[-39,-24],[-55,35],[-110,48],[-66,11],[-102,-1],[-71,-40],[-124,-60],[-82,-59],[-45,-73],[9,-49],[-33,-28],[-81,12],[-50,-13],[-91,31],[-64,10],[-85,-24],[-61,-43],[-41,-40],[-80,-113],[-8,-94],[-42,-7],[-9,-18],[-91,-13],[-28,-19],[-98,25],[-38,-11],[-57,38],[-69,23],[-17,-8],[-87,24],[-127,6],[-55,-8],[-41,-25],[-34,-38],[2,-54],[-48,-10],[-11,-66],[-81,-8],[-7,-59],[-59,-5],[-19,-12],[-92,1],[-11,-32],[-55,-32],[-47,59],[-36,-5],[-40,28],[-23,58],[-58,81],[18,36],[-11,30],[42,7],[15,18],[0,44],[-13,28],[9,26],[5,76],[75,-18],[92,43],[17,27],[2,71],[17,20],[53,17],[27,45],[52,17],[30,49],[8,50],[-7,45],[22,6],[26,51],[22,21],[3,40],[-21,66],[-86,174],[42,14],[21,52],[27,0],[32,23],[24,42],[2,77],[-9,10],[19,84],[14,30],[-5,35],[61,25],[78,69],[7,29],[-21,72],[29,16],[14,-27],[59,-2],[48,-15],[62,-45],[49,-20],[64,-5],[144,10],[58,-3],[46,11],[160,66],[86,-17],[80,18],[18,19],[30,-8],[81,18],[52,-28],[22,-58],[31,-46],[64,-33],[102,7],[20,-17],[2,-37],[31,-34],[56,-17],[79,26],[53,26],[77,56],[73,83],[32,91],[-2,95],[11,91],[-5,54],[4,109],[25,90],[19,37],[22,81],[7,107],[38,123],[19,184],[31,43],[18,51],[14,106],[-2,102],[-8,78],[-39,99],[-29,41],[-28,110],[-24,29],[29,104],[13,65],[-17,121],[14,14],[-22,63],[-49,40],[-53,-16],[-35,-43],[-17,-81],[-45,-50],[-23,-4],[-27,49],[-3,37],[51,41],[40,61],[30,94],[5,39],[41,-13],[55,14],[18,29],[20,86],[6,124],[32,79],[25,30],[10,84],[-16,73],[2,80],[20,18],[-12,36],[6,78],[-4,35],[-39,75],[-25,79],[-33,33],[-41,61],[-27,85],[-30,51],[20,32],[41,-4],[56,-20],[52,16],[45,-17],[42,12],[32,47],[7,70],[48,50]],[[139838,50828],[-69,37],[-64,24],[-78,6],[-46,-20],[-13,-52],[29,-8],[-19,-35],[-49,-2],[-18,27],[44,49],[-15,39],[-83,100],[-57,56],[-173,134],[-83,30],[-97,63],[-42,-19],[-55,-44],[-17,30],[13,41],[-28,41],[-103,80],[-48,-1],[-67,62],[-55,21],[-46,44],[-166,140],[-100,65],[-165,86],[-131,46],[-54,-22],[-62,-8],[-22,10],[-86,13],[-15,-20],[-62,-8],[-31,6],[-24,27],[-85,35],[-134,32],[-159,7],[-86,-10],[-138,-29],[-67,-22],[-88,-62],[-33,-44],[-35,-100],[16,-60],[72,-13],[11,-27],[37,-28],[-19,-25],[-38,28],[-15,-9],[-61,56],[-66,50],[-90,-3],[-61,-42],[-42,-10],[-67,3],[-39,-13],[-9,-36],[-21,-28],[-29,7],[-191,16],[-27,-38],[-62,13],[-73,6],[-103,18],[-33,-14],[-63,40],[-30,-1],[-35,57],[-40,18],[-19,-8],[-26,46],[-55,55],[-25,54],[-29,30],[2,25],[-50,61],[-91,65],[-29,40],[-159,107],[-118,72],[-79,62],[-76,71],[-102,69],[-95,74],[-204,124],[-16,31],[-58,50],[-131,100],[-87,48],[-72,49],[-301,182],[-82,41],[-178,101],[-64,31],[-111,64],[-113,59],[-232,115],[-96,41],[-50,30],[-75,35],[-77,27],[-101,55],[-94,35],[-109,54],[-19,15],[-96,40],[-61,32],[-126,57],[-51,14],[-89,44],[-83,31],[-146,37],[-74,-3],[-56,-50],[-127,-67],[-63,-65],[-30,-69],[-120,-71],[-152,-57],[-14,-12],[-100,-31],[-68,-30],[-142,-42],[-217,-93],[-37,-10],[-173,-30],[-88,-2],[-29,6],[-102,0],[-103,15],[-17,-3],[-117,12],[-112,16],[-15,8],[-155,28],[-121,13],[-107,-7],[-56,-22],[-141,-3],[-69,9],[-73,19],[-86,13],[-87,-5],[-84,7],[-30,-6],[-123,4],[-80,18],[-40,-1],[-149,27],[-106,0],[-97,-27],[-145,12],[-80,-3],[-23,6],[-92,-15],[-51,-29],[-117,3],[-36,-6],[-159,-3],[-73,8],[-123,-9],[-68,-13],[-123,11],[-132,-16],[-70,-15],[-76,-37],[-127,-19],[-242,1],[-56,-13],[-125,-14],[-79,2],[-83,-13],[-90,4],[-161,-3],[-60,-9],[-124,-7],[-38,-7],[-115,-4],[-112,-25],[-95,-15],[-42,0],[-116,-24],[-50,-2],[-113,-15],[-77,3],[-124,-26],[-166,-14],[-22,-10],[-67,-1],[-100,-10],[-23,-8],[-172,-12],[-213,-40],[-189,-14],[-155,-18],[-80,-18],[-48,-24],[-56,-10]],[[123657,53021],[0,1114],[0,322]],[[123657,54457],[0,2625]],[[139447,78043],[780,0],[710,0],[860,0],[653,0],[799,0],[530,0],[546,0],[537,0],[707,0],[834,0],[940,0],[900,0],[477,0],[676,0],[401,0],[753,0],[952,1],[944,1],[656,1],[961,1],[640,0],[640,1],[641,1],[356,0],[924,1],[960,1]],[[156951,47447],[-25,14],[-102,-34],[-16,-24],[-72,-45],[-63,-107],[18,-85],[-55,-18],[39,-58],[-22,-23]],[[156556,47029],[-42,-90]],[[150757,37412],[24,50],[41,-18],[1,-40],[-20,-7],[-46,15]],[[152281,37806],[3,33],[68,-51],[90,-53],[-9,-60],[-23,-2],[-26,32],[-59,28],[-42,-15],[-42,42],[2,37],[38,9]],[[151103,38456],[-62,51],[-73,51],[1,22],[-53,13],[-49,1],[19,47],[-40,17],[16,30],[101,50],[26,-50],[52,-31],[5,-43],[58,-95],[47,-44],[19,-1],[50,-52],[38,-8],[33,-38],[-19,-33],[15,-56],[-4,-35],[39,-51],[-17,-39],[-34,56],[-39,-30],[-43,1],[-52,62],[-9,86],[27,19],[-6,56],[-46,44]],[[160244,39282],[50,39],[23,-23],[-27,-24],[-46,8]],[[150241,39710],[9,45],[-44,29],[41,55],[34,11],[43,-59],[-14,-20],[2,-52],[32,-20],[5,-30],[-44,11],[-24,-29],[-40,59]],[[150361,40245],[1,45],[-25,28],[26,31],[23,-33],[2,-57],[-27,-14]],[[151641,40544],[-27,-54],[28,-49],[-38,-13],[-20,39],[24,23],[-2,75],[13,63],[30,-32],[-18,-28],[10,-24]],[[151845,39983],[54,-10],[5,-27],[-15,-44],[-31,-19],[-48,48],[6,32],[29,20]],[[155731,40728],[25,26],[26,58],[44,-28],[-5,-63],[27,-62],[-35,-40],[-29,-105],[-41,-9],[-45,25],[1,83],[-17,38],[12,53],[37,24]],[[160219,39389],[13,49],[28,8],[47,-62],[20,-49],[-66,-16],[-21,-31],[-28,41],[7,60]],[[141109,50351],[-9,71],[36,20],[-2,42],[31,5],[38,-15],[37,48],[19,-56],[56,37],[99,88],[24,-5],[71,10],[-101,-56],[-45,-52],[34,-48],[-31,-46],[-13,-75],[-31,-30],[-75,6],[2,-29],[-37,-26],[-30,9],[-23,39],[-47,43],[-3,20]],[[140120,49342],[1,27],[-27,46],[-47,28],[11,18],[41,4],[50,-33],[60,15],[3,-45],[-33,-41],[-1,-20],[-58,1]],[[142047,50063],[25,20],[76,-5],[26,-29],[40,-65],[-47,5],[-46,40],[-55,18],[-19,16]],[[140952,50257],[5,36],[60,28],[34,-30],[-27,-24],[-60,-27],[-12,17]],[[141509,49653],[-1,-36],[-33,-11],[-54,28],[31,29],[30,-16],[27,6]],[[141592,49715],[33,18],[14,-36],[-59,-31],[-21,25],[33,24]],[[140846,49976],[4,37],[31,10],[1,-51],[-36,4]],[[140115,49093],[16,-24],[-33,-15],[-18,24],[35,15]],[[80979,37632],[-73,5],[4,24],[70,1],[-1,-30]],[[83163,38743],[-17,35],[-26,-1],[-9,30],[-39,43],[70,15],[37,-29],[37,-13],[40,-29],[-29,-37],[-9,-34],[-55,20]],[[79420,39193],[249,-1],[45,4],[22,-33],[142,-8],[42,19],[21,-24],[292,1],[24,-15],[90,4],[104,16],[0,-29],[202,0],[0,-25],[54,16],[118,0],[0,-16],[62,0],[-3,74],[-48,22],[-6,50],[207,0],[0,226],[98,0],[0,89],[70,-1],[14,-14],[4,-59],[34,4],[0,106],[13,79],[0,107],[78,16],[18,53],[51,72],[89,25],[0,54],[62,0],[10,27],[95,0],[25,-32],[1,-55],[39,-18],[451,-1],[0,368],[-1,144],[203,1],[200,56],[26,20],[0,143],[12,49],[56,79],[31,0],[19,36],[10,51],[0,64],[217,113],[1,15]],[[82963,41065],[3,64],[-142,33],[72,153],[27,16],[-28,96],[0,20],[-35,58],[70,0],[0,42],[38,0],[0,46],[60,-21],[35,1],[59,-24],[22,15],[41,-30],[23,15],[36,-17],[6,-23],[94,-9],[34,-30],[1,-24],[49,-1],[14,-35],[50,-8],[32,16],[17,-66],[72,-27],[-15,-29],[75,2],[36,-22],[61,47],[58,8],[-7,56],[32,-5],[13,-22],[31,4]],[[83897,41364],[98,2],[35,-72],[-4,-30],[47,2],[37,-20],[4,-32],[-12,-44],[41,-26],[34,-7],[12,-31],[-11,-32],[13,-22],[44,3],[38,-49],[72,-35],[21,-29],[37,5],[20,-28],[71,-12],[106,-72],[26,-1],[50,-29],[45,11],[50,-4],[37,-24],[52,-4]],[[84860,40784],[-10,-44],[25,-13],[3,-34],[-23,-53],[-70,7],[-145,-8],[-49,-22],[-40,1],[-67,-26],[-19,-36],[-48,-14],[-102,-69],[-49,-55],[-28,-54],[-10,-43],[23,-87],[36,-15],[2,-24],[85,-25],[-33,-41],[-54,-14],[-36,-45],[-5,-33],[-31,-8],[-19,-33],[-60,-40],[-55,10],[-71,-43],[-80,-24],[-45,-43],[3,-38],[-21,-11],[-95,17],[-52,-15],[-24,-33],[-57,4],[-5,-17],[-113,-19],[-23,-20],[-114,-34],[-26,-33],[-53,-8],[-89,-41],[-89,-61],[-57,-56],[-52,-66],[-67,-130],[-25,-78],[-19,-82],[-3,-97],[8,-48],[99,-24],[16,-31],[-4,-36],[-89,-37],[15,-33],[-32,-19],[-29,42],[-48,23],[-81,-7],[-34,19],[-38,-8],[-30,23],[-49,-28],[-70,-3],[0,-36],[-91,0],[-64,14],[-20,-32],[-38,-10],[-28,15],[-63,-29],[-33,-27],[-17,-32],[8,-26],[-116,12],[-35,-52],[1,-64],[46,-38],[51,9],[56,-33],[5,-38],[-42,-55],[19,-42],[-48,-64],[-22,39],[-41,6],[-19,28],[-12,49],[-69,24],[-58,9],[-129,11],[-81,-20],[-72,-37],[-34,-33],[-12,-37],[-38,3],[-38,-26],[-18,19],[-60,-5],[-38,29],[-84,-10],[-25,-12],[-40,10],[-49,49],[9,23],[81,6],[29,21],[1,57],[-25,71],[20,37],[-115,41],[-15,-56],[11,-35],[-6,-69],[-26,-13],[6,-35],[29,-32],[-67,-29],[-49,-53],[-8,-29],[27,-19],[-15,-35],[-57,-12],[-83,41],[-95,8],[-23,-16],[-16,-61],[22,-49],[47,-10],[20,-27],[30,-4],[34,-54],[81,-30],[44,11],[26,33],[5,47],[-65,47],[17,12],[35,-28],[52,-11],[-14,-25],[0,-54],[16,-50],[20,-16],[55,-14],[78,-5],[90,39],[40,-25],[18,-30],[-29,-18],[-16,24],[-115,0],[-33,-23],[10,-36],[-16,-23],[-46,-21],[-61,19],[-63,-10],[-3,17],[-48,10],[-61,-25],[-38,47],[-62,-2],[-57,64],[-76,50],[-222,110],[-86,31],[-120,24],[-47,3],[-42,-24],[-27,29],[-55,-1],[-115,-71],[-9,-20],[30,-75],[-55,-28],[1,-53],[-34,-51],[25,-54],[-81,-36],[-25,19],[-3,53],[-120,92],[-58,35],[-138,58],[-39,-2],[-7,-37],[-33,0],[-43,-30],[-34,15],[7,30],[-20,20],[-160,92],[-59,42],[-76,42],[-16,0],[-144,69],[-88,-11],[3,34],[98,52],[117,13],[8,-35],[71,-31],[49,-32],[46,-1],[55,22],[7,52],[43,-7],[43,44],[-22,81],[-40,34]],[[79325,38577],[16,89],[30,28],[6,72],[-14,44],[34,39],[-5,42],[28,53],[0,249]],[[73313,50851],[-5,193],[29,49],[43,44]],[[73380,51137],[56,66],[116,-118],[48,13],[135,137],[94,-1],[66,-22],[94,0],[0,44],[58,14]],[[74047,51270],[348,-2],[41,11],[361,0]],[[74797,51279],[0,-133]],[[74797,51146],[1,-214],[-20,-15],[22,-35],[29,-5],[41,29],[33,-15],[14,-79],[46,-24],[7,-50],[21,-59],[23,-20],[9,-35],[29,3],[26,-23]],[[75078,50604],[-512,2],[-135,-226]],[[74431,50380],[-295,-1],[-1,246],[-11,0],[0,84],[-162,0],[-20,37],[-33,-15],[-53,11],[-62,0],[0,37],[-31,19],[0,25],[-77,3],[-22,19],[-68,9],[1,-67],[-37,-9],[4,76],[-251,-3]],[[71112,100146],[4,16],[-28,76],[22,5],[42,-76],[-40,-21]],[[71107,100375],[-5,77],[-9,37],[29,-2],[30,-45],[-45,-67]],[[71096,100874],[21,40],[38,32],[57,86],[2,38],[28,46],[58,27],[57,82],[17,48],[33,51],[34,27],[38,91],[55,60],[20,-2],[77,-37],[24,-24],[-26,-72],[3,-39],[26,-40],[-2,-24],[28,-26],[9,-35],[-19,-18],[13,-31],[-15,-58],[17,-24],[-26,-16],[7,-41],[-51,-75],[-42,-134],[2,-22],[-61,-19],[-27,-22],[-19,-72],[13,-15],[-25,-40],[-21,4],[-52,-55],[-4,-29],[-86,-23],[-20,75],[-45,28],[-51,8],[-42,-11],[2,-35],[-15,-51],[-31,19],[-18,40],[-34,23],[1,94],[16,59],[33,75],[3,37]],[[67953,95562],[-11,35],[37,63],[32,-18],[35,0],[48,-39],[-9,-70],[17,-26],[12,-70],[-32,-41],[-31,4],[-58,77],[-40,85]],[[68211,95628],[-18,63],[38,16],[25,-35],[-5,-20],[-40,-24]],[[71496,97718],[-22,25],[39,37],[19,38],[22,15],[80,28],[-7,-46],[-40,-11],[-13,-52],[-33,-44],[-45,10]],[[69766,98000],[14,38],[43,9],[54,1],[72,-24],[-24,-39],[-159,15]],[[71692,97755],[18,48],[52,-15],[-15,-52],[2,-58],[-41,21],[-16,56]],[[70676,97400],[38,56],[-2,16],[48,70],[42,4],[9,-28],[-45,-25],[-12,-32],[-48,-64],[-30,3]],[[68644,97256],[17,47],[-76,86],[-3,40],[70,-59],[12,-63],[17,-20],[-37,-31]],[[71305,98072],[-11,-60],[-27,-23],[-16,16],[54,67]],[[71226,97889],[-17,16],[25,36],[15,-44],[-23,-8]],[[81654,98727],[295,0],[0,-214],[-136,0],[0,-314],[-98,0],[0,-276],[271,0],[0,406],[189,0],[0,-453],[99,0],[0,-177],[-123,0],[0,-343],[209,0],[0,-336],[447,0],[0,118],[509,0],[0,-169],[188,0],[0,-320],[-74,0],[0,-180],[217,0],[0,-662],[419,0]],[[84066,95807],[0,-332],[112,0],[0,-64],[319,0],[0,-24],[684,0],[0,-46],[546,0],[390,0],[0,-479],[-197,0],[0,-140],[766,0],[0,-56],[70,0],[0,-325],[112,0],[0,-316],[-899,0],[0,8],[-263,0],[0,-119],[-497,0],[-510,0],[0,119],[-398,0],[0,-301],[398,0],[0,-147],[578,0],[0,-354],[429,0],[0,-665],[-525,0],[-583,0],[-404,-842],[-585,-1213],[-586,-1215]],[[83023,89296],[0,551],[-993,0],[0,96],[-340,0],[0,-359],[-336,0],[0,-82],[-581,0],[0,67],[-478,0],[0,-261],[-305,0],[0,-210],[83,0],[0,-209],[329,0],[0,-374],[-113,-267],[0,-270],[-338,0],[0,-232]],[[79951,87746],[-2203,20],[-44,-46],[12,-26],[-716,-1],[1,1020],[-1001,-7],[1,285],[-395,0],[-5,-392],[-757,-3],[0,-245],[-409,0],[0,105],[-207,0],[0,127],[-233,0],[0,108],[-371,0],[0,-568],[1,-795],[-415,0],[0,91],[-364,3],[-12,108],[-184,-3],[5,438],[-92,0],[0,298],[-379,0]],[[72184,88263],[0,439],[-304,0],[0,390],[-183,9],[0,408],[-749,0],[-336,0],[0,-265],[-361,0],[-767,0],[-633,0],[0,275],[-405,0],[1,747],[158,-1],[-1,399],[-491,0],[-1,245],[-252,0],[0,244],[455,0],[0,31]],[[68315,91184],[0,187],[180,0],[39,82],[25,75],[185,0],[0,118],[-147,0],[29,88],[11,129],[41,145],[35,102],[90,167],[66,147],[33,57],[13,49],[0,163],[-450,0],[0,719],[-300,0],[0,998],[-487,-1]],[[67678,94409],[-7,21],[22,34],[25,2],[38,39],[-36,45],[85,-8],[-17,33],[-32,23],[-10,38],[22,86],[36,-19],[6,31],[51,-5],[31,-51],[20,26],[-22,48],[-60,57],[27,12],[-53,61],[-43,20],[8,28],[32,15],[26,-10],[34,17],[79,-40],[10,36],[20,19],[-26,76],[8,40],[18,11],[58,-7],[-21,60],[24,31],[-3,37],[27,49],[-24,16],[-25,60],[23,17],[47,-15],[58,35],[-11,26],[15,34],[7,76],[15,26],[27,-16],[43,48],[-19,53],[73,4],[30,49],[31,21],[26,1],[13,38],[-12,52],[12,22],[-2,52],[51,91],[45,42],[9,35],[-3,99],[11,94],[-4,73],[17,19],[109,75],[37,-24],[11,30],[38,55],[42,25],[50,41],[26,-11],[55,6],[39,18],[60,3],[86,59],[126,114],[67,20],[42,41],[22,40],[25,8],[39,45],[59,28],[65,61],[27,45],[82,-2],[75,43],[14,-5],[38,31],[39,7],[23,-22],[88,-31],[37,5],[21,-19],[46,10],[26,23],[50,7],[99,93],[70,87],[41,30],[40,-45],[82,-3],[45,32],[64,82],[33,24],[32,-5],[66,64],[55,-28],[28,40],[34,27],[26,50],[24,-17],[-11,-29],[68,-22],[93,-11],[79,18],[54,31],[39,37],[33,16],[14,22],[51,14],[75,58],[31,12],[17,-21],[56,0],[26,39],[12,44],[-22,1],[-53,-35],[-3,25],[77,51],[35,-16],[58,-10],[36,39],[14,46],[27,12],[17,-46],[23,19],[51,-82],[45,0],[-2,45],[26,40],[5,39],[-33,32],[4,53],[51,35],[2,62],[31,40],[16,36],[47,42],[38,-2],[44,11],[9,21],[-21,59],[24,32]],[[71994,98230],[151,0]],[[72145,98230],[8,0]],[[72153,98230],[692,0],[427,0],[0,-137],[223,-112],[57,-40],[0,-462],[182,0],[0,215],[401,0],[0,613],[239,0],[0,328],[553,0],[517,0],[0,-85],[904,-1],[420,1],[0,550],[846,0],[0,216],[366,0],[0,-128],[-96,0],[0,-268],[229,0],[0,300],[558,0],[0,-299],[-279,0],[0,-245],[559,0],[694,0],[0,690],[595,0],[0,-969],[855,0],[0,-487],[226,0],[0,-1079],[486,0],[0,344],[-153,0],[0,123],[0,1429]],[[69851,43643],[54,4],[168,-3],[58,-25],[0,24],[51,0],[21,-19],[37,25],[38,3],[190,1],[63,6],[160,-4],[16,-8],[298,-3],[0,-58],[28,0],[0,-35],[38,0],[14,47],[48,0],[0,-36],[33,0],[-8,36],[136,0],[54,51],[51,9],[-5,45],[393,-3],[560,1],[-1,-16],[65,-1],[22,-10]],[[72433,43674],[-89,-55],[-402,-360],[-22,-34],[-38,-7],[-150,-4],[-260,-15],[-8,-130],[8,-27],[-18,-93],[-37,-28],[-13,-35],[-44,-37],[8,-98],[18,-51],[5,-43],[20,-47],[-46,-106],[5,-22],[38,-46],[-4,-50],[0,-228],[-77,4],[-59,-20],[-82,7],[-30,-7],[-3,-526],[2,-155]],[[71155,41461],[-84,16],[-119,15],[-83,5],[-77,-10],[-93,-5],[-97,-24],[-56,-28],[-40,3],[-12,34],[12,21],[-11,31],[88,52],[7,43],[-11,18],[-72,-12],[-28,33],[-17,-14],[25,-79],[-19,-17],[16,-41],[-7,-28],[21,-54],[19,-10],[-12,-111],[-13,-42],[-31,-35],[-72,-2],[-18,43],[-29,23],[-16,49],[-35,42],[-78,56],[-35,66],[-75,75],[-49,62],[-63,24],[-1,48],[-30,9],[26,84],[-3,26],[-29,38],[41,37],[16,59],[-36,159],[-26,48],[-15,67],[-89,149],[-15,15],[20,59],[26,30],[-27,58],[16,106],[-2,125],[-45,107],[4,51],[-39,81],[47,36],[0,90],[-19,45],[-4,99],[-12,86],[-18,45],[39,44],[-6,23],[27,28],[1,81],[13,50]],[[73447,52139],[118,-1],[-18,-29]],[[73547,52109],[12,-40],[-4,-35],[-42,-49],[-46,-9]],[[73467,51976],[-37,48],[17,115]],[[73235,52225],[28,-3],[115,11],[7,-25],[61,0],[1,-69]],[[73467,51976],[-23,-28],[-59,-1],[-33,-17],[-2,-27],[28,-31],[-49,-17],[-24,16],[8,26],[-26,24],[-26,-4]],[[73261,51917],[-25,1]],[[73236,51918],[57,80],[-49,49],[40,45],[5,34],[-50,48],[-4,51]],[[73526,51997],[104,-105]],[[73630,51892],[24,-24],[-35,-172]],[[73619,51696],[-174,19]],[[73445,51715],[-138,137]],[[73307,51852],[24,-6],[57,25],[-35,35],[25,31],[77,9],[18,44],[53,7]],[[77927,51724],[24,11],[35,-10],[17,-21],[34,27],[60,-8],[27,-50],[27,13],[56,-19],[18,-36],[69,-17],[36,-66],[27,-8],[-3,-28],[22,-25],[44,21],[-2,-35],[31,-58],[-20,-10],[31,-59],[-28,-22],[7,-88],[-22,-19],[-6,-99],[51,0],[-3,-200],[35,-63],[-23,-11],[17,-32],[-24,-39],[30,-57],[-29,-15],[0,-61]],[[78465,50640],[-22,-53],[-37,8],[-87,-7],[-37,-24],[-4,-53],[-198,-4],[0,-15],[-109,0],[-43,-25],[-17,34],[-28,-6],[-74,-39],[-22,45],[-73,-34],[-14,27],[-101,-50],[-22,42],[-73,22],[-598,0],[0,-65],[-37,-17],[-5,-32],[-30,-13],[14,-29],[-79,-33],[-5,-36],[-71,-39],[21,-66],[-92,0],[0,-24],[-57,0],[-79,-42],[-132,-2],[-35,-16],[-58,-2],[0,-17],[-157,15],[-38,21],[0,-40],[-311,0]],[[75755,50071],[-578,1],[1,532],[-100,0]],[[74797,51146],[228,0],[-1,86],[185,0],[1,49],[204,-3],[-2,-125],[247,-2],[0,-122],[403,0],[0,123],[228,4],[36,-70],[105,52],[-35,67],[39,20],[-10,20],[28,26],[49,23],[-41,78],[82,42],[64,-124],[245,121],[0,28],[-31,29],[422,212],[11,-21],[36,-12],[64,40],[9,-17],[132,66],[12,-14],[71,36],[8,-16],[81,40],[41,30],[52,-77],[5,38],[27,27],[110,-87],[25,11]],[[74700,49453],[384,0],[39,-42],[87,-81],[184,-212],[104,-171],[36,-66],[82,-110],[33,-26],[55,-102],[1,-30],[70,-65],[34,-54],[72,-68],[28,-72],[63,-105],[32,-10],[22,20],[46,-13],[34,5],[76,-47],[34,1],[0,-80],[20,-70]],[[76236,48055],[-3,-137],[-33,0],[0,-267],[-125,0],[0,-326],[-54,0],[0,-117],[-97,-1],[2,-58],[-21,0],[1,-42],[-23,-33],[1,-98],[-79,3],[-26,11],[-2,-88],[-65,3],[-42,21],[0,46],[-166,0],[0,-104],[-217,0]],[[75287,46868],[-11,0],[-1,401],[-211,0],[0,-76],[-269,0],[0,-81],[-290,0]],[[74505,47112],[0,203],[-36,75],[-49,2],[3,21],[-29,82]],[[74394,47495],[-7,616]],[[74387,48111],[36,0],[0,94],[33,-6],[114,-38],[1,158],[-77,2],[1,29],[0,324],[224,0],[-1,276],[-18,-14],[0,517]],[[74456,43811],[0,42],[84,0],[2,159],[37,0],[0,60],[21,13],[0,32],[24,20],[-48,23],[-45,0],[-1,139],[-55,0],[0,53],[19,50],[-42,51],[33,30],[11,46],[0,93],[-37,17],[0,347]],[[74459,44986],[315,-171],[78,0]],[[74852,44815],[13,-52],[34,-21],[205,0],[0,-33],[83,0],[-9,-31],[83,0],[24,-35],[0,-61],[65,11],[0,-43],[39,-1],[-1,-40],[132,-8],[0,-72],[45,-9],[0,-107],[50,0],[0,32],[134,0],[0,-61],[91,1],[0,23],[69,0],[29,14],[17,-26],[68,-31],[21,35],[27,-6],[-19,-37],[57,-4],[48,-28],[-11,-39],[32,1],[37,-21],[33,14],[43,-15],[53,15],[26,46],[74,16],[64,-7]],[[76508,44235],[21,9],[8,-49],[57,-20],[54,-71],[43,-8],[40,-36],[-60,-57],[35,-33],[3,-134],[-16,0],[-8,-69],[-1,-186],[-8,0],[-1,-111],[-12,-3],[12,-163],[11,0],[-1,-116],[-27,-14],[-83,-105],[-107,0],[0,-49],[33,-27],[4,-62],[73,9],[5,-68],[-18,-92],[32,-74],[24,0],[0,-87],[87,1],[0,-117],[-10,-39],[0,-108],[79,-9],[8,-37],[75,-45],[78,-37],[0,-164],[-5,-95],[6,-42]],[[76939,41927],[-6,-44],[0,-142],[-206,0],[-70,-19],[-111,-7],[-85,0],[-98,12]],[[76363,41727],[-38,-14],[-59,0],[0,144],[-34,19],[-126,-5],[-51,-19],[-377,-1],[-2,25],[-30,48],[96,91],[-29,17],[0,130],[-115,0],[-33,-16]],[[75565,42146],[0,32],[-79,0],[0,133],[149,0],[5,110],[-22,-1],[0,86],[-189,-1],[-64,14],[-105,-3],[1,82],[-109,-1],[-80,9],[17,27],[-1,65],[13,51],[-11,39],[15,24],[45,11],[0,75],[-41,0],[0,101],[-15,25],[-46,5],[-35,49],[-19,1],[0,96],[-57,0],[0,120],[-78,-4],[-63,12],[-34,38],[-35,5],[0,55],[-48,-1],[-40,-21],[-125,5],[-29,-19],[12,118],[25,0],[0,37],[-60,11],[-6,280]],[[73494,43005],[68,0],[0,28],[56,0],[-1,60],[63,0],[-10,46],[-34,-3],[-29,51],[4,25],[-22,45],[26,17],[81,0],[14,34],[1,373],[-8,39],[318,1],[65,48],[2,42],[368,0]],[[75565,42146],[-2,-6],[-250,3],[0,-184],[-376,0],[0,52],[-29,0],[0,57],[-201,0],[-32,10],[0,48],[60,0],[0,64],[-52,0],[-19,15],[0,42],[-15,20],[-78,1],[0,12],[-112,-7],[0,-23],[-72,10],[-125,-1],[0,-8],[-399,0],[0,14],[-68,0],[-51,-16]],[[73744,42249],[-4,40],[5,180],[-120,1],[-1,387],[-130,0],[0,148]],[[78465,50640],[89,0],[48,-9],[159,2],[-1,40],[71,2],[1,-32],[40,10],[76,0],[36,15],[142,3],[2,-22]],[[79128,50649],[2,-103],[32,-85],[-17,-123],[0,-65],[55,-99],[0,-227],[67,11],[65,1],[1,-125],[-13,0]],[[79320,49834],[-54,26],[-48,0],[-23,16],[-50,-1],[0,-34],[-45,-17],[-215,-1],[0,44],[-67,-1],[-51,-27],[-80,41],[0,-26],[-131,-5],[0,18],[-55,-2],[0,-20],[-78,-10],[-14,26],[-73,-26],[-21,36],[-38,-30],[-70,-37],[8,-14],[-88,-42],[13,-24],[-67,-25],[-27,53],[-113,-37],[-190,-91],[-16,-11],[-221,0],[-18,50],[-55,-27],[-149,4],[0,-52],[-38,0],[0,56],[-86,10],[-97,2],[-127,-5],[0,-34],[-32,-22],[0,-66],[-52,0],[14,-34]],[[76866,49495],[-122,7],[-60,-25],[-22,42],[-33,-17],[-49,12],[-50,-5],[-101,3],[-19,-8],[-652,-1],[-3,568]],[[101372,120312],[33,-22],[-29,-85],[-65,-84],[-71,30],[-5,13],[48,51],[-8,50],[-34,39],[16,19],[59,3],[45,-24],[11,10]],[[101451,120237],[-25,-24],[9,-20],[-57,-35],[-16,11],[27,40],[8,39],[34,48],[22,-15],[-2,-44]],[[100985,120151],[17,9],[29,-31],[-34,-28],[-19,17],[7,33]],[[101060,120206],[22,70],[29,-4],[-51,-66]],[[101183,120166],[16,69],[43,9],[-20,-50],[-39,-28]],[[101271,120427],[7,12],[66,-4],[-9,-19],[-64,11]],[[102054,116597],[-741,3],[-605,1],[0,-584],[327,0],[0,-413],[197,0],[0,-341],[-650,0],[0,-784],[0,-439],[585,1],[0,-771],[1,-374],[0,-866],[768,0],[-9,-994],[633,0],[55,-726],[-465,0],[0,-400],[561,0],[-6,-825],[-1,-250],[69,-2186]],[[102773,106649],[-2,-1313],[-7181,16],[0,-275],[-745,0],[-6,115],[-300,-1],[-1,143],[-1188,-1],[0,-492],[-1257,0],[0,139],[-391,0],[-69,-858],[-682,-1],[-169,8],[-1465,-7],[0,635]],[[89317,104757],[68,19],[60,9],[123,28],[56,0],[26,-10],[173,6],[279,94],[83,33],[22,1],[105,40],[105,54],[129,55],[99,23],[97,49],[102,43],[23,3],[56,32],[60,19],[50,24],[38,7],[182,84],[124,30],[118,41],[166,85],[61,27],[197,105],[66,27],[240,122],[91,37],[31,23],[74,24],[153,73],[94,41],[50,28],[47,16],[130,84],[61,50],[67,46],[41,21],[60,50],[63,38],[81,70],[82,52],[74,66],[59,42],[57,56],[27,16],[153,138],[121,127],[62,71],[55,76],[84,100],[57,59],[127,161],[82,126],[59,81],[51,83],[91,135],[13,30],[75,113],[82,136],[69,122],[52,83],[77,135],[36,100],[18,79],[-24,31],[67,81],[67,128],[41,129],[-14,63],[-29,39],[32,18],[17,-23],[46,-16],[-1,32],[55,101],[27,69],[15,116],[-2,41],[40,0],[34,50],[18,63],[18,16],[13,57],[55,49],[18,33],[-30,39],[24,116],[-9,68],[-58,63],[-58,8],[-8,95],[7,66],[25,-19],[52,-4],[56,17],[38,-25],[22,-31],[97,59],[16,30],[35,-35],[43,3],[59,40],[18,-11],[38,94],[26,27],[42,-5],[61,57],[25,-5],[18,34],[-6,48],[-24,36],[4,65],[-13,39],[-45,64],[-35,9],[-27,40],[-53,5],[-48,21],[4,34],[46,6],[2,16],[51,23],[32,37],[64,135],[14,52],[65,-25],[22,27],[35,77],[-17,0],[-43,-62],[-12,35],[-26,27],[4,43],[32,55],[48,62],[8,21],[31,19],[36,-2],[26,16],[23,-51],[33,-38],[69,-34],[100,24],[40,21],[120,96],[27,1],[52,47],[71,80],[15,25],[68,9],[44,46],[22,8],[73,114],[36,32],[68,138],[83,-4],[55,51],[90,20],[56,40],[66,72],[44,82],[22,2],[43,117],[59,39],[31,-39],[22,70],[-28,27],[37,59],[60,12],[18,18],[25,-10],[61,57],[33,14],[77,17],[75,38],[33,-9],[20,33],[97,83],[34,48],[36,32],[29,52],[18,57],[23,145],[-7,34],[11,42],[-9,51],[-1,73],[-8,26],[-18,112],[-72,78],[-20,4],[-48,-21],[-20,15],[-112,13],[-106,45],[-52,14],[-51,32],[-17,-50],[-30,-35],[-45,-21],[-48,-54],[-15,-37],[16,-22],[-24,-21],[-45,48],[-8,46],[-38,26],[-1,27],[34,14],[22,30],[29,61],[18,69],[6,146],[11,73],[0,139],[-13,105],[-17,81],[-5,63],[-16,101],[17,41],[-20,60],[11,92],[1,115],[-6,82],[-33,81],[-27,-5],[-6,83],[-28,180],[-33,84],[-50,39],[-12,47],[-20,39],[8,27],[0,74],[-19,148],[0,65],[28,34],[10,68],[-9,82],[0,168],[-6,46],[14,17],[1,87],[-9,85],[34,34],[22,80],[4,105],[17,68],[12,117],[22,32],[11,40],[26,33],[54,-26],[15,72],[36,68],[41,120],[38,-13],[29,64],[-10,29],[40,47],[23,-17],[29,5],[3,25],[49,38],[35,-2],[26,-16],[62,-10],[2,14],[-81,31],[-6,16],[60,11],[37,-12],[0,29],[-68,-2],[-35,27],[-66,-35],[-44,0],[-26,28],[17,68],[105,149],[79,80],[69,39],[38,3],[49,33],[59,77],[37,79],[-23,32],[47,41],[85,53],[101,84],[39,0],[54,29],[30,39],[23,-39],[-30,-42],[-28,-17],[-14,-59],[28,6],[14,26],[41,16],[5,-36],[33,4],[0,39],[15,38],[-5,28],[25,43],[5,26],[-15,55],[-18,14],[4,61],[30,-9],[33,-28],[34,1],[10,-44],[40,-12],[14,-22],[-29,-65],[66,0],[31,-38],[30,7],[24,-20],[97,18],[21,-18],[35,23],[-28,49],[-53,63],[-11,41],[8,74],[-20,32],[-22,-15],[-9,41],[-24,43],[7,65],[-57,62],[0,42],[-12,24],[15,23],[51,10],[45,-6],[26,-21],[7,55],[-44,40],[-25,36],[64,84],[29,27],[-29,34],[42,38],[54,-3],[28,-13],[29,7],[14,-48],[29,-52],[11,-41],[52,-13],[106,29],[53,26],[56,48],[40,-42],[39,4],[90,50],[26,60],[51,66],[27,-6],[24,-50],[26,23],[44,-44],[40,18],[45,-34],[72,-83],[22,22],[-45,58],[-10,63],[-54,15],[-40,54],[-23,18],[-58,-8],[-6,58],[6,44],[-8,70],[-29,-14],[-13,-47],[-52,25],[-20,20],[10,43],[-18,30],[106,223],[19,64],[12,79],[-6,44],[16,50],[41,50],[37,11],[43,29],[45,-2],[79,43],[26,25],[34,59],[37,89],[58,7],[48,35],[35,64],[-5,65],[-25,33],[7,100],[74,130],[19,48],[5,47],[39,-17],[41,-38],[35,1],[72,28],[34,31],[9,26],[142,77],[37,29],[15,-48],[-27,-3],[-32,-36],[39,-26],[20,-48],[-43,-13],[-24,-48],[22,-49],[36,-1],[-9,-46],[21,-23],[76,-34],[27,30],[42,-30],[-124,-102],[8,28],[-88,0],[4,32],[-43,3],[-73,-19],[-30,-37],[3,-52],[41,-2],[7,-37],[-21,-38],[-62,-57],[2,-33],[44,-31],[24,5],[25,-28],[-41,-23],[-21,-40],[-17,-90],[-39,3],[-38,-63],[-6,-56],[24,-15],[29,5],[49,-14],[-12,-33],[18,-25],[38,23],[-7,-77],[-24,-28],[29,-59],[45,29],[32,90],[26,21],[29,-56],[32,-6],[-13,-47],[6,-30],[-16,-33],[8,-28],[25,-12],[-17,-43],[7,-46],[41,-36],[5,-30],[45,-15],[73,22],[14,-40],[33,-45],[45,-19],[38,-4],[44,11],[40,43],[31,-31],[-25,-46],[-20,-81],[-56,25],[-59,-60],[-5,-27],[6,-70],[16,-23],[11,-50],[-18,-26],[24,-21],[29,32],[58,-15],[49,-50],[39,-23],[14,-47],[-7,-61],[22,-23],[-12,-42],[41,-13],[-4,-56],[-41,1],[-41,-113],[-7,-92],[16,-17],[-18,-34],[79,-20],[71,-55],[60,-39],[126,-108],[23,-72],[55,-83],[29,-26],[13,-39],[44,-65],[26,-172],[-11,-23],[22,-64],[10,-58],[42,-36],[82,-107],[55,-57],[29,-42],[38,-83],[28,-112],[39,-80],[28,-39]],[[78818,43803],[24,-18],[37,18],[56,-8],[146,0],[14,24],[62,9],[18,22],[141,0],[0,-68],[302,0],[1,42],[67,0],[1,18],[63,-1],[9,23],[118,0],[21,-29],[503,-1],[46,4],[168,0],[0,-18],[116,0],[0,33],[35,0],[4,-25],[264,1]],[[81034,43829],[1,-273],[-18,0],[0,-71],[27,0],[0,-114],[-64,0],[-127,-33],[-26,-17],[14,-195],[27,-56],[25,0],[9,-48],[87,1],[18,-45],[-2,-202],[39,12],[22,-45],[184,0],[0,-19],[50,1],[-3,-81],[45,-24],[0,-275],[2,-633]],[[81344,41712],[-572,0],[0,36],[-134,0],[-37,-12],[-50,10],[-21,-28],[-121,0],[16,55],[-41,-15],[-1,-44],[-285,-1],[0,25],[-47,-2],[-30,35],[70,133],[39,51],[5,24],[-13,64],[-181,-2],[0,-50],[-40,0],[1,40],[-42,20],[-93,0],[0,44],[-51,-8],[-224,-3],[0,108],[-266,-4],[0,80],[-40,0],[0,30],[-113,0],[0,-43],[-92,1],[-20,84],[-13,21],[-102,95]],[[78846,42456],[2,90],[8,51],[57,66],[-23,46],[-83,1],[0,33],[63,1],[0,176],[56,0],[-17,30],[-52,19],[20,39],[-13,60],[-8,107],[-44,0],[-13,22],[0,116],[-37,0],[0,73],[38,-1],[3,239],[42,16],[0,39],[-45,1],[0,123],[18,0]],[[80150,52425],[44,5],[23,15],[56,12],[49,23],[94,-30],[157,4],[22,20],[327,-1],[1,-75],[433,-1],[0,528],[-40,0],[-1,35]],[[81315,52960],[146,1],[1,-39],[29,-24],[100,1],[0,-24],[236,1],[-6,29],[198,45],[7,-31],[266,60],[547,0],[1,-373]],[[82840,52606],[1,-92],[-33,0],[0,-226],[-98,-1],[0,-87],[-105,-1],[4,-484],[-94,0],[1,-176],[-117,0],[18,-175],[-90,-1],[0,-77],[-66,-1],[-1,-34],[-41,0],[-1,-44],[-37,0],[-1,-394],[6,0],[1,-184]],[[82187,50629],[-72,-1],[0,-25],[-59,0],[0,22],[-130,0],[-124,15],[-116,0],[26,118],[-9,45],[-87,-4],[-164,0],[-1,81],[-96,0],[-42,37],[-93,0],[-11,11],[-99,0],[-18,24],[-72,0],[-51,13],[-131,-3],[0,10],[-86,0],[0,14],[-112,0],[1,-88],[-47,0],[0,42],[-179,-1],[-125,-8],[-151,0]],[[80139,50931],[0,48],[33,0],[0,32],[-33,0],[0,106],[-23,0],[0,60],[27,0],[12,50],[87,0],[14,26],[0,61],[13,38],[-36,0],[1,257],[16,16],[0,65],[-33,0],[-7,94],[-29,0],[0,80],[-50,1],[0,29],[19,47],[0,484]],[[72435,45913],[82,-6],[23,-24]],[[72540,45883],[-10,-24],[14,-58],[38,0],[4,-79],[20,7],[0,-68],[-78,0],[-12,-52],[45,0],[0,-141]],[[72561,45468],[-53,45],[-14,33],[-211,2],[-80,20]],[[72203,45568],[50,177],[53,138],[12,-40],[53,-3],[34,-26],[15,15],[-23,33],[28,20],[10,31]],[[71602,44691],[37,0],[33,-25],[-12,-22],[53,-56],[30,11],[6,-43],[42,0],[0,37],[179,1],[0,-33],[44,0],[26,-30],[61,-22],[2,-74],[15,-40],[1,-79],[62,-14],[14,10],[361,0],[24,33],[36,-18]],[[72616,44327],[27,-12],[32,12],[-3,-127],[71,-1],[0,-37],[64,-1],[-1,-260],[-13,0],[0,-161]],[[72793,43740],[-104,1],[0,-66],[-256,-1]],[[69851,43643],[-3,50],[13,59],[-44,139],[15,40],[-15,70],[-53,153],[60,28],[33,116],[30,46],[29,-4],[29,50],[-1,38],[25,28],[-12,69],[-43,156],[-31,92],[21,24],[-14,81],[-13,35],[83,-20],[40,-42],[75,-1],[29,-52],[98,-54],[-5,-21],[53,-48],[4,-37],[28,-85],[51,-52],[181,-67],[65,-18],[82,-36],[73,-14],[140,-10],[69,10],[106,2],[76,20],[78,32],[71,14],[72,29],[98,60],[59,46],[54,58],[45,64]],[[72761,52048],[43,0],[0,-60],[68,-4],[47,-21],[22,-23],[48,15],[12,28],[33,3]],[[73034,51986],[69,-84]],[[73103,51902],[-9,-9]],[[73094,51893],[-113,6],[-31,-25]],[[72950,51874],[-48,15],[-15,-24],[-46,0],[0,-57],[-48,0],[-5,35],[-31,15]],[[72757,51858],[4,190]],[[73619,51696],[-4,-72]],[[73615,51624],[-35,-10],[-124,-120],[-21,-88],[23,-25],[-50,-44],[-34,-139],[5,-58]],[[73379,51140],[-61,55],[-36,44],[6,43]],[[73288,51282],[-41,43],[-41,28],[9,92],[-45,-2]],[[73170,51443],[-3,31],[29,32],[32,-4],[81,61]],[[73309,51563],[-3,31]],[[73306,51594],[105,111],[34,10]],[[72561,45468],[22,-42],[-10,-21],[18,-36],[35,-28],[30,-47],[40,-18],[0,-18],[151,-5],[0,-301]],[[72847,44952],[-86,0],[15,-53],[-109,0],[-10,-59],[-1,-436],[-30,-2],[-16,-22],[22,-22],[-16,-31]],[[71602,44691],[130,151],[172,219],[30,29],[24,43],[78,78],[30,40],[38,79],[33,55],[43,110],[23,73]],[[73772,62571],[134,0],[102,-41],[15,-16],[1,-93],[70,1],[1,-193],[56,-1],[0,-118],[-42,0],[0,-132],[109,-1],[-2,-97],[9,-38],[31,6],[0,-173],[73,9],[0,-139]],[[74329,61545],[-1,-12],[-96,0],[0,-85],[-16,-45],[-84,1],[0,-54],[-86,1],[0,24],[-242,1],[6,-70],[0,-85],[-54,0],[-33,-17],[-15,24],[-55,52],[-53,-31],[-34,-57],[4,-32],[-133,0],[0,-70],[-128,0],[0,-226],[-221,0],[-21,52],[-411,0],[-552,-73],[-459,-61],[-801,-104],[-173,-1],[0,20],[-294,-1],[0,44],[37,65],[-85,0],[-32,-67],[-32,-11],[-468,0],[-17,-3]],[[69780,60724],[13,69],[-1,61],[-11,38],[0,113],[-6,41],[15,49],[-3,29],[-62,161],[-10,88],[4,24],[-15,64],[4,25],[-8,85],[6,116],[-6,38],[2,86]],[[69702,61811],[131,0],[0,-58],[421,-3],[0,21],[202,2],[209,-1],[0,35],[136,2]],[[70801,61809],[1,-221],[634,-1],[724,1],[522,0],[0,25],[142,0],[-23,75],[-11,70],[-2,98],[-29,13],[-21,44],[-3,130],[42,71],[-10,30],[9,37],[4,144],[40,18],[108,-16],[35,8],[49,-23],[17,-87],[77,0],[0,61],[122,0],[0,129],[155,0],[6,75],[284,0],[0,82],[99,-1]],[[65322,91554],[288,0],[0,599],[333,2],[415,1],[157,-3],[272,1],[0,-280],[27,-4],[96,6],[66,-2],[793,-1],[91,-199],[89,-134],[112,-140],[94,-93],[160,-123]],[[72184,88263],[-137,0],[0,-455],[-379,0],[0,-91],[-174,1],[-30,-22],[44,-168],[-12,-97],[-35,-134],[-41,-69],[-14,-50],[12,-33],[-1,-79],[13,-12],[-13,-52],[0,-194],[275,0],[1,-358],[16,0],[0,-359],[-72,0],[0,-320],[-68,0],[0,-141],[-231,0],[3,217],[-671,1],[0,465],[-378,-17],[3,-507],[-305,2],[0,-8],[-149,0],[0,-952],[-27,0],[0,-546],[619,8],[0,-310],[133,0],[0,-639],[-61,0],[0,-319],[-152,0],[0,-205],[-345,0],[0,-18],[-263,-1],[0,28],[-573,0],[0,-179],[-22,-44],[-32,-26],[1,-601],[0,-454],[344,0],[0,-356],[-346,0],[0,-268],[530,0],[0,-237],[-20,-57],[1,-81],[20,-33],[-1,-587],[180,0],[0,-925]],[[69827,78981],[0,-393],[-546,0],[0,-292],[-351,0],[0,-253],[-864,0],[-692,0],[0,-638],[-363,0],[-17,2]],[[66994,77407],[-34,34],[6,37],[-41,41],[7,29],[-16,28],[28,83],[-6,58],[-60,78],[2,37],[-58,66],[1,64],[-43,50],[5,19],[-19,71],[13,30],[83,41],[22,-16],[-5,-50],[81,-37],[45,12],[6,29],[-21,45],[-3,43],[-19,33],[8,29],[-9,53],[4,59],[64,120],[8,38],[-13,18],[-68,13],[-47,22],[-24,60],[-55,19],[-22,26],[-17,50],[-42,36],[-31,46],[-21,11],[-20,52],[-26,26],[-20,-2],[-16,38],[-50,51],[5,20],[-27,33],[-18,-9],[-51,68],[-20,70],[29,13],[-11,41],[-40,40],[-14,28],[-56,72],[-24,8],[-28,35],[-34,11],[-53,49],[-37,17],[-34,86],[-59,93],[-9,-16],[-56,59],[17,27],[-29,20],[-16,76],[-25,3],[-15,154],[-19,18],[-18,56],[-70,152],[-52,77],[-28,21],[3,45],[38,-27],[-29,97],[-45,55],[-16,42],[-58,59],[-17,29],[21,66],[-25,12],[-51,98],[17,35],[-16,123],[-34,65],[-47,51],[-36,65],[26,8],[-16,53],[-63,53],[-26,46],[30,5],[-43,212],[-21,2],[-8,45],[-29,42],[-24,63],[-55,82],[-47,11],[-75,80],[-114,40],[-59,52],[-103,127],[-42,114],[-48,78],[-32,89],[-17,211],[7,56],[25,72],[63,72],[-33,19],[-28,63],[-5,37],[-25,25],[-48,-42],[-12,30],[33,55],[-36,48],[12,19],[43,12],[21,30],[56,25],[-16,33],[-50,-23],[-74,-47],[-47,5],[-58,27],[-4,57],[33,39],[8,53],[14,26],[10,89],[-2,108],[-12,56],[-45,105],[-85,113],[-72,115],[-39,40],[-50,82],[-53,76],[-80,92],[-38,72],[-72,115],[-70,80],[-71,51],[-38,43],[-19,48],[-48,59],[-16,70],[-57,53],[-8,55],[-4,140],[-17,125],[15,196],[15,21],[-1,50],[-15,85],[12,92],[-3,72],[-21,66],[-13,63],[-4,67],[-17,99],[16,13],[53,2],[78,84],[54,100],[-3,130],[8,26],[-15,65],[-71,144],[-11,42],[33,37],[-1,110],[-22,48],[11,31],[31,28],[59,3],[40,76],[10,65],[16,41],[4,54],[16,47],[-6,83],[-16,111],[24,48],[-4,53],[42,63],[61,52],[21,51],[38,53],[23,80],[2,55],[10,51],[-4,49],[48,99],[50,29],[34,7],[48,59],[43,114],[-7,18],[30,69],[25,26],[5,80],[13,26],[3,57],[26,35],[29,15],[17,51],[-8,42],[33,32],[43,9],[40,41],[24,50],[96,46],[105,73],[72,106],[25,25],[45,21],[63,59],[33,54],[6,87],[38,40],[17,62],[-1,91],[10,44],[-4,75],[9,33],[-4,55],[-22,50],[8,77],[29,15],[9,45],[1,81],[9,34],[-5,58],[18,63],[-2,66],[-8,35],[-33,51],[4,30],[-41,187],[-13,22],[18,67],[-13,73],[-30,31],[10,45],[-4,41],[11,31],[-8,31],[17,16],[-2,59],[-37,34],[103,54],[37,34],[60,78],[36,142],[22,36],[7,50],[-7,117],[7,42],[-36,73],[18,20],[6,58],[-13,96],[-16,51]],[[62572,81680],[-3,-32],[-43,-39],[1,-61],[-14,-50],[11,-33],[-9,-85],[-21,-33],[-5,-89],[-24,-19],[-7,96],[-17,55],[14,68],[19,27],[8,40],[30,66],[19,148],[1,129],[8,35],[-15,138],[-11,38],[-1,50],[10,38],[39,77],[5,48],[50,56],[22,62],[16,-29],[-28,-82],[42,-127],[-34,-68],[3,-43],[-12,-58],[-24,-37],[-3,-82],[9,-11],[-9,-63],[-19,-30],[-13,-47],[5,-53]],[[62661,82908],[-3,144],[10,70],[37,98],[9,56],[1,78],[16,51],[25,37],[12,61],[44,-75],[-9,-92],[7,-40],[-10,-19],[-13,-83],[-28,-50],[-21,-89],[-32,-48],[17,-77],[-5,-91],[10,-78],[25,-9],[-1,-31],[-63,-75],[-1,-24],[-23,-34],[-2,-46],[-28,-28],[7,96],[12,26],[-1,69],[25,98],[-17,105]],[[64640,82888],[-30,56],[-32,36],[26,27],[46,-4],[-2,-40],[-14,-19],[6,-56]],[[71088,70040],[0,-350],[137,0],[0,-177],[-131,1],[0,-284],[322,-5],[-1,-204],[0,-645],[44,0],[1,-93],[86,0],[0,49],[219,0],[-40,-99],[-81,-85],[-59,-36],[-26,-53],[21,-48],[1,-65],[-27,-31],[-46,-101],[-48,7],[-45,-47],[-48,-29],[-50,-20],[-3,-78],[-45,-81],[11,-42],[-40,-46],[-6,-31],[-25,-26],[-63,0],[-50,-39],[-47,17],[-52,-35],[-28,20],[-26,-21],[20,-80],[-46,-25],[-30,-53],[-56,-19],[-20,24],[10,30],[-29,57],[-37,-21],[0,-23],[-80,36],[-83,-35],[4,-22],[45,-36],[-21,-67],[7,-32],[49,-17],[-29,-32],[-34,7],[-24,-19],[-47,-13],[4,-43],[-13,-61],[-28,-11],[12,-80],[-6,-18],[-67,-22],[-35,0],[-14,-39],[-45,-46],[-21,-52],[-36,28],[-40,-40],[-53,-26],[10,-64],[-44,-72],[-27,-22],[10,-52],[-34,-25],[-69,0],[0,-22],[-86,0],[0,48],[-229,0],[0,43],[-463,-3],[1,-61],[-34,1],[-24,19],[-100,1],[0,-26],[-79,11],[0,-21],[-86,17],[-12,-21],[-77,1],[-2,-146],[66,9],[1,-127],[-31,0],[0,-56],[-214,-4],[14,36],[0,52],[-62,6],[-51,-12],[4,158],[-94,8],[0,-18],[-51,1],[-1,30],[-64,10]],[[68372,66312],[-28,75],[-13,102],[-25,63],[-47,94],[-30,48],[-46,105],[-13,48]],[[68170,66847],[51,43],[-8,23],[46,36],[9,-21],[43,0],[-1,-23],[67,0],[6,-29],[58,0],[0,126],[-15,20],[23,22],[48,-1],[0,39],[85,-2],[0,38],[44,6],[3,109],[32,0],[0,67],[-32,15],[171,0],[0,68],[71,0],[-22,39],[1,33],[34,-1],[0,44],[35,20],[24,36],[80,47],[0,81],[33,0],[-1,67],[21,0],[1,278],[-17,0],[0,56],[-86,0],[0,201],[825,1],[20,212],[122,34],[70,502],[0,100],[48,0],[0,79],[22,0],[6,70],[0,164],[47,10],[29,-6],[90,49],[68,-7],[35,22],[209,-13],[44,23],[101,-7],[118,-1],[0,97],[29,0],[0,427],[231,0]],[[73888,55651],[665,0],[0,-58],[16,-30],[25,0],[10,-30],[-1,-273],[50,-12],[-9,-219]],[[74644,55029],[2,-544],[-309,-1],[2,-762],[-57,0],[-1,-319]],[[74281,53403],[-72,3],[-229,0],[-69,-4],[0,14],[-72,0],[-45,-22],[-150,-3],[32,-94],[-31,-15],[-390,0]],[[73255,53282],[-92,2],[1,236],[-18,-1],[0,317],[2,120]],[[73148,53956],[169,3],[0,10],[93,0],[43,-10],[141,0],[104,-4],[0,349],[-39,15],[0,40],[-65,0],[-10,17],[-6,120],[151,0],[3,50],[15,4],[59,64],[6,35],[-19,51],[33,21],[8,37],[29,62],[4,25],[-16,104],[8,45],[-13,46],[5,55],[17,26],[11,75],[39,106],[-17,92],[6,108],[-4,74],[-15,75]],[[34029,146590],[46,-4],[53,18],[17,-88],[20,-47],[-18,-43],[3,-36],[27,-26],[-29,-27],[-36,-6],[-31,-61],[-51,-59],[0,-38],[13,-33],[-33,-69],[-11,-98],[0,-54],[-68,-9],[-29,24],[-24,121],[1,38],[-21,42],[-48,27],[-53,9],[-48,-2],[-23,28],[-28,5],[-90,-5],[-24,-36],[-40,-11],[-15,30],[25,42],[41,29],[29,90],[-29,44],[-10,41],[16,49],[32,-18],[19,-38],[69,-36],[48,-3],[33,-16],[40,8],[76,29],[68,48],[57,78],[26,63]],[[72884,51681],[-42,13],[-12,-21]],[[72830,51673],[-26,0]],[[72804,51673],[3,50]],[[72807,51723],[0,33],[18,19],[77,5],[-2,-76],[-16,-23]],[[73379,51140],[1,-3]],[[73313,50851],[-401,-2],[-74,-3]],[[72838,50846],[-18,63],[-26,14],[11,51],[-7,58],[-25,13],[-8,29],[15,28],[7,77],[-11,41],[-30,50],[0,30]],[[72746,51300],[56,0],[0,16],[144,-1]],[[72946,51315],[81,4],[42,-26],[56,-7],[163,-4]],[[71939,51670],[8,-19],[55,-19],[-24,-43],[-75,-11],[-21,-53],[-25,17],[-9,31],[-37,14],[-44,-25],[-29,-4],[-33,17],[-38,-29],[-78,1],[27,28],[78,8],[30,25],[32,54],[69,36],[39,-18],[70,16],[5,-26]],[[112,139270],[-14,-11],[-41,28],[40,12],[15,-29]],[[0,138986],[16,41],[19,-75],[1,-41],[-20,-60],[52,-55],[15,-39],[31,-42],[46,38],[13,-20],[-61,-23],[-21,10],[-51,76],[-29,20],[-7,40],[13,40],[-17,90]],[[277,138737],[31,-4],[25,16],[54,-2],[16,62],[27,2],[-27,-58],[-22,-21],[-83,-29],[-21,34]],[[75287,46868],[0,-480],[-33,0],[0,-161],[-19,0],[-5,-85],[-33,-249],[1,-158]],[[75198,45735],[-25,0],[-2,-497],[-188,-73],[0,-98],[-34,0],[-25,-28],[-145,0],[-56,9],[41,-64],[52,-54],[17,-88],[19,-27]],[[74459,44986],[-246,1],[0,117],[-104,6],[-160,2],[0,196],[-156,0]],[[73793,45308],[-1,350],[133,0],[-25,29],[-85,24],[-29,-2],[-22,-30],[-27,-9],[-27,-41],[25,-24],[-1,-31],[34,-24],[-30,-45],[-1,-58],[-56,8],[-8,27],[-48,-15],[-46,11],[-22,27],[-91,33],[-6,44],[-68,-2]],[[73392,45580],[-1,130],[34,0],[0,32],[-34,12],[-1,215],[109,1],[-5,296],[63,2],[78,50],[39,-12],[38,12],[41,30],[-11,62],[42,5],[38,-11],[0,-96],[-87,-83],[524,0],[7,34],[1,613],[239,-1],[-1,241]],[[89124,59733],[357,-2],[914,-5],[675,-1],[899,7],[350,2]],[[92319,59734],[0,-275],[1,-989],[863,0],[429,-606],[234,-328],[225,-329],[108,-163],[124,-150],[152,-212],[513,-715],[0,-319],[97,0],[0,48],[130,0],[0,-451],[302,1],[507,2],[772,0],[741,0],[700,1],[73,1],[-2,-910]],[[98288,54340],[-2,-1008],[-3,-1102],[-1005,-1],[-623,1],[-805,0],[-860,0],[-706,0],[-526,0],[-566,-1],[-1051,-4],[-526,0],[-526,0],[-990,1],[-991,4]],[[89108,52230],[-1,472],[0,530],[1,883],[0,686],[1,280],[3,1115],[4,978],[2,594],[3,912],[2,624],[1,429]],[[74329,61545],[64,1],[1,-64],[31,0],[0,-43],[111,0],[0,43],[111,0],[2,-123],[103,1],[-7,-41],[44,0],[53,-26],[0,-37],[-26,-23],[4,-60],[17,1],[-1,-118],[48,0],[1,-154],[35,0],[0,-40],[21,-29],[0,-64]],[[74941,60769],[0,-161],[131,0],[-2,-470],[-10,0],[0,-256],[21,-34],[46,-15],[0,-160],[-54,-1],[-12,-49]],[[75061,59623],[-223,-1],[1,102],[-124,0],[0,-124],[-299,0],[0,-36],[-129,-2],[0,72],[-124,0],[0,26],[-289,1],[-147,-3],[-32,-27],[-73,0],[0,37],[-395,0],[0,-87]],[[73227,59581],[-155,1],[-157,-43],[-1,309],[-30,-4],[-81,-28],[-246,-124],[-54,-30],[-156,-59],[-130,-7],[-88,-10],[-45,11],[-22,-28],[-53,-18],[-60,-9],[-51,-18],[-190,18],[0,139],[-947,1],[0,124],[-67,0],[0,140],[-16,28],[-506,0],[-7,2],[0,139],[-160,-1],[0,-165],[23,0],[1,-145],[-154,3]],[[69875,59807],[-8,54],[-27,61],[-1,27],[-41,147],[-25,25],[-55,6],[9,75],[-23,23],[1,74],[16,78],[22,37],[-19,50],[-7,91],[40,72],[23,97]],[[79128,50649],[62,1],[0,109],[18,-7],[116,0],[0,24],[70,0],[22,-20],[217,-5],[38,-9],[12,40],[91,1],[-1,30],[162,2],[0,58],[22,0],[20,58],[162,0]],[[82187,50629],[0,-83],[-52,0],[0,-131]],[[82135,50415],[-37,-9],[1,-177],[69,-68],[0,-93],[-132,0],[2,-94],[-29,-10],[-61,8],[-89,-58],[-97,-92],[-48,0],[0,-107],[29,0],[1,-160],[-195,0],[-10,-53]],[[81539,49502],[-79,1],[2,-248],[-16,0],[0,-96],[-80,0],[-84,-11],[-253,-1],[0,-151],[-234,1]],[[80795,48997],[-83,41],[-210,-1],[30,53],[-106,11],[0,-33],[-77,0],[-15,-32],[-41,0],[0,33],[-36,0],[0,42],[-48,-8],[0,-31],[-65,0],[0,-20],[-103,1],[0,-29],[-45,0],[9,33],[-26,144],[-132,0],[0,63],[-98,0]],[[79749,49264],[-2,125],[-42,22],[-1,37],[-28,21],[-82,0],[0,55],[-37,16],[-5,37],[5,86],[-19,21],[0,78],[-185,3],[-33,69]],[[72753,51723],[54,0]],[[72804,51673],[-27,-46]],[[72777,51627],[-30,-54]],[[72747,51573],[-4,85],[10,65]],[[81344,41712],[0,-401],[-7,0],[-1,-249]],[[81336,41062],[-605,1],[-526,1],[-65,-3],[0,-24],[-101,0],[-63,-11],[-34,26],[0,36],[-69,0],[0,-14],[-109,0],[-176,6],[0,-30],[-46,0],[0,29],[-48,0],[0,-120],[-90,0],[-1,-64],[-39,25],[0,-109],[-197,-2],[0,-59],[-268,1],[0,117],[-127,2],[0,-20],[-106,0],[-26,-14],[7,-31],[-79,0],[5,61],[-8,43],[-160,0],[0,-63],[-124,0],[-11,-43],[-145,0],[0,69],[-238,-8],[-95,-8],[-387,0],[-54,-8],[0,45],[-216,-2],[-1,-174],[-40,-22],[-10,-37],[-53,-24],[-13,-36],[3,-40],[-70,-19],[-6,-79],[-13,-42],[-26,-26],[-4,-72],[-74,-1],[-11,-23]],[[76817,40296],[-19,42],[-39,40],[-29,13],[-9,27],[0,132],[47,-1],[0,161],[26,0],[-2,40],[-24,0],[-6,35],[-70,50],[-57,57],[-66,19],[-74,10],[-107,59],[-94,25],[-21,-2],[0,108],[33,0],[0,92],[77,15],[0,200],[5,71],[34,-4],[0,135],[-62,-3],[3,110]],[[76939,41927],[145,0],[0,-38],[57,-1],[80,10],[0,33],[126,0],[0,108],[132,0],[0,-51],[40,19],[69,0],[0,31],[227,-1],[0,122],[290,-2],[17,-5],[0,70],[205,-4],[93,81],[79,45],[43,39],[31,13],[62,4],[128,28],[4,28],[79,0]],[[77327,48297],[-13,20],[1,50],[-24,25],[0,34],[-39,26],[0,85],[-30,0],[0,95],[-17,0],[3,78],[-17,29]],[[77191,48739],[72,-4],[60,54],[31,-15],[35,32],[46,-17],[5,27],[128,40],[-4,15],[69,29],[98,53],[-14,33],[49,35],[43,-3],[13,32],[44,0],[12,-18],[113,2],[0,-38],[24,0],[12,37],[154,-4],[41,12],[0,-39],[38,0],[0,47],[36,0],[0,-29],[67,11],[65,1],[50,-9],[28,10],[117,0],[94,23],[11,-31],[53,-67],[59,-24],[66,0],[33,-26]],[[78939,48908],[0,-14],[67,-78],[25,-174],[58,-149],[-48,-47],[-31,-16],[-43,0],[-48,-42],[12,-99],[0,-182],[111,0]],[[79042,48107],[-2,-100],[-31,-7],[0,-47],[-33,-14],[-57,-5],[-74,-27],[0,-40],[-60,8],[-135,-76],[0,14],[-203,0],[-53,20],[-27,-23],[0,-51],[27,0],[0,-52],[-60,19],[0,124],[-73,0],[7,-36],[-77,0],[-26,9],[-276,0],[-76,-14],[-13,-15],[-82,1],[-27,-11],[-77,1],[0,32],[-109,-8],[0,20],[-54,-3],[-16,27],[-76,1]],[[77359,47854],[-10,6],[1,103],[12,34],[-25,20],[-10,72],[0,208]],[[78528,72471],[300,0],[0,314],[-102,0],[0,989],[0,222],[-51,0],[-1,500],[125,0],[0,199],[77,0],[0,262],[250,0],[0,-312],[497,1],[0,637],[310,0]],[[79933,75283],[0,-659],[542,0],[809,0],[-3,-94],[18,-92],[54,-130],[13,-43],[17,0],[0,-595],[610,0],[0,13],[652,0],[0,-41],[693,0],[0,-73],[311,0],[0,-546],[-52,0],[0,-383],[867,0],[0,-378],[163,-2]],[[84627,72260],[0,-264],[-620,0],[0,-774],[0,-614],[220,0],[0,-398],[-413,0]],[[83814,70210],[0,80],[-289,0],[0,-82],[-654,0],[0,-80],[-376,0],[0,-4],[-333,0],[0,74],[-251,0],[0,82],[-502,0],[0,-274],[-157,0],[0,375],[-447,0],[0,174],[-632,0],[0,-383],[-250,0],[0,639],[213,0],[0,283],[-321,0],[0,15],[-91,0],[0,-493],[-516,0],[0,-319],[-182,0],[1,319],[-173,0]],[[78854,70616],[0,344],[-669,0],[0,635],[40,0],[0,751],[303,0],[0,125]],[[78583,54272],[77,-5],[0,40],[33,-8],[77,-1],[49,-24],[0,-40],[25,0],[-12,-53],[0,-59],[127,0],[33,13]],[[78992,54135],[0,-48],[-41,1],[-38,-33],[0,-32],[106,-1],[0,-80],[-30,-13],[-1,-225],[17,-61],[-3,-177],[-14,-44],[-139,-7],[0,-92],[62,0],[-1,-197],[-16,-4],[1,-102],[22,0],[0,-131],[28,0],[0,-67],[34,-17],[0,-77],[-53,-38],[20,-44],[37,-30],[39,-49],[16,-66]],[[79038,52501],[9,-39],[-246,-122],[-60,-22],[-88,-42],[-30,46],[-35,-18],[-37,35],[-24,43],[-77,63],[-30,0],[3,100],[-166,-1],[-38,-26],[-82,0],[-1,-32],[-76,-39]],[[78060,52447],[-40,77],[-66,-32],[-13,26],[-47,-14],[-15,29],[-45,0],[-68,122],[-141,-62],[-26,1],[-36,74],[-20,-9],[-22,44],[-18,-9],[-43,74],[-96,183]],[[77364,52951],[-36,53],[68,34],[-20,40],[-38,-4],[12,43],[-54,106],[-87,152],[-103,201],[12,6],[-54,113],[-49,-23],[-19,39],[-36,-4],[-11,23],[59,29],[-28,55],[37,18],[-29,57]],[[76988,53889],[64,31],[22,-38],[339,168],[0,21],[97,0],[0,94]],[[77510,54165],[160,0],[1,99],[93,4],[6,41],[91,1],[0,27],[195,-1],[0,-37],[36,0],[0,70],[57,0],[0,19],[57,-1],[0,26],[54,0],[0,-25],[86,0],[0,32],[56,0],[32,-142],[11,-6],[138,0]],[[79671,59535],[-504,0],[-22,-17],[-4,-37],[-63,-5],[-18,-30],[-551,0],[-1,-325],[4,-30],[-5,-96],[0,-270],[-15,0],[0,-81],[-12,0],[0,-80],[24,0],[0,-158],[-21,-13]],[[78483,58393],[-156,1],[0,15],[-86,0],[-1,18],[-68,0],[0,32],[-102,1],[0,-64],[18,0],[-8,-77],[-40,1],[-1,-27],[-73,8],[-91,-1],[-26,30],[-176,-1],[-16,-52],[-165,-1],[0,39],[-179,-1],[-4,-58],[-106,0],[0,22],[-142,-6],[0,-25],[-64,-6],[-3,-49],[-477,-2],[-33,-22],[-74,0],[-1,65],[-156,2],[0,-13],[-515,-3],[-24,-19],[-49,0]],[[75665,58200],[0,90],[14,18],[-1,88],[-42,3],[-1,73],[-1,570],[26,2],[-1,217],[-165,0],[1,-115],[-66,0],[0,62],[-253,-3],[0,87],[-275,0],[0,79],[-58,0],[0,165],[219,0],[-1,87]],[[74941,60769],[89,0],[31,-17],[16,28],[73,-5],[282,0],[49,-11],[0,31],[168,0],[0,29],[63,0],[-4,39],[56,-3],[197,0],[65,-10],[543,-1],[-23,47],[71,37],[-22,44],[62,32],[41,-81],[148,-2],[-90,60],[4,28],[53,25],[48,56],[57,22],[11,43],[-74,14],[-57,66],[-28,55],[-22,72],[10,76],[-13,38],[-7,67],[8,23],[245,0],[0,-133],[941,0]],[[77932,61438],[0,-122],[499,-1],[649,0],[393,1]],[[79473,61316],[-22,-60],[-3,-105],[-20,-80],[16,-83],[20,-26],[37,-12],[59,52],[60,19],[70,-6],[58,10],[69,57],[30,17],[107,24],[53,-11],[23,-31],[71,-64],[-3,-38],[19,-11],[-19,-60],[8,-48],[-15,-28],[-4,-52],[-23,-50],[-73,-69],[-67,-9],[-60,18],[-28,-7],[-85,13],[-26,-9],[-53,25],[-57,54],[-64,19],[-39,-6],[-27,-57],[5,-41],[33,-38],[54,-34],[-14,-86],[-12,-32],[16,-74],[-1,-50],[18,-85],[2,-49],[-13,-146],[4,-95],[14,-97],[-5,-48],[38,-32],[-2,-31],[-53,-5],[49,-116],[53,-108]],[[73227,59581],[-1,-538],[88,0],[-2,-125],[0,-312],[-13,-8],[-1,-64],[62,-1],[0,-104],[54,0],[-1,-64],[32,-1],[1,-99],[-119,0],[0,-126],[-57,0],[0,-123],[55,0],[0,-139],[74,0],[0,-134],[-54,-6],[0,-179],[76,0],[16,-53],[0,-91],[25,0],[0,-95],[-11,0],[-2,-598]],[[73449,56721],[0,-376],[23,-4],[-1,-210],[48,0],[0,-107]],[[73519,56024],[-57,15],[-39,-20],[-35,1],[-50,-15],[-38,32],[-10,83],[-22,30],[-53,14],[-15,-30],[-29,7],[-108,-4],[-67,-16],[-39,21],[-52,11],[-37,-10],[-44,-25],[-53,10],[-38,-14],[-40,1],[-46,17],[-57,7],[-21,-14],[-19,-64],[-28,18],[-4,71],[-659,0],[-27,107],[-56,135],[-17,23],[-84,73],[-183,0],[-5,26],[-213,3],[-404,2]],[[70870,56519],[-45,82],[-36,25],[-14,45],[-72,110],[-69,42],[-45,-9],[5,94],[-10,84],[-36,98],[-26,45],[-28,77],[-21,25],[-21,48],[-6,54],[-43,124],[-31,64],[-6,44],[-41,72],[-24,73],[-29,28],[-17,46],[3,49],[-21,36],[-40,22],[12,65],[17,51],[-22,56],[-52,51],[-1,34],[-31,38],[-38,2],[-5,30],[49,57],[8,58],[-33,89],[-1,40],[-22,41],[-25,77],[5,116],[-16,147],[-18,58],[-3,50],[-22,33],[-60,56],[13,26],[57,49],[16,78],[-2,39],[-20,90],[-28,62],[-19,18],[-84,31],[-16,18],[-6,105],[-9,57],[29,97],[14,25],[-9,66]],[[72540,45883],[32,-13],[52,20],[8,78],[30,-2],[37,-41],[67,20],[37,-1],[62,-57],[24,29],[54,12],[45,-3],[81,-71],[24,-11],[98,-7],[70,-21],[60,23],[8,-32],[-31,-41],[0,-43],[69,-90],[25,-52]],[[73793,45308],[-1,-286],[-94,1],[-1,-26],[-46,18],[-50,0],[0,81],[-92,0],[-7,-52],[-73,-20],[-237,0],[8,-68],[-97,4],[-39,22],[-20,-47],[-30,-29],[0,-36],[-22,-8],[-90,-1],[-56,7],[1,84]],[[76940,39533],[566,-2],[655,0],[624,0],[0,-47],[67,-6],[86,6],[51,-24],[121,1],[62,11],[21,-9],[68,0],[1,39],[32,11],[71,1],[55,-27],[0,-294]],[[79325,38577],[-32,16],[-44,-20],[-24,-38],[-62,-20],[-63,49],[-70,20],[-67,-2],[-42,-93],[-36,16],[-49,-38],[3,-42],[-31,-16],[-9,-30],[18,-65],[22,-18],[-21,-35],[-30,-6],[-40,31],[-110,50],[-78,21],[-66,-37],[-39,9],[-54,31],[-68,12],[-85,-8],[-44,-18],[-36,-28],[-2,-66],[-21,-6],[-37,-46],[-88,51],[-49,16],[-40,35],[-71,13],[-54,-33],[-28,38],[-17,-6],[-87,23],[-38,-15],[-16,-25],[-30,18],[-103,36],[-71,12],[-84,-30],[-43,-46],[-34,-120],[-25,2],[-47,33],[-57,3],[-24,32],[-38,-12],[-23,11],[-38,-12],[-57,46],[-51,-11],[-27,40],[-39,28],[-86,39],[-57,14],[-75,-2],[-33,-11],[-41,-51]],[[76537,38316],[-8,44],[28,45],[44,37],[123,-12],[55,4],[40,16],[10,37],[30,7],[3,40],[-42,32],[-6,37],[48,13],[17,38],[-20,24],[-53,-16],[-79,68],[-17,26],[27,52],[-6,35],[-25,45],[-64,-15],[-45,22],[-49,-25],[-55,67],[11,40],[55,30],[22,-19],[31,36],[2,39],[55,40],[13,45],[50,-6],[47,33],[40,67],[-7,34],[-38,58],[29,28],[62,89],[57,40],[-10,22],[28,20]],[[118133,118319],[0,-684],[-581,0],[0,-960],[-331,0],[0,-72],[-306,0],[0,-680],[-310,-7],[-461,0],[0,-706],[-596,0],[0,319],[-37,4],[-38,-28],[-23,-4],[-22,21],[-31,5],[-17,20],[-72,-33],[-135,-8],[-42,-21],[-45,23],[-22,-38],[-89,0],[-5,-34],[-84,8],[-29,-22],[-43,-5],[-53,12],[-36,-3],[-29,13],[-80,0],[0,-202],[-420,0],[0,480],[-429,0],[0,-232],[-502,0],[-6,212],[-33,-27],[10,-41],[-47,-28],[-15,11],[-69,-6],[-33,-31],[-26,-59],[-40,-36],[24,-28],[-5,-32],[-51,-13],[27,-66],[-8,-29],[-44,-12],[-72,-44],[-3,-54],[-52,-30],[-50,6],[-49,-7],[-17,29],[-32,-6],[1,-44],[-40,-50],[-4,-26],[677,0],[0,-232],[321,0],[0,-642],[886,0],[0,-1397],[-1306,0],[0,-340],[161,0],[3,-349],[-38,-13],[0,-616],[-233,0],[-276,322],[-115,-32],[-53,-33],[-90,-38],[-70,-13],[-39,10],[-38,27],[-68,76],[-44,16],[-20,-71],[-29,0],[2,-81],[-10,-326],[-1,-276],[-163,-140],[-338,-398],[103,-29],[104,-238],[208,-151],[-12,-68],[70,-30],[0,-108],[22,0],[71,-41],[25,4],[92,50],[156,-227],[-2,-846],[248,-35],[648,-12],[876,-15],[0,-1035],[-296,0],[0,-782],[-206,1],[-869,0],[-858,0],[-2,-330]],[[112128,106636],[-1921,0],[-246,-1],[-1675,1],[-567,-1],[-520,-1],[-834,2],[-1921,0],[-1671,13]],[[102054,116597],[31,-67],[24,-116],[-1,-97],[-12,-52],[10,-30],[57,-42],[42,-11],[25,13],[68,-88],[63,-23],[12,-46],[49,-103],[35,-20],[4,-41],[43,-18],[47,-41],[22,-29],[-13,-47],[59,-42],[-12,-60],[36,9],[19,-18],[8,-52],[22,-18],[-1,-115],[42,-38],[19,9],[27,-24],[36,-86],[-13,-30],[-6,-93],[22,-29],[-3,-28],[18,-44],[43,23],[9,52],[-21,43],[27,35],[-22,65],[15,51],[18,13],[-17,66],[-57,57],[-1,41],[14,18],[-3,71],[-11,84],[-1,71],[-48,36],[-12,31],[21,15],[-1,42],[21,36],[-10,40],[5,41],[30,79],[50,-36],[31,79],[1,138],[49,179],[10,99],[2,98],[11,32],[13,86],[63,10],[18,42],[-60,105],[-77,79],[-38,76],[-6,30],[-44,111],[2,45],[-13,100],[-5,117],[23,18],[43,82],[56,8],[32,25],[78,22],[36,-20],[20,-25],[6,-138],[24,6],[51,-34],[2,-58],[35,-4],[20,17],[35,60],[85,-77],[58,-36],[43,-55],[35,-31],[43,-121],[10,-55],[36,-40],[88,-142],[88,-40],[14,-49],[66,-22],[18,-61],[27,-36],[59,-23],[41,0],[92,44],[10,23],[-90,4],[-19,18],[-5,66],[-63,46],[-7,34],[-70,69],[-26,16],[-49,63],[-3,39],[21,34],[-20,32],[-25,117],[-6,77],[-12,54],[-72,157],[-10,65],[92,27],[5,22],[-67,17],[32,40],[53,93],[30,22],[104,101],[39,44],[77,60],[43,86],[51,9],[21,44],[77,39],[39,-4],[29,63],[-8,48],[-30,26],[-1,29],[17,29],[-8,23],[-35,-21],[-7,-61],[20,-39],[-13,-29],[-31,1],[-100,-50],[-53,0],[-25,-53],[-62,-31],[-61,-45],[-92,-14],[-45,-48],[-30,-16],[-58,-8],[-33,18],[-66,73],[-40,69],[-10,33],[-1,134],[-42,31],[-50,93],[-31,45],[-13,41],[-20,23],[-23,69],[8,32],[-8,40],[-49,16],[-43,-28],[-46,41],[-47,71],[-41,26],[-32,38],[-17,60],[-20,27],[-46,27],[-8,37],[-43,-1],[-56,26],[-31,30],[-36,-24],[-46,28],[-48,16],[-32,-8],[-81,-1],[-62,26],[44,43],[-10,38],[25,25],[42,10],[59,-6],[54,24],[2,35],[-31,41],[28,51],[-2,45],[15,19],[31,-11],[19,-24],[49,55],[-1,35],[33,27],[62,-11],[-7,73],[-45,40],[-51,26],[-30,-5],[-13,-44],[-91,0],[-95,10],[32,-41],[14,-67],[-59,1],[-30,19],[-46,-112],[-19,39],[-21,17],[-8,38],[14,29],[-28,83],[-23,-8],[-53,28],[-42,52],[33,33],[-10,23],[-137,22],[-16,42],[65,-23],[62,0],[67,-18],[48,-21],[28,9],[21,46],[-27,44],[-29,23],[-58,21],[-32,40],[36,22],[46,-24],[13,-19],[38,-13],[9,-17],[74,-30],[99,-64],[52,-5],[37,-32],[53,-13],[28,7],[33,-19],[169,-35],[6,24],[-35,33],[-56,12],[-67,38],[-13,-15],[-44,-6],[0,34],[-16,23],[59,22],[24,-12],[61,14],[52,-20],[85,2],[21,22],[-9,27],[-47,22],[-53,53],[-57,14],[-41,44],[-102,44],[-133,41],[-61,30],[-73,20],[-10,29],[-48,33],[38,10],[87,-23],[27,-21],[85,-38],[82,-10],[-21,34],[-35,6],[-53,30],[-2,34],[-24,19],[-73,14],[-43,23],[-4,34],[27,-2],[32,-35],[66,-17],[54,-4],[41,-14],[100,-21],[32,-26],[-17,-42],[24,-21],[51,-18],[32,31],[59,-24],[104,-28],[32,17],[51,42],[14,28],[-34,18],[-1,26],[-81,27],[-74,59],[-34,39],[7,77],[48,-3],[-7,-32],[18,-52],[28,-20],[37,1],[-35,52],[10,13],[57,-31],[80,2],[5,13],[51,2],[-69,55],[35,13],[-41,82],[-67,8],[-9,40],[-46,27],[-22,29],[-56,10],[-49,42],[-24,41],[-47,3],[1,-36],[40,-50],[-10,-30],[-39,2],[-48,30],[-13,-31],[-83,55],[-39,34],[-57,70],[8,12],[-11,52],[32,-1],[26,-33],[26,-5],[28,24],[23,45],[31,3],[22,25],[36,-2],[0,45],[-50,-9],[-22,37],[28,26],[-20,16],[-41,-13],[-13,40],[-48,27],[64,14],[13,-27],[37,1],[-3,32],[-78,28],[-23,22],[6,61],[-45,35],[67,20],[7,22],[41,24],[27,-20],[38,24],[39,9],[32,-21],[37,-42],[-9,62],[51,-33],[43,7],[64,71],[81,-18],[23,-54],[33,-21],[31,18],[-32,52],[14,16],[38,-29],[8,38],[-13,57],[40,-21],[31,-45],[81,-37],[51,-44],[20,-46],[32,-33],[25,-53],[37,-8],[38,-27],[19,-38],[-37,-12],[-38,6],[-28,-23],[-36,21],[-25,-11],[43,-50],[24,3],[20,-29],[17,-50],[-9,-57],[-48,8],[-28,42],[-63,-32],[-66,10],[-11,-29],[36,-37],[54,-20],[11,-22],[42,-20],[20,8],[41,-52],[6,-32],[-19,-22],[28,-28],[9,45],[46,-45],[71,-44],[51,41],[54,-22],[29,-43],[-34,-7],[14,-32],[62,-36],[10,-25],[-37,-59],[38,-26],[-12,-25],[-36,15],[-59,11],[-13,-15],[-12,-50],[12,-50],[-5,-40],[40,-91],[-10,-21],[74,-43],[-10,30],[4,47],[-21,50],[38,10],[25,-25],[28,19],[18,-51],[19,12],[-9,61],[-26,35],[-4,28],[15,35],[-5,41],[10,48],[-41,46],[49,1],[-29,36],[38,2],[7,21],[-33,31],[-14,62],[-18,38],[-3,31],[25,6],[23,-26],[13,-82],[24,-35],[123,-99],[57,-34],[36,-30],[50,-29],[34,-3],[11,24],[-8,68],[-16,49],[-49,64],[-27,10],[-19,44],[-27,24],[0,23],[-58,57],[19,26],[29,3],[29,35],[28,11],[45,-5],[105,-47],[-23,34],[-29,4],[-54,45],[-32,10],[-50,39],[4,18],[-33,49],[-22,-2],[-34,49],[-46,26],[-7,63],[52,-20],[32,-47],[110,-58],[32,-47],[9,27],[29,-5],[25,-39],[37,19],[18,-22],[63,7],[45,-18],[35,-28],[7,-23],[66,2],[20,9],[84,-6],[68,-30],[72,-6],[58,-53],[69,-33],[24,-27],[48,-27],[-5,-70],[35,-16],[42,-48],[-26,-45],[44,-48],[-12,-22],[31,-39],[-4,-39],[14,-34],[40,-51],[4,-30],[27,-24],[29,-5],[40,32],[50,11],[48,-24],[22,6],[58,-16],[22,-29],[17,39],[32,2],[18,-16],[41,-1],[19,-39],[23,-14],[-12,-42],[-27,-9],[-9,-30],[-47,-32],[27,-45],[25,18],[102,16],[42,44],[48,26],[56,-4],[22,-36],[-17,-19],[69,-99],[-25,-82],[23,-32],[29,-12],[3,-22],[-34,-64],[-42,-2],[-12,-25],[40,-15],[29,-30],[62,50],[-3,33],[20,20],[9,50],[-13,43],[76,6],[48,-20],[21,28],[-85,54],[-40,14],[-17,-15],[-44,-8],[-48,66],[-22,16],[22,74],[-19,19],[-3,89],[-46,44],[-43,2],[-35,-27],[-33,1],[-74,-17],[6,54],[25,101],[23,-4],[14,38],[59,76],[7,29],[28,20],[18,33],[24,3],[34,-32],[3,-81],[45,-9],[34,28],[13,-67],[-8,-33],[49,-29],[44,31],[10,-36],[-3,-55],[52,9],[56,-4],[43,8],[41,24],[30,-29],[100,-2],[17,-10],[76,13],[73,-24],[68,-7],[60,10],[50,29],[239,16],[63,2],[57,18],[34,-1],[71,33],[21,-2],[147,-77],[17,-5],[79,-75],[58,-28],[36,-1],[80,24],[22,-6],[88,3],[84,35],[28,-4],[15,18],[-11,45],[15,68],[51,7],[37,-20],[20,16],[-24,28],[-71,5],[-30,-23],[-20,-46],[-9,-50],[-54,-23],[-26,21],[-45,2],[-13,-28],[-30,15],[-69,-11],[-57,26],[-62,-10],[-17,-17],[-64,96],[-34,35],[-43,16],[-112,32],[-53,-3],[-32,15],[-38,72],[-80,48],[-40,-1],[-41,-23],[-68,21],[-38,4],[-35,21],[-61,17],[-86,2],[-53,24],[-52,4],[-119,-24],[-66,-31],[-62,-9],[-49,-34],[-52,-22],[-11,51],[-27,-12],[-24,28],[-43,-58],[-34,-12],[-21,10],[-32,-19],[-54,9],[-35,26],[0,70],[-40,19],[32,132],[-31,40],[-12,46],[19,33],[6,41],[28,62],[-13,43],[-82,60],[-2,39],[37,25],[4,28],[26,20],[-6,34],[-23,6],[-12,34],[44,10],[-12,52],[20,9],[40,-30],[48,-4],[25,-24],[17,81],[40,115],[9,74],[-14,38],[10,28],[-21,15],[-3,117],[17,17],[25,-30],[36,2],[-1,23],[48,-12],[14,-28],[6,-54],[-64,-59],[39,-9],[10,-28],[41,-27],[17,-56],[25,-43],[44,-46],[30,-70],[-9,-27],[32,-55],[10,37],[43,-13],[-42,57],[11,38],[65,76],[14,39],[18,4],[38,70],[66,-28],[65,-2],[62,38],[99,96],[-28,7],[-58,-23],[-20,-40],[-35,-29],[-41,-3],[-13,12],[-3,130],[-11,74],[4,131],[-20,29],[21,52],[2,31],[-23,58]],[[106672,122032],[203,0]],[[106875,122032],[15,0]],[[106890,122032],[1017,0],[0,427],[787,0],[0,-167],[-61,-13],[-84,-47],[541,0],[19,-58],[0,-29],[31,-26],[1,-64],[13,-24],[1741,0],[1233,1],[0,-363],[-45,1],[0,-1616],[-105,0],[0,-870],[-41,-28],[-5,-76],[46,36],[0,-267],[259,0],[0,409],[1138,0],[-13,-37],[-34,18],[-20,-12],[7,-45],[-10,-47],[-38,-81],[-43,-48],[785,0],[0,-61],[569,0],[0,-646],[658,0],[551,0],[0,-1148],[1022,0],[0,158],[457,0],[0,402],[289,0],[0,608],[578,0]],[[101921,120154],[16,28],[41,-35],[3,-41],[-52,-23],[-16,39],[8,32]],[[101938,120503],[14,-55],[-34,11],[-30,-12],[-13,39],[-4,52],[30,17],[38,-24],[-1,-28]],[[101993,119456],[-19,41],[8,19],[-44,93],[-2,48],[32,-11],[32,-44],[1,-19],[31,-26],[21,-46],[47,-49],[-11,-34],[9,-35],[-32,-16],[-73,79]],[[101204,124129],[36,-26],[-9,-25],[-35,-10],[-15,21],[2,83],[23,12],[-2,-55]],[[102085,119709],[-28,41],[26,25],[44,-7],[7,-68],[-49,9]],[[101730,121861],[24,15],[24,-22],[-48,-31],[-39,-8],[-28,19],[30,28],[37,-1]],[[103273,122316],[22,-47],[-49,-76],[10,80],[-5,37],[22,6]],[[102338,119685],[-85,23],[40,22],[40,-23],[5,-22]],[[101797,120609],[-18,56],[31,-12],[-13,-44]],[[101873,121314],[-38,38],[6,36],[36,-34],[47,14],[17,-15],[-7,-30],[-27,-35],[-34,26]],[[101805,121392],[20,35],[38,-20],[-58,-15]],[[102423,119253],[-52,32],[53,30],[52,3],[34,-36],[38,12],[27,45],[20,16],[35,-13],[-9,-63],[-42,-46],[-6,-18],[-34,-8],[-52,14],[-64,32]],[[103195,117436],[-46,33],[4,39],[47,23],[20,-42],[-1,-33],[-24,-20]],[[102587,119441],[1,32],[24,0],[21,-52],[-19,-60],[-34,56],[7,24]],[[102678,116375],[-6,41],[0,116],[-6,30],[24,40],[27,-38],[-1,-48],[9,-93],[-17,-54],[-30,6]],[[102223,116201],[-52,5],[-31,24],[-14,27],[2,38],[34,-21],[61,-73]],[[102325,116131],[-25,54],[24,12],[23,-22],[7,-48],[-29,4]],[[102638,116165],[-21,48],[17,41],[20,-57],[-16,-32]],[[102593,116087],[-15,54],[22,1],[20,-38],[-27,-17]],[[102694,116226],[-14,51],[37,7],[-3,-36],[-20,-22]],[[102237,116301],[-39,41],[9,29],[32,-46],[-2,-24]],[[102356,120999],[-22,26],[-22,-2],[7,45],[24,6],[19,28],[53,-8],[56,-56],[8,-70],[42,-23],[16,7],[63,-24],[9,-32],[-57,24],[-48,3],[-19,-38],[57,-37],[-46,-76],[-36,32],[10,18],[-29,53],[-12,59],[11,18],[-25,31],[-45,4],[-14,12]],[[104087,120805],[-4,37],[-27,-12],[-12,65],[-58,23],[15,59],[64,-52],[46,-50],[98,-68],[-28,-23],[-29,1],[-65,20]],[[105367,120373],[48,-26],[9,-38],[-7,-34],[-36,-26],[-21,6],[-63,95],[1,51],[-24,67],[27,30],[24,-32],[-22,-17],[64,-76]],[[103738,120840],[-34,28],[-4,50],[7,33],[71,22],[-9,43],[32,-8],[6,-71],[-30,-41],[-24,-48],[-15,-8]],[[104841,120892],[-27,29],[38,57],[41,11],[63,-40],[36,-31],[-90,7],[-26,-30],[-35,-3]],[[106620,120501],[30,22],[123,-1],[104,-19],[1,-20],[-105,9],[-113,-1],[-40,10]],[[107173,120349],[-88,17],[-34,35],[64,-1],[48,42],[22,-12],[23,-68],[-35,-13]],[[103969,120764],[-49,56],[-30,70],[74,-28],[36,-58],[2,-30],[-33,-10]],[[102659,120866],[16,14],[30,-25],[-10,-34],[-65,6],[-18,-24],[-27,53],[74,10]],[[103967,121149],[-26,48],[37,-9],[31,-87],[-49,-38],[-19,49],[26,37]],[[102987,120471],[-60,46],[-15,29],[19,35],[52,-68],[4,-42]],[[107097,120421],[-72,38],[61,30],[55,-34],[-44,-34]],[[106145,120366],[-23,36],[92,26],[-28,-47],[-41,-15]],[[103127,120507],[-31,-12],[-41,37],[32,17],[40,-42]],[[102281,120801],[-14,29],[15,43],[63,-20],[-28,-35],[-36,-17]],[[102757,120991],[-39,38],[2,15],[85,-63],[-39,-17],[-9,27]],[[103830,121097],[-39,17],[9,53],[21,-22],[9,-48]],[[103468,120853],[-16,26],[39,8],[42,-25],[-1,-29],[-29,-3],[-35,23]],[[102940,120171],[0,30],[65,-23],[-25,-37],[-40,30]],[[104691,120957],[42,-2],[22,-33],[-30,-20],[-34,55]],[[102213,120824],[13,-59],[-33,13],[-4,20],[24,26]],[[102219,120802],[42,36],[11,-29],[-26,-24],[-27,17]],[[103130,120471],[34,21],[16,-34],[-50,13]],[[102216,120508],[-26,6],[6,34],[20,2],[0,-42]],[[103541,121344],[-28,3],[-69,73],[-58,40],[-23,27],[-25,2],[-65,31],[-35,-4],[2,30],[56,-2],[16,16],[48,-11],[66,-24],[53,-32],[52,-3],[51,-17],[18,33],[40,-2],[-29,-61],[40,-35],[-24,-44],[1,-42],[-55,52],[-43,-1],[11,-29]],[[104709,121548],[-35,-5],[-13,18],[57,50],[-2,58],[87,-41],[23,-28],[-5,-52],[-16,-31],[-26,38],[-10,-43],[-60,36]],[[102702,121586],[4,25],[-17,35],[-49,-9],[-25,11],[-6,30],[6,74],[47,17],[15,-33],[36,-12],[-8,-62],[32,-58],[-35,-18]],[[104803,121392],[-9,-40],[28,-19],[-19,-35],[-29,7],[-62,50],[-25,12],[17,31],[-5,29],[14,30],[34,-68],[56,3]],[[102896,121637],[20,17],[58,-32],[22,-21],[41,-9],[-30,-38],[-49,17],[-73,47],[11,19]],[[102584,121907],[0,38],[19,4],[26,-33],[-27,-9],[28,-34],[18,12],[24,-42],[18,5],[28,-27],[-80,-11],[-37,47],[-17,50]],[[102135,121434],[-44,34],[44,44],[50,-22],[35,-44],[-30,-10],[-15,29],[-30,-7],[-10,-24]],[[102296,121525],[-36,29],[-19,69],[13,35],[23,17],[36,-35],[-44,-16],[21,-44],[6,-55]],[[103595,121233],[88,-45],[21,-43],[-67,-1],[-42,89]],[[102549,121327],[13,58],[41,10],[13,-26],[-9,-61],[-56,-8],[-2,27]],[[102265,121315],[39,18],[49,4],[17,-49],[-5,-15],[-94,20],[-6,22]],[[102799,121326],[11,47],[59,13],[0,-38],[16,-29],[-40,-9],[-46,16]],[[102164,121642],[-26,30],[-9,37],[61,-28],[-26,-39]],[[102073,121769],[22,-18],[59,-4],[11,-25],[-77,22],[-15,25]],[[104721,121259],[-20,34],[47,22],[17,-29],[-44,-27]],[[102367,121331],[-36,13],[-22,28],[8,18],[51,-37],[-1,-22]],[[73494,43005],[-38,12],[0,280],[-27,26],[0,27],[-103,0],[-20,44],[0,46],[-21,0],[0,46],[-36,53],[-49,-21],[-13,-35],[-140,0],[-45,5],[0,75],[74,0],[2,202],[-93,0],[-25,-29],[-167,4]],[[77353,56217],[16,48],[0,51],[49,0],[0,57],[158,0],[0,262],[105,0],[1,282],[91,0],[19,7],[123,0],[18,-9],[422,0]],[[78355,56915],[4,-22],[240,1],[-5,-132],[-1,-133],[12,-286],[7,-5],[1,-304]],[[78613,56034],[-116,1],[1,-163],[-6,-140],[7,-38],[35,0],[0,-35],[-35,0],[0,-65],[-14,-49],[0,-51],[-15,-21],[-5,-77],[0,-188],[41,18],[0,-34],[26,-27],[43,0],[0,-136],[17,-23],[-24,-60],[-69,0],[1,-43],[50,-1],[0,-70],[-32,0],[3,-56],[23,-32],[-5,-72],[22,0],[0,-70],[60,0],[0,-113],[-21,0],[-4,-169],[-13,-48]],[[77510,54165],[-6,81],[-48,0],[-7,118],[0,190],[48,0],[-5,22],[-67,1],[0,25],[-25,24],[-66,0],[-30,57],[48,0],[-1,209],[-45,-9],[0,48],[11,43],[0,51],[-28,0],[0,99],[14,26],[0,80],[110,0],[0,106],[-44,0],[-63,129],[39,21],[-65,36],[0,46],[110,-1],[0,37],[-32,0],[0,88],[-20,0],[0,119],[26,0],[0,62],[-52,1],[5,133],[-22,1],[0,54],[58,0],[0,155]],[[80187,47054],[56,0],[18,-38],[67,1],[0,17],[82,1],[0,16],[84,-9],[177,0],[-8,-84],[0,-104],[38,-19],[64,0],[0,-44],[70,0],[0,19],[62,-1],[0,59],[51,0],[-1,68],[19,0],[-1,52],[70,0],[21,62]],[[81056,47050],[27,31],[42,0],[0,-36],[148,13],[196,0],[90,15],[44,44],[0,16],[-40,52],[59,10],[0,98],[98,0],[14,8],[-1,71],[25,-1],[0,-41],[265,1],[90,-32],[118,0],[0,165],[91,-1],[31,-11],[104,-1]],[[82457,47451],[1,-130],[-5,-177],[50,0],[-1,-115],[9,-34],[-65,23],[-62,-163],[1,-107],[61,0],[1,-98],[32,0],[0,-98],[-19,-2],[1,-89],[-21,0],[1,-180],[21,1],[0,-77],[-23,0],[0,-64],[111,0],[-1,25],[68,0],[0,-87],[76,0],[0,-66],[51,0],[4,-159]],[[82748,45854],[-83,0],[-3,-19],[-149,0],[0,-20],[-101,1],[-23,-59],[-66,-1],[4,-129],[-127,0],[-16,31],[-186,0],[0,-13],[-156,-1],[3,-18],[-284,1],[0,68],[-85,0],[0,-42],[-66,0],[0,-33],[-148,0],[49,-81],[-53,-1],[0,-60],[-36,0],[3,-29],[-104,0],[-3,-276],[-87,25]],[[81031,45198],[-23,6],[-102,-1],[-46,13],[0,-42],[-26,-33],[-59,0],[-39,27],[-25,-26],[-43,7],[-67,-9],[-168,1],[0,-27],[-42,6],[-244,0],[-12,81]],[[80135,45201],[47,0],[18,28],[0,107],[-102,3],[-1,103],[-61,0],[-13,35],[-47,0]],[[79976,45477],[0,31],[25,41],[-1,58],[29,96],[-100,162],[0,47],[39,-2],[33,55],[66,0],[21,14],[0,68],[-51,31],[0,58],[-19,12],[-9,47],[-3,128],[22,34],[28,17],[23,42],[-57,0],[2,78],[14,0],[0,123],[55,19],[0,152],[86,15],[8,56],[0,195]],[[91199,48278],[-963,-1],[-472,0],[-656,1]],[[89108,48278],[0,2470]],[[89108,50748],[0,729],[0,753]],[[98288,54340],[1148,-4],[504,-1],[687,0],[1291,3],[282,1],[767,-1],[1505,2],[726,3],[1230,8],[746,8],[1458,15],[0,-137],[1989,0],[0,137],[1508,-8],[905,-2],[1290,0],[947,3],[895,4],[441,3],[0,499],[1047,0],[0,147],[301,0],[922,0],[0,85],[708,0],[447,0],[0,-648],[3625,0]],[[123657,53021],[-149,-32],[-57,-29],[-200,-71],[-97,-51],[-75,-48],[-96,-38],[-25,-24],[-64,-19],[-53,-49],[-66,-27],[-68,-54],[-59,-24],[-73,-49],[-53,-20],[-94,-75],[-80,-36],[-13,-31],[-60,-44],[-99,-27],[-77,-27],[-24,-37],[-72,-9],[-108,-35],[-52,-46],[-130,-68],[-5,-20],[-109,-30],[-34,-28],[-43,-8],[-41,-34],[-95,-15],[-37,-25],[-112,-42],[-40,-23],[-141,-64],[-41,-27],[-49,-3],[-57,-22],[-24,-25],[-42,-5],[-60,-22],[-25,-22],[-74,-12],[-58,-29],[-75,-20],[-63,-30],[-118,-36],[-29,-19],[-81,-23],[-67,-27],[-47,-31],[-56,-12],[-75,-38],[-42,-4],[-127,-49],[-40,-3],[-120,-39],[-108,-16],[-57,-23],[-86,-25],[-93,-6],[-111,-20],[-30,-15],[-169,-40],[-34,2],[-165,-44],[-156,-34],[-53,-28],[-201,-58],[-57,-31],[-18,-19],[-45,-7],[-89,-26],[-60,-36],[-81,-33],[-40,-44],[-23,-5],[-22,-36],[-30,-18],[-141,-11],[-69,-20],[-42,-4],[-155,-51],[-59,-6],[-203,-58],[-35,-26],[-36,-10],[-104,-15],[-21,-13],[-213,-30],[-34,-21],[-61,-9],[-170,2],[-18,-7],[-177,-10],[-44,-9],[-68,6],[-17,-10],[-106,-5],[-57,-18],[-28,2],[-83,-14],[-71,-3],[-98,-20],[-92,-10],[-148,1],[-54,-4],[-125,9],[-51,-6],[-72,15],[-104,11],[-111,0],[-39,-11],[-41,-27],[-81,-23],[-89,1],[-63,-11],[-70,0],[-174,21],[-49,-1],[-70,13],[-72,-3],[-84,8],[-281,38],[-71,15],[-29,-3],[-216,37],[-43,20],[-118,30],[-56,28],[-70,9],[-44,17],[-146,26],[-50,18],[-87,21],[-46,26],[-98,15],[-129,-13],[-60,-24],[-113,-69],[-41,-36],[-89,-36],[-64,-17],[-143,35],[-47,-26],[-72,-9],[-105,-23],[-106,-38],[-52,-36],[-49,-20],[-50,-39],[-49,-21],[-116,-91],[-43,-9],[-107,-60],[-31,-8],[-38,-34],[-41,-17],[-75,-56],[-48,-45],[-40,-21],[-26,-27],[-35,-12],[-82,-65],[-36,-17],[-44,-49],[-82,-48],[-52,-58],[-47,-34],[-40,-46],[-108,-66],[-72,-65],[-45,-32],[-74,-79],[-32,-25],[-75,-32],[-21,-26],[-82,-27],[-111,-27],[-33,-38],[-86,-28],[-45,-28],[-76,-21],[-116,-5],[-80,-15],[-143,-55],[-61,-14],[-83,-36],[-58,-39],[-100,-50],[-49,-12],[-88,-54],[-33,-29],[-123,-64],[-45,-36],[-54,-22],[-106,-69],[-78,-62],[-54,-21],[-76,-6],[-66,-17],[-97,-15],[-38,-33],[-41,-79],[-73,-52],[-33,-4],[-77,-35],[-115,-84],[-81,-93],[-26,-59],[-89,-64],[-65,-21],[-63,-29],[-37,-38],[-53,-31],[-90,-39],[-69,-23],[-49,-35],[-68,-28],[-138,-23],[-102,-26],[-72,-3],[-195,-37],[-80,-8],[-45,-14],[-42,2],[-144,-14],[-21,-8],[-125,-11],[-151,-20],[-249,-60],[-150,-48],[-189,-92],[-158,-96],[-110,-75],[-84,-88]],[[105260,47070],[-2,379],[0,294],[-2699,-4],[-225,0],[0,834],[133,0],[-1,587],[-1562,0],[-301,0],[-759,0],[-1163,0],[-547,-1],[-1374,1],[-376,-19],[-555,-1],[-915,1],[-802,0],[-1194,19],[-896,0],[-48,-23],[-775,4],[0,-863]],[[72842,51517],[1,-80]],[[72843,51437],[-70,-1],[0,27]],[[72773,51463],[30,67],[39,-13]],[[87196,104229],[61,-45],[69,-39],[49,-20],[36,-3],[25,-25],[96,24],[87,32],[112,61],[52,38],[28,36],[19,56],[19,25],[-7,42],[83,39],[19,-54],[2,-78],[39,18],[17,-14],[34,45],[46,6],[-5,92],[12,49],[-38,30],[40,34],[40,0],[0,-24],[25,-17],[41,19],[-22,60],[106,-55],[104,-7],[73,13],[81,29],[32,-9],[10,21],[116,46],[131,29],[138,42],[56,6],[87,-9],[106,11],[102,24]],[[112128,106636],[0,-2200],[0,-4934],[0,-492],[1921,0],[9602,1]],[[123651,99011],[0,-2792],[0,-1672],[0,-3406]],[[123651,91141],[0,-1844]],[[123651,89297],[-1985,-5],[-2566,5],[-6972,-39],[-1967,12],[-1728,12],[-977,10],[-450,5]],[[107006,89297],[-902,-7],[-507,-3],[-769,-3],[-826,-3],[-582,-1],[-488,0],[-751,0],[-620,2],[-507,1],[-713,3],[-507,3],[-751,4],[-469,4],[-528,-2],[-715,-1],[-564,-1],[-657,1],[-602,1],[-696,2],[-429,-1],[-709,0],[-783,1],[0,-306],[0,-960],[-464,0],[-818,0]],[[91649,88031],[348,524],[34,88],[17,207],[6,30],[7,139],[50,278],[-714,-5],[-582,-2],[-395,-2],[-582,-1],[-695,-1],[-451,-1],[-526,1],[-527,0],[-864,3],[-391,1],[-989,3],[-614,3],[0,94],[-249,0],[0,-94],[-559,0],[-950,0]],[[84066,95807],[192,0],[0,-181],[494,0],[516,0],[1,90],[-38,83],[0,222],[237,0],[0,385],[456,0],[0,697],[-226,0],[0,425],[-251,0],[0,351],[22,0],[0,511],[-653,0],[-231,587],[-3,18],[22,72],[1,195],[-5,34],[-23,48],[-57,79],[-55,0],[0,22],[-401,0],[0,963],[504,-2],[1,257],[-32,-1],[0,197],[367,-1],[1,790],[300,0],[0,42],[-22,0],[0,145],[754,0],[0,31],[794,0],[0,959],[465,0],[0,709],[0,695]],[[89398,46898],[506,18],[147,350],[250,207],[51,-10],[77,64],[-3,29],[269,221],[12,2],[598,499],[-106,0]],[[105260,47070],[-60,-57],[-42,-52],[-69,-67],[-119,-155],[-57,-88],[-85,-181],[-48,-147],[-27,-142],[-47,-129],[-65,-156],[-73,-144],[-65,-164],[-46,-165],[-22,-42],[-47,-244],[-1,-83],[-13,-150],[-11,-77],[-16,-39],[-54,-50],[-59,-29],[-42,-1],[-27,-46],[-20,2],[-70,-20],[-49,0],[-35,-13],[-41,-30],[-17,-32],[-6,-46],[19,-4],[3,-62],[-74,-28],[-56,-32],[-109,-76],[-53,-50],[-85,-97],[-67,-110],[-23,-92],[-1,-46],[-15,-88],[34,-82],[-44,-65],[-31,-13],[-71,-7],[-57,-30],[-42,-56],[-40,-11],[-97,-54],[-88,-144],[-54,15],[-50,-30],[-62,8],[-64,-29],[-20,-55],[-29,-11],[-16,-89],[-37,-53],[-26,-2],[-48,-27],[-32,9],[-28,-13],[-19,42],[5,44],[-16,18],[-67,36],[-119,41],[-167,33],[-94,0],[-114,-23],[-13,-29],[-38,-34],[-56,-23],[-20,-55],[5,-17],[-70,-76],[-27,-2],[7,-37],[-40,-57],[-66,-8],[-76,-87],[-36,18],[-73,12],[-45,-42],[-188,-79],[-40,22],[44,24],[14,36],[-4,51],[-45,44],[18,53],[-2,29],[-24,29],[18,22],[-45,48],[7,12],[-45,68],[-1,27],[-48,57],[-91,70],[-77,45],[-65,30],[-126,35],[-64,-4],[-25,-47],[-20,-10],[3,-48],[-76,-10],[-27,-15],[6,-47],[-30,-9],[-4,38],[-24,11],[-84,13],[-145,-15],[-80,-31],[-21,-18],[-47,4],[-109,-23],[-32,-22],[-26,45],[-43,45],[-75,34],[-99,17],[-49,-15],[-45,-66],[-31,19],[-29,-4],[-73,12],[-48,-11],[-37,12],[-119,4],[-27,-24],[-26,11],[-54,1],[-53,-11],[-51,-28],[-20,-32],[-34,-17],[-24,-34],[40,-108],[-52,-36],[5,-38],[-25,-3],[13,58],[-42,9],[-25,42],[-63,9],[-54,-23],[-22,-44],[-34,-17],[-23,58],[-31,20],[-76,16],[-51,29],[-81,29],[-173,32],[-92,1],[-62,-14],[-68,-52],[-81,-19],[-68,-51],[-57,-28],[-52,-46],[-24,-39],[18,-71],[30,-24],[-33,-40],[-23,13],[-64,-38],[-8,32],[-36,31],[-34,11],[-18,-32],[-54,-30],[-35,15],[-18,-38],[-96,-19],[2,32],[-42,6],[-20,-48],[-44,-2],[-30,33],[-89,-46],[-15,13],[16,42],[-17,26],[-46,0],[-16,21],[64,6],[35,55],[-20,67],[-52,112],[-57,161],[-26,42],[-83,103],[-42,32],[-23,41],[-36,36],[-86,59],[-78,14],[-18,-21],[-54,-14],[-51,13],[-87,-4],[-70,-17],[-48,-39],[-5,-29],[-29,-43],[31,-40],[-11,-30],[-45,-15],[-49,26],[-43,-22],[-3,-24],[-46,-5],[-57,5],[-38,-15],[-16,-26],[-77,-15],[-29,-39],[-32,3],[-41,48],[-126,84],[-159,70],[-88,-1],[-61,-94],[-40,-22],[-20,7],[-53,62],[-49,39],[-133,86],[-127,67],[-80,17],[-18,-32],[-42,-4],[-43,-25],[-82,50],[-69,24],[-23,-13],[-80,24],[-40,-32],[-111,38],[-96,14],[-49,1],[-41,-17],[-10,-38],[-116,30],[-74,-17],[-9,-62],[-38,-15],[-31,4],[-37,-39],[-53,16],[-142,20],[-70,-8],[-24,-16],[-2,-34],[-49,-47],[-84,5],[-35,27],[-100,36],[-119,9],[-35,-11],[-21,-49],[-20,10],[-115,12],[-111,-16],[-20,-44],[-85,18],[-24,-9],[-102,14],[-54,15],[-88,-17],[-41,21],[-79,18],[-65,5],[-109,-44],[-2,-27],[-57,-24],[-68,-49],[-71,10]],[[92101,43345],[11,39],[-20,31],[20,26],[-32,52],[15,45],[28,35],[-11,42],[18,62],[88,21],[33,62],[26,-2],[15,40],[35,28],[14,45],[30,25],[-26,22],[15,67],[28,24],[28,52],[2,78],[-43,87],[-12,70],[-16,23],[6,34],[-20,36],[-38,34],[-24,40],[4,44],[-13,33],[-27,24],[12,101],[-34,71],[-11,47],[-105,40],[57,34],[-53,109],[-89,285],[-23,-7],[-56,146],[135,71],[-27,157],[-5,3],[1,505],[-84,37],[-48,67],[-51,38],[-144,30],[-85,1],[-238,-66],[-355,-60],[-234,133],[-219,46],[-431,178],[-136,6],[-134,55],[-77,47],[-241,136],[-162,124]],[[102669,41239],[21,3],[-2,42],[43,32],[30,-28],[-14,-25],[-61,-44],[-25,-37],[-23,17],[31,40]],[[95219,42691],[32,47],[16,-44],[-26,-21],[-22,18]],[[95483,42837],[4,34],[34,1],[41,-48],[-12,-18],[-36,30],[-31,1]],[[96576,42630],[17,18],[55,2],[-21,-39],[-51,19]],[[97286,42700],[-5,28],[54,-17],[-8,-27],[-41,16]],[[97667,42254],[4,65],[-27,49],[60,-24],[21,-60],[14,-67],[-27,-9],[-11,-71],[-42,12],[14,75],[-6,30]],[[101386,42334],[-13,36],[-81,3],[-40,-27],[-50,15],[63,90],[27,-26],[47,21],[33,-9],[57,14],[-32,-57],[22,-44],[-33,-16]],[[96791,42746],[-39,-73],[-45,7],[15,35],[69,31]],[[99964,42894],[40,29],[28,-12],[-15,-34],[-50,-8],[-47,-39],[-20,16],[59,33],[5,15]],[[96769,42982],[32,63],[44,-21],[-32,-37],[-44,-5]],[[99826,42787],[-2,35],[36,17],[15,-20],[-49,-32]],[[96721,42881],[6,41],[39,-11],[-45,-30]],[[105002,43532],[-24,-48],[1,-34],[-40,1],[26,43],[-25,32],[13,25],[49,-19]],[[65322,91554],[-5,78],[-59,92],[-12,34],[-18,109],[-2,59],[-23,65],[-40,73],[-14,44],[-9,70],[-62,128],[-57,78],[-50,49],[-69,53],[-58,-4],[-69,-30],[-22,31],[10,23],[-9,43],[10,35],[25,36],[25,65],[-19,85],[-30,44],[-21,64],[24,55],[-4,74],[-26,36],[-49,23],[23,104],[20,42],[67,39],[26,-6],[29,22],[40,51],[35,60],[-33,69],[41,-4],[26,16],[48,101],[28,84],[23,160],[-7,32],[30,34],[32,72],[38,8],[19,25],[6,46],[53,58],[62,140],[35,68],[14,60],[13,16],[19,61],[-4,53],[15,92],[43,74],[3,41],[25,78],[15,92],[32,87],[2,27],[58,119],[37,154],[22,52],[40,121],[16,59],[34,54],[16,75],[29,29],[8,61],[-4,58],[31,33],[24,66],[64,61],[19,73],[39,40],[26,69],[22,24],[11,64],[47,31],[44,41],[20,35],[54,18],[73,66],[58,20],[26,51],[84,46],[32,10],[38,-17],[70,17],[89,73],[19,4],[27,-33],[14,-42],[58,-52],[-44,-37],[-24,-35],[-32,-64],[-34,-42],[-28,-51],[2,-42],[-27,-154],[-12,-43],[6,-97],[-15,-81],[-21,-55],[-13,-77],[-14,-42],[-7,-67],[-25,-65],[-2,-65],[-27,-89],[-25,-35],[-33,-174],[-16,-25],[-13,-77],[-21,-86],[17,-154],[28,-53],[82,-96],[10,-83],[65,-77],[-25,-45],[-11,-42],[13,-72],[-2,-72],[-36,-4],[-11,-45],[21,-8],[50,31],[46,48],[-2,17],[41,19],[31,-9],[56,-2],[-13,-77],[10,-45],[22,-55],[-16,-43],[-33,-38],[-39,-22],[-22,-34],[-30,-68],[-54,-36],[45,-34],[-10,-14],[-49,6],[-20,-22],[0,-84],[20,-42],[-22,-54],[-1,-90],[48,-89],[10,-38],[25,-16],[19,-48],[44,-32],[83,8],[71,39],[70,75],[-9,49],[41,65],[-14,41],[31,15],[38,-3],[48,36],[32,46],[41,23],[37,7],[29,-13],[74,8],[36,-35],[-1,-30],[16,-58],[-14,-65],[0,-49],[51,5],[32,-37],[21,28],[37,-44],[8,24],[58,32],[8,34],[24,-7],[17,76],[25,29],[-40,50],[18,51],[-3,30],[29,21],[-13,77],[20,14],[-8,42],[52,2],[-38,39],[2,49],[16,52],[35,44],[86,-18],[-2,34],[-39,4],[-46,55],[0,35],[51,107],[37,24],[54,-40],[37,48],[-35,2],[-52,30],[-7,35]],[[67194,96901],[-6,34],[51,80],[57,52],[50,59],[23,-27],[-19,-19],[-39,-12],[-40,-58],[-13,-31],[-64,-78]],[[67398,97168],[1,18],[70,87],[43,11],[-1,-44],[-49,-45],[-23,-31],[-41,4]],[[66670,93630],[-12,-82],[-37,5],[49,77]],[[72843,51437],[13,-35],[90,-6],[0,-81]],[[72746,51300],[-13,77],[-38,27],[56,54],[22,5]],[[72745,51549],[31,-11]],[[72776,51538],[-2,-65],[-38,-6],[-44,-55],[-23,1],[14,49],[25,5],[37,82]],[[73519,56024],[0,-248],[359,1],[11,-41],[-1,-85]],[[73148,53956],[-260,-7],[-421,-4],[-26,46],[-6,50],[-420,-1]],[[72015,54040],[-4,32],[-36,91],[-141,245],[-39,39],[-28,58],[-33,40],[-109,175],[-24,25],[-48,81],[-28,93],[-32,82],[-4,31],[-95,217],[-14,92],[-30,83],[-1,27],[-25,74],[-33,25],[-7,44],[-70,148],[-50,127],[-29,45],[-24,129],[-33,63],[-13,48],[-75,115],[-17,16],[-10,48],[-41,67],[-31,29],[3,39],[-24,51]],[[81034,43829],[146,-2]],[[81180,43827],[1,-45],[94,-1],[1,88],[70,0],[0,-88],[49,0],[0,70],[204,0],[-1,-69],[81,41],[142,3],[33,9],[18,-16],[58,-9],[116,1],[0,-64],[147,0],[90,-9],[0,80],[235,0],[0,31],[269,-1],[0,-38],[248,0],[0,31],[75,0],[1,-48],[197,1],[91,-8],[0,80],[66,-39],[246,-1],[3,4],[338,0],[0,-125],[92,0]],[[84144,43705],[0,-99],[95,-12],[-412,-414],[0,18],[-91,0],[0,-151],[161,1],[1,-239],[3,-6],[-2,-282],[-10,-115],[-40,-80],[-10,-69],[-88,-80],[0,-156],[-17,-32],[78,-35],[52,-33],[-56,-131],[10,-49],[-38,-108],[-30,-16],[-14,-62],[-1,-111],[143,-22],[19,-25],[0,-33]],[[82963,41065],[-610,-2],[-1017,-1]],[[76009,55989],[175,0],[52,32],[89,0],[-3,106],[61,0],[0,-42],[87,-2],[1,-46],[111,32],[164,74],[0,14],[265,2],[139,28],[55,0],[0,33],[148,-3]],[[76988,53889],[-17,-16],[-83,-40],[-39,78],[-115,-52],[-21,7],[-80,-40],[-14,26],[-36,-17],[-28,57],[-42,1],[-99,-46],[-37,28],[-60,-20],[-23,46],[-53,-36],[-39,31],[-194,-88]],[[76008,53808],[-21,55],[12,100],[24,77],[-22,83],[5,41],[-29,40],[22,11],[-23,46],[36,18],[-13,25],[33,160],[73,375]],[[76105,54839],[44,232],[-135,265],[57,0],[0,249],[-30,0],[0,65],[-45,0],[0,78],[61,0],[0,150],[-48,0],[0,111]],[[73615,51624],[47,-41],[20,19],[30,-62],[46,45],[57,-57],[15,14],[62,-71],[26,-5],[1,-44],[34,0],[13,-39],[0,-59],[81,0],[0,-54]],[[71088,70040],[37,0]],[[71125,70040],[189,0],[0,-528],[25,3],[181,-6],[211,-2],[6,3],[177,-1],[18,18],[58,0],[43,24],[618,-2],[29,-18],[178,-4],[480,0],[-49,-14],[0,-241],[70,0],[0,-323],[-218,1],[0,191],[-175,0],[0,-1787],[44,-25],[72,0],[0,46],[99,0],[0,-44],[505,0],[0,320],[-244,0],[0,119],[99,0],[0,204],[341,0],[0,151]],[[73882,68125],[471,0],[0,-346],[221,0],[0,-703],[126,0],[0,-458],[-113,0],[0,-33],[-237,0],[0,-493],[237,0],[0,-358],[-562,-3]],[[74025,65731],[-9,40],[0,133],[-8,7],[-105,0],[0,134],[-234,0],[0,-134],[-128,0],[0,-122],[-127,-1],[1,-78],[-156,0],[-1,-162],[-280,0],[0,-54],[-483,-1],[0,-38],[-191,0],[0,-339],[-42,0],[-12,-54],[0,-72]],[[72250,64990],[-69,0],[0,72],[-40,0],[0,143],[-845,0],[0,-136],[-127,0],[0,-231],[-292,0],[-1,-45]],[[70876,64793],[-224,0],[0,141],[-92,-69],[-159,0],[0,-97],[-170,0],[0,-12],[-817,0],[0,-24],[-58,0],[-162,-163]],[[69194,64569],[-54,66],[-41,32],[-69,91],[-65,70],[-54,47],[-110,123],[-144,140],[-95,126],[-69,77],[-44,67],[8,44],[-23,22],[-18,54],[18,58],[-35,106],[-34,54],[-56,15],[-22,26],[-54,1],[-1,27],[46,13],[67,5],[35,52],[12,56],[8,98],[-5,46],[-27,88],[-22,43],[26,96]],[[64439,67910],[15,49],[23,-9],[16,-34],[-14,-29],[-40,23]],[[64813,67116],[-12,120],[50,32],[19,-4],[19,-50],[-7,-31],[-31,-10],[-3,-64],[-35,7]],[[64941,67280],[-14,51],[16,23],[46,-1],[22,-36],[-28,-26],[-42,-11]],[[118133,118319],[0,322],[580,0],[0,-1350],[-360,0],[0,-322],[35,0],[0,-363],[82,0],[0,-459],[625,0],[2,227],[-393,0],[0,232],[417,0],[0,272],[145,0],[0,512],[486,-1],[576,1],[0,23],[257,0],[0,550],[155,0],[0,-320],[908,0],[0,320],[840,0],[36,-178],[21,-69],[646,0],[460,1]],[[123651,117717],[0,-815],[0,-1496],[0,-3238],[0,-1122],[0,-821]],[[123651,110225],[0,-614],[0,-863],[0,-864],[0,-565],[0,-7282],[0,-1026]],[[72435,45913],[24,38],[18,83],[1,117],[8,143],[-1,172],[8,122],[12,45],[2,82],[-33,334],[-42,293],[-32,136],[-10,62]],[[72390,47540],[110,0],[82,16],[0,18],[44,15],[169,-1],[0,-35],[65,0],[0,-29],[124,0],[-1,47],[43,-13],[46,0],[10,-30],[43,0],[13,19],[57,-48],[25,19],[192,-1],[60,-13],[13,21],[50,-9],[0,24],[142,-2],[27,-28],[81,-2],[0,19],[442,5],[54,-3],[51,8],[34,-11],[28,-31]],[[70876,64793],[1,-614],[-24,0],[0,-97],[-31,0],[0,-87],[18,0],[-1,-157],[-6,-59],[0,-543]],[[70833,63236],[1,-614],[1,-571],[-33,0],[-1,-242]],[[69702,61811],[7,112],[17,50],[6,102],[27,85],[15,112],[-2,117],[37,109],[18,23],[25,70],[-7,104],[-47,132],[-41,106],[-21,83],[-34,52],[-9,45],[13,41],[-5,79],[-46,138],[-34,51],[-42,43],[-10,30],[-12,82],[-25,43],[30,47],[-14,76],[-67,166],[-51,184],[-1,51],[-53,131],[-7,53],[-64,101],[-111,140]],[[84144,43705],[224,0],[0,88],[175,0],[0,61],[215,0],[0,-21],[174,0],[0,121],[-27,0],[0,195],[546,1],[553,1],[0,312],[247,-89],[-25,167],[-38,185],[483,-174],[18,26],[38,15],[33,44],[30,78],[101,154]],[[86891,44869],[42,63]],[[86933,44932],[370,-224],[-115,-179],[-69,-77],[-41,-94],[-157,-239],[56,-133],[-41,-15],[0,-59],[-51,-25],[67,-175],[28,10],[140,-18],[20,7],[0,-859],[0,-567],[1,-707]],[[87141,41578],[-28,26],[-38,12],[-39,-25],[-51,-16],[13,-27],[34,26],[39,0],[28,-26],[28,25],[35,-4],[-13,-80],[-4,-68],[11,-100],[23,-55],[38,-1],[43,-34],[42,-64],[112,23],[31,-44],[-25,-14],[-88,0],[-40,-15],[-39,-47],[-26,3],[-13,-29],[-54,-8],[-86,28],[47,53],[-4,37],[-35,42],[-53,0],[-14,-17],[-46,1],[-1,31],[-41,23],[-56,-11],[-53,-23],[-58,-57],[29,-28],[-53,-87],[-5,-35],[45,-52],[-21,-31],[26,-20],[-20,-68],[-20,8],[-36,-39],[-7,-36],[21,-14],[-19,-29],[-46,6],[-59,41],[41,51],[-18,40],[-59,33],[-44,8],[-96,-5],[-49,-14],[-48,-26],[-50,-53],[29,-40],[-16,-43],[32,-34],[5,-70],[-28,-28],[2,-34],[-48,31],[-28,-10],[-24,-62],[-50,-8],[-63,17],[65,64],[-47,56],[-32,22],[-68,29],[-79,26],[-40,-41],[-86,9],[-9,42],[-43,28],[-88,29],[-43,22],[-21,-6],[-98,36],[-42,-21],[-96,30],[-114,19],[-73,6],[-98,-2],[-94,-16],[-100,-42],[-17,-18]],[[73024,52337],[-73,-15],[-133,4],[-72,-6]],[[72746,52320],[-11,51],[-80,125],[18,49],[0,83],[-26,114],[-29,93],[-43,76]],[[72575,52911],[159,0],[7,-46],[72,22],[91,-112],[-17,-40],[43,-81],[-9,-56],[29,-18],[25,-43],[34,-37],[8,-127],[7,-36]],[[73630,51892],[32,31],[26,58],[169,-73],[11,31]],[[73868,51939],[71,28],[20,-38],[34,-16],[23,-47],[82,15],[21,43],[65,-5],[47,-27],[8,-20],[77,-36],[21,-1],[50,-49],[33,-4],[27,-42],[46,-15],[24,-45],[34,-18],[56,-79],[40,-35],[38,-5],[18,-46],[41,-33],[10,-42],[58,-51]],[[74812,51371],[-15,0],[0,-92]],[[92319,59734],[495,28],[804,47],[973,-4],[605,-2],[954,-1],[644,0],[-1,9],[1192,3],[0,-8],[337,1],[0,9],[622,0],[950,-7],[0,6],[708,1],[517,0],[1404,0],[3842,0],[37,0],[4156,-49],[1571,2],[5182,42],[0,-713],[1796,-9],[4550,9]],[[71994,98230],[88,98],[41,1],[2,-44],[30,-26],[-10,-29]],[[80660,101468],[454,-4],[1,-528],[308,0],[0,-136],[237,0],[0,-19],[76,0],[0,-38],[208,149],[156,0],[0,-219],[-97,0],[0,-92],[198,0],[0,-227],[-30,0],[0,-677],[-724,0],[0,-697],[207,0],[0,-253]],[[72153,98230],[6,32],[-18,22],[0,38],[-21,30],[91,126],[43,17],[5,34],[52,56],[48,14],[13,46],[98,4],[-1,19],[38,25],[19,30],[-5,42],[41,37],[47,-3],[15,-31],[56,18],[13,18],[39,-11],[-1,32],[18,41],[-8,18],[29,30],[19,-79],[30,45],[-14,23],[54,12],[19,-57],[37,25],[-28,48],[32,23],[26,-1],[35,-28],[37,0],[31,101],[42,29],[-26,32],[2,47],[34,18],[27,35],[22,81],[42,62],[37,100],[21,12],[-9,37],[60,91],[42,43],[17,40],[29,32],[34,0],[42,18],[11,25],[31,10],[156,117],[29,3],[73,35],[51,9],[48,27],[31,4],[35,21],[28,-3],[100,61],[27,-12],[115,44],[35,-13],[2,28],[56,54],[5,20],[40,35],[23,-35],[36,1],[29,38],[4,29],[-16,43],[21,49],[5,123],[-14,27],[10,25],[32,2],[13,28],[-44,24],[15,36],[-7,24],[27,45],[-2,65],[14,62],[80,-44],[16,-36],[32,-29],[50,2],[-13,-33],[47,6],[74,-20],[51,-31],[120,26],[27,17],[66,128],[53,-17],[35,7],[52,30],[33,10],[29,43],[16,-31],[141,12],[14,17],[77,4],[99,105],[34,20],[69,78],[-8,29],[46,71],[78,12],[27,17],[96,20],[12,-16],[34,22],[6,26],[33,7],[47,55],[55,-23],[-4,40],[31,9],[7,-55],[24,22],[66,-9],[29,8],[-93,41],[0,36],[44,51],[37,27],[80,29],[62,45],[3,34],[22,30],[56,41],[4,34],[45,-10],[37,4],[32,38],[-27,31],[30,44],[22,56],[71,76],[33,-14],[32,43],[8,37],[-62,-37],[8,33],[30,52],[17,-6],[61,44],[20,36],[-39,9],[10,41],[49,21],[51,-1],[53,17],[60,-3],[15,-16],[-14,-32],[-32,-25],[-76,-113],[-51,-62],[-9,-35],[12,-42],[-34,-49],[-33,-76],[-33,-18],[18,-36],[-23,-44],[-9,-75],[15,-16],[24,-57],[40,-61],[53,-57],[44,-24],[44,-10],[73,-31],[76,7],[25,-13],[63,21],[57,29],[29,24],[46,19],[-1,40],[44,50],[29,-6],[39,63],[50,47],[45,17],[113,20],[18,-15],[20,-56],[28,37],[36,11],[3,25],[35,44],[72,17],[31,37],[33,-13],[-22,-51],[17,-31],[51,-28],[65,7],[12,53],[26,29],[-7,35],[30,28],[15,31],[57,44],[22,42],[44,10],[9,-18],[-36,-28],[32,-48],[26,8],[37,-93],[-14,-20],[-57,-12],[-34,-49],[22,-37],[-36,-19],[-16,-40],[12,-42],[51,30],[-22,34],[16,21],[78,-29],[-64,-59],[-3,-30],[58,0],[30,-14],[8,-24],[60,14],[103,-45],[45,-31],[47,-47],[41,13],[45,-24],[80,-12],[48,-26],[69,-6],[39,-33],[-29,-32],[-24,-59],[39,-9],[-7,38],[55,51],[-11,54],[23,-4],[50,-72],[-6,-39],[9,-48],[25,42],[-16,12],[18,43],[-14,24],[3,33],[41,25],[98,-1],[29,-19],[14,-31],[29,47],[126,20],[25,17],[50,14],[123,22],[59,28],[40,-14],[-1,30],[80,44],[40,-22],[14,42],[26,6],[3,38],[66,19],[72,50],[42,-5],[-23,-47],[25,-12],[18,-64],[28,18],[24,54],[20,17],[27,-31],[30,58],[24,-25],[0,-22],[38,-48],[51,11],[16,15],[94,16],[51,30],[68,25],[9,-19],[39,-1],[54,-30],[57,18]],[[80278,101602],[-3,70],[13,66],[16,19],[51,-42],[6,-38],[44,-7],[-6,-51],[-39,-65],[-50,14],[-32,34]],[[75815,101770],[42,-20],[-29,-49],[-63,-2],[-35,20],[-25,-20],[-72,-4],[-41,27],[-24,-12],[-31,28],[-40,-14],[-13,19],[6,34],[48,36],[-4,23],[56,1],[85,29],[-3,-48],[32,-31],[43,8],[18,56],[29,30],[-9,21],[39,28],[12,-75],[42,41],[69,3],[5,-35],[-69,-21],[-33,7],[-22,-33],[-13,-47]],[[77831,102488],[21,18],[18,-59],[-13,-35],[-24,-27],[-16,62],[14,41]],[[77421,102548],[7,-46],[-42,35],[35,11]],[[76046,102428],[-17,-38],[9,-20],[43,-24],[-18,-24],[-21,9],[-11,-58],[-75,-48],[-40,79],[32,29],[33,68],[27,21],[38,6]],[[76724,102182],[-4,16],[46,95],[26,16],[6,40],[21,-3],[29,28],[29,10],[-27,-85],[-34,-44],[2,-25],[-49,-81],[-17,0],[-28,33]],[[76295,102147],[11,29],[53,26],[-22,-49],[-29,-27],[-13,21]],[[77244,102625],[-54,19],[-31,21],[-72,26],[-17,21],[-113,59],[-28,47],[-19,5],[-12,49],[28,12],[44,-57],[76,-50],[30,-13],[30,-31],[120,-79],[91,-42],[-42,-23],[-31,36]],[[72005,102706],[-33,22],[1,40],[43,-5],[12,-47],[20,-27],[49,-13],[-12,-47],[-31,-12],[-2,45],[-47,44]],[[73249,100251],[12,50],[22,18],[38,-14],[3,-70],[-55,20],[-20,-4]],[[74304,100318],[9,-48],[-25,-12],[-22,55],[38,5]],[[76051,101820],[9,47],[66,49],[24,34],[45,-3],[30,16],[8,34],[44,35],[18,-9],[-38,-47],[3,-39],[-57,-46],[-21,-27],[-33,-101],[-36,-25],[-46,17],[-40,-21],[-9,73],[33,13]],[[76231,101818],[63,-11],[10,-14],[-40,-126],[-43,25],[-53,-39],[1,34],[25,111],[37,20]],[[77807,101677],[-33,-52],[-38,-6],[-19,23],[25,29],[91,44],[55,1],[-28,-35],[-53,-4]],[[75995,101400],[-10,-58],[44,40],[4,33],[49,-3],[35,11],[10,25],[33,13],[32,-33],[-42,-78],[-67,-66],[-34,-14],[-39,-47],[-88,-19],[-4,24],[35,35],[-12,41],[-31,6],[14,72],[61,27],[10,-9]],[[76295,101526],[-11,25],[23,22],[54,17],[-34,-71],[-32,7]],[[75379,101529],[-9,18],[60,10],[8,-55],[-59,27]],[[76869,102240],[32,52],[28,84],[16,11],[27,67],[47,43],[69,31],[8,-31],[-24,-20],[-15,-55],[-36,-2],[-8,-33],[34,-6],[-3,-69],[-36,-32],[22,-28],[61,56],[12,-10],[-44,-116],[-35,-30],[-27,29],[-81,-35],[-14,13],[-66,-4],[33,85]],[[71878,102475],[21,15],[29,-37],[-49,-17],[9,-103],[-18,-38],[35,-3],[-32,-51],[-11,37],[-20,25],[24,114],[-10,43],[22,15]],[[76819,102463],[25,6],[8,39],[37,45],[36,-1],[-17,-68],[-27,-36],[0,-21],[-30,-36],[-57,-39],[-25,29],[16,53],[34,29]],[[76841,102565],[15,24],[46,19],[-1,-34],[-39,-25],[-21,16]],[[81031,45198],[11,-98],[105,-18],[21,-35],[-5,-104],[0,-180],[-10,3],[-2,-166],[42,12],[0,-98],[6,-19],[-1,-378],[-7,-33],[2,-72],[-13,-127],[0,-58]],[[78818,43803],[-17,35],[6,81],[40,19],[0,129],[-43,127],[20,17],[0,182]],[[78824,44393],[349,0],[0,92],[130,1],[54,64],[50,-2],[2,81],[85,-2],[3,140],[220,0],[0,46],[42,0],[0,42],[20,29],[41,0],[0,26],[28,13],[57,-4],[-2,29],[99,-4],[0,79],[33,0],[-15,96],[60,1],[-1,79],[56,2]],[[79934,54379],[123,0]],[[80057,54379],[60,0],[0,-28],[44,0],[0,-33],[248,0],[29,10],[0,46],[34,0],[8,28],[64,50],[44,48],[0,48],[79,0],[0,-18],[101,0],[0,44],[366,0]],[[81134,54574],[88,0],[61,-14],[0,31],[44,-24],[31,55],[87,-48]],[[81445,54574],[65,-105],[5,-26],[0,-189],[-99,0],[-8,-81],[0,-79],[14,-41],[0,-59],[101,0],[0,-90],[22,-13],[0,-178],[-8,-42],[0,-102],[-69,-41],[-35,-33],[-36,-11],[-67,2],[-41,-22],[-21,-29],[1,-475],[46,0]],[[80150,52425],[-60,14],[-53,24],[-56,-6],[-29,-18],[-66,0],[-45,-27],[-92,-5],[-15,-13]],[[79734,52394],[1,72],[32,-12],[63,0],[13,102],[24,66],[-8,77],[0,138],[7,16],[0,134],[21,32],[31,15],[0,50],[15,23],[-3,251],[-19,19],[8,54],[0,165],[-4,80],[-13,65],[24,19],[0,67],[-32,0],[0,138],[19,0],[-1,114],[-24,9],[0,80],[-21,0],[0,156],[67,0],[0,55]],[[82748,45854],[1,-72],[226,2],[24,47],[157,0],[-13,-12],[-14,-75],[83,0],[0,-13],[300,0],[0,24],[174,0],[0,159],[130,69],[173,-200],[8,1],[261,255],[231,-253],[13,11],[300,185],[47,-71],[444,-107],[17,84],[375,-2],[26,-36],[0,-25],[36,0],[-1,-956],[450,0],[695,0]],[[76508,44235],[34,34],[118,-3],[0,-36],[37,-7],[0,-45],[47,0],[29,20],[0,25],[40,0],[0,59],[59,-22],[19,24],[83,0],[76,-8],[11,-15],[118,0],[0,49],[111,0],[19,-10],[185,0],[0,159]],[[77494,44459],[401,1],[14,-43],[33,31],[55,0],[62,-25],[135,-6],[80,33],[36,3],[51,-20],[0,-41],[52,-8],[54,-19],[15,28],[59,-13],[58,26],[50,6],[27,-18],[148,-1]],[[82135,50415],[136,0],[71,8],[81,25],[199,1],[0,-64],[111,2],[461,2],[70,25],[63,0],[20,24],[122,-2],[30,-10],[106,-3],[178,0],[0,66],[-33,0],[0,47],[247,0],[3,15],[147,3],[99,8],[0,17],[63,0],[140,54],[77,-20],[164,0],[0,-30],[147,16],[62,0],[0,105],[950,-4],[67,49]],[[85916,50749],[289,-2],[936,-1],[963,0],[1004,2]],[[89108,48278],[-1043,0],[-39,51],[-31,57],[-82,100]],[[87913,48486],[-578,706],[-111,-79],[0,-14],[-110,7],[-140,0],[0,-50],[-65,0],[-18,9],[-92,9],[-12,-9],[-71,-2],[-24,9],[-70,74],[-61,88],[-146,-87],[-50,10],[-22,-14],[-149,1],[-62,-107],[-78,59],[-89,0],[0,-15],[-545,-1],[-178,-2],[0,-30],[-181,0],[0,31],[-125,0],[0,-69],[-130,0],[-16,145],[-155,-1],[-7,6],[-350,0],[-118,-11],[-107,-20],[-118,0],[-166,-22],[-206,0],[0,17],[-222,0],[0,17],[-93,0],[-33,8],[-185,0],[-77,-10],[-105,0],[-4,37],[-124,-66],[-8,-37],[-50,-5],[-30,22],[-39,-6],[0,32],[-111,0],[0,-23],[-49,-18],[0,26],[-134,0],[3,33],[-73,0],[0,79],[-47,0],[-19,-36],[-58,0],[0,46],[-115,0],[0,72],[-34,0],[0,37],[-95,-8],[-163,1],[-116,-31],[1,124],[12,57],[-59,0],[3,27]],[[79671,59535],[192,0],[0,-800],[1,-429],[-1,-923],[-20,-26],[0,-815],[-40,0],[0,-71],[-16,0],[0,-72],[47,1],[1,-178]],[[79835,56222],[-49,24],[-43,-28],[-69,30],[-46,-9],[-44,-76],[-39,-17],[-24,25],[-72,6],[-9,-63],[-110,20],[-10,18],[-92,0],[1,52],[-137,1],[-58,-20],[-39,-45],[-54,2],[-33,-107],[-295,-1]],[[78355,56915],[3,27],[115,169],[0,240],[62,-1],[0,58],[-37,0],[-3,108],[-36,16],[0,168],[28,0],[0,419],[-44,-1],[0,125],[30,8],[10,61],[0,81]],[[87913,48486],[-100,-72],[-82,-26],[0,-44],[-274,0],[0,-64],[-637,-2],[-30,8],[-54,-6],[-66,15],[-153,1],[-34,-39],[-141,21],[-71,31],[-294,10],[-117,0],[-26,8],[-59,-4],[-238,48],[-324,2],[-44,-4],[-75,-38],[-58,24],[0,28],[-187,-1],[-25,-42],[-26,0],[0,-95],[-11,-13],[-98,0],[0,56],[-255,0],[-11,-49],[-84,71],[-466,0],[-33,2],[-192,1],[-1,-112],[-22,0],[0,-52],[-75,-85],[-30,-24],[0,80],[-19,42],[-52,-14],[-156,0],[0,-85],[-112,0],[0,54],[-98,-1],[0,-141],[-173,0],[0,-57],[-66,0],[0,-95],[-46,-1],[-1,-144],[-38,0],[-1,-184],[-200,0],[0,16],[-100,0],[-1,-59]],[[81056,47050],[25,319],[0,137],[5,19],[-102,308],[-29,94],[-73,487],[-87,583]],[[73313,50851],[8,-56],[-14,-41],[-45,-7],[-5,-21],[2,-141],[10,-17],[-6,-90],[-51,-57]],[[73212,50421],[-63,20],[-52,5],[-110,-63],[-58,0],[-40,42],[-12,35],[1,88],[-108,-4],[-9,-6]],[[72761,50538],[19,65],[-16,57],[50,70],[16,35],[8,81]],[[89398,46898],[-222,-7],[130,-170],[-342,-213],[27,-43],[0,-266],[90,0],[0,-71],[-229,-162],[-361,-225],[-113,-11],[-58,-31],[-131,-167],[-342,266],[-12,0],[-264,-267],[-28,-25],[-227,-230],[-72,-65],[-277,-217],[-34,-62]],[[95406,72361],[500,0],[0,2127],[1101,0],[0,-95],[1519,0],[0,508],[877,0],[0,256],[575,0],[480,0],[0,-120],[318,0],[0,-279],[487,0],[694,-4],[463,-1],[597,-2],[790,-1],[655,0],[520,1],[945,3],[539,3],[540,3]],[[107006,74760],[1310,-4],[2871,4],[2682,0],[2667,0],[4535,-13],[1042,4],[1543,9]],[[123657,64695],[-1930,-17],[-4416,-9],[-3323,23],[-472,2],[-2419,-7],[-2437,6],[-1103,-2],[-3055,-4],[-1979,9],[-1449,-3],[-920,1],[-2,15],[-448,0],[0,-318],[-81,0],[0,-399],[-1047,0],[0,-124]],[[98576,63868],[-31,38],[-3,26],[-37,87],[-74,67],[5,28],[-54,79],[6,62],[-15,42],[-49,64],[-14,50],[14,14],[-54,27],[47,47],[-7,128],[-63,72],[-627,-2],[-666,-2],[-412,0],[-1,487],[-133,0],[1,267],[-232,0],[0,260],[-42,0],[0,325],[-195,0],[0,511],[-499,0],[0,92],[-185,0],[0,-92],[-62,0],[0,125],[-189,0],[0,568],[968,0],[0,-103],[631,-1],[1,549],[2,377],[-10,0],[0,894],[-273,0],[0,1219],[372,0],[0,923],[-345,0],[0,-121],[-465,0],[0,-332],[-421,0],[0,181],[-297,0],[0,849],[0,399],[62,0],[0,182],[176,0],[0,107]],[[89295,72361],[328,-2],[1468,-6],[444,0],[830,-1],[560,1],[793,1],[928,4],[464,3],[296,0]],[[98576,63868],[0,-584],[-401,0],[0,-403],[-313,1],[-1,-233],[-479,0],[0,198],[-379,0],[0,623],[-703,0],[0,154],[-12,0],[13,400],[-391,4],[0,262],[-316,0],[0,-232],[-648,0],[0,-30],[-556,0],[0,316],[-767,-1],[0,254],[-1335,-6],[1,529],[-575,0],[0,725],[279,0],[0,710],[-528,0],[0,415],[-664,0],[0,228],[-159,2],[-542,-2],[-856,0]],[[89244,67198],[-1,761],[581,0],[0,1073],[-161,-2],[2,20],[8,1318],[3,575],[-318,0],[0,486],[-63,0],[0,932]],[[72561,48200],[-137,1],[15,-65],[-24,-19],[-56,0],[0,37],[-83,0]],[[72276,48154],[-26,126],[-31,260],[-27,93],[5,78],[26,60],[6,52],[61,200],[32,25],[31,49],[25,3],[62,75],[57,87],[35,73],[26,26],[21,-11],[32,-48],[6,-29],[-13,-76],[-28,-30],[-33,-2],[-30,-29],[-62,-13],[-32,-59],[20,-35],[-64,-29],[-20,-41],[-28,-13],[3,-74],[23,-21],[-7,-58],[38,-57],[-9,-19],[11,-46],[21,-30],[9,-42],[26,-42],[-9,-57],[11,-59],[27,-17],[-6,-24],[23,-27],[-1,-32],[29,-15],[6,-59],[38,-32],[1,-35]],[[72733,49640],[141,0]],[[72874,49640],[14,-55],[-21,-125],[-3,-66],[-31,-85],[-1,-38],[-31,-14],[-1,-25],[-43,-46],[45,-40],[-22,-30]],[[72780,49116],[-6,34],[-42,18],[-93,-22],[-17,61],[13,63],[-40,81],[46,6],[16,15],[44,78],[27,102],[5,88]],[[76817,40296],[-17,-39],[-48,-29],[29,-40],[35,-83],[-27,-13],[-2,-68],[-37,13],[-5,-35],[-27,-29],[22,-29],[4,-30],[62,-9],[48,-20],[26,12],[33,-9],[36,10],[27,-42],[3,-46],[-49,-26],[-4,-85],[-16,-51],[36,-85],[-6,-30]],[[76537,38316],[30,-10],[-49,-35],[-96,49],[-26,-24],[-49,0],[-40,-35],[-75,-38],[-40,9],[-82,-42],[10,55],[-91,65],[-54,-9],[-81,37],[-15,29],[-80,33],[-49,28],[-123,-20],[-10,-29],[-55,-4],[-21,55],[-58,52],[-137,102],[-26,11],[-77,53],[-85,42],[-11,31],[-75,46],[-27,-1],[-111,77],[-57,24],[-128,87],[-83,39],[-89,31],[-120,25],[-115,52],[-123,31],[-108,-7],[-37,-15],[-51,8],[-41,17],[-56,10],[-75,1],[-43,18],[-99,-18],[-19,43],[24,26],[6,32],[-16,45],[-54,91],[-75,95],[-26,19],[10,68],[-34,61],[0,19],[-126,137],[-112,118],[-92,101],[-116,120],[-144,145],[-250,238],[-97,78],[-136,129]],[[72452,40711],[41,11],[58,30],[23,25],[57,20],[15,16],[157,15],[40,43],[71,50],[68,103],[49,-3],[-11,37],[-62,47],[-28,69],[-36,23],[-33,95],[45,3],[5,83],[63,1],[68,22],[27,48],[1,36],[38,43],[84,-21],[38,45],[0,229],[-3,88],[7,40],[47,0],[0,36],[27,40],[33,25],[12,105],[29,21],[107,0],[0,116],[26,36],[30,-30],[45,21],[40,-7],[33,-33],[52,18],[29,-8]],[[78494,79635],[0,129],[181,0],[0,104],[303,0],[-6,246],[-2,200],[0,508],[778,-1],[398,0],[0,-110],[308,0],[-1,520],[-80,0],[0,261],[222,0],[0,676],[0,906],[-280,0],[0,315],[576,0],[0,335],[-308,0],[0,56],[-662,0],[0,704],[230,0],[0,82],[-50,0],[0,619],[590,0],[9,335],[34,1201],[0,235],[-84,0],[0,360],[-700,0],[1,430]],[[91649,88031],[-227,-340],[-8,-31],[-261,-163],[-18,-15],[-49,0],[-45,21],[-19,-11],[-57,-69],[-218,-384],[-101,-280],[-173,-241],[-49,-38],[-33,-40],[-87,-83],[-79,-115],[-23,-39],[-26,-69],[-177,-275],[-49,-55],[-36,-52],[-26,-175],[-112,-198],[-38,-29],[-59,-31],[-47,-52],[-33,-49],[-19,-14],[-73,-354],[-8,-23],[-128,-87],[-44,-74],[40,-41],[15,-51],[5,-51],[39,-64],[-29,-56],[-31,-189],[-26,-58],[-64,-247],[1,-24],[-42,-162],[39,-69],[12,-46],[3,-108],[-6,-19],[0,-363],[21,-38],[106,-274],[40,-49],[26,-58],[38,-252],[285,-637],[21,-28],[-6,-28],[19,-35],[15,-86],[-1,-42],[-42,-11],[-55,-31],[-36,6],[-21,-53],[-30,-22],[-66,-67],[-200,-466],[13,-831],[-7,-108],[21,-41],[6,-101],[23,-166],[30,-44],[4,-107],[-5,-16],[20,-291],[25,-125],[-229,-644],[-197,-555],[-119,-147],[-61,-111],[-21,-60],[-2,-32],[-53,-150],[-29,-37],[-46,-169],[-34,-53],[-71,-62],[-28,-57],[-16,-61],[-60,-72],[-204,-475],[-24,-26],[-13,-50],[0,-256],[-48,-41],[-60,-14],[-25,-25],[-78,-45],[-46,-54],[-476,-315],[-44,-81],[-26,-1],[-47,-28],[-3,-64],[-23,-60],[-185,-170],[-102,-160],[-62,-181],[-147,-206],[-139,-72],[-276,-346],[-23,-93],[-6,-63],[-169,-481],[-57,-28],[-141,-210],[-135,-469],[11,-53],[-28,-92],[16,-126]],[[86001,72622],[-59,-192],[-352,0],[0,-99],[-268,0],[0,-70],[-695,-1]],[[79933,75283],[-2,399],[0,773],[-555,0],[0,398],[-490,0],[0,779],[-294,0],[0,-36],[-248,0],[0,339],[626,0],[0,326],[-626,0],[1,672],[149,1],[0,701]],[[72842,51517],[37,47],[1,28],[83,-33],[28,-18],[38,-3],[13,25],[2,51],[60,19],[26,-49],[14,-96],[26,-45]],[[89124,59733],[-16,0],[-506,212],[-1303,547],[-435,183],[-482,203],[-843,354],[-422,173],[-679,279],[-404,166],[-714,296]],[[83320,62146],[-120,679],[-139,787],[0,766],[1093,-8],[0,-815],[593,0],[705,0],[419,5],[128,1],[553,791],[1224,-9],[433,871],[0,296],[103,0],[0,1688],[932,0]],[[81445,54574],[238,2],[5,10],[160,53],[-11,56],[-20,54],[0,73],[143,0],[90,31],[56,1],[-30,31],[396,0],[1,80],[54,0],[0,33],[87,39],[-38,48],[30,23],[23,81],[110,190],[56,13],[101,-23],[156,59],[276,9]],[[83328,55437],[0,-227],[15,-28],[-3,-52],[4,-232],[15,-46],[-18,-101],[1,-169],[-27,-190],[0,-129],[384,-581],[62,39],[50,-76],[47,30],[34,-50],[90,0],[0,-25],[251,0]],[[84233,53600],[55,0],[0,-278],[189,0],[0,-339],[-252,0],[196,-273]],[[84421,52710],[-215,-1],[0,-32],[-49,0],[0,-39],[-49,-1],[0,-40],[-147,0],[0,13],[-561,-2],[-560,-2]],[[72250,64990],[0,-188],[95,0],[0,-89],[49,-4],[46,24],[0,-48],[245,0],[1,-148],[-239,-4],[1,-642],[303,1],[-1,-321]],[[72750,63571],[-9,1],[0,-299],[-332,0],[0,-44],[-49,-30],[-42,92],[-40,-18],[-97,-5],[-125,0],[0,45],[-482,-1],[0,7],[-352,-1],[-184,-66],[-32,-6],[-173,-10]],[[75665,58200],[2,-389],[112,0],[9,-6],[3,-533],[-347,-2]],[[75444,57270],[-201,0],[0,-101],[-743,-2],[0,-373],[-53,0],[0,-96],[18,-45],[-288,0],[3,57],[-366,-2],[1,-27],[-58,-1],[-1,36],[-25,56],[-50,0],[0,-51],[-232,0]],[[74025,65731],[0,-171],[14,-46],[266,0],[0,-130],[89,5],[1,-70],[120,1],[1,-136],[89,0],[0,-134],[426,0],[0,-280],[139,0],[0,-343],[378,0]],[[75548,64427],[41,0],[-1,-440],[-237,0],[-167,-5],[3,-282],[-278,-2],[-83,-28],[-1,15],[-72,0],[0,-51],[-57,0],[-20,-14],[-352,-34],[-122,1],[-40,-20],[0,-152],[-421,1],[-76,-3],[-275,0],[-3,-86]],[[73387,63327],[-248,-1],[0,247],[-389,-2]],[[72777,51627],[52,2]],[[72829,51629],[-4,-28],[37,-30],[-29,-37],[-57,4]],[[72745,51549],[2,24]],[[83814,70210],[0,-463],[70,0],[0,-535],[237,0],[0,-566],[-740,-1],[0,-117],[205,0],[0,-622],[-205,0],[0,-42],[-274,0],[0,-656],[321,0],[0,-47],[158,0],[0,-319],[-113,0],[-363,-813],[1,-671],[0,-432],[-158,0],[0,-115],[-476,0]],[[82477,64811],[0,243],[-323,0],[0,-42],[-473,0],[0,291],[-132,0],[0,391],[11,0],[0,256],[159,0],[0,399],[-317,0],[0,-156],[-172,0],[0,-281],[-646,0],[0,-128],[-118,0],[-1,407],[-784,0],[0,1005],[-331,0],[0,253],[-176,0],[0,401],[-316,0],[0,299],[-292,0],[0,430],[-96,0],[0,991],[36,0],[-1,398],[-110,0],[0,105],[568,0],[0,224],[-328,0],[0,319],[219,0]],[[79473,61316],[16,82],[37,40],[104,23],[33,34],[22,58],[-21,43],[60,-10],[5,26],[-32,20],[-12,47],[-21,18],[-4,45],[9,96],[34,71],[1,39],[20,47],[4,34],[29,39],[-15,23],[15,31],[28,2],[3,-30],[75,-87],[35,14],[122,-75],[37,-16],[72,-4],[-14,-44],[85,-13],[21,20],[25,-20],[29,50],[36,22],[-35,30],[-2,96],[-47,46],[-11,33],[909,0]],[[81125,62146],[705,-1],[822,0],[668,1]],[[83320,62146],[19,-107],[0,-862],[-1,-863],[0,-767]],[[83338,59547],[-478,0],[-898,0],[0,-570],[0,-577],[39,-138],[0,-310],[-78,0],[0,-54],[-88,0],[0,-92],[-66,21],[-96,-2],[0,-235],[155,0],[0,-113],[67,-66],[0,-82],[37,0],[0,-239],[-80,0],[0,-79],[-68,0],[0,-175],[-69,0],[0,-96],[-95,0],[0,-77],[-28,-29],[104,-267],[-69,-7],[0,-144],[-15,0]],[[81612,56216],[-171,0],[0,-25],[-73,0],[0,25],[-202,0],[-76,-7],[0,91],[-234,0],[-5,-46],[-43,-9],[-2,33],[-65,1],[0,-15],[-81,0],[-70,-8],[0,-32],[-33,0],[0,32],[-115,0],[2,-104],[-132,0],[-74,11],[-16,24],[0,52],[-61,6],[-230,2]],[[79931,56247],[-96,-25]],[[83338,59547],[0,-191],[27,-254],[18,-47],[1,-780],[-19,-658],[-20,-702],[-17,-595]],[[83328,56320],[-269,-1],[0,-208],[-20,-73],[20,-6],[0,-102],[-107,-41],[-118,-30],[-48,-5],[-45,-26],[-19,-94],[-279,117],[-70,-66],[-31,10],[-106,238],[-53,-68],[-19,-39],[-70,-19],[-5,19],[-71,-30],[-31,69],[-143,-57],[-58,-33],[0,-48],[-93,0]],[[81693,55827],[0,212],[-81,0],[0,177]],[[74847,52935],[189,0],[3,-12]],[[75039,52923],[0,-173],[-37,-22],[0,-40],[29,0],[-2,-76],[27,-29],[-36,-69],[26,-39],[42,16],[-9,-53],[0,-84],[-47,-79],[0,-221],[265,-11]],[[75297,52043],[-12,-258],[-8,1],[-3,-196],[-161,2],[0,28],[-247,2],[-1,-80],[81,-1],[-1,-172],[-133,2]],[[73868,51939],[-29,17],[-21,37],[-59,44],[5,27],[28,16],[57,-14],[-19,39],[-38,8],[0,33],[70,0],[41,18],[0,35],[25,27],[45,0],[24,20],[0,109],[460,0],[1,72],[57,0],[0,-23],[197,1],[0,32],[73,0],[-7,256],[-65,0],[0,36],[20,47],[22,13],[19,80],[16,32],[57,34]],[[71125,70040],[1,8],[1,544],[266,0],[0,109],[17,0],[0,453],[-261,0],[-118,7],[0,106],[-291,0],[0,194],[-102,0],[0,475],[103,0],[0,369],[-60,0]],[[70681,72305],[0,383],[404,0],[0,87],[-78,0],[0,975],[52,0],[0,448],[-2,383],[366,0],[0,638],[-1,673],[0,926],[420,0],[0,318],[-47,0],[0,868],[-123,0],[0,346]],[[71672,78350],[0,276],[101,-21],[38,0],[67,28],[26,43],[75,42],[25,30],[52,13],[71,28],[96,6],[0,415],[344,0],[0,215],[593,0],[0,-24],[546,0],[0,24],[931,-1],[855,1],[0,260],[138,0],[0,183],[453,0],[687,1],[448,0],[0,-235],[846,0],[430,1]],[[78528,72471],[0,400],[-858,0],[0,-575],[-629,0],[0,-437],[-152,0],[0,600],[-432,0],[0,-515],[88,0],[0,-223],[0,-1031],[-592,0],[0,182],[-65,0],[0,108],[-443,0],[0,-188],[-187,0],[0,-458],[-247,0],[0,-103],[-662,0],[0,-394],[0,-811],[-191,0],[0,157],[-251,0],[0,-471],[719,0],[0,-283],[-274,0],[0,-64],[-524,0],[0,-240],[54,0]],[[72874,49640],[65,13],[101,-24],[15,59],[101,0]],[[73156,49688],[0,-45],[202,0],[0,-64],[253,0],[-1,38],[57,5],[0,23],[64,0],[0,-19],[222,0],[654,1],[93,-1]],[[74700,49626],[0,-173]],[[74387,48111],[-1,61],[-246,0],[-33,29],[21,31],[-48,29],[-59,-16],[-13,44],[-109,21],[-27,-19],[-33,3],[-81,27],[-24,-21],[-33,1],[-5,-46],[-17,-39],[-51,24],[-42,7],[-41,-44],[-39,-7],[0,-33],[-295,-2],[-12,-11],[-78,-4],[-12,-14],[-118,2],[-35,49],[-39,-26],[-56,-17],[-77,-11],[-6,37],[-107,-4],[-64,-10],[4,33],[-12,58]],[[72599,48243],[39,-43],[17,68],[-1,55],[-17,37],[-45,28],[9,55],[-42,69],[-19,94],[-49,55],[11,45],[-11,64],[-67,83],[7,34],[-11,48],[17,7],[47,-54],[48,-33],[31,-41],[56,14],[8,34],[36,-10],[59,-52],[62,16],[50,34],[-25,32],[24,58],[11,91],[-55,18],[13,18],[-22,49]],[[72452,40711],[-98,83],[-106,80],[-116,82],[-124,64],[-47,-40],[-14,38],[-88,83],[-66,34],[-65,18],[-64,43],[-63,61],[-56,39],[-79,45],[-185,86],[-126,34]],[[84421,52710],[312,-434],[43,-48],[107,-160],[40,-51],[144,-130],[82,-102],[240,0],[0,22],[192,0],[0,-57],[42,19],[123,0],[0,-185],[159,-1],[0,-299],[35,0],[0,-82],[-375,0],[351,-453]],[[79042,48107],[80,0],[0,-56],[44,0],[0,-84],[95,1],[19,-15],[102,0],[0,-81],[27,-23],[5,-47],[77,0],[26,-21],[67,15],[124,0],[1,-53],[33,0],[1,-103],[8,-61],[-23,0],[4,-95],[0,-117],[13,-52],[-28,0],[0,-40],[-17,-31],[0,-67],[32,-28],[-7,-55]],[[79725,47094],[-39,11],[0,-48],[25,0],[0,-90],[-122,-4],[0,-35],[-86,0],[11,-93],[-47,-19],[-33,0],[0,-33],[-118,2],[-86,8],[0,-44],[-34,0],[4,-46],[-54,0],[0,68],[-87,-1],[-41,12],[-80,9],[0,-80],[-45,-17],[-137,-3],[0,9],[-130,0],[-12,-29],[0,-50],[-34,0],[0,49],[-21,-2],[-3,-44],[-41,-14],[-67,-7],[0,-26],[-66,2],[-1,16],[-91,0],[-28,-54],[-40,16],[-89,0],[-2,-53],[-38,19],[-58,0],[-2,-35],[-75,0],[0,-30],[-94,-6]],[[77864,46452],[-60,1],[-53,-12],[-46,8],[0,-32],[-89,-1],[-22,-6]],[[77594,46410],[-1,79],[54,11],[0,86],[-14,41],[-18,9],[-9,67],[4,146],[-72,15],[0,70],[27,0],[-1,96],[6,41],[0,159],[-75,-30],[-41,0],[-9,43],[0,136],[10,55],[22,0],[0,62],[-48,43],[-60,9],[12,60],[0,129],[-22,0],[0,117]],[[72950,51874],[-6,-73],[43,-1]],[[72987,51800],[3,-101],[11,-12]],[[73001,51687],[-28,-46],[-70,-19],[-19,59]],[[72753,51723],[5,32],[-1,103]],[[107006,74760],[0,5849],[0,4399],[0,4289]],[[123651,89297],[0,-1678],[0,-1389],[0,-6703],[0,-1484],[5,0]],[[77364,52951],[-36,-18],[-28,56],[-84,-24],[-41,1],[22,-43],[25,12],[27,-47],[-163,-80],[-25,-9],[-2,-121],[-34,58],[-20,-9],[-15,43],[-110,-54],[-57,108],[-102,-51],[-37,71],[-45,-21],[-39,-34],[-24,48],[-233,-116],[-336,-170],[8,-17],[-107,-53],[-5,19],[-123,0],[-68,-22],[4,-22],[-56,-13],[22,-57],[0,-30],[57,-99],[50,-43],[0,-46],[52,-22],[-125,-103],[-11,-18],[-408,18]],[[75039,52923],[109,0],[0,32],[180,0],[0,75],[-20,40],[35,17],[37,-16],[26,-49],[75,37],[31,-73],[19,-6],[75,45],[88,0],[-15,19],[-47,91],[-52,48],[88,43],[-78,115],[127,67],[240,119],[-28,54],[63,38],[-31,61],[42,21],[-36,70],[41,37]],[[65884,72627],[395,0],[0,516],[625,0],[0,-391],[197,0],[3,-118],[671,0],[0,-242],[487,0],[640,0],[479,-36],[746,-55],[554,4]],[[68170,66847],[-16,45],[-26,29],[-62,109],[-8,27],[-36,56],[-118,162],[-150,159],[-66,63],[-15,28],[-10,56],[-28,31],[-49,80],[3,41],[-32,56],[-53,54],[-42,56],[-2,23],[-46,50],[-29,18],[-81,116],[-8,31],[-44,89],[-49,33],[-114,50],[-74,59],[-19,22],[-58,28],[-42,86],[-52,71],[-62,95],[-36,44],[-50,30],[-26,85],[-18,116],[-32,178],[1,32],[-21,63],[-40,212],[-42,173],[-39,136],[-57,162],[13,73],[15,28],[-2,41],[22,69],[1,39],[32,105],[26,25],[8,39],[41,82],[25,13],[7,59],[15,48],[36,8],[1,27],[29,34],[19,51],[-39,28],[10,-57],[-15,-42],[-29,-19],[-8,70],[-15,48],[-17,119],[-45,174],[-41,101],[-5,39],[-47,144],[-18,106],[-27,88],[-61,146],[-6,26],[-78,172],[-66,166],[-43,82],[-76,186],[-100,193],[-14,37],[-47,84],[-39,94]],[[83328,56320],[-2,-88],[2,-795]],[[81134,54574],[39,77],[-24,13],[43,76],[-56,51],[-16,36],[12,33],[84,-57],[-2,181],[115,0],[0,33],[-72,28],[65,160],[54,90],[-5,56],[19,60],[-37,0],[4,41],[29,-13],[-2,70],[13,50],[31,69],[37,20],[0,22],[48,0],[0,29],[56,30],[15,30],[109,68]],[[72830,51673],[-1,-44]],[[75548,64427],[0,54],[254,0],[-1,764],[310,0],[-3,183],[815,3],[2,-418],[364,1],[0,-486],[99,0],[0,41],[355,0],[0,-168],[50,0],[1,-96],[-51,0],[0,-93],[-76,0],[-1,-192],[466,0],[1,-332],[-477,0],[0,-792],[279,0],[-4,-79],[1,-179],[0,-820],[0,-380]],[[73772,62571],[-1,227],[-192,0],[-1,258],[-191,-1],[0,272]],[[73103,51902],[30,-3],[66,-35],[47,10]],[[73246,51874],[17,-62],[-10,-23],[-110,36],[-47,-20],[-33,-36],[-44,-23],[-18,-59]],[[72987,51800],[23,8],[84,85]],[[79749,49264],[0,-226],[26,0],[0,-48],[-109,0],[0,-64],[-145,0],[0,15],[-126,14],[-145,0],[0,-29],[-35,0],[0,26],[-66,0],[-1,19],[-114,0],[-11,14],[-45,-52],[0,-25],[-39,0]],[[77191,48739],[-14,21],[8,37],[14,189],[26,102],[-17,31],[-82,57],[-23,58],[-26,37],[-54,26],[-30,49],[-38,36],[-53,75],[-36,38]],[[80660,101468],[-64,-7],[-33,13],[-44,34],[16,32],[35,17],[72,55],[62,63],[43,21],[45,39],[57,38],[-3,29],[20,57],[32,21],[13,29],[-24,16],[14,50],[31,27],[35,11],[43,-14],[38,-49],[9,73],[51,28],[72,-32],[50,14],[-23,25],[-29,1],[-11,37],[-43,20],[45,125],[-16,70],[18,17],[54,-36],[-8,36],[116,16],[42,18],[111,73],[71,85],[22,53],[77,28],[95,77],[55,26],[1,17],[74,50],[36,32],[88,53],[79,94],[52,-6],[5,-97],[-32,27],[-23,35],[-35,-23],[17,-67],[-46,-23],[3,-60],[32,3],[27,21],[62,18],[23,-53],[39,63],[40,9],[4,19],[52,-13],[52,1],[38,54],[74,16],[14,-24],[35,-4],[14,37],[88,47],[27,0],[58,45],[7,-51],[27,-69],[67,-36],[-5,56],[103,27],[31,-11],[61,42],[53,9],[58,-12],[32,26],[49,-40],[66,-9],[18,54],[39,-1],[33,-24],[26,33],[-9,33],[77,54],[24,-5],[56,17],[-28,21],[-54,-10],[-5,18],[66,17],[50,21],[26,1],[-20,-73],[10,-40],[-11,-43],[-28,-27],[-16,-46],[35,11],[8,36],[22,17],[28,-27],[44,6],[69,23],[-9,29],[-44,-22],[-12,22],[-56,31],[1,30],[52,10],[24,19],[16,-18],[63,11],[70,33],[30,-2],[-9,-34],[13,-26],[41,-16],[54,-37],[40,-10],[52,48],[88,33],[101,55],[46,38],[43,4],[32,22],[45,-6],[62,14],[87,-9],[56,21],[-26,24],[4,71],[43,104],[36,26],[36,-6],[27,78],[27,34],[85,148],[48,43],[60,21],[70,44],[63,71],[33,59],[41,105],[22,101],[4,51],[20,60],[19,31],[44,-1],[52,23],[64,16],[23,17],[40,-5],[57,34],[42,48],[34,52],[12,38],[-14,19],[3,41],[32,43],[39,7],[46,-12],[77,-47],[34,-30],[32,-65],[2,-40],[52,-54],[77,-23],[18,5],[47,-18],[14,28],[-73,11],[-25,16],[-43,8],[-23,77],[7,74],[15,76],[45,28],[29,3],[97,-11],[69,-31],[85,-52],[65,-14],[116,-33],[56,-26],[87,10],[118,-23],[47,-32],[82,-1],[20,18],[32,-4],[91,-94],[76,15],[23,11],[75,-27],[-5,-25],[33,-44],[59,-55]],[[80794,102058],[31,47],[65,55],[-3,-31],[-35,-45],[-19,2],[-39,-28]],[[83318,103017],[0,39],[49,18],[31,-1],[-26,-54],[-19,-11],[-35,9]],[[77927,51724],[-46,98],[46,23],[-13,24],[34,17],[-33,64],[174,87],[-22,16],[-38,70],[-30,-15],[-28,40],[117,60],[-22,40],[45,5],[42,22],[-93,172]],[[79038,52501],[151,-12],[0,-56],[67,0],[0,-22],[65,1],[0,25],[36,0],[0,-39],[49,0],[0,-45],[47,-8],[162,-2],[43,15],[-1,35],[77,1]],[[92101,43345],[-42,3],[-72,-15],[-183,-17],[-118,34],[-122,-3],[-38,-24],[-144,25],[-58,-8],[-95,-39],[-34,-31],[14,-92],[-102,-28],[-74,-38],[-29,-36],[-77,-37],[-44,-2],[-17,-44],[-74,14],[-65,-32],[-134,47],[-118,32],[-115,21],[-77,25],[-62,4],[-264,40],[-39,-10],[-105,-6],[-30,8],[-67,-13],[-70,-34],[-61,-8],[-27,-23],[-31,-1],[-22,32],[-79,24],[-63,37],[-39,1],[-32,21],[-52,12],[-46,-14],[-81,-45],[-41,10],[-42,-13],[-2,-35],[-26,-41],[-24,7],[-32,-16],[-1,-23],[-61,-40],[-22,-23],[-59,16],[-17,14],[-72,6],[-11,-7],[-207,-1],[-74,-45],[-30,-6],[-72,-41],[-42,-55],[-22,-10],[0,-37],[-25,-58],[-21,-4],[-35,-43],[-63,-15],[-67,-88],[-35,12],[-50,-14],[-48,-40],[-26,-6],[-45,-39],[-43,6],[-71,-35],[-42,-36],[-22,-58],[26,-14],[-74,-30],[-87,-65],[-65,-84],[-11,-63],[35,-16],[-70,-62],[-59,-61],[-45,-57],[-44,-67],[-63,-129],[-42,-140],[-23,-1]],[[72733,49640],[9,74],[-16,132],[-12,32],[-48,71],[-64,69],[35,4],[45,20],[32,64],[4,55],[-15,70],[-35,48],[-66,24],[-45,-3],[4,76],[-16,46],[32,8],[72,-2],[57,44],[55,66]],[[73212,50421],[47,-56],[20,-6],[-56,-178],[-77,-61],[-13,-34],[2,-64],[-64,-45],[0,-73],[-21,-48],[105,1],[1,-169]],[[72434,50781],[-18,30],[-19,72],[1,73],[27,4],[37,-74],[-9,-48],[29,-63],[5,-40],[25,-46],[21,-14],[-32,-44],[27,-52],[-24,-16],[-28,7],[-14,81],[-26,70],[-2,60]],[[81125,62146],[0,1014],[-19,0],[1,235],[-66,4],[0,93],[-124,0],[0,126],[-400,1],[0,735],[379,0],[0,42],[282,0],[0,-88],[560,0],[0,-117],[243,0],[0,272],[496,0],[0,348]],[[86001,72622],[505,-49],[970,0],[0,-212],[1819,0]],[[74431,50380],[24,-33],[47,-93],[66,-117],[22,-60],[110,-148],[0,-303]],[[69827,78981],[1064,0],[0,-455],[63,0],[0,-176],[718,0]],[[65884,72627],[-9,8],[-81,159],[-30,44],[-69,139],[-211,395],[-104,181],[-24,76],[-22,34],[-22,65],[-78,121],[-43,90],[-104,149],[-5,25],[-44,54],[-31,58],[-65,91],[-5,18],[-40,37],[-43,79],[-65,78],[-54,94],[-68,86],[-23,58],[-223,317],[-46,61],[-54,58],[-33,49],[-34,26],[-143,171],[-92,82],[-18,28],[-114,107],[-68,79],[-62,53],[-115,125],[-118,112],[-40,54],[-44,41],[-25,44],[-101,108],[33,8],[13,44],[-37,65],[-23,66],[27,67],[-40,79],[-35,92],[-10,42],[-21,27],[-30,69],[-127,195],[-34,30],[-65,72],[-27,38],[-79,71],[-37,77],[-45,47],[29,33],[32,-38],[50,-23],[31,-28],[15,-42],[102,-20],[23,-17],[94,-23],[27,-19],[14,-72],[-2,-53],[13,-82],[31,17],[16,38],[-16,49],[-2,39],[10,53],[-18,40],[34,53],[22,90],[12,128],[-13,29],[15,28],[-14,31],[14,80],[-26,30],[7,103],[15,45],[-22,22],[50,84],[21,-14],[3,-66],[17,-20],[-5,-49],[15,-57],[-17,-60],[30,-42],[-5,-40],[23,-74],[5,-75],[0,-114],[6,-87],[-4,-80],[17,-47],[-25,-30],[23,-57],[-24,-48],[-1,-33],[18,-36],[-3,-49],[34,-115],[-12,-25],[21,-60],[-35,-33],[27,-45],[-18,-36],[47,-44],[27,11],[29,60],[33,-32],[13,-69],[-18,-14],[0,-46],[-14,-25],[40,-33],[-9,-46],[22,-40],[37,8],[18,25],[-9,31],[-2,115],[-45,10],[1,38],[-47,92],[1,53],[-16,67],[-38,29],[36,78],[11,56],[4,88],[32,27],[-9,58],[2,60],[35,24],[29,-11],[6,30],[-4,67],[-13,25],[7,35],[-6,81],[15,49],[-14,55],[16,17],[15,78],[-46,43],[12,36],[-5,57],[-23,31],[-42,32],[28,36],[-15,43],[4,24],[-28,32],[1,50],[19,19],[28,-36],[32,-72],[7,-48],[32,-63],[-14,-45],[5,-68],[15,-28],[40,-30],[-13,-37],[53,-59],[30,3],[31,-61],[-18,-69],[30,-40],[57,-5],[12,-24],[-7,-65],[11,-114],[43,-41],[0,-91],[10,-48],[68,-78],[6,-114],[-8,-58],[20,-25],[-5,-27],[47,-41],[13,-25],[-6,-42],[-34,-30],[6,-34],[58,-4],[11,-82],[-9,-52],[-27,-16],[-1,69],[-41,12],[-10,-63],[17,-35],[24,-6],[22,-53],[-8,-49],[-27,-1],[-30,-36],[13,-27],[-15,-39],[-19,-8],[-5,-40],[8,-32],[-15,-35],[36,-47],[52,34],[20,50],[-15,59],[32,49],[-14,38],[2,64],[10,70],[31,15],[6,80],[28,17],[12,83],[-30,26],[-8,43],[-20,19],[14,63],[-50,34],[-14,20],[53,40],[-1,28],[19,49],[66,2],[29,-31],[8,-59],[-24,-43],[6,-46],[33,-42],[22,-77],[18,-7],[-35,-65],[-7,-56],[34,-77],[16,-19],[-1,-112],[22,-22],[-16,-21],[-9,-106],[-32,-31],[45,-112],[48,-14],[2,-35],[-28,-56],[-2,-46],[-17,-8],[-20,-86],[-3,-98],[40,-27],[60,-77],[86,-44],[-73,91],[12,30],[-9,79],[39,71],[-2,48],[-15,31],[3,60],[47,-13],[42,14],[-9,-93],[31,-2],[5,52],[-28,9],[11,47],[-12,89],[19,23],[14,56],[23,23],[17,-26],[-17,-48],[21,-86],[-14,-124],[-22,-40],[22,-56],[-34,-81],[25,-23],[13,-82],[-8,-45],[6,-35],[51,-6],[16,40],[21,-26],[6,-68],[25,-78],[-22,-15],[-5,-88],[19,-28],[49,29],[11,40],[49,-7],[26,-25],[23,18],[-29,39],[-31,24],[4,28],[-14,32],[26,15],[10,50],[63,53],[39,-6],[55,-40],[62,41],[40,86],[22,7],[43,-25],[27,-54],[48,-4],[29,-22],[25,46],[-9,33],[-1,70],[83,114],[27,0],[67,41],[23,23],[33,61],[35,51],[15,39],[14,115],[-12,35],[5,63],[-18,149],[-45,80],[15,62],[42,72],[-19,75],[12,59],[-60,102],[-12,34],[-87,77],[-21,52],[-50,36],[-84,77],[-67,41],[-119,55],[-82,15],[-133,36],[-36,18],[10,28],[-28,56],[16,54],[-19,34],[-75,57],[9,22],[-23,37],[-65,69],[-12,63],[-48,40],[-32,15],[8,38],[-28,13],[-95,16],[-22,-5],[-36,40],[33,54],[-32,52],[-25,103],[29,86],[-2,44],[-53,46],[3,42],[-21,104],[12,85],[-11,24],[-41,32],[-61,30],[-46,32],[25,79],[4,81],[-31,38],[-23,68],[7,30],[-37,34],[-36,48],[-61,32],[-29,42],[-30,24],[9,52],[34,13],[18,58],[-22,72],[24,13],[-31,53],[-17,72],[26,37],[-21,51],[20,20],[-56,36],[-49,-18],[3,-71],[16,-40],[37,-37],[-21,-112],[44,-31],[19,-45],[-42,3],[-9,44],[-44,61],[-35,24],[-23,65],[-65,61],[19,55],[-16,24],[2,103],[10,14],[25,127],[27,112],[12,25],[34,15],[20,26],[20,70],[46,86],[25,75],[51,32],[28,44],[21,62],[2,55],[16,33],[29,16],[22,-59],[-6,-31],[16,-19],[-2,-46],[-15,-76],[3,-66],[13,-32],[23,-131],[22,-18],[26,-61],[75,-40],[52,-13],[55,43],[-3,-39],[19,-5],[-8,-48],[15,-40],[-5,-52],[30,-98],[1,-31],[61,-105],[79,-67],[76,-31],[37,-39],[35,-79],[68,-70],[50,-26],[71,4],[9,-116],[-19,-92],[4,-50],[16,-57],[20,-21],[81,-13],[42,-27],[-9,-37],[-4,-80],[-38,-65],[-3,-25],[-39,-25],[-23,-80],[11,-56],[3,-80],[-20,-29],[16,-117],[-54,-62],[-29,-10],[-49,-66],[0,-48],[16,-30],[-5,-27],[7,-72],[-19,-27],[14,-156],[-8,-22],[25,-79],[27,-38],[17,-50],[34,-45],[-7,-59],[-20,-14],[17,-35],[36,-15],[40,10],[54,62],[15,-94],[42,-8],[61,33],[10,27],[71,88],[57,97],[57,118],[18,56],[25,24],[43,68],[13,59],[18,8],[34,54],[24,121],[-4,63],[-21,35],[-27,149],[-24,72],[-3,78],[24,34],[24,-30],[44,-34],[61,4],[4,-39],[30,-68],[-31,-36],[-31,-81],[-17,-71],[6,-57],[24,-19],[28,-66],[-16,-133],[11,-33],[0,-74],[13,-40],[34,-42],[29,-9],[39,18],[37,-53],[-24,-110],[-27,-100],[8,-78],[25,-79],[29,-22],[31,-48],[-13,-33],[-16,-83],[64,-116],[1,-122],[10,-56],[20,-57],[21,-30],[68,-69],[32,-24],[56,-71],[56,-46],[69,-76],[23,-64],[30,-43],[24,-14],[-3,-40],[14,-47],[36,-8],[35,48],[52,33],[25,47],[40,30],[16,28],[51,27],[51,43],[38,88],[55,29],[51,8],[63,42],[27,37],[8,59],[-13,39],[35,31],[5,21],[43,74],[2,127],[-22,41],[-57,38],[2,23],[-23,40],[-31,30],[6,91],[-24,56],[-29,34],[4,62],[-17,41],[11,52],[52,21],[26,33],[18,77],[14,-4],[21,-112],[61,-4],[8,23],[40,23],[1,54]],[[65106,75644],[-12,39],[44,0],[19,-45],[-23,-16],[-28,22]],[[62224,80163],[-26,-85],[3,-34],[19,-36],[-10,-26],[33,-67],[1,-39],[25,-41],[21,-77],[36,-42],[-2,-66],[18,-21],[2,-67],[19,-66],[21,-120],[15,-46],[50,-63],[-27,-30],[2,-28],[25,-58],[22,-96],[30,-50],[49,-41],[10,-92],[25,-34],[4,-36],[28,-55],[-20,-87],[1,-42],[44,-55],[40,3],[34,-29],[60,-7],[-68,-62],[12,-29],[-58,-61],[7,-51],[18,-36],[-5,-68],[19,-87],[56,2],[18,17],[4,37],[-30,57],[5,44],[20,5],[42,-29],[-12,-61],[14,-82],[65,-65],[28,-5],[10,-25],[37,-7],[-9,-45],[3,-47],[21,-50],[22,-16],[34,-61],[7,-44],[29,-68],[-9,-21],[28,-37],[-1,-45],[-32,-16],[34,-53],[-5,-27],[-44,-4],[0,-50],[20,-29],[-59,-79],[-16,107],[-60,53],[-52,18],[-15,29],[-21,81],[-24,58],[-35,130],[-75,131],[-22,20],[-72,105],[-129,152],[-62,65],[-60,92],[-59,131],[-31,147],[-29,51],[-59,76],[-28,54],[-73,112],[-25,67],[38,24],[12,63],[-2,41],[-28,48],[-13,86],[-42,63],[-10,50],[-18,30],[-53,174],[-28,37],[-28,128],[4,45],[-9,48],[29,106],[-5,41],[9,35],[-6,81],[25,24],[21,47],[63,75],[27,50],[32,15],[56,-74],[75,-13],[56,12],[6,-17],[-37,-67]],[[65700,78656],[18,-108],[-12,-61],[-42,-2],[-107,49],[-70,141],[-27,43],[-1,114],[5,38],[34,0],[35,40],[27,3],[91,-71],[21,-5],[17,-86],[-7,-29],[18,-66]],[[73236,51772],[55,-54],[-16,-35],[-8,-94],[39,5]],[[73309,51563],[-34,3],[-47,-19],[-12,-38],[-66,45],[-14,72],[9,41],[-28,67],[16,42],[47,-21],[56,17]],[[72761,52048],[-11,155],[-4,117]],[[73024,52337],[57,-26],[117,-1],[35,-9]],[[73233,52301],[2,-76]],[[73236,51918],[-7,-3],[-114,112],[-92,-6],[11,-35]],[[74281,53403],[337,0],[0,-311],[191,-1],[-1,-156],[39,0]],[[73526,51997],[33,43],[-12,69]],[[73233,52301],[-4,171],[-11,71],[34,0],[3,739]],[[78992,54135],[81,0],[0,-24],[145,0],[0,138],[123,0],[0,154],[169,-1],[35,-4],[11,20],[378,1],[0,-40]],[[74644,55029],[242,-27],[202,0],[161,-312],[145,72],[34,-63],[165,83],[26,-51],[188,95],[81,-155],[173,146],[44,22]],[[80057,54379],[0,40],[-45,4],[-1,216],[-145,0],[0,120],[-7,96],[0,220],[28,0],[-1,455],[27,0],[0,149],[-9,0],[0,200],[-68,85],[95,54],[0,229]],[[73236,51772],[37,21],[11,24],[-24,45],[1,40],[26,5],[20,-55]],[[75444,57270],[0,-80],[-33,0],[0,-348],[-12,-4],[0,-97],[-9,-32],[41,0],[0,-94],[65,-16],[0,-56],[284,0],[1,-324],[122,0],[0,-49],[43,0],[-1,-79],[56,-5],[0,-64],[8,-33]],[[73261,51917],[-15,-43]],[[79725,47094],[156,-41],[306,1]],[[79976,45477],[-81,-11],[-125,0],[-36,-8],[-89,5],[0,38],[-67,12],[0,27],[-119,-1],[0,16],[-109,-9],[0,-48],[-41,1],[0,-26],[-47,-16],[-16,-49],[-85,-1],[28,-32],[0,-37],[-49,0],[0,53],[-46,0],[0,-59],[-64,0],[-2,-22],[-115,0],[0,23],[-101,0],[0,-23],[-45,0],[0,-60],[-46,-5],[-17,-23],[-37,-10],[1,-50],[-82,0],[0,-32],[-61,-8],[0,-105],[-153,-11],[-175,-2],[-66,-33],[-74,9],[-48,-13],[-29,32],[-85,0],[0,61]],[[77895,45060],[54,13],[0,51],[-32,0],[0,57],[-22,38],[57,0],[0,58],[-42,0],[4,56],[-12,76],[-20,15],[0,42],[32,0],[1,81],[-43,0],[7,81],[-7,182],[-2,190],[42,0],[0,127],[-20,35],[-1,58],[-12,35],[0,57],[-15,72],[0,68]],[[77327,48297],[-132,-2],[0,-8],[-116,-2],[-4,-10],[-184,0],[-135,-84],[-17,-37],[-74,0],[-31,25],[0,-110],[-22,6],[-110,-1],[-1,46],[-69,4],[-156,1],[0,-70],[-40,0]],[[72575,52911],[-4,34],[-29,64],[-4,39],[-22,22],[-21,97],[-21,43],[-36,43],[-26,49],[-4,37],[-39,53],[-62,149],[-40,57],[-14,37],[-55,68],[-18,54],[-93,106],[12,12],[-27,69],[-45,53],[-12,43]],[[72561,48200],[32,10],[6,33]],[[72390,47540],[-21,166],[-42,152],[-33,103],[-16,122],[-2,71]],[[77895,45060],[-65,-11],[-32,-43],[-45,0],[-1,44],[-33,29],[-67,-22],[-48,-50],[-110,25],[-18,21],[1,-546],[17,-48]],[[75198,45735],[249,0],[0,16],[281,87],[0,71],[115,0],[0,-32],[103,0],[331,132],[96,0],[-8,88],[62,-6],[241,1],[0,48],[67,-19],[0,22],[62,-1],[16,-9],[99,-1],[22,49],[39,0],[0,35],[31,25],[134,-3],[0,29],[65,0],[0,23],[130,4],[0,53],[78,-5],[-1,24],[134,0],[50,44]],[[83338,59547],[571,-1155],[365,-734],[0,-256],[14,0],[0,-132],[68,0],[0,-162],[-55,-1],[10,-54],[91,0],[0,-181],[154,0],[0,-28],[133,2],[0,-43],[68,0],[0,-45],[69,0],[85,-43],[-21,-41],[0,-27],[63,0],[5,-100],[55,-43],[4,-35],[34,-54],[14,-48],[-46,-33],[-59,5],[-39,-7],[-6,-147],[-105,0],[0,24],[-106,0],[0,-198],[16,3],[26,-62],[0,-129],[-15,0],[0,-110],[-102,0],[0,-113],[18,0],[0,-89],[-96,-1],[0,-123],[-48,0],[-4,-143],[0,-160],[-146,0],[0,-113],[-50,0],[-79,-69],[0,-180],[9,-83],[-5,-41],[89,0],[0,-108],[-86,0],[-1,-236],[-10,-66],[0,-265],[13,0],[0,-323]],[[106672,122032],[19,36],[-3,22],[26,37],[20,1],[72,-32],[41,-7],[40,6],[7,-31],[-19,-32]],[[106890,122032],[15,14],[0,45],[-31,25],[-37,-9],[-23,34],[-76,27],[14,62],[-21,18],[1,28],[51,37],[2,32],[41,43],[-20,20],[-41,67],[9,28],[83,43],[60,71],[6,26],[37,23],[37,-27],[46,-74],[-7,64],[20,49],[40,40],[26,-5],[52,29],[-34,84],[7,19],[40,7],[47,-32],[36,4],[0,24],[-95,58],[-12,31],[-37,55],[-45,-27],[-49,11],[13,57],[42,67],[-31,-8],[-52,-86],[-40,-26],[-90,-33],[-29,-40],[-58,-37],[-36,-44],[-39,-71],[-15,-51],[-26,-47],[-30,-24],[-37,-82],[-3,-35],[-18,-48],[-23,-22],[-32,-98],[-18,-25],[5,-33],[-30,-51],[-3,-26],[-29,-30],[-11,-33],[-44,-73],[-41,-43],[-11,4],[-18,72],[1,44],[17,109],[36,23],[-12,25],[-47,2],[-58,24],[15,18],[-1,116],[-17,44],[34,7],[-15,35],[-9,69],[-52,21],[-17,73],[8,62],[-11,73],[-17,-10],[2,-42],[-12,-36],[-25,-19],[1,-74],[-23,-79],[-37,14],[-8,40],[-18,28],[-22,-83],[-30,30],[-8,121],[2,87],[10,47],[-39,117],[-8,64],[15,27],[-37,58],[1,71],[18,25],[-3,51],[16,48],[-20,46],[-18,75],[-57,-29],[-27,37],[54,19],[32,-20],[43,-58],[39,17],[-2,65],[11,52],[-13,57],[26,1],[0,-36],[37,-71],[19,8],[49,-17],[-11,100],[-28,17],[10,50],[-12,18],[2,51],[-11,67],[-29,22],[-36,-56],[-19,20],[12,45],[62,77],[-3,59],[-18,36],[-26,15],[34,38],[37,-27],[38,80],[33,-7],[34,11],[-12,50],[13,32],[45,34],[42,19],[22,-20],[1,68],[-38,-18],[-54,-61],[-44,-20],[-42,24],[23,38],[59,38],[35,36],[32,11],[23,-9],[34,8],[22,-22],[11,42],[34,11],[57,-78],[69,-13],[15,-57],[47,17],[56,-11],[-10,-64],[44,-35],[25,6],[-4,37],[26,37],[38,-15],[19,17],[35,-82],[16,63],[16,29],[-43,2],[12,51],[-20,24],[22,55],[-29,34],[23,24],[22,51],[8,41],[24,20],[22,39],[33,-36],[-31,-46],[10,-24],[-26,-29],[15,-34],[34,-30],[18,-35],[30,6],[18,-20],[34,4],[20,45],[-12,37],[-40,39],[4,56],[-14,51],[14,36],[43,15],[-7,30],[-30,21],[35,59],[34,2],[22,27],[49,8],[38,30],[24,71],[-17,34],[-52,-32],[-27,11],[14,62],[-27,-14],[-13,-36],[-24,-11],[-28,8],[-21,-21],[-46,3],[-15,99],[80,32],[43,-14],[58,54],[-1,25],[-36,11],[-21,35],[21,25],[-25,15],[-31,-13],[-42,9],[28,35],[-11,60],[-14,31],[19,29],[31,-45],[54,-30],[26,14],[-17,45],[-2,35],[53,-5],[44,-60],[38,-18],[100,-80],[21,-76],[-25,-66],[-46,-39],[-32,-17],[22,-43],[23,-10],[23,78],[51,44],[44,56],[-15,47],[23,28],[35,-14],[25,-38],[20,-4],[47,-48],[7,-35],[40,-4],[-20,59],[64,61],[23,-15],[-45,-38],[-3,-25],[44,-53],[4,-34],[-32,-19],[35,-59],[17,13],[71,-3],[0,41],[84,-64],[31,-2],[22,-16],[31,-49],[72,-51],[68,-11],[10,-25],[1,-57],[30,-6],[13,-47],[35,-5],[56,-34],[38,-60],[10,-39],[-19,-49],[-53,-45],[-31,-6],[-61,-39],[94,15],[48,-19],[75,44],[34,-55],[3,-35],[-13,-64],[-47,-99],[33,23],[15,30],[39,-7],[-9,59],[27,31],[57,-7],[-39,43],[7,56],[66,66],[45,10],[59,-17],[53,-44],[56,-28],[58,-62],[42,-34],[-9,-34],[78,-42],[53,-63],[24,6],[71,-45],[37,-36],[45,-74],[130,-72],[108,-85],[59,-16],[-63,54],[-20,30],[-23,-4],[-42,37],[-19,-6],[-40,35],[-63,80],[-44,6],[-36,54],[-27,13],[-39,39],[-6,32],[-99,53],[-18,26],[-46,30],[-31,60],[-34,12],[-52,61],[-55,21],[-69,65],[-51,32],[-2,23],[37,81],[16,55],[13,94],[-10,17],[23,35],[-7,26],[10,44],[66,61],[58,25],[53,0],[28,39],[-83,-2],[-122,-53],[-9,14],[58,144],[-7,56],[19,27],[-11,25],[-36,-8],[6,-35],[-16,-71],[-23,-32],[-42,-18],[-52,7],[-39,53],[-45,3],[-31,49],[-20,-44],[-98,-51],[-24,-31],[-42,-9],[-10,-32],[-47,-7],[-17,-25],[-25,0],[-21,-25],[-28,0],[-26,-30],[-28,8],[-42,-45],[-32,16],[-53,57],[32,52],[-15,18],[-42,-17],[-59,99],[12,53],[25,16],[6,44],[23,31],[45,31],[-2,44],[33,-4],[25,12],[2,48],[37,39],[-9,21],[45,22],[17,-18],[40,19],[43,50],[52,-28],[11,-23],[52,-59],[39,-19],[-8,54],[11,28],[39,8],[35,25],[17,73],[30,9],[32,29],[5,22],[-19,33],[66,2],[-55,82],[-23,-24],[-32,1],[-8,-23],[-42,10],[13,44],[-35,-10],[-10,-23],[19,-49],[-29,-27],[-9,-28],[-41,-42],[-37,6],[-8,17],[20,67],[17,28],[-51,9],[-24,-25],[-3,-37],[-21,-6],[-11,-59],[31,-41],[-62,8],[-58,36],[15,-70],[-69,-53],[-64,-29],[-9,-66],[-36,-11],[-33,-37],[-25,-9],[-30,20],[48,73],[-2,20],[-57,-34],[-22,25],[8,66],[50,55],[-51,19],[-12,44],[24,1],[84,90],[-27,6],[-50,-27],[-69,-23],[-13,32],[-57,-18],[11,50],[19,25],[-10,23],[19,27],[20,-16],[14,40],[52,7],[-6,64],[12,18],[41,1],[45,51],[45,-10],[20,23],[43,-15],[37,6],[8,-31],[25,-19],[67,5],[21,20],[18,-56],[46,-8],[24,43],[3,32],[69,50],[27,32],[27,-8],[29,-59],[26,18],[-5,28],[21,13],[2,41],[40,55],[-8,22],[-61,30],[23,63],[-37,-9],[-21,30],[2,31],[-25,22],[35,57],[-16,42],[1,40],[36,52],[24,-14],[22,45],[26,-8],[14,-26],[30,40],[34,5],[24,28],[20,-36],[34,8],[18,-27],[-34,-15],[-9,-61],[-68,-84],[-19,-16],[2,-37],[43,-25],[33,25],[16,-18],[-26,-33],[9,-38],[-20,-41],[82,-9],[18,18],[-12,39],[34,54],[-5,37],[82,-39],[29,-61],[-29,-7],[-16,-68],[4,-79],[61,-47],[1,-66],[24,-73],[14,1],[35,-62],[21,-13],[33,31],[4,40],[17,28],[40,-15],[37,40],[57,22],[23,40],[26,23],[49,9],[11,-19],[43,18],[32,-7],[26,15],[-7,-55],[23,-4],[15,50],[24,21],[33,-15],[-9,-53],[-28,-71],[9,-64],[33,3],[67,-27],[26,-24],[33,9],[43,-46],[15,11],[-24,54],[55,11],[14,-21],[49,-14],[32,15],[13,33],[29,-2],[112,-63],[37,5],[83,34],[69,-3],[78,-24],[8,66],[-8,15],[-84,8],[-19,19],[-153,0],[-16,-12],[-51,6],[-15,36],[-63,27],[-13,34],[56,59],[47,32],[-10,35],[10,36],[-91,8],[-25,-12],[-11,35],[32,57],[34,2],[70,41],[34,-20],[31,61],[67,49],[58,18],[31,87],[-39,-6],[-23,-61],[-56,-27],[-36,-7],[-23,42],[-3,59],[-17,0],[12,-88],[-30,-45],[-70,-16],[-26,82],[-15,11],[-16,65],[-19,3],[-10,-43],[-41,-14],[-13,30],[-48,2],[11,37],[-18,27],[-52,-58],[-11,-25],[-65,13],[-28,31],[-24,-10],[-20,16],[3,33],[-23,36],[23,19],[44,-11],[9,38],[-35,11],[-44,26],[-23,2],[-31,-46],[9,-25],[-38,-15],[-20,63],[19,32],[7,49],[-55,10],[-16,-23],[-4,-54],[-38,-32],[-56,-2],[1,33],[-19,60],[57,27],[-1,39],[32,26],[-1,33],[52,26],[29,-48],[6,76],[25,37],[21,-54],[-17,-52],[34,-16],[7,-20],[45,12],[45,-11],[44,30],[-1,31],[-24,9],[-21,32],[33,33],[17,-16],[37,45],[-5,24],[20,39],[-63,-9],[2,53],[-36,-17],[-17,9],[-14,71],[-42,-30],[-29,10],[-21,-25],[-21,46],[-30,-39],[0,-37],[-55,20],[-5,26],[34,83],[-48,-36],[-21,4],[-17,-35],[-4,-47],[-30,32],[-6,43],[-20,32],[-21,2],[-8,31],[-40,-5],[-16,49],[43,-2],[-15,102],[48,62],[-42,-4],[-15,28],[-80,19],[-41,50],[-26,-27],[-19,41],[-12,61],[57,77],[93,-18],[19,35],[-24,51],[9,51],[17,11],[31,-11],[38,12],[25,-63],[23,59],[-2,36],[-25,23],[12,101],[32,-12],[24,39],[23,9],[24,-23],[1,-31],[31,-50],[39,-35],[26,16],[-33,48],[3,59],[14,33],[21,5],[34,-19],[13,30],[75,1],[37,15],[-73,92],[-24,-8],[-16,-37],[-38,6],[-31,23],[-19,42],[-29,15],[30,57],[-7,29],[15,30],[27,17],[36,-1],[29,49],[44,16],[32,74],[38,-68],[55,-5],[-3,57],[39,26],[18,-23],[29,-1],[-13,46],[18,39],[-26,13],[-2,77],[31,35],[53,-5],[-8,-53],[-18,-24],[7,-96],[39,-30],[-4,-39],[-25,-16],[-20,-42],[28,-13],[58,58],[50,-5],[42,24],[-14,24],[-2,43],[14,27],[27,9],[24,-24],[-16,-24],[35,-90],[10,-41],[-9,-35],[14,-29],[54,-60],[-1,-32],[-42,-42],[11,-48],[37,55],[36,12],[-7,38],[-23,65],[3,31],[53,-19],[1,42],[-18,34],[8,23],[51,7],[27,61],[-24,13],[-8,45],[14,34],[-2,36],[43,6],[8,-45],[18,-46],[30,22],[-15,98],[24,38],[50,8],[17,13],[24,50],[36,-51],[70,9],[49,-22],[-11,-70],[-33,3],[-20,-37],[23,-21],[-8,-22],[-56,-5],[-10,-26],[25,-14],[65,7],[27,-29],[22,22],[105,-9],[-82,46],[4,49],[40,58],[39,-43],[48,90],[-24,93],[2,61],[-25,70],[27,66],[-12,28],[10,41],[33,13],[6,45],[33,31],[5,42],[-14,13],[4,67],[-30,-22],[-31,60],[-32,8],[-23,23],[-2,53],[25,17],[-3,23],[24,20],[1,29],[-34,22],[-38,74],[3,46],[21,13],[44,111],[-6,27],[-53,48],[24,54],[60,-57],[5,48],[50,68],[35,3],[12,-37],[34,-24],[2,-29],[26,-27],[12,42],[59,-109],[0,-48],[27,-17],[35,10],[59,-28],[19,-43],[25,10],[33,62],[-8,33],[53,-9],[-33,-31],[10,-93],[-30,-6],[-14,-19],[-4,-47],[22,-10],[18,-33],[-75,-49],[-31,30],[-89,44],[-25,-24],[32,-39],[5,-66],[-23,-32],[1,-57],[-13,-12],[-40,7],[-14,-26],[5,-32],[35,-23],[11,-29],[-13,-27],[37,-33],[-30,-14],[-15,-50],[1,-30],[50,-38],[16,-2],[3,-68],[27,-47],[-4,-53],[20,-20],[-4,-63],[-20,-42],[-15,-128],[-50,-159],[-24,-59],[-27,-26],[8,-25],[-13,-48],[7,-53],[-23,-66],[18,-20],[19,73],[51,107],[8,62],[22,42],[16,85],[39,98],[-1,27],[38,70],[7,53],[16,43],[-2,47],[29,33],[61,21],[23,-5],[18,-32],[63,22],[5,22],[35,16],[23,-34],[29,52],[14,-10],[38,16],[1,47],[19,18],[-5,31],[54,-9],[14,-22],[-26,-28],[-28,-63],[-2,-24],[34,-6],[74,58],[56,20],[28,21],[25,-92],[-45,2],[-41,-20],[-30,3],[-19,-21],[-19,-54],[55,-57],[14,-56],[53,-53],[-20,-23],[-52,6],[1,-42],[57,-30],[13,-45],[-46,-2],[-24,-37],[-3,-44],[26,4],[13,-30],[23,3],[1,-72],[38,-30],[32,33],[43,-1],[24,-76],[39,4],[31,-39],[31,-100],[46,62],[28,-23],[32,16],[-23,38],[16,73],[-15,51],[-37,55],[-5,38],[-60,38],[-9,26],[27,33],[11,35],[34,7],[-3,58],[40,28],[56,-1],[19,30],[24,-14],[15,34],[40,-4],[10,-34],[-11,-41],[8,-24],[40,18],[4,-24],[40,-39],[28,5],[23,30],[-12,22],[37,35],[-27,26],[38,40],[29,-32],[72,-45],[32,35],[-27,57],[-5,54],[29,-9],[11,20],[-30,32],[3,95],[-59,9],[-3,32],[-23,32],[1,108],[-27,38],[-4,27],[-61,8],[-52,-25],[-3,36],[-26,60],[41,-5],[34,13],[17,-17],[34,21],[-9,34],[25,4],[4,27],[34,-2],[75,97],[26,5],[32,-18],[32,-1],[38,44],[-34,79],[16,31],[53,-13],[5,42],[-21,17],[-4,59],[-39,30],[3,24],[-31,50],[-4,37],[-27,69],[4,32],[44,4],[30,43],[81,-9],[39,22],[39,-11],[33,19],[40,66],[-14,27],[55,18],[19,112],[13,17],[-58,82],[58,34],[-15,53],[-6,65],[-23,2],[-48,30],[-6,45],[-21,48],[-48,63],[-48,34],[-52,-50],[-44,45],[-47,11],[-49,-33],[-29,-38],[-35,-25],[-46,17],[-49,44],[-22,52],[-43,6],[-8,29],[5,50],[-36,14],[-25,33],[19,32],[7,70],[-9,43],[-29,38],[41,36],[18,-66],[22,-19],[24,-53],[53,-19],[-17,-35],[-15,-92],[23,-6],[22,47],[24,4],[21,41],[-12,16],[13,40],[40,-14],[-21,-26],[23,-30],[18,35],[41,15],[-1,33],[-42,36],[8,16],[-33,35],[-38,-8],[-25,19],[7,24],[43,13],[23,21],[53,-5],[41,-15],[18,-83],[5,-62],[11,-39],[-12,-30],[14,-20],[32,29],[46,-39],[26,-8],[-6,60],[-37,24],[-6,18],[25,33],[-21,32],[25,39],[-39,48],[63,25],[-1,41],[-41,-27],[-35,-5],[-38,77],[-15,-8],[-91,50],[24,22],[-75,40],[1,23],[-35,5],[-29,-10],[-13,29],[51,13],[17,16],[27,-22],[58,-73],[41,1],[23,40],[-10,32],[24,11],[5,28],[39,34],[0,20],[32,45],[33,-22],[-37,-36],[-15,-55],[42,-24],[-3,-19],[-39,-29],[2,-31],[50,42],[9,34],[50,-6],[-15,-30],[83,-28],[8,47],[-4,53],[49,1],[18,-20],[36,-5],[-19,-54],[-45,-57],[-20,6],[-43,-43],[-8,-28],[57,20],[28,-27],[41,-11],[-92,-89],[-26,-54],[-32,-39],[-28,-6],[-17,-29],[5,-47],[41,32],[-2,21],[31,12],[42,42],[31,20],[20,36],[32,11],[62,40],[-1,16],[41,35],[74,-6],[31,13],[25,-94],[-48,31],[-52,1],[-25,-30],[-43,-2],[-50,-45],[-22,3],[-27,-54],[-23,-16],[33,-25],[53,39],[68,-11],[5,23],[45,6],[32,-46],[52,-4],[18,-48],[-29,-64],[-43,-18],[-44,-5],[-24,9],[-21,-31],[-38,-23],[-56,-11],[-35,-29],[22,-18],[43,18],[45,-9],[43,6],[-81,-80],[-14,-68],[12,-41],[34,81],[79,59],[56,4],[-23,-58],[15,-45],[31,-8],[12,-36],[-24,-42],[-41,5],[-44,-41],[-6,-35],[64,2],[-12,-32],[-20,-9],[-38,-73],[33,-61],[61,-18],[75,20],[34,-12],[-16,-31],[32,-16],[-24,-30],[4,-30],[-33,-4],[-9,-37],[-21,-38],[-10,-51],[34,1],[20,39],[46,-13],[35,-49],[51,75],[17,-7],[-22,-50],[16,-12],[35,66],[68,-41],[25,44],[-1,48],[42,44],[32,-25],[17,32],[57,32],[24,-10],[9,37],[-35,58],[-32,31],[-37,10],[-20,38],[-4,49],[-28,0],[-3,-40],[-26,-13],[-17,59],[20,47],[-4,31],[31,22],[7,32],[-13,43],[10,19],[75,-4],[42,10],[-4,163],[-33,23],[25,36],[52,-13],[64,14],[12,-14],[40,6],[8,40],[29,67],[6,34],[97,15],[20,30],[0,34],[43,63],[27,-26],[-8,-34],[20,-24],[40,-20],[65,51],[40,-1],[37,78],[-2,84],[33,-34],[42,15],[44,50],[20,45],[29,-4],[44,-33],[80,39],[12,-40],[-40,-28],[-38,-3],[-47,-24],[-26,-31],[-29,-63],[-46,-52],[-33,-63],[-46,12],[-15,-8],[-16,-45],[2,-42],[37,-77],[-52,-6],[-18,-32],[-71,-81],[-24,-16],[5,-100],[57,-27],[39,17],[3,18],[42,-5],[30,35],[48,24],[18,47],[32,-31],[6,-35],[-17,-20],[-41,9],[-16,-27],[-32,-9],[-10,-48],[11,-47],[-2,-37],[69,-75],[14,-30],[25,-8],[41,39],[47,2],[22,-19],[19,45],[34,4],[20,-65],[-22,-15],[-22,-41],[13,-35],[-13,-27],[27,-64],[-9,-66],[-12,-26],[40,-52],[69,0],[32,-31],[14,13],[-7,109],[26,42],[-13,81],[46,0],[45,-46],[56,24],[1,40],[23,11],[3,67],[-19,91],[20,41],[18,14],[12,56],[-20,15],[-1,54],[-19,16],[2,38],[-21,32],[25,18],[48,-25],[5,-30],[59,-72],[27,-2],[10,-24],[-14,-51],[10,-58],[18,-10],[42,19],[18,38],[33,2],[9,27],[-22,58],[-4,35],[26,19],[15,-19],[27,19],[21,100],[-14,11],[51,53],[30,12],[4,35],[-31,46],[6,63],[-37,14],[-32,-30],[-15,-30],[-22,-2],[-77,26],[-22,49],[-6,46],[42,67],[-7,37],[26,12],[50,-103],[48,17],[36,-11],[34,32],[-22,46],[32,14],[46,-1],[5,-24],[46,19],[21,28],[39,-10],[36,-36],[-30,-28],[44,-13],[68,49],[30,31],[78,1],[46,-21],[11,-24],[31,-1],[5,-50],[13,-11],[45,14],[40,33],[-38,52],[-16,7],[-69,79],[-62,40],[-1,17],[-44,21],[-21,-6],[-3,43],[-51,-4],[-41,9],[-41,-5],[18,48],[-17,25],[1,36],[-29,84],[-33,42],[-19,7],[-44,53],[-19,48],[-2,40],[-34,64],[8,79],[-39,25],[-28,47],[7,16],[45,12],[25,19],[12,-26],[53,25],[38,-36],[14,60],[28,-7],[32,26],[41,10],[3,-41],[43,-35],[2,-41],[-21,-58],[62,-34],[0,56],[14,25],[39,8],[51,-18],[10,24],[-42,35],[-39,56],[-9,60],[20,17],[60,-13],[-2,30],[48,17],[62,-46],[-2,-29],[34,2],[57,-15],[17,-25],[66,42],[-22,33],[-47,3],[-16,53],[43,16],[48,-6],[38,-21],[12,26],[67,-61],[14,-32],[23,-16],[6,-74],[35,-36],[12,66],[34,-75],[72,-22],[-27,-23],[-13,-46],[-33,-30],[29,-16],[44,23],[14,-40],[30,-9],[8,74],[35,0],[14,-44],[-25,-42],[-13,-52],[19,-27],[33,12],[18,40],[38,17],[42,-19],[-1,-64],[-21,-30],[-32,2],[-9,-27],[28,-30],[2,-54],[-26,-16],[13,-28],[61,18],[18,21],[49,13],[11,-25],[-25,-63],[25,-36],[-45,-66],[15,-14],[24,24],[28,-41],[-16,-39],[61,-29],[-34,-51],[13,-40],[27,9],[81,-47],[-7,41],[36,19],[-19,42],[26,28],[3,45],[13,34],[75,26],[-18,30],[-30,5],[15,34],[64,14],[24,-25],[9,-44],[-19,-57],[-16,-14],[16,-53],[30,-5],[28,-51],[19,84],[56,5],[19,32],[2,62],[25,65],[80,10],[22,15],[38,-54],[34,-19],[1,-66],[24,1],[64,-92],[34,-27],[49,0],[28,-14],[33,18],[20,47],[-15,43],[-43,10],[-28,33],[-5,52],[55,16],[33,30],[49,-12],[6,-38],[34,-23],[10,-25],[45,-33],[41,-14],[68,-96],[7,36],[20,8],[11,37],[27,0],[-4,-64],[-11,-38],[50,-26],[33,-46],[31,7],[5,-34],[29,-28],[7,-45],[-24,-39],[-22,-12],[-24,-35],[42,-45],[-39,-84],[30,-38],[28,13],[51,-25],[1,-63],[29,-3],[17,69],[21,6],[16,-27],[38,-21],[40,19],[9,-22],[-17,-25],[-33,-19],[58,-18],[14,18],[39,-11],[-9,-51],[-27,-43],[-24,-21],[6,-27],[38,26],[44,41],[17,-26],[27,26],[39,-40],[6,-56],[40,-8],[43,-59],[28,-19],[62,14],[18,-12],[11,-42],[28,-35],[79,-40],[-8,-31],[33,-24],[19,3],[38,-34],[-9,-57],[3,-39],[65,-25],[26,-56],[-10,-55],[38,-15],[45,-37],[34,-54],[6,-40],[25,3],[40,-24],[2,-26],[40,-40],[51,-28],[12,-58],[53,-72],[7,-34],[-11,-24],[-35,-10],[2,-29],[46,21],[19,-87],[3,-78],[33,-12],[28,32],[34,-72],[41,13],[21,-27],[-11,-118],[-23,-47],[18,-43],[33,-7],[21,-33],[9,-46],[35,-60],[18,-13],[54,45],[24,1],[20,23],[29,-87],[52,-55],[15,4],[42,-23],[50,20],[55,-85],[23,-9],[-45,-40],[-5,-46],[-19,-58],[33,-46],[31,3],[24,-24],[-15,-26],[8,-35],[39,-19],[54,40],[31,7],[19,23],[-9,53],[22,27],[26,-60],[61,-3],[18,-28],[51,-29],[75,-94],[29,-50],[33,-19],[15,-46],[-19,-16],[-5,-54],[23,-21],[53,24],[62,-19],[31,-33],[30,5],[46,-32],[24,-53],[-22,-47],[62,14],[35,-92],[17,-14],[89,-30],[30,8],[20,28],[64,-20],[31,-49],[-27,-27],[9,-53],[32,-18],[-15,-31],[-23,-14],[-58,76],[-27,-4],[-37,-26],[-2,-52],[-15,-48],[-17,-101],[5,-37],[22,-64],[46,-67],[-8,-40],[-56,-6],[-27,-12],[-49,3],[-54,-21],[-32,-35],[-64,-35],[17,-43],[62,2],[-59,-138],[-23,-89],[-38,-108],[24,-80],[-6,-36],[3,-88],[-53,-85],[-7,-84],[14,-25],[-26,-27],[31,-95],[-31,-12],[-10,-41],[-46,-48],[-13,-31],[-6,-53],[10,-48],[19,-42],[-7,-55],[16,-67],[53,-50],[-9,-65],[-19,-36],[7,-72],[-9,-43],[-36,-47],[-3,-19],[26,-30],[-15,-27],[19,-28],[-25,-21],[4,-31],[27,-27],[8,-52],[-44,-32],[-31,-50],[-46,-14],[-50,52],[-2,-28],[23,-40],[49,-30],[-6,-51],[13,-59],[72,-128],[12,-48],[-1,-58],[-23,-109],[-24,-83],[-81,-175],[-29,-39],[-43,-16],[-24,-31],[3,-25],[84,1],[55,30],[30,35],[42,31],[46,63],[10,61],[49,91],[17,55],[7,81],[16,96],[-6,105],[19,94],[4,70],[-3,99],[-11,57],[-46,98],[-46,33],[-3,26],[48,21],[-9,131],[27,16],[-3,26],[17,48],[21,19],[66,-71],[75,-38],[54,-46],[48,-53],[82,-130],[90,-96],[13,-30],[62,-57],[15,-29],[-9,-34],[28,-42],[55,-54],[15,-34],[-14,-67],[11,-52],[6,-102],[32,-113],[18,-27],[4,-32],[-23,-59],[16,-67],[74,-86],[29,-19],[-3,-35],[26,-41],[27,-9],[16,40],[-37,-6],[-3,40],[-25,40],[-23,9],[-25,45],[-30,21],[-12,32],[7,77],[18,90],[1,39],[-28,14],[-9,25],[-11,110],[0,65],[26,84],[6,100],[-41,105],[-46,76],[-40,42],[-94,75],[-14,19],[-39,107],[-36,86],[2,58],[9,42],[4,68],[-14,120],[3,33],[-43,81],[-60,68],[7,69],[30,98],[70,166],[17,68],[13,22],[44,27],[24,4],[62,45],[36,2],[64,36],[58,-74],[44,-104],[12,-44],[28,-61],[17,16],[-64,174],[-85,128],[18,136],[69,44],[27,-24],[12,-52],[-2,-69],[13,-67],[56,-145],[10,-55],[23,-76],[23,-37],[1,-32],[20,-62],[31,34],[-26,79],[-15,94],[-3,107],[53,-7],[53,-48],[79,-115],[11,8],[-88,151],[-65,48],[-72,62],[-12,28],[10,67],[15,27],[-3,70],[5,83],[-6,66],[8,41],[23,3],[25,-21],[54,-91],[19,-49],[45,-64],[35,-38],[40,-23],[27,-102],[20,-39],[67,-87],[28,28],[-24,43],[-45,50],[-34,120],[-27,51],[-25,94],[8,44],[-54,119],[43,-3],[43,-41],[58,-116],[40,-55],[86,-134],[37,-37],[61,-47],[15,-68],[26,-29],[-4,-40],[13,-35],[21,71],[-39,110],[-80,73],[-46,71],[-19,66],[27,63],[-34,71],[-5,28],[-28,30],[-71,108],[-8,25],[-85,82],[-82,51],[-43,-12],[-17,36],[52,52],[31,0],[61,31],[50,-27],[27,-31],[67,37],[42,11],[4,32],[32,28],[38,-23],[75,43],[60,-13],[16,-20],[30,14],[-8,32],[48,36],[21,-1],[30,-40],[29,-6],[47,-49],[44,-17],[22,-25],[39,-11],[49,20],[30,-18],[17,21],[-52,46],[53,6],[30,-6],[58,-27],[102,-3],[60,-19],[58,-52],[47,-28],[22,-24],[7,-31],[39,-38],[61,14],[63,-12],[109,-28],[12,-16],[57,-14],[16,-16],[48,-16],[81,-4],[19,-8],[45,16],[86,10],[62,-3],[26,-26],[53,-9],[13,-26],[34,1],[58,-18],[18,17],[20,-34],[30,6],[100,-12]],[[123655,126954],[-1,-827],[-1,-861],[-2,-449],[0,-299],[0,-1090],[0,-784],[0,-561],[0,-603],[0,-676],[0,-812],[0,-856],[0,-571],[0,-848]],[[107020,126666],[-25,-22],[-29,35],[4,18],[47,-9],[3,-22]],[[105185,122374],[41,-16],[-2,-51],[20,-70],[28,-16],[40,26],[23,-14],[8,-70],[-12,-12],[-120,28],[-54,150],[28,45]],[[105319,122317],[-3,-27],[-35,-14],[-27,41],[4,68],[21,-5],[31,-34],[9,-29]],[[105244,122265],[18,41],[23,-44],[-22,-25],[-19,28]],[[106690,122240],[-38,8],[-49,-27],[-8,-27],[-46,-26],[-67,13],[38,75],[18,50],[109,62],[-15,21],[10,29],[43,-4],[30,-18],[17,-32],[-6,-31],[-33,-50],[-3,-43]],[[106172,122186],[12,29],[-13,80],[22,39],[-8,44],[26,65],[26,-4],[-11,-41],[13,-18],[1,-74],[-9,-33],[-29,-30],[-14,-122],[-22,-28],[6,93]],[[106857,122885],[26,41],[23,18],[44,13],[-20,-48],[-73,-24]],[[106190,121909],[23,78],[1,35],[30,-10],[-9,-52],[-45,-51]],[[106158,122517],[-20,32],[10,48],[34,2],[8,-32],[-32,-50]],[[106174,122663],[-15,48],[23,25],[5,-64],[-13,-9]],[[106313,124377],[3,32],[29,31],[18,-26],[-50,-37]],[[106374,124732],[-69,-5],[-14,-32],[22,-43],[-36,-10],[-32,5],[15,60],[25,23],[-9,32],[13,24],[-13,41],[-24,-52],[-16,1],[-30,52],[10,39],[42,-6],[7,42],[53,-12],[-32,54],[3,37],[35,30],[36,7],[-7,49],[71,-12],[15,41],[-62,-12],[-45,35],[25,22],[20,43],[72,23],[17,15],[34,-13],[6,27],[73,83],[23,-12],[-3,-35],[23,-23],[-13,-33],[15,-28],[-2,-33],[-36,-79],[4,-58],[27,-3],[49,39],[28,-33],[8,-82],[-15,-36],[40,-1],[14,20],[30,-10],[7,-40],[48,-49],[19,-49],[-26,-30],[13,-34],[63,-33],[29,7],[31,-19],[-67,-45],[-16,-21],[-36,-7],[-22,-40],[-36,20],[-35,-27],[-31,-6],[-19,-23],[-48,-14],[-9,-23],[-80,-23],[-59,-2],[-30,19],[-19,31],[-20,-22],[-22,21],[11,37],[32,48],[44,-11],[41,60],[39,31],[0,23],[78,52],[51,10],[-8,22],[-72,-20],[-53,-44],[-27,6],[0,65],[-41,-18],[-20,25],[-23,-4],[-8,-28],[38,0],[-22,-41],[-28,26],[-49,-82],[-26,33],[11,38]],[[105892,125006],[-17,-31],[-20,23],[-40,-4],[-33,50],[-26,17],[28,62],[108,43],[32,-9],[22,15],[29,-21],[62,67],[6,45],[30,30],[37,0],[28,30],[10,-33],[25,-14],[19,-33],[-25,-87],[51,-66],[-44,-40],[-34,-6],[-10,-27],[-66,14],[1,39],[-50,38],[-28,-60],[-25,-1],[-10,-72],[-32,-2],[-7,42],[-21,-9]],[[105521,125133],[17,-55],[-32,-32],[-20,17],[-41,-8],[-26,25],[-50,-39],[-13,-33],[-29,11],[-2,55],[7,42],[67,20],[62,46],[40,12],[20,-61]],[[105857,124764],[-9,-26],[-4,-66],[-72,62],[-19,38],[42,65],[18,-22],[35,-2],[9,-49]],[[105611,124869],[21,44],[54,56],[28,6],[48,72],[21,-87],[-47,-26],[-62,-47],[-11,-25],[-52,7]],[[106793,125179],[15,40],[74,3],[14,-39],[-36,4],[-27,-40],[-26,-6],[-14,38]],[[106767,124435],[-13,44],[7,38],[48,8],[-9,-66],[-33,-24]],[[106378,125449],[-25,42],[44,28],[25,-43],[-26,-35],[-18,8]],[[105918,125373],[-3,47],[40,-17],[8,-54],[-20,-26],[-25,50]],[[106252,125019],[-7,29],[32,9],[6,-55],[-31,17]],[[106497,125370],[0,21],[32,34],[9,-30],[-41,-25]],[[114198,131273],[-15,-45],[-40,27],[-21,-22],[-26,-1],[-37,60],[-6,30],[29,75],[38,14],[33,-30],[79,6],[38,-17],[29,-29],[43,-21],[35,8],[39,-48],[36,27],[42,-51],[0,-32],[-37,-21],[-40,42],[-10,24],[-109,-6],[8,18],[-68,0],[-17,16],[-23,-24]],[[112157,129583],[-18,-84],[12,-16],[41,-11],[20,29],[21,-29],[57,-47],[13,-45],[-15,-41],[-26,5],[-29,39],[-20,-5],[-6,-90],[-83,33],[-27,26],[19,43],[-8,33],[-42,22],[1,22],[27,27],[-23,53],[86,36]],[[111039,128725],[-7,60],[8,42],[34,22],[-21,34],[17,57],[-13,38],[6,25],[29,25],[65,-16],[21,-21],[0,-26],[-32,-10],[-20,-25],[15,-23],[-3,-32],[26,-18],[0,-38],[18,-19],[-19,-30],[-34,-12],[-18,-32],[-63,-12],[-9,11]],[[110318,128939],[28,-57],[29,-89],[-14,-13],[-5,-55],[57,-4],[30,-37],[-30,-23],[-47,2],[-28,21],[-28,-15],[-22,41],[4,57],[-48,57],[17,64],[57,51]],[[111931,129342],[35,10],[-23,37],[33,12],[19,-37],[0,-44],[15,-23],[-40,-18],[-16,-34],[10,-21],[-8,-47],[-46,-64],[-27,5],[-18,56],[20,25],[-1,49],[25,6],[18,48],[4,40]],[[113557,130826],[0,21],[-41,52],[54,36],[30,-36],[74,-28],[-26,-42],[-11,-46],[-37,-10],[-43,53]],[[110018,128634],[-28,74],[40,-6],[37,-32],[52,-22],[8,34],[33,-9],[16,-41],[-15,-29],[-61,-32],[-49,43],[-33,20]],[[112157,129786],[37,46],[86,-28],[-15,-37],[-50,-21],[-45,6],[-21,-21],[-49,30],[22,18],[35,7]],[[112747,130980],[-25,17],[49,59],[-2,19],[23,44],[60,23],[19,-37],[-33,-38],[-30,-15],[-61,-72]],[[108249,128496],[-48,28],[20,110],[31,21],[24,-47],[5,-58],[-27,-22],[-5,-32]],[[113310,131138],[15,4],[32,-68],[-38,-76],[-33,-31],[-13,62],[12,16],[25,93]],[[112105,129167],[-42,-1],[-1,-28],[-33,-34],[-18,14],[23,75],[52,42],[17,-9],[2,-59]],[[108196,128986],[-21,26],[17,38],[-14,24],[-29,1],[37,51],[36,-49],[-26,-91]],[[108197,128851],[-10,67],[41,11],[23,-20],[10,-48],[-32,-14],[-32,4]],[[110694,130994],[4,40],[-17,13],[-6,40],[10,37],[31,-3],[-8,-28],[16,-36],[26,9],[7,-29],[-42,-19],[-21,-24]],[[109393,129600],[25,19],[55,-5],[-1,-36],[-20,-5],[-12,-37],[-43,16],[-4,48]],[[114506,131388],[-22,47],[27,30],[28,-13],[-9,-38],[22,-23],[-51,-37],[5,34]],[[113288,131155],[-13,49],[11,35],[24,19],[23,-4],[4,-59],[-49,-40]],[[109241,128938],[20,28],[-33,28],[97,5],[-7,-35],[-39,-26],[-38,0]],[[109094,129438],[-5,12],[40,113],[26,-37],[2,-44],[-23,-25],[-40,-19]],[[113303,131310],[-20,25],[10,44],[44,-10],[12,-48],[-13,-29],[-33,18]],[[114338,129891],[9,34],[30,-13],[24,-41],[-14,-33],[-40,18],[-9,35]],[[109312,128706],[-21,35],[-35,12],[-1,38],[48,-9],[27,-63],[-18,-13]],[[112063,128858],[6,44],[40,7],[33,-16],[-22,-33],[-31,-13],[-26,11]],[[111089,129975],[-19,7],[-13,36],[29,37],[32,-15],[-3,-54],[-26,-11]],[[114783,131126],[16,-39],[-49,-41],[3,52],[30,28]],[[110978,130189],[-18,23],[2,61],[-7,44],[31,-5],[-2,-59],[8,-26],[-14,-38]],[[116566,131267],[23,30],[3,40],[47,-86],[-20,-9],[-53,25]],[[112101,129408],[-12,-35],[-32,-35],[-34,13],[9,28],[46,32],[23,-3]],[[110221,128909],[-16,26],[16,21],[58,-20],[-38,-30],[-20,3]],[[110518,129221],[-17,-4],[-17,35],[16,39],[25,-18],[7,-28],[-14,-24]],[[113170,131128],[27,-21],[44,-10],[4,-27],[-38,-6],[-37,64]],[[110876,129204],[23,-10],[-13,-43],[-31,8],[-1,46],[22,-1]],[[110896,130097],[5,-42],[-46,29],[9,22],[32,-9]],[[113040,130110],[-29,33],[2,23],[47,3],[-2,-43],[-18,-16]],[[114440,131042],[-30,35],[21,29],[28,-48],[-19,-16]],[[108797,127979],[-7,47],[-44,21],[-27,-15],[-50,6],[-21,85],[12,37],[-2,52],[-10,35],[8,59],[14,25],[-21,64],[23,17],[24,-17],[40,5],[6,-29],[78,35],[-17,27],[33,13],[-2,45],[35,16],[-51,22],[-27,-34],[-22,71],[-29,33],[1,42],[17,39],[26,9],[39,55],[74,10],[-19,26],[-7,47],[31,-1],[21,31],[43,-24],[28,-56],[-3,-23],[27,-33],[31,-4],[59,-82],[-34,-22],[20,-25],[1,-41],[-45,-130],[-30,-36],[-38,12],[3,-56],[30,-16],[16,34],[35,-66],[-6,-58],[16,-30],[31,-4],[-7,-38],[-51,-32],[-29,33],[-27,-55],[-1,-50],[-31,-7],[-33,50],[-29,-46],[-42,-33],[10,-52],[-26,-32],[-44,44]],[[108963,126203],[-8,-65],[38,-10],[50,40],[18,-18],[44,-11],[50,-1],[13,-25],[-4,-60],[-26,-45],[22,-22],[-48,-23],[-71,-51],[-6,-18],[-34,-13],[-63,17],[-18,42],[0,28],[35,26],[-18,31],[-3,44],[-35,17],[0,42],[-35,16],[-8,59],[32,17],[-16,34],[46,42],[30,-25],[-4,-22],[19,-46]],[[107939,126331],[23,48],[-24,25],[-21,-19],[-29,16],[26,45],[36,1],[19,35],[-7,32],[-59,-35],[-29,-39],[-10,37],[-32,-35],[-20,52],[23,15],[-5,27],[48,60],[14,-14],[-2,-47],[55,4],[29,16],[10,73],[28,19],[-17,29],[-28,3],[-15,55],[11,31],[22,-7],[18,-77],[42,-59],[-14,-27],[17,-17],[-7,-60],[19,-45],[-42,-60],[21,-33],[33,25],[39,4],[-40,-68],[12,-37],[39,-21],[-42,-53],[-33,-18],[-4,40],[-25,28],[-20,-23],[-21,44],[-38,30]],[[107545,125378],[19,31],[43,-51],[45,20],[19,-27],[38,-10],[24,-44],[-25,-48],[-8,-33],[-28,-24],[-103,-60],[-25,-36],[-67,64],[20,53],[-13,65],[31,17],[15,76],[15,7]],[[108369,125001],[45,0],[7,-23],[-19,-61],[-30,-62],[-29,-76],[-32,-11],[-44,2],[-18,21],[-5,35],[11,31],[44,36],[38,58],[3,22],[29,28]],[[109238,128085],[23,-16],[-2,-30],[49,-44],[-51,-33],[-27,12],[-22,38],[-29,-15],[-4,-50],[-37,-29],[-34,4],[-38,32],[64,68],[18,-2],[25,62],[21,4],[27,33],[17,-34]],[[108144,126060],[-16,64],[34,115],[30,7],[31,-66],[-3,-32],[-35,-49],[-6,-39],[-24,-37],[-33,-22],[-17,32],[39,27]],[[109162,126446],[-3,20],[36,30],[5,30],[44,32],[10,-51],[-18,-9],[-5,-43],[-23,-28],[-46,19]],[[108098,124819],[-11,14],[11,38],[93,58],[30,-14],[-3,-30],[-33,-8],[-57,-45],[-30,-13]],[[108059,126108],[7,63],[35,61],[34,-3],[-13,-58],[-30,-66],[-33,3]],[[109342,128237],[-56,9],[-22,24],[42,18],[-13,40],[17,15],[36,-37],[-4,-69]],[[109233,126008],[-40,5],[-32,-22],[6,59],[27,-4],[39,36],[26,-34],[-26,-40]],[[107719,125103],[-15,18],[36,57],[17,-17],[-14,-29],[9,-73],[-31,-10],[-17,21],[15,33]],[[109031,126666],[23,20],[25,-41],[-17,-27],[-5,-46],[-38,17],[-9,31],[21,46]],[[107518,125445],[-35,23],[29,60],[30,-56],[-24,-27]],[[107266,126798],[26,-7],[-11,-109],[-17,14],[7,31],[-11,35],[6,36]],[[107437,126354],[37,4],[-33,-79],[-25,-11],[-12,28],[33,58]],[[110010,125808],[18,15],[36,-9],[53,6],[14,-13],[-19,-45],[-52,42],[-50,4]],[[108386,127336],[-26,25],[22,59],[21,-34],[-17,-50]],[[107768,126323],[-26,8],[-20,-44],[-33,36],[54,52],[25,-52]],[[107303,126637],[23,33],[33,3],[7,-54],[-63,18]],[[109900,128344],[-8,24],[14,34],[31,5],[11,-39],[-48,-24]],[[109643,126321],[4,39],[16,16],[19,-41],[-12,-41],[-27,27]],[[109628,126081],[35,27],[26,-35],[-34,-28],[-39,6],[12,30]],[[108978,127071],[31,-78],[-39,10],[-12,39],[20,29]],[[109927,128440],[22,47],[29,-38],[-14,-33],[-37,24]],[[108449,125025],[0,40],[36,-2],[-11,-53],[-25,15]],[[107681,124919],[32,23],[25,-37],[-46,-13],[-11,27]],[[107106,126618],[-29,23],[-16,33],[13,24],[25,-40],[7,-40]],[[108312,125491],[-10,32],[23,14],[16,-43],[-29,-3]],[[109980,128323],[1,-53],[-37,3],[36,50]],[[108819,127457],[-23,53],[26,-2],[18,-49],[-21,-2]],[[108938,126691],[-1,53],[21,3],[-1,-41],[-19,-15]],[[109567,125962],[-19,46],[27,2],[-8,-48]],[[108800,127876],[12,39],[25,-28],[-37,-11]],[[108171,125565],[-21,7],[1,32],[26,3],[-6,-42]],[[121518,126885],[-9,38],[29,5],[63,-58],[21,-38],[2,-27],[-24,-66],[-51,68],[-31,78]],[[121470,126977],[25,12],[13,-37],[-13,-23],[-25,48]],[[120297,125733],[-31,63],[0,44],[-21,49],[4,39],[21,24],[18,52],[-10,38],[9,26],[12,100],[-20,43],[26,33],[26,-27],[37,-2],[37,-43],[-5,-59],[9,-47],[27,-70],[29,-42],[40,-38],[31,-16],[42,-54],[5,-49],[-29,-89],[3,-76],[13,-45],[-10,-15],[-92,77],[-75,45],[-96,39]],[[120535,125525],[-6,-32],[-134,138],[49,-5],[48,-32],[34,-34],[9,-35]],[[120204,125667],[15,33],[26,-42],[-24,-77],[-35,-14],[18,100]],[[120973,127519],[-31,72],[54,-4],[40,-25],[43,-49],[-37,-33],[-20,9],[-20,-22],[-31,30],[2,22]],[[120822,125034],[10,26],[28,-23],[27,-94],[-58,50],[-7,41]],[[120771,125133],[-24,36],[21,11],[61,-68],[-30,-4],[-28,25]],[[120851,125120],[35,-14],[24,-47],[-13,-14],[-33,43],[-13,32]],[[119193,128782],[-6,29],[47,22],[9,70],[40,21],[37,-30],[7,-89],[-45,-21],[-18,-45],[-26,-25],[-24,13],[-21,55]],[[119084,129162],[-26,35],[5,40],[26,13],[29,-18],[-3,-43],[-31,-27]],[[118671,129771],[29,26],[18,-15],[-21,-34],[-26,23]],[[115446,130944],[-36,26],[-48,14],[-88,-15],[1,60],[19,12],[54,-23],[60,-9],[41,-26],[30,14],[18,-34],[33,-27],[20,-36],[34,-10],[-27,-30],[-40,-4],[3,48],[-13,24],[-61,16]],[[197639,12476],[40,11],[2,-46],[22,-38],[74,-78],[32,-14],[-2,-50],[19,-53],[32,-19],[13,-51],[44,-45],[39,-13],[-70,-60],[-89,-116],[-85,-1],[-63,-50],[57,-34],[31,5],[41,-45],[-19,-102],[-21,-53],[-42,-76],[-10,-64],[5,-68],[23,-54],[31,-45],[-18,-33],[-41,-34],[12,-98],[45,-16],[-9,-20],[6,-62],[61,-100],[52,12],[10,-31],[52,26],[35,-25],[-19,-74],[-32,-37],[-25,-1],[-32,-39],[9,-45],[-24,-19],[-56,-6],[-2,31],[21,25],[-5,39],[-58,8],[-22,-45],[2,-46],[-15,-30],[16,-37],[-62,-32],[-27,2],[40,-69],[42,3],[70,62],[64,30],[13,47],[49,42],[50,70],[56,31],[25,-33],[-78,-53],[-42,-54],[-26,-67],[-25,-105],[-46,-86],[-25,-27],[-18,-66],[-3,-54],[-31,-50],[-17,-53],[0,-55],[-35,-81],[-4,-37],[-57,25],[-63,-15],[33,-32],[19,43],[67,-28],[-2,-113],[11,-67],[21,4],[16,-59],[3,-51],[23,-60],[1,-48],[31,-31],[21,5],[21,-44],[39,-16],[3,-63],[13,-53],[3,-101],[-23,-21],[5,-34],[-42,-38],[-43,-69],[-14,-59],[-3,-57],[24,-36],[-35,-59],[-7,-54],[20,-73],[50,-23],[7,-34],[-58,-17],[-29,-44],[-57,-138],[-9,-61],[5,-44]],[[197670,8460],[-50,2],[-52,-41],[-17,-77],[-61,3],[-45,-17],[-9,-38],[-63,10],[-29,-128],[-50,45],[-37,17],[-22,30],[-36,16],[20,83],[-9,61]],[[197210,8426],[-7,67],[-40,14],[-51,55],[64,39],[-10,55],[10,34],[-64,68],[-123,-18],[-74,12],[8,46],[-81,11],[-13,-62],[-28,5],[-2,-54],[19,-3],[-12,-56],[-55,17],[-20,28],[-73,12],[-34,-18],[-6,-25],[-69,12],[-10,-46],[-46,22],[-69,10],[-26,21],[5,27],[-58,9],[-19,-139],[24,-4],[-8,-42],[-53,8],[12,63],[-57,9],[-10,-46],[-51,8],[8,37],[-209,33],[-3,34],[-74,78],[-43,-27],[-46,-13],[-75,87],[61,29],[33,30],[2,40],[-36,18],[-25,31],[57,33],[-21,51],[-21,12],[7,54],[-56,16],[-18,29],[-2,40],[23,38],[110,-22],[17,100],[-47,-1],[15,89],[-36,6],[-103,230],[-152,24],[-130,215],[-36,32],[-63,-14],[-45,48],[21,28]],[[195296,9950],[-17,62],[-36,23],[-26,33],[5,103],[-49,8],[13,75],[-50,8],[9,43],[-69,74]],[[195076,10379],[910,41],[25,-4],[163,694],[50,219],[174,-16],[270,67],[297,93],[0,33],[-31,12],[-35,40],[-9,35],[21,40],[-23,37],[34,61],[1,27],[41,31],[-6,35],[-26,17],[-10,44],[11,67],[17,35],[8,118],[-10,31],[19,127],[29,75],[83,-29],[18,82],[29,-9],[235,-36],[4,11],[90,-25],[28,17],[-14,48],[44,11],[15,26],[87,48],[24,-6]],[[194288,4645],[25,-107],[-106,-92],[9,-8],[-83,-57],[-60,47],[-41,-130],[21,-1],[7,-75],[-56,-7],[-22,-25],[5,-45],[-56,32]],[[193931,4177],[-26,37],[-58,1],[-25,20],[-14,54],[14,42],[-10,16],[-103,49],[-78,18],[-60,51],[-54,-27],[-8,-45],[-80,-35],[-29,-2],[-33,-25],[-23,-50],[-30,-12]],[[193314,4269],[-31,66],[-39,18],[6,24],[-29,48],[-50,38],[7,31]],[[193178,4494],[109,32],[36,20],[21,-10],[56,14],[199,80],[15,29],[58,24],[27,-23],[30,7],[39,-15],[86,22],[28,41],[90,58],[27,-25],[51,-7],[-9,-34],[75,-11],[57,-34],[68,22],[-7,-31],[54,-8]],[[188334,11804],[19,80],[40,-8],[99,9],[30,-27],[46,1],[50,-19],[11,-52],[47,-25],[55,-4],[64,15],[57,-12],[26,-48],[-11,-46]],[[188867,11668],[-40,-62],[-10,-46],[-35,-26],[5,-19],[-36,-50],[22,-40],[34,-32],[-2,-43],[-29,-78],[-77,-65],[-12,-60],[11,-130],[20,-55],[-46,-13],[-59,-32],[-43,-47],[-3,-34],[-49,-8],[-27,-26],[2,-32],[-36,-57],[-72,-34],[9,-46],[-24,-30],[35,-39],[-31,-46],[-3,-29]],[[188371,10489],[-118,-2],[-680,1],[-1,411],[39,0],[-1,101],[-23,21],[18,76],[66,37],[67,19],[43,27],[14,42],[46,15],[107,90],[65,83],[52,13],[27,70],[25,2],[61,30],[16,35],[63,28],[10,122],[51,55],[16,39]],[[188867,11668],[9,37],[51,17],[35,-8],[39,-41],[83,-40],[47,-7],[23,-23],[56,-3],[52,-54],[90,-11],[16,-13],[55,0],[33,-18],[-10,-31],[19,-16],[69,-23],[41,-2],[32,-41],[-43,-14],[9,-22],[40,8],[1,31],[64,-12],[57,4],[22,-14],[48,1],[55,-20],[56,11],[6,-117],[13,-45]],[[189935,11202],[-43,-41],[4,-21],[38,-35],[-25,-74],[21,-26],[0,-86],[18,-46]],[[189948,10873],[-30,-41],[-60,1],[-22,27],[-40,-19],[-50,-50],[-6,-33],[13,-71],[-19,-23],[-59,1],[-8,-55],[-60,-79],[-51,-48],[-41,-25],[-29,3],[-27,-29],[-54,-10],[10,-59],[-19,-5],[-38,-73],[-36,-21],[0,-38],[-31,-53],[20,-9],[9,-60],[-20,-65],[-17,7],[-495,21],[-389,-62]],[[188399,10005],[0,248],[-3,236],[-25,0]],[[189989,11376],[-7,-33],[-30,-16],[19,-37],[-9,-40],[33,-56],[-60,10]],[[189935,11204],[-12,51],[18,36],[-11,74],[16,22],[43,-11]],[[191920,8858],[58,3],[74,38],[43,51],[30,17],[54,-71],[37,-8],[0,-43],[-18,-19],[-17,-54],[29,-11],[-93,-76],[51,-55],[17,-1],[55,-43],[37,15],[2,-47],[-54,-4],[21,-69],[29,-15],[68,5],[87,-57],[49,-62],[29,-3],[50,28],[69,-35],[88,-3],[-5,-64],[22,-57],[29,-29],[11,-34],[42,-6],[-8,-47],[45,-16],[64,-9],[66,-64],[139,-92],[84,-2],[36,14],[104,-9],[93,99],[33,-83],[231,-620],[68,-25],[42,-49],[-21,-12],[30,-63],[19,10],[39,-48],[-59,-31],[-27,19],[5,-185],[6,-7]],[[193803,6929],[62,-74],[9,-59],[-27,-106],[-95,15],[-98,46],[-109,-64],[-7,-33],[132,-45],[25,5],[15,-35],[-98,-13],[-60,-32],[-43,-34],[107,-86],[-11,-56],[20,-55],[57,-77],[37,2],[-8,-40],[-41,16],[-11,-21],[-48,-4],[-69,-36],[0,-25],[-48,-19],[9,-27],[-24,-132],[-91,7],[-16,-32],[53,-23],[-9,-45],[46,-6],[33,-18],[-25,-80],[-14,2],[-8,-77],[-82,0],[-77,12],[-44,-73],[-8,-57],[-113,15],[-8,-43],[-24,3],[-16,-94],[-118,22],[-90,11],[-12,-57],[37,-6],[-14,-59],[26,-4],[-14,-63],[46,-48],[34,-7],[23,-81],[-50,-49],[-31,-1],[5,-38],[-66,-66],[77,-51],[-27,-35],[57,-34],[-32,-37],[5,-28],[-23,-47]],[[192909,4753],[-21,-30],[-39,29],[-23,-25],[-27,18],[-40,-10],[-34,-38],[-39,23],[-20,-27],[-39,22],[-54,-69],[-23,-1],[-56,-32],[-65,0],[-14,76],[-31,32],[-35,-27],[-46,1],[-29,-24],[-38,-8],[-28,23],[-94,-9],[-55,11],[-45,22],[-55,-68],[-39,8],[-18,25],[-44,-8],[-123,2],[-41,19],[-246,89],[-505,-8],[-464,208],[-684,308],[-489,220]],[[189306,5505],[-20,34],[63,100],[35,33],[-2,24],[66,38],[-7,23],[34,33],[1,46],[-13,28],[-44,13],[-50,-14],[-22,22],[27,21],[22,43],[-8,55],[-43,25],[0,69],[-11,57],[24,67],[17,91],[-41,51],[-21,43],[-59,323],[-290,631],[91,121],[-33,150],[136,136]],[[189158,7768],[1012,214],[126,86],[-4,67],[49,22],[11,44],[54,90],[50,58],[7,68],[-40,31],[-16,47],[-75,87],[-22,58],[133,70],[23,73],[163,57],[270,-1],[19,-28],[53,-7],[14,-17],[56,-14],[27,27],[43,2],[51,-24],[88,4],[74,-29],[27,14],[16,34],[24,9],[49,-32],[17,22],[1,40],[45,-14],[102,24],[20,31],[29,2],[78,32],[9,-17],[-30,-74],[65,-24],[2,53],[48,43],[54,0],[45,-19],[-5,-19]],[[185288,13121],[33,16],[39,-52],[76,-65],[58,-26],[23,-41],[-93,3],[-72,43],[-44,6],[-32,47],[12,69]],[[183907,13677],[20,17],[36,-30],[-33,-21],[-23,34]],[[184491,14499],[27,34],[87,20],[66,66],[12,38],[-40,24],[28,54],[57,7],[57,-29],[63,8],[47,-17],[56,26],[24,-61],[-16,-40],[47,-52],[-53,-43],[-25,-1],[-11,-64],[15,-12],[-83,-72],[-99,-55],[-38,-3],[-82,53],[-54,12],[-25,69],[-60,38]],[[184617,13269],[21,30],[5,41],[-16,93],[7,41],[116,88],[32,40],[32,98],[64,-55],[-11,-29],[35,-31],[53,-4],[22,-25],[41,28],[40,-53],[121,-77],[48,-14],[66,10],[0,-29],[45,-69],[30,-31],[-16,-21],[-57,-4],[-64,53],[-31,2],[-82,-30],[-44,20],[-41,-1],[-76,-43],[-42,-52],[-30,-12],[-68,17],[-40,-15],[-10,-28],[-56,-4],[-39,15],[-55,51]],[[184473,13411],[32,-7],[-8,-32],[-51,5],[27,34]],[[187217,12464],[-14,-70],[83,-11],[-25,-49],[-59,8],[-37,-179],[-27,-19],[-10,-31],[-33,-11],[7,-34],[-80,-111],[-10,-39],[-37,-61],[-6,-35],[-32,-17],[-38,-1],[-17,-81],[-46,5],[4,-44],[43,20],[-12,-63],[-37,5],[-8,-40],[-778,-829],[-480,-508],[-186,-1012]],[[185382,9257],[-28,41],[-18,-2],[-78,44],[-113,3],[-44,-39],[-49,-6],[-77,-50],[-29,-40],[-73,-29],[-49,-57],[-55,46],[-10,59],[-24,19],[23,32],[-62,181],[-50,93],[-158,252],[-79,94],[-6,41],[-31,23],[-76,134],[-77,66],[-64,33],[25,47],[63,3],[41,63],[-4,74],[-24,86],[-31,59],[-32,37],[-62,40],[-29,100],[-53,21],[1,71],[-24,4],[-17,56],[-5,52],[-44,34],[-53,78],[12,67],[30,62],[-14,80],[-40,34],[6,25],[-35,65],[21,31],[2,57],[-34,12],[4,39],[-16,14],[24,33],[13,60],[-3,59],[-23,70],[-38,70],[-1,22],[-79,52],[-58,77],[-25,14],[-4,51],[54,38],[9,40],[-15,48],[18,62],[-5,35],[-39,60],[-33,-3],[1,42],[61,29],[8,30],[67,13],[26,26],[8,42],[72,-24],[34,18],[67,117],[22,80],[16,33],[-4,85],[-42,39],[7,49],[-21,12],[11,46],[22,22],[-33,56],[38,30],[11,65],[-12,37],[-58,2],[-22,24],[-1,95],[-28,35],[39,85],[27,12],[7,31],[-50,42],[30,68],[79,28],[34,60],[24,-56],[52,-66],[-8,-51],[-19,-10],[27,-52],[23,11],[40,-23],[37,0],[16,-29],[-20,-70],[31,-66],[19,35],[-5,69],[28,22],[73,-23],[38,-39],[51,20],[42,-15],[11,-54],[24,-23],[128,-47],[92,-3],[50,-23],[-8,-25],[27,-18],[52,42],[58,4],[71,20],[34,31],[62,-53],[12,-51],[39,-48],[58,-8],[-23,-36],[71,2],[10,29],[54,-27],[60,-86],[85,-29],[53,8],[32,-37],[36,-77],[43,52],[-6,25],[65,8],[52,-22],[-5,34],[-91,65],[131,-16],[100,1],[114,22],[81,35],[-15,-43],[-43,-22],[-30,-32],[64,-4],[65,37],[32,74],[-11,54],[20,76],[-4,54],[-28,5],[-37,105],[5,26],[29,15],[35,-43],[-2,-24],[52,-49],[53,-4],[11,-27],[-19,-30],[13,-26],[32,-10],[-4,-32],[-42,18],[-19,-11],[-60,-103],[-16,-93],[86,-49],[-20,108],[47,-90],[48,-63],[66,-55],[46,-22],[102,-10],[62,11],[35,-26],[37,3],[102,-56],[65,-14],[100,1],[68,18],[42,31],[16,34],[42,-29],[-17,-29],[40,-41],[-4,-42],[60,-50],[38,-52]],[[184303,14690],[23,-72],[-16,-37],[1,-98],[7,-77],[-21,-27],[28,-33],[-22,-86],[11,-37],[-17,-57],[-24,-40],[-29,-19],[8,-75],[-15,-15],[26,-96],[-11,-50],[-22,-43],[-40,-40],[-39,40],[-43,17],[-17,69],[-26,30],[32,90],[-25,50],[-2,36],[-24,44],[0,29],[-40,28],[28,20],[1,29],[-23,17],[0,41],[40,8],[37,-35],[25,11],[36,-14],[35,19],[22,43],[37,42],[3,24],[-26,35],[4,37],[33,84],[44,55],[-13,24],[14,29]],[[184827,13884],[12,24],[44,-50],[-11,-26],[25,-63],[32,-45],[-43,-36],[-21,36],[-50,31],[14,64],[-2,65]],[[194288,4645],[92,-5],[22,34],[47,11],[142,-16],[-4,-11],[112,-19],[-10,-44],[129,-19]],[[194818,4576],[-51,-36],[15,-26],[-52,-17],[-50,48],[-30,4],[-25,-46],[-14,-69],[21,-7],[14,-78],[36,-82],[-75,-7]],[[194607,4260],[-56,22],[-13,-36],[-55,-19],[26,-38],[17,-50],[26,-7],[19,-36],[61,-15],[5,-46],[48,-25],[52,43],[41,1],[35,-41],[95,13],[114,1],[58,-15],[80,-72],[-17,-5],[-72,33],[-71,5],[-106,-23],[-54,-22],[-52,-33],[-49,-52],[31,-41],[-27,-43],[-36,-96],[24,-42],[45,5],[4,-34],[33,-5],[32,-28],[22,-45],[-7,-70],[-51,25],[-48,-59],[36,-41],[18,-45],[45,10],[18,33],[-35,24],[3,24],[49,11],[25,-29],[-1,-62],[13,-17],[-83,-14],[-32,-19],[20,-58],[-51,-57],[-119,-32],[-7,-16],[-52,-13],[-47,0],[-120,-40],[-26,-31],[-53,60],[38,38],[-2,46],[-33,37],[-34,13],[35,112],[48,-22],[-3,-77],[41,-53],[-9,-22],[21,-38],[80,-19],[33,8],[46,33],[1,61],[-16,43],[14,40],[26,24],[-12,32],[-39,34],[-52,-9],[-6,43],[20,65],[1,48],[25,18],[7,40],[81,30],[-9,33],[-34,11],[-62,-22],[-82,16],[-7,-39],[-55,-103],[-50,22],[11,65],[25,57],[-54,107],[-82,18],[-44,-1],[-27,18],[-42,-2],[-9,100],[-45,28],[-46,71],[-35,25],[13,29],[-51,27],[-39,8],[-49,30],[-10,29],[41,27]],[[194691,3005],[-17,-27],[-54,77],[46,8],[25,-58]],[[192909,4753],[35,-25],[59,-3],[25,-96],[55,-34],[39,-57],[38,-8],[18,-36]],[[193314,4269],[42,8],[6,25],[38,42],[44,6],[56,28],[70,21],[34,-2],[74,-42]],[[193678,4355],[-15,-36],[-38,-37],[-46,-87],[19,-11],[-31,-37],[-24,-68],[-23,6],[-35,-27],[13,-20],[-23,-32],[-78,-20],[-70,-60],[42,-6],[15,-41],[0,-241]],[[193384,3638],[-380,57],[-26,-38],[-47,21],[-37,-15],[-47,29],[-5,57],[-72,10],[-77,-13],[-57,30],[-58,-17],[-56,-42],[44,-146],[-80,-23],[-12,-26],[-42,-1],[-25,21],[-63,-1],[3,-60],[-25,-25],[-38,51],[-33,18],[1,29],[-24,37],[11,21],[-22,49],[-158,59],[-29,-39],[-36,-1],[-31,23],[-16,63],[-41,44],[-39,-1],[-62,14],[-63,58],[-98,3],[4,27],[-51,-9],[-39,16],[-38,-10],[-33,19],[-36,-26],[-4,-51],[25,-49],[4,-75],[17,-44],[-24,-28],[-13,-53],[-338,-338],[-391,-390],[-909,-139],[-511,286],[-426,64]],[[188881,3084],[-13,13],[19,42],[-6,41],[51,57],[5,113],[-15,0],[-46,72],[-60,52],[-38,54],[-42,34],[-22,57],[-4,45],[53,23],[-358,700],[-45,79],[5,26],[54,23],[60,4],[-26,64],[12,36],[66,-41],[58,28],[26,51],[73,-2],[24,56],[78,17],[48,75],[-25,23],[13,33],[61,36],[33,68],[27,16],[-10,43],[54,81],[44,35],[-7,27],[25,44],[37,38],[-13,41],[49,33],[44,10],[23,34],[54,42],[0,33],[31,5],[28,60]],[[189989,11376],[32,-19],[50,-9],[56,4],[80,25],[25,-30],[100,-4],[37,-19],[-13,-43],[18,-75],[-47,-61],[37,-7],[3,-52],[-20,-9]],[[190347,11077],[-43,-17],[21,-27],[-24,-47]],[[190301,10986],[-94,-53],[-9,-74],[-213,27],[-37,-13]],[[189935,11202],[0,2]],[[190527,11306],[-24,-40],[-22,-115],[-30,-33],[-41,7]],[[190410,11125],[-53,47],[28,30],[-18,71],[15,24],[37,13],[51,-16],[57,12]],[[195076,10379],[-350,366],[-36,4],[-372,111],[-21,76],[-116,9],[-61,-1],[-200,-111],[9,62],[-26,105],[-5,53],[20,87],[25,-4],[8,41],[-82,16],[-55,21],[-15,66],[26,137],[9,23],[-4,72],[8,48],[-96,10],[18,85]],[[193760,11655],[-21,92],[-27,22],[-2,68],[-18,54],[-4,47],[-33,17],[-20,34],[-45,30]],[[193590,12019],[-2,39],[63,33],[53,52],[45,63],[18,40],[69,44],[48,21],[11,-40],[32,-22],[49,-8],[60,14],[70,55],[30,9],[35,-59],[-7,-38],[24,-46],[101,-40],[41,-103],[78,-8],[95,17],[70,33],[119,70],[67,57],[65,68],[111,142],[37,67],[34,31],[63,109],[55,108],[44,-2],[47,12],[95,48],[37,39],[30,-9],[75,-53],[26,-54],[56,-44],[65,-2],[66,22],[47,-4],[6,-34],[99,-62],[201,-32],[84,29],[52,34],[53,-23],[-2,33],[24,45],[51,48],[60,74],[48,72],[60,108],[-9,58],[34,15],[21,79],[-37,25],[88,42],[150,-18],[33,-36],[46,13],[20,-48],[-18,-13],[30,-37],[27,24],[41,-17],[72,2],[21,-9],[70,-66],[6,-21],[58,-98],[-17,-6],[4,-62],[95,-15],[58,-17],[70,-4],[51,34],[46,-36],[70,-30],[15,-40],[2,-44],[25,-49],[37,-40],[90,-25],[15,-32],[-23,-25]],[[195250,12986],[32,-1],[-39,-82],[-52,-31],[-18,13],[41,37],[0,21],[36,43]],[[197007,13186],[2,37],[57,0],[22,27],[36,0],[-27,-51],[-37,-10],[-27,12],[-26,-15]],[[197822,14232],[25,27],[5,-101],[-34,3],[16,46],[-12,25]],[[197968,14261],[18,-41],[4,-51],[-45,34],[-3,29],[-33,19],[20,25],[39,-15]],[[196548,15599],[33,58],[16,-22],[-49,-36]],[[196220,17812],[2,31],[45,10],[17,-30],[99,8],[36,-43],[-26,-32],[-55,-2],[-19,22],[-40,-25],[-45,14],[-14,47]],[[196520,17955],[73,31],[-23,34],[55,-4],[41,12],[21,-42],[-49,-18],[-22,-34],[-93,-2],[-3,23]],[[195793,16339],[-6,-21],[32,-43],[-55,-62],[-46,-93],[18,-31],[-23,-53],[-43,-8],[-36,-23],[-38,5],[-1,42],[94,63],[-6,53],[48,74],[15,49],[-3,37],[50,11]],[[191417,18759],[29,43],[45,14],[-34,-64],[-40,7]],[[190455,19863],[28,-27],[-41,-20],[-12,36],[25,11]],[[192742,19905],[30,8],[5,-49],[-41,-30],[-10,51],[16,20]],[[195877,15154],[6,-78],[-49,69],[43,9]],[[196321,15227],[10,51],[64,38],[13,-60],[-39,-43],[-48,14]],[[197871,16661],[43,91],[32,-27],[38,-60],[-23,-29],[-90,25]],[[196035,15143],[27,20],[37,-26],[43,9],[15,-35],[70,11],[29,46],[35,-10],[8,-32],[-19,-25],[-10,-53],[-78,-29],[-58,28],[-41,-13],[-7,75],[-65,11],[14,23]],[[197064,15149],[30,-29],[-32,-41],[-38,25],[40,45]],[[194030,18670],[-30,129],[44,65],[68,6],[16,-45],[47,-1],[14,-31],[-27,-28],[19,-30],[-65,-33],[-44,-11],[7,-42],[-24,-18],[-25,39]],[[193855,18780],[43,12],[33,40],[-29,27],[6,61],[52,0],[-5,-33],[23,-21],[-34,-21],[-1,-65],[-44,-42],[-17,24],[-48,-27],[-27,17],[48,28]],[[197094,14198],[39,9],[19,38],[99,3],[65,16],[43,33],[55,-13],[34,-46],[25,4],[34,36],[16,40],[72,30],[8,-41],[-7,-40],[-49,-30],[-6,-61],[-15,-35],[26,-27],[-43,-58],[-57,-38],[-64,-91],[6,-35],[-61,-48],[-28,39],[-87,82],[-55,2],[-36,-14],[-43,18],[30,115],[-32,15],[-60,-1],[6,39],[66,59]],[[196740,14912],[2,-21],[-64,-45],[-62,10],[52,51],[72,5]],[[196893,14330],[-50,34],[43,25],[37,-20],[-30,-39]],[[197601,15336],[-50,24],[-26,35],[108,-5],[37,-34],[2,-30],[-38,-5],[-33,15]],[[197592,15449],[4,23],[50,0],[-10,-33],[-44,10]],[[197423,15351],[39,10],[13,-31],[-46,0],[-6,21]],[[196735,14621],[-16,10],[-112,-31],[-3,92],[14,24],[-24,19],[62,64],[23,-8],[94,71],[77,29],[25,-19],[78,74],[58,-11],[39,17],[19,-11],[68,27],[32,0],[35,-22],[55,3],[20,-24],[44,-3],[28,16],[43,-40],[46,40],[18,61],[27,40],[32,-31],[79,-16],[48,-21],[48,16],[45,62],[69,-9],[26,41],[33,0],[46,42],[11,32],[57,-37],[27,-61],[35,-19],[18,-63],[30,-36],[34,-8],[65,-77],[54,-44],[38,9],[58,-30],[48,3],[-17,-51],[4,-71],[38,-20],[-3,-37],[36,-48],[56,-24],[-32,-35],[-101,26],[-37,-13],[-29,-38],[20,-38],[-40,-24],[-45,0],[-47,-47],[-5,-60],[-41,-2],[-5,34],[-38,13],[-30,-9],[-93,-57],[-30,29],[-6,83],[-77,147],[-23,19],[-72,-25],[-22,26],[-42,-7],[0,-25],[-48,-32],[-48,-53],[-88,-50],[-36,13],[-5,35],[-39,60],[-27,19],[-40,-6],[-24,-30],[-91,-13],[-59,-22],[-19,33],[-60,27],[-29,-31],[-93,-14],[-33,-22],[-140,27],[-1,60],[-83,25],[23,28],[-30,29]],[[197758,15253],[23,65],[70,-39],[33,-73],[-59,-41],[-27,14],[-50,1],[10,73]],[[197162,15136],[41,36],[72,2],[-17,-24],[-96,-14]],[[195758,17041],[35,72],[39,-7],[61,42],[0,28],[32,8],[50,-18],[79,25],[21,39],[-5,25],[-30,21],[1,25],[62,33],[45,57],[-21,32],[5,36],[-53,43],[-11,50],[37,-5],[21,16],[32,-48],[24,-14],[50,17],[54,51],[52,8],[59,52],[24,47],[48,-10],[16,-16],[-5,-76],[16,-21],[9,-58],[87,-40],[-20,48],[-20,0],[-33,72],[-5,42],[80,-121],[83,-74],[79,-105],[67,-79],[102,-102],[95,-100],[111,-143],[70,-80],[96,-83],[75,-47],[41,-9],[27,14],[72,-39],[61,-26],[100,-28],[76,13],[9,-22],[-22,-70],[-13,-82],[-2,-54],[26,-145],[1,-80],[-52,-87],[-101,-55],[-31,-6],[-56,-79],[32,-35],[27,18],[58,-6],[19,20],[64,10],[29,35],[-8,85],[25,43],[22,-134],[72,-219],[24,-95],[58,-99],[1,-19],[-79,-56],[-115,-41],[-45,8],[3,55],[-58,33],[-53,-12],[-32,13],[-95,-6],[-37,-23],[-45,-46],[14,-28],[-35,-48],[3,-28],[-65,-12],[-36,-45],[-109,-17],[-36,-28],[-91,50],[-38,-6],[-59,27],[-58,42],[-39,-8],[-18,36],[-1,44],[-41,1],[-25,49],[51,26],[17,26],[-8,54],[-27,42],[-53,59],[-12,35],[5,123],[-9,59],[-27,76],[-40,6],[-32,58],[-27,-2],[-46,29],[-12,43],[-43,-22],[31,-43],[-38,-11],[-4,110],[-53,130],[-19,17],[-64,21],[-42,-7],[-18,-27],[-37,16],[-44,43],[-68,25],[32,41],[45,-7],[12,44],[35,2],[31,37],[-1,60],[15,13],[-21,117],[-34,84],[-40,64],[-53,39],[-31,37],[-46,-1],[-47,-16],[-95,-58],[-27,-8],[-34,60],[-59,31],[-78,25],[-23,50],[-21,19],[76,36]],[[193760,11655],[-145,22],[-8,-57],[-57,-71],[-113,-53],[-69,-38],[5,-36],[-12,-54],[-21,-37],[-34,-154],[-76,16],[-7,-33],[-59,-44],[-335,-196],[-20,-2]],[[192809,10918],[-42,39],[-81,54],[-88,37],[-8,90],[-39,-34],[-44,-17],[-34,22],[11,37],[47,12],[-24,40],[9,31],[72,26],[12,25],[-67,46],[-104,97],[-69,53],[-43,0],[-55,-32],[-59,0],[-63,34],[-34,32],[27,20],[-4,34],[-24,7],[-8,71],[-43,69],[5,64],[56,38],[26,45],[49,18],[118,67],[17,28],[28,-3],[26,-36],[102,-10],[51,3],[85,22],[50,48],[29,17],[75,71],[33,43],[21,-10],[69,21],[36,-40],[79,18],[60,-36],[18,-23],[54,13],[51,-6],[61,14],[26,-36],[107,-44],[20,-39],[28,64],[51,-9],[65,44],[40,-10],[0,-28]],[[197670,8460],[8,-84],[24,-67],[48,-42],[3,-21],[64,-14],[26,-19],[-26,-49],[0,-29],[75,-115],[-35,-52],[-31,-10],[-18,-40],[2,-35],[29,-57],[-40,-15],[-23,-30],[-37,-142],[-1,-134],[9,-38],[49,-64],[42,2],[29,-90],[29,-25],[-4,-39],[17,-36],[48,-11],[12,-91],[-68,-32],[-23,-27],[15,-41],[-45,-65],[-37,-3],[-18,-21],[14,-29],[31,-12],[29,26],[112,-55],[36,-49],[-15,-44],[-35,-39],[14,-51],[-56,-21],[-32,-49],[3,-60],[-14,-47],[-47,-10],[24,-42],[-62,-31],[-44,107],[-98,19],[-28,28],[-12,75],[53,10],[32,38],[14,54],[51,38],[7,32],[-54,82],[-24,21],[-41,2],[1,31],[58,63],[81,28],[19,30],[-30,39],[-42,10],[-60,43],[-66,-10],[-55,78],[19,24],[-47,30],[-79,32],[19,26],[-49,21],[-25,-9],[-28,-40],[-55,-4],[-56,13],[-5,47],[53,61],[7,34],[40,7],[43,26],[49,-15],[30,18],[25,49],[26,18],[25,52],[42,48],[-4,35],[-56,22],[-63,-60],[18,-16],[-49,-64],[-31,-20],[-37,19],[-12,24],[-42,9],[-5,49],[-22,7],[-52,-45],[-32,-45],[16,-75],[50,-19],[12,-61],[-49,-45],[-49,-5],[-36,11],[-26,-28],[16,-58],[90,26],[59,-44],[66,11],[108,-13],[73,-27],[2,-37],[-133,25],[-118,11],[-144,-3],[-89,-15],[-61,-23],[-39,-27],[-26,-37],[20,-71],[-2,-74],[8,-61],[-10,-38],[-27,-41],[-12,-53],[-86,-49],[-4,-29],[-45,-41],[-6,-26],[-62,-65],[-1,-43],[54,-41],[-47,-42],[-10,-49],[13,-26],[-51,-57],[-6,-46],[-62,-4],[-52,-51],[-4,-51],[-66,-16],[-42,-28],[75,-12],[55,41],[8,45],[31,9],[53,40],[57,-25],[12,-58],[26,-37],[-23,-51],[-34,-41],[-3,-41],[-39,-24],[-39,-48],[-30,-80],[15,-30],[40,-35],[3,-57],[16,-24],[39,-5],[-10,-73],[-42,-80],[-8,-55],[9,-57],[54,-35],[-60,-68],[-25,2],[-19,36],[-34,1],[-27,-21],[1,-35],[-38,-13],[-13,-84],[-20,-10],[-35,28],[-33,-13],[-8,83],[-61,65],[-18,7],[-42,-31],[55,-46],[14,-57],[-14,-16],[-94,15],[-38,-31],[10,-63],[100,-11],[17,-59],[22,-33],[44,-23],[28,-36],[36,-13],[-27,-38],[1,-47],[-22,-35],[85,-48],[10,-35],[-15,-39],[35,-35],[-20,-69],[-48,-27],[-25,-47],[33,-32],[-15,-56],[11,-19],[-36,-39]],[[196406,4422],[-88,16],[14,56],[-505,32],[-51,8],[-38,20],[-58,9],[-22,39],[-114,18],[-58,-18],[-67,50],[-5,25],[-72,32],[-13,-55],[-116,19],[-1,28],[-88,-7]],[[195124,4694],[-46,20],[20,102],[-12,37],[102,23],[19,44],[-17,16],[-132,20],[19,149],[4,64],[-68,18],[48,47],[8,40],[28,-4],[27,92],[52,-7],[10,110],[43,-7],[5,-41],[138,24],[14,31],[-16,32],[17,46],[74,47],[45,51],[63,10],[41,17],[35,71],[4,41],[37,143],[58,22],[54,33],[-78,93],[80,25],[5,28],[45,16],[38,-25],[84,-4],[81,57],[9,32],[-87,31],[-39,-11],[-31,50],[13,64],[-71,11],[-8,64],[83,2]],[[195922,6418],[76,11],[137,165],[61,122],[27,310],[-90,240],[-100,179],[24,165],[35,146],[113,443],[318,86],[180,-70],[30,-4],[69,131],[202,48],[7,36],[199,0]],[[196904,4689],[-31,64],[-58,22],[-8,-26],[-54,-31],[-42,15],[83,67],[1,35],[-36,74],[65,63],[33,82],[5,39],[28,6],[18,46],[47,-9],[37,-53],[79,9],[39,-10],[32,-50],[3,-28],[29,-23],[-3,-67],[56,-77],[36,-9],[-5,-32],[-43,-43],[-11,-33],[-38,30],[-26,-22],[-61,26],[-56,-10],[-55,5],[-41,-36],[-16,-37],[21,-41],[29,9],[52,-92],[-5,-65],[-98,-25],[-98,5],[-71,-71],[-39,-1],[-7,52],[64,93],[20,40],[20,68],[65,-10],[31,19],[9,32]],[[197783,6190],[-33,0],[-37,37],[-57,-21],[-37,4],[-60,48],[-3,48],[67,58],[121,-25],[36,33],[88,-53],[-11,-56],[64,-25],[-20,-16],[21,-71],[-91,-6],[-35,17],[-13,28]],[[194010,3920],[-54,-7],[-38,-37],[-36,16],[-42,-35],[-59,-31],[-48,-11],[-49,-28],[-6,-33],[-119,-52],[4,-31]],[[193563,3671],[-179,-33]],[[193678,4355],[40,-40],[63,-44],[16,-38],[-21,-36],[54,-5],[-49,-86],[39,-52],[39,-28],[77,29],[38,-8],[26,-30],[44,-22],[-34,-75]],[[194010,3920],[26,-27],[66,-45],[-10,-22],[27,-51],[-11,-41],[-25,-38],[48,-34],[41,-3],[18,-30],[2,-71]],[[194192,3558],[-46,-6],[-137,22],[-23,-40],[-64,13],[-16,-11],[-52,31],[-39,-51],[-32,0],[-67,41],[5,21],[-4,125],[-24,-28],[-130,-4]],[[193449,2011],[-23,25],[-35,6],[-38,46],[6,69],[-56,12],[-23,20],[-41,-17],[-46,2],[-13,76],[-22,39],[20,20],[72,24],[-39,29],[-19,40],[12,40],[-40,16],[5,56],[-54,-3],[4,-58],[20,-40],[-55,-41],[13,-34],[-18,-23],[-62,-28],[-35,33],[-64,13],[-72,87],[-30,-12],[-52,15],[-18,56],[28,4],[32,92],[-10,33],[41,51],[15,81],[20,16],[20,100],[31,43],[56,137],[-56,-34],[-36,-87],[-74,-115],[-3,-25],[-37,-40],[7,-44],[-44,-13],[-9,-61],[6,-58],[-57,10],[-21,-23],[53,-33],[-26,-34],[14,-31],[0,-82],[32,-18],[32,14],[34,-19],[37,-56],[69,-31],[1,-15],[112,-75],[45,-10],[5,-49],[39,-43],[45,-11],[35,-29],[0,-30],[-51,-16],[-22,-21],[-17,-78],[-26,-19],[6,-29],[-35,-27],[-24,60],[-45,18],[-74,-22],[-36,9],[-37,-38],[-8,-44],[-30,-4],[-24,34],[-44,8],[17,-50],[124,-24],[15,35],[60,-47],[54,-10],[48,-23],[-24,-22],[-8,-71],[-19,-30],[-53,-33],[-19,-48],[-39,-29],[27,-22],[-43,-46],[28,-19],[25,-47],[-51,-32],[-21,35],[-65,1],[-56,12],[-49,-18],[-8,-41],[-40,-7],[-61,98],[-39,-10],[10,-50],[39,-12],[20,-40],[23,-11],[52,18],[28,-29],[55,2],[10,-23],[39,-10],[13,-36],[-13,-42],[-47,-30],[-19,74],[-41,5],[-33,-32],[-64,-5],[-29,-58],[-26,-16],[52,-40],[20,-37],[46,36],[51,58],[17,-16],[-84,-67],[-13,-25],[7,-71],[-136,-17],[-5,-35],[-39,7],[12,51],[-32,30],[-45,-55],[-13,-81],[28,-35],[-13,-16],[3,-78],[32,27],[51,18],[40,-35],[-25,-54],[16,-26],[-140,-94],[-43,-12],[-7,-63],[-33,25],[-102,-5],[7,21],[-18,42],[-64,54],[-55,18],[-69,9],[1,-20],[-57,-14],[-19,-23],[-46,22],[-30,-8],[-79,-77],[-79,-1],[-26,16],[-47,122],[-62,8],[-26,-53],[-24,10],[-14,36],[22,58],[-52,5],[-33,19],[-31,51],[-36,16],[-32,-28],[-22,8],[-25,40],[31,29],[-36,22],[2,22],[-71,54],[-15,21],[-4,104],[14,75],[-61,80],[-34,-14],[-17,-31],[13,-161],[44,-27],[10,-57],[-92,35],[-36,-33],[-56,2],[-45,23],[-71,-71],[-44,16],[-25,-19],[-41,-3],[-24,35],[-43,-14],[-40,10],[-78,-2],[-21,-17],[-35,33],[-30,8],[-49,-16],[-28,28],[-5,33],[-33,22],[-49,3],[-76,-29],[-24,-27],[-11,-40],[-102,-36],[-55,70],[-38,10],[1,46],[26,24],[-3,51],[-54,32],[-34,8],[-97,-6],[-33,25],[-27,-20],[18,-56],[-19,-42],[14,-61],[-11,-38],[-38,-18],[-61,32],[-12,64],[-16,29],[-52,-26],[-25,28],[1,38],[-55,-9],[14,-67],[-47,1],[-47,-35],[-52,-2],[-4,-72],[18,-54],[-52,0],[-39,65],[-48,-13],[-13,-48],[-35,-5],[-34,20],[-31,-5],[-28,-54],[-24,31],[16,29],[15,91],[-12,13],[20,83],[-27,26],[-3,33],[-27,28],[2,53],[14,38],[-78,83],[-48,77],[10,25],[-22,27],[-12,62],[-78,6],[9,53],[-52,46],[-53,2],[-36,-37],[-30,1],[-34,37],[32,10],[10,40],[50,-10],[29,56],[67,-45],[26,62],[40,-26],[10,-50],[-24,-83],[30,-14],[23,45],[-13,33],[17,41],[-19,8],[-13,74],[-60,0],[26,69],[21,18],[61,-69],[178,-9],[64,-25],[26,-22],[24,-55],[43,-1],[4,27],[-84,48],[15,22],[46,5],[30,-17],[33,23],[46,-26],[65,-16],[-16,-79],[27,-37],[29,29],[26,-14],[8,-39],[25,-21],[41,59],[-25,66],[83,15],[25,-15],[67,0],[11,-53],[28,-31],[35,30],[-44,55],[35,1],[18,33],[-17,47],[3,72],[-59,-8],[-44,56],[-49,8],[-26,-44],[-25,30],[18,91],[-27,30],[-63,-46],[17,-39],[-59,-48],[-20,-105],[-23,-17],[-63,3],[-58,20],[-55,43],[-30,5],[-25,50],[4,25],[-24,46],[-51,9],[-10,-75],[39,-34],[-39,-38],[-32,14],[-42,-36],[-65,34],[-37,2],[3,64],[-72,-15],[-22,40],[7,40],[-50,8],[-30,37],[13,69],[38,39],[-29,32],[18,19],[3,76],[13,24],[-32,30],[-79,-5],[-38,36],[-33,74],[-38,27],[35,27],[10,67],[-29,17],[-4,46],[74,56]],[[188736,2595],[19,30],[42,22],[10,39],[29,-7],[50,14],[23,39],[27,82],[-15,41],[-33,4],[-24,56],[31,23],[-28,54],[14,92]],[[193384,3638],[27,-28],[-22,-85],[21,-4],[-4,-50],[-22,-20],[-35,-189],[-72,-8],[-10,-39],[26,-29],[-9,-36],[72,-12],[42,-31],[166,-33],[17,-26],[-56,-9],[-46,-27],[-8,-29],[24,-208],[34,-161],[12,-101],[-12,-59],[26,-43],[-29,-39],[-14,-59],[43,-6],[32,-26],[41,-7],[-21,-81],[-30,-38],[-103,12],[-25,-156]],[[190021,454],[43,-65],[-12,-17],[-56,-12],[25,94]],[[190291,669],[63,-5],[53,5],[2,-45],[-34,-7],[-30,-30],[-57,6],[-27,56],[30,20]],[[192811,2740],[18,63],[38,58],[17,-4],[-4,-55],[-69,-62]],[[192903,2920],[20,77],[37,2],[-27,-54],[-30,-25]],[[190301,10986],[14,-5],[71,-100],[-48,-26],[19,-23],[-13,-28],[152,-21],[7,-27],[53,9],[116,-21],[10,-76],[49,-22],[7,-73],[-9,-32],[37,-51],[39,-32],[24,-61],[37,-5]],[[190866,10392],[29,-50],[-23,-27],[-85,-25],[-23,-19],[-6,-70],[-28,-20],[35,-52],[-21,-45],[15,-31],[-53,-8],[-13,-40],[53,-67],[11,23],[44,-13],[8,-20],[53,-23],[13,-27],[-25,-35],[13,-53],[-58,2],[-68,15],[-85,-1],[-90,-9],[-128,28],[-113,-8],[-123,17],[-236,63],[-116,11],[-156,-110],[-5,-29],[42,-14],[-8,-22],[-42,-191],[-31,-25],[-13,-52],[30,-5],[-11,-56],[39,-32],[-10,-37],[-47,9],[10,39],[-15,24],[-446,97],[-115,12],[-290,-473]],[[188778,9043],[-378,447]],[[188400,9490],[-1,285],[-3,35],[3,195]],[[180715,17543],[7,65],[-32,43],[11,74],[58,3],[40,43],[71,17],[76,71],[54,81],[29,105],[-12,81],[-25,34],[10,39],[-3,48],[35,-11],[18,45],[35,23],[32,-29],[79,-37],[16,-24],[46,-9],[37,16],[34,-49],[40,-24],[108,-48],[21,-38],[69,-63],[130,-90],[4,-38],[-35,-258],[-1,-71],[14,-109],[28,-98],[63,-98],[-12,-63],[-37,-81],[-36,-62],[-3,-100],[24,-99],[93,-47],[10,-41],[-26,-129],[5,-67],[-28,-42],[9,-18],[-40,-57],[-5,-58],[-58,-47],[8,-73],[-37,-26],[-23,13],[-69,-16],[-25,-48],[-59,-28],[-6,-33],[-36,-17],[-32,-43],[-61,-12],[-33,-28],[-54,6],[-45,-29],[4,-35],[-34,-12],[-46,27],[-57,-36],[-9,-25],[-48,-19],[-30,-49],[34,-41],[-22,-39],[-41,55],[-49,46],[30,33],[-15,22],[-41,-5],[-45,8],[-31,36],[8,67],[-30,34],[10,41],[-48,78],[89,2],[32,35],[-15,49],[-2,85],[24,47],[-24,62],[14,58],[-38,81],[-43,21],[4,20],[-55,58],[-37,18],[-22,36],[23,30],[-36,14],[-6,39],[19,10],[-16,40],[45,38],[-12,54],[12,48],[17,3],[35,58],[-13,18],[35,52],[4,41],[-25,65],[1,41],[17,30],[-20,22],[11,26],[-48,120],[9,44]],[[194192,3558],[-24,-90],[-33,-8],[-19,-37],[-8,-52],[-39,-15],[-17,-28],[21,-19],[1,-32],[-20,-36],[21,-39],[32,-104],[-3,-25],[26,-28],[-38,-44],[-79,-6],[-46,64],[-20,52],[-26,36],[-18,68],[-47,-25],[-14,-29],[40,-23],[-25,-68],[-23,-7],[3,-41],[-40,-73],[81,-22],[83,-43],[-14,-52],[-61,-48],[-26,13],[-44,-32],[33,-13],[-11,-33],[-73,-9],[19,-66],[-21,-3],[-38,-62],[0,-38],[34,-13],[-33,-50],[14,-27],[38,-27],[29,-117],[-1,-56],[-18,-43],[-52,-66],[-7,-53],[-52,-59],[-44,-11],[-72,20],[-54,1],[-58,-29]],[[193962,2504],[-62,0],[-33,24],[27,32],[42,-1],[2,42],[-22,25],[82,33],[28,-33],[54,-34],[-6,42],[28,22],[92,27],[3,28],[-59,-20],[-4,31],[-28,9],[-38,-50],[-22,19],[13,27],[-57,10],[-8,29],[31,9],[37,107],[49,19],[67,76],[41,-36],[-23,-57],[18,-24],[31,4],[3,-36],[31,-26],[29,-57],[-6,-18],[44,-29],[-24,-44],[2,-58],[-14,-23],[10,-40],[44,-24],[32,-50],[-20,-33],[9,-51],[26,-23],[30,0],[28,-81],[-6,-118],[-38,-7],[-14,50],[-32,1],[-65,-20],[-91,-49],[-63,-49],[-63,-69],[-28,-42],[-31,-78],[16,-42],[1,-59],[-9,-63],[37,-68],[60,-23],[39,27],[35,54],[48,-49],[7,-75],[-9,-52],[-31,6],[-31,-22],[-12,-36],[-43,-14],[-7,-48],[-34,-31],[19,-37],[-5,-29],[-32,-6],[-24,-45],[-25,-110],[26,-98],[-42,-18],[-58,-41],[-33,-1],[-49,28],[-64,72],[-60,-24],[-23,61],[4,54],[37,12],[12,38],[-37,69],[-107,16],[92,48],[-4,43],[-52,15],[-94,-24],[-14,-81],[14,-52],[-38,-80],[-25,2],[-30,-34],[27,-22],[-19,-49],[-49,5],[-53,20],[-18,-34],[-55,30],[2,119],[-63,48],[-18,43],[-69,27],[-19,50],[51,38],[47,-10],[40,-43],[14,-42],[48,-69],[28,-14],[8,-31],[32,-27],[37,10],[37,28],[-24,30],[23,33],[-23,19],[58,45],[-9,37],[-49,-21],[1,127],[21,4],[22,40],[-23,54],[29,57],[32,-9],[18,-34],[-1,-51],[45,-7],[28,28],[3,47],[55,4],[-12,38],[-24,18],[-10,52],[15,22],[58,34],[5,80],[49,46],[60,15],[0,77],[16,26],[42,26],[12,96],[50,-89],[-17,-39],[34,-90],[38,-6],[65,46],[82,102],[14,65],[-32,22],[23,39],[-40,53],[78,51],[37,-25],[29,35],[12,45],[-7,59],[-26,29],[-63,1],[-9,-36],[-44,-8],[-19,16],[2,46],[-56,11],[-44,-33],[-69,-16],[6,43]],[[191506,11632],[-12,-63],[24,-3],[119,-97],[14,-109],[-14,-55],[255,-514],[-40,-1],[-8,-44],[-81,3],[-75,-26],[-31,-61],[22,-15],[-11,-56]],[[191668,10591],[-188,17],[-134,19],[-9,-59],[-107,14],[-10,-57],[-15,-24],[26,-38],[-125,17],[-35,13],[-10,-55],[-68,11],[-127,-57]],[[190347,11077],[48,8],[-5,-28],[32,-13],[48,8],[-41,39],[-19,34]],[[190527,11306],[70,34],[145,9],[118,48],[100,58],[31,25],[0,36],[65,-20],[-9,-70],[14,-22],[-15,-32],[55,-30],[13,-44],[36,-26],[11,-47],[-36,-38],[21,-28],[9,-49],[21,-24],[69,12],[4,-71],[27,11],[0,46],[-41,48],[-15,39],[-34,17],[19,34],[3,90],[45,30],[-58,27],[-53,-35],[-20,29],[15,41],[50,-2],[112,36],[100,69],[12,41],[43,23],[-22,51],[19,20],[55,-10]],[[193303,9882],[-12,15],[54,33],[-25,29],[-50,24],[-21,-10],[-42,34]],[[193207,10007],[41,35],[-1,34],[-49,32],[52,30],[13,42]],[[193263,10180],[-2,29],[37,37],[-42,36],[-10,24],[-77,50],[-15,48],[-41,37],[-18,56],[26,54],[-37,45],[-50,0],[-39,-22],[-26,46],[6,24],[-66,23],[-104,-4],[-49,11],[-33,22],[2,44],[83,62],[53,11],[5,25],[-44,34],[-13,46]],[[195296,9950],[-265,-155],[-27,34],[-38,-23],[-85,16],[-54,-32],[1,-25],[-75,-44],[-30,37],[-48,-29],[-39,47],[-61,-18],[-124,-73],[15,-19],[-98,-58],[-21,28],[-50,-28],[-77,87],[-81,107],[-131,-76],[-38,39],[-65,-41],[-30,36],[-59,-37],[-29,25],[-26,-16],[-44,51],[-3,24],[-58,69],[-89,-66],[-38,8],[-72,68],[-59,-36],[-24,26],[-44,-27],[-27,33]],[[191668,10591],[-24,-99],[285,-90],[104,-21],[15,25],[63,-34],[207,-38],[104,20],[39,39],[64,-47],[29,-88],[145,-91],[93,-12],[-8,-51],[53,-8],[84,76],[8,-41],[129,-95],[46,56],[81,-44],[22,-41]],[[193303,9882],[-136,-85],[-20,15],[-79,-60],[40,-27],[50,-59],[-24,-28],[-117,-71],[39,-47],[-33,-19],[-18,23],[-77,12],[-10,-50],[-124,20],[-111,-116],[-9,-37],[-55,-85],[15,-70],[-29,-32],[-12,-34],[-67,-42],[-19,-35],[-39,66],[-28,6],[-99,-10],[-68,-45],[-22,-26],[-57,2],[-57,20],[-110,-24],[-42,19],[-43,-23],[-12,-65],[28,-57],[-38,-60]],[[189158,7768],[-142,474],[-238,801]],[[195922,6418],[-6,43],[-103,-3],[-7,43],[-76,-8],[-25,-23],[-163,-16],[-11,93],[-22,11],[-121,17],[5,26],[-213,18],[-191,25],[-39,73],[-30,28],[36,19],[5,24],[-66,10],[12,62],[-66,43],[-99,15],[23,58],[-233,165],[-8,-19],[-74,-49],[-12,-27],[-66,-9],[-53,23],[-32,-15],[-120,72],[-75,-4],[-31,-16],[-4,-36],[-102,-92],[-60,-21],[-92,-19]],[[194818,4576],[1,31],[23,44],[58,34],[59,-60],[57,-12],[10,53],[51,-6],[6,30],[41,4]],[[196406,4422],[-37,-17],[-67,-2],[-38,-19],[-67,-88],[-32,-78],[-16,-72],[-3,-56],[-60,-119],[-2,-35],[-35,-1],[-28,-59],[-30,-39],[-6,-54],[-48,-36],[-94,-30],[1,-34],[-68,19],[-41,-14],[-48,23],[-77,16],[-29,29],[-69,-35],[-35,14],[-58,-40],[-44,-4],[8,31],[-49,36],[-28,-30],[-38,20],[5,47],[54,-19],[20,27],[75,18],[1,29],[-97,-48],[-44,-4],[-25,15],[-106,34],[42,103],[-49,39],[-45,89],[17,43],[-13,35],[-61,-13],[-72,23],[-44,0],[-5,35],[-73,19],[-4,-42],[32,-54],[-39,-6],[-29,79],[-34,14],[-100,-86],[-72,43],[-49,43],[54,49]],[[195949,3717],[-10,-18]],[[195939,3699],[-47,26],[35,16],[22,-24]],[[195949,3717],[137,24],[66,-17],[52,-4],[79,7],[-3,47],[-35,20],[-82,12],[0,53],[37,-1],[-14,43],[41,14],[6,35],[46,0],[74,-45],[-11,-34],[19,-31],[62,-44],[64,26],[29,24],[25,-31],[-55,-32],[13,-20],[47,7],[44,-45],[0,-30],[54,-62],[-13,-65],[-33,-34],[11,-67],[16,-3],[22,-50],[-19,-33],[-70,-51],[-56,-2],[-36,-79],[-63,-23],[-34,-32],[9,-69],[33,-27],[33,3],[25,-22],[0,-55],[-28,-34],[30,-10],[24,-78],[45,-98],[31,-14],[-8,-57],[-69,-50],[-21,-27],[48,-24],[19,31],[42,-3],[79,-40],[-43,-40],[-33,-11],[-15,-53],[-56,-65],[8,-62],[77,-64],[49,-30],[45,-13],[-33,-26],[-31,23],[-27,-5],[-96,34],[-53,1],[2,49],[-15,40],[-75,-8],[-35,32],[-84,6],[-6,176],[-21,25],[-3,82],[-15,6],[-46,-37],[-30,43],[-38,15],[-13,-27],[40,-27],[-15,-18],[2,-49],[-44,-42],[62,-43],[-34,-74],[44,-5],[28,-33],[-20,-30],[32,-26],[-31,-22],[-66,51],[-25,37],[-68,-43],[-25,-36],[-57,-24],[-19,-51],[5,-67],[-19,-6],[-57,37],[7,39],[-19,35],[-54,33],[-78,15],[5,17],[-69,7],[-62,33],[17,35],[-49,23],[-30,45],[26,36],[-45,91],[53,71],[60,4],[44,-18],[21,35],[-7,28],[-37,22],[14,25],[43,-40],[5,56],[-66,7],[-19,-17],[-72,0],[-51,-16],[-42,34],[-22,33],[-75,17],[-35,35],[-53,12],[-14,22],[-3,52],[18,73],[-20,16],[9,34],[-21,44],[-3,42],[35,45],[56,21],[47,1],[47,-29],[28,14],[33,41],[4,55],[-57,53],[27,22],[-35,42],[-4,40],[51,20],[80,-45],[0,-38],[22,-14],[31,20],[48,11],[15,-44],[-14,-21],[14,-30],[-24,-61],[-37,-29],[-25,-67],[89,-77],[34,43],[22,-33],[-4,-43],[20,-51],[38,-2],[14,42],[40,-89],[52,27],[15,-14],[61,18],[5,-31],[125,-26],[19,25],[-37,60],[22,28],[28,-4],[60,-79],[-5,80],[30,47],[101,9],[-105,52],[-31,-15],[-86,45],[23,94],[-78,28],[-52,53],[72,-4],[38,31],[38,-3],[-8,69],[-42,-21],[-11,45],[-63,48],[19,33],[-4,50],[-25,37]],[[195283,3438],[-36,46],[25,24],[25,-25],[-14,-45]],[[187217,12464],[60,-41],[72,11],[32,-10],[34,-37],[64,-3],[44,-36],[41,1],[63,-30],[118,5],[57,-8],[74,-23],[23,10],[38,-20],[2,-36],[-33,-56],[33,-57],[37,-36],[99,-30],[44,-38],[20,-45],[60,-46],[69,-32],[75,-22],[-29,-54],[20,-27]],[[188400,9490],[-78,-21],[-64,-53],[-46,-14],[-30,28],[-21,-6],[-35,-54],[-6,-61],[-30,-25],[-69,9],[-61,-26],[-82,-6],[-43,-36],[-39,-8],[1,-38],[-19,-54],[-66,-57],[-50,-14],[-43,6],[-61,-118],[-509,44],[-633,55],[-270,31],[-634,141]],[[185512,9213],[-40,-33],[-34,-12],[-17,20],[-45,10],[-11,25],[17,34]],[[188736,2595],[-76,-47],[-5,-46],[34,-32],[-5,-46],[-66,-14],[28,-53],[-12,-26],[56,-121],[-7,-42],[-81,-10],[-26,-60],[-101,22],[-33,-65],[33,-59],[31,-13],[71,43],[34,64],[61,-10],[-14,-80],[3,-40],[-15,-34],[-31,17],[-47,-15],[-4,-38],[-77,-8],[-33,-38],[-37,24],[-32,44],[8,51],[-38,0],[-54,58],[-42,7],[-6,58],[15,34],[-13,43],[-28,10],[-22,85],[-3,40],[12,40],[-57,35],[17,36],[-46,23],[-88,-16],[4,32],[-22,51],[13,32],[-43,30],[-24,64],[-52,17],[-5,66],[20,44],[-39,23],[-75,-44],[-30,11],[-21,43],[-36,28],[-20,-6],[-35,32],[48,21],[-27,43],[19,44],[37,15],[5,52],[-43,11],[-67,36],[-24,-21],[-45,75],[3,30],[-115,72],[-73,150],[-114,17],[-112,-54],[-75,8],[-43,-32],[-4,43],[-25,23],[13,48],[-11,105],[-45,72],[6,28],[-32,9],[-12,33],[-54,6],[-37,81],[-20,17],[-15,65],[-39,78],[-25,119],[-14,31],[-3,64],[-32,46],[-29,63],[-32,4],[-39,45],[-18,36],[3,43],[22,22],[23,74],[-34,-6],[-16,30],[-8,72],[-19,50],[-24,15],[2,140],[-64,28],[-66,-7],[-7,64],[19,26],[-66,26],[-26,26],[-31,6],[-53,-13],[-9,-26],[-68,-5],[-27,34],[1,40],[68,-10],[74,70],[8,71],[-2,52],[-63,31],[-29,3],[11,45],[-54,78],[4,27],[-31,26],[5,85],[-29,39],[-1,37],[-33,0],[-33,68],[38,40],[26,45],[-2,57],[-61,94],[10,43],[-17,38],[12,18],[-48,45],[16,40],[-11,39],[-38,-3],[26,54],[-34,26],[-17,48],[-53,50],[1,67],[44,30],[19,35],[-11,34],[15,31],[-35,130],[-56,40],[13,66],[-28,32],[21,37],[-9,25],[-54,0],[-29,40],[36,22],[80,-20],[15,-43],[49,-17],[2,-37],[36,-34],[-13,-64],[43,-4],[20,-91],[64,-15],[-6,-90],[52,-15],[51,41],[41,-7],[10,-56],[51,1],[24,20],[-8,-129],[27,-25],[51,-18],[5,-37],[36,-20],[36,4],[61,-59],[93,-72],[27,-12],[45,18],[82,-49],[35,-51],[12,-35],[35,-18],[-15,-57],[-4,-87],[40,-70],[32,-144],[-15,-61],[22,-89],[51,-22],[-19,57],[9,28],[-23,25],[31,111],[-30,52],[-6,59],[-18,30],[-50,19],[18,20],[78,26],[53,29],[12,-32],[69,-22],[47,48],[-16,22],[41,37],[18,45],[-8,43],[42,-3],[-1,65],[10,29],[35,36],[-37,38],[-56,-46],[-14,-44],[-24,-8],[-46,16],[58,30],[3,18],[-29,41],[-6,50],[-66,40],[-26,-26],[15,-28],[-49,-6],[19,-37],[-15,-47],[-25,15],[-6,52],[-38,7],[-17,102],[-36,17],[-83,23],[-23,91],[-89,58],[-66,78],[-22,37],[-54,31],[-18,65],[36,22],[-7,86],[-41,26],[-9,-28],[-38,4],[49,66],[2,66],[-46,37],[-35,9],[-28,-32],[-20,53],[-26,36],[-22,-21],[19,-63],[-60,-28],[-35,2],[-64,-55],[-34,-48],[19,-23],[57,-21],[-8,-18],[15,-46],[-36,-22],[-48,0],[-34,15],[-37,34],[-72,-3],[-27,30],[57,54],[55,73],[30,91],[17,162],[-7,91],[-25,146],[-19,64],[-80,199],[-62,131],[-104,192],[-27,11],[-26,45],[-66,23],[-19,42],[-24,3],[-92,69],[-5,36],[-28,14],[-22,38],[-81,46],[-61,69],[-10,66],[-23,12],[-34,51],[-23,5],[-26,34],[-38,-2],[5,34],[-31,5],[-63,92],[-13,76],[-35,22],[-15,58],[-52,50],[-30,46],[-46,36],[-37,8],[-50,-34],[-68,66],[-23,99],[58,42],[-6,48],[51,42],[68,32],[35,51],[43,34],[77,18],[39,36],[115,-5],[92,-41],[22,-34],[-17,-33],[21,-34],[65,-26],[42,17],[26,32]],[[191506,11632],[48,-24],[87,51],[65,69],[-28,43],[34,1],[16,-27],[39,-27],[38,-4],[16,-31],[26,-1],[43,28],[53,-18],[59,-57],[26,-45],[-23,-31],[21,-18],[53,-7],[1,-89],[-83,-3],[-46,-51],[-40,1],[15,-46],[81,67],[27,-11],[64,17],[32,-25],[3,-58],[-10,-28],[53,-19],[8,-21],[-18,-39],[48,4],[-4,48],[39,16],[47,35],[41,63],[118,-52],[12,-19],[45,-17],[21,-40],[-72,-45],[28,-12],[-15,-36],[-50,-36],[63,-59],[65,-44],[3,-45],[65,-84],[57,41],[27,-17],[-22,-34],[41,-43],[-4,-67],[-34,-35],[21,-67],[47,-35],[73,-8],[23,-44],[71,-61],[63,-2],[57,46],[37,-9],[29,-31],[-30,-31],[-3,-23],[22,-50],[-4,-62],[21,-40],[62,-36],[63,-8],[46,-48],[-23,-21],[3,-41]],[[142136,88173],[-3,287],[417,0],[0,-151],[81,0],[0,-400],[-73,0],[-3,-111],[76,0],[0,-222],[-220,0],[-43,173],[-13,-6],[-90,-88],[-342,0],[4,134],[-61,-18],[-1,59],[-58,-11],[0,126],[215,101],[114,0],[0,127]],[[133816,111801],[2,604],[0,1299],[0,324],[643,-1],[1184,1],[0,975],[-113,0],[-2,1276],[1190,0],[0,1201],[0,1216],[0,764],[464,-1]],[[137184,119459],[825,1],[-1,-922],[870,0],[-3,-320],[955,0],[0,-924],[184,0],[0,-64],[86,-15],[29,-128],[649,0],[500,1],[0,1126],[1189,-2],[1179,0],[914,2],[0,962],[379,0],[1178,0],[0,640],[875,0],[0,-1366],[-1,-810],[0,-548],[417,0],[834,-1],[9,4],[697,0],[0,735],[737,0],[0,707],[629,-554],[-228,-153],[0,-733],[1,-639],[690,0],[4,-832],[572,-1],[1183,0],[1183,1],[0,-198],[607,-1],[528,1],[1182,-1],[625,1],[0,-491],[327,0],[855,0],[367,0]],[[158219,95944],[-1215,-1],[0,-304],[-1334,0],[-495,0],[-721,0],[-1197,2],[-830,0],[0,86],[-145,-5],[-98,-37],[-39,-37],[-53,33],[-117,-74],[-147,-136],[-85,-95],[-72,-7],[-42,-16],[-143,-121],[-364,-327],[-656,-1],[1,-400],[0,-1280],[-242,31],[-69,-178],[-136,48],[-359,71],[-415,9],[-211,0],[-539,440],[-255,-126],[0,-298],[-964,-2],[3,558],[4,294],[2,840],[-1025,-7],[0,-1390],[-991,0],[2,58],[20,29],[-22,30],[2,442],[-43,0],[-1,252],[-328,0],[38,35],[21,111],[53,153],[-78,30],[33,155],[-17,154],[77,58],[57,59],[82,22],[34,333],[-264,426],[-59,13],[-382,436],[-211,-1],[5,644],[-319,4],[-320,-2],[-378,2],[-1214,7],[65,42],[91,117],[47,17],[17,28],[15,66],[72,85],[51,83],[24,129],[-458,0],[0,703],[-427,4],[-3,837],[-7,980],[-3,319],[1,876],[-1271,0],[0,-750],[0,-549],[0,-777],[-636,0],[0,517],[-344,0],[-1213,0],[0,312],[3,0],[-1,675],[-918,843],[-916,843],[-365,337],[-610,597],[-2,1138],[0,202],[-1,1298],[-2,1299],[-2,1298],[-2,1299],[-2,1298],[-1,672],[-1188,-1],[-256,0]],[[130157,137125],[-155,0],[0,256],[228,0],[0,-256],[-73,0]],[[158223,87398],[-1217,7],[-1232,-30],[-1233,-28],[-754,-15],[-896,0],[-1080,-631],[-1081,-628],[-196,-113],[-42,117],[-101,252],[-29,48],[-70,85],[-35,84],[-46,94],[-20,65],[-5,62],[-47,45],[-34,81],[-72,54],[-21,39],[-16,115],[-9,18],[-70,52],[-43,69],[-66,41],[-41,60],[-19,81],[-32,58],[-32,102],[-65,57],[-58,81],[-32,32],[-121,77],[-78,35],[-92,30],[-1,1163],[-424,-10],[-494,2],[11,-536],[-177,7],[-159,150],[-190,135],[-81,-2],[0,200],[-100,203],[-9,37],[-46,84],[-74,74],[-45,181],[-257,0],[-301,3],[-375,287],[0,-777],[-281,1],[-625,0],[0,116],[-192,0],[0,69],[-258,0],[0,-486],[-530,0],[-71,-47],[-1,-144],[-465,0],[-750,1],[0,1234],[-1,959],[-937,-2],[-178,230],[0,125],[-239,0],[-630,-1],[-357,-1],[-690,0],[-1154,2],[-826,0],[-760,-1],[-1223,3],[0,723],[-914,0],[0,-256],[-680,0],[0,-462],[-677,-7],[-921,-9],[-627,-1],[-598,0],[-567,0],[-1226,0],[-319,1],[-1124,0],[-1138,0],[-2236,-1],[-1670,0]],[[123651,110225],[858,0],[827,0],[2630,0],[0,377],[0,1300],[0,492],[0,1074],[781,0],[398,0],[788,0],[0,-1025],[0,-638],[586,0],[1388,0],[1909,-4]],[[132113,135832],[12,-9],[-7,-64],[-11,-20],[25,-41],[43,-48],[26,-17],[19,9],[31,-39],[29,3],[70,-31],[-12,-24],[27,-21],[14,-40],[-13,-60],[37,-55],[-2,-40],[-62,-42],[-17,-24],[-18,-104],[-1,-84],[-22,-22],[7,-51],[-6,-33],[16,-45],[-10,-31],[10,-26],[-34,-18],[-32,-32],[5,-22],[-10,-64],[24,-31],[-11,-28],[-50,-44],[-16,-56],[-29,-21],[-28,-74],[-31,0],[-17,-23],[10,-29],[-37,-73],[0,-140],[-150,1],[-76,-78],[41,-28],[95,-105],[33,-24],[65,-28],[0,-190],[21,-21],[58,-13],[63,-40],[76,-6],[0,-317],[3,-298],[-223,0]],[[132048,133071],[-663,0],[0,205]],[[131385,133276],[0,712],[325,0],[0,189],[-28,30],[-20,-13],[-36,1],[-38,126],[-26,36],[5,29],[-66,0],[0,-42],[-51,-1],[0,-39],[-192,1],[-1,-51],[-30,17],[-45,-22],[-18,-43],[2,-28],[-21,-92],[7,-38],[-22,-14],[-48,-1],[-3,71],[-19,51],[1,45],[-32,0],[-1,105],[-66,0],[0,41],[-46,79],[-9,52],[1,77],[38,62],[4,28],[30,40],[19,49],[19,22],[9,44],[15,6],[24,51],[-39,53],[20,130],[-20,54],[-35,58],[-42,-3],[-19,-34],[-24,-15],[1,741]],[[130908,135840],[260,0],[314,-4],[0,196],[115,0],[0,-32],[166,-1],[87,-6],[2,-64],[28,0],[0,-30],[62,0],[-1,-70],[172,3]],[[131091,138112],[6,-99],[-1,-194],[-57,0],[0,-104],[29,-12]],[[131068,137703],[-14,-47],[-43,0],[-51,-19],[-63,37],[0,45],[-87,-1],[10,-34]],[[130820,137684],[-47,-6],[-17,-64],[4,-32]],[[130760,137582],[-35,-17]],[[130725,137565],[-34,33],[-54,-1],[-7,25],[25,30],[16,-9],[31,101],[-29,66],[-35,-11],[-2,39],[39,-4],[37,-23],[29,39],[11,53],[-29,43],[45,30],[30,-8],[38,89],[48,55],[20,11],[24,41],[114,-51],[49,-1]],[[130760,137582],[5,-31],[-30,-14],[-10,28]],[[154115,132409],[16,24],[60,0],[35,11],[-13,-44],[-67,-16],[-31,25]],[[153079,140349],[18,22],[41,13],[22,-16],[-50,-34],[-31,15]],[[147287,140940],[-11,58],[31,-1],[16,-49],[25,-9],[-5,-39],[-45,19],[-11,21]],[[153691,141080],[17,31],[43,14],[5,-55],[-55,-18],[-10,28]],[[150844,141361],[-5,78],[35,22],[17,-17],[-22,-75],[-25,-8]],[[152077,132450],[0,36],[72,-1],[6,-48],[-78,13]],[[152527,140512],[16,46],[37,19],[17,24],[-9,30],[56,-4],[-12,-37],[92,5],[19,58],[55,-1],[5,35],[-16,19],[44,36],[37,-2],[29,-22],[9,53],[30,4],[11,-24],[-41,-45],[-58,-24],[-28,-22],[-30,-51],[17,-37],[-79,-39],[-78,1],[-105,-41],[-18,19]],[[151332,141298],[-1,-82],[-36,30],[-11,31],[1,44],[47,-23]],[[153184,132441],[48,59],[-9,-62],[-39,3]],[[153174,132435],[17,-14],[-11,-39],[-26,8],[20,45]],[[151976,141538],[-23,56],[26,24],[36,0],[-8,35],[24,28],[-5,27],[114,29],[23,45],[38,44],[57,18],[2,38],[97,84],[3,-77],[-40,-57],[17,-45],[-57,-101],[-26,-23],[-31,9],[-88,-43],[-33,-22],[-1,-34],[-53,-2],[-9,-20],[-63,-13]],[[150952,141543],[-2,18],[31,62],[33,-1],[-7,-44],[-24,-49],[-31,14]],[[151441,132643],[-3,31],[50,-22],[12,-49],[-8,-18],[-42,-15],[-39,10],[-17,62],[47,1]],[[150728,140553],[-36,-82],[-19,11],[36,94],[19,-23]],[[151748,141390],[-63,21],[-6,58],[63,22],[42,-54],[69,41],[25,66],[44,12],[5,35],[32,-25],[15,-38],[-11,-61],[32,-17],[-50,-67],[-15,19],[-34,-4],[-9,-18],[-47,-29],[5,-45],[-83,-11],[-41,-53],[-54,-21],[-12,45],[-33,9],[-28,26],[-43,-19],[36,-43],[2,-32],[-22,-23],[0,-62],[-96,-18],[-29,-20],[-20,34],[-3,30],[-43,-27],[-3,-56],[-20,-9],[-16,29],[-23,-31],[-34,-11],[-40,-54],[-42,-26],[-38,3],[3,56],[69,7],[5,24],[-26,58],[-19,18],[5,72],[33,-30],[52,5],[50,-40],[13,51],[56,10],[29,-18],[6,99],[43,16],[10,40],[-26,42],[45,34],[52,92],[19,-55],[27,19],[22,-44],[-14,-35],[36,-33],[31,3],[19,22],[45,-13],[3,24]],[[150514,140871],[-17,18],[-33,-16],[-40,34],[-38,10],[-32,36],[-3,35],[12,43],[34,39],[29,7],[68,48],[84,37],[62,48],[34,-36],[51,13],[29,-29],[-52,-57],[-38,-54],[-8,-46],[-22,0],[-29,-30],[-53,-74],[-10,-32],[-28,6]],[[151138,140949],[-3,-33],[-23,-14],[-24,-49],[-41,-25],[-23,64],[60,59],[3,47],[15,14],[35,-41],[1,-22]],[[150756,141195],[14,39],[33,-9],[-18,-53],[-29,23]],[[150309,140724],[7,30],[36,-6],[21,19],[-1,31],[50,-15],[28,15],[6,-45],[-32,-14],[-5,-39],[-23,-25],[-75,-26],[-12,75]],[[150827,140628],[18,29],[6,37],[22,35],[29,-4],[30,31],[9,-31],[-44,-21],[-10,-34],[-33,-48],[-27,6]],[[152153,131448],[32,13],[0,41],[-55,26],[-16,-30]],[[152114,131498],[1,65],[52,71],[47,2],[16,-19],[4,-49],[35,7],[-2,22],[28,19],[21,-25],[8,-40],[72,7],[45,-24],[98,48],[26,51],[-11,92],[29,43],[41,-11],[-15,-93],[7,-23],[58,-26],[15,19],[60,29],[-9,35],[38,2],[4,-32],[71,9],[-1,23],[-28,32],[2,28],[46,9],[44,-19],[54,0],[23,26],[-31,26],[10,45],[-70,29],[16,53],[-1,26],[-25,45],[-84,33],[-17,36],[23,23],[8,41],[-10,38],[-62,-2],[13,30],[47,14],[80,5],[28,-22],[54,-21],[-55,-55],[27,-56],[37,-4],[-2,31],[24,36],[53,17],[29,-18],[57,27],[19,90],[23,17],[12,45],[85,9],[14,-22],[28,39],[28,-70],[2,-59],[-48,-117],[-18,-18],[-26,8],[-22,-36],[-32,-24],[-22,13],[-18,-20],[-1,-60],[20,-16],[7,-71],[29,-48],[80,-4],[50,32],[18,-16],[-55,-27],[0,-22],[-25,-22],[-9,-32],[19,-30],[-4,-30],[25,-34],[23,-10],[-8,-40],[-20,-24],[8,-31],[39,-11],[13,22],[63,26],[45,-39],[32,-6],[33,-23],[46,-3],[25,-31],[28,-4],[78,29],[42,45],[21,69],[2,46],[-30,49],[-18,1],[-95,-52],[26,53],[71,59],[23,36],[-6,46],[6,67],[21,24],[101,-32],[68,11],[21,-26],[43,-19],[31,-67],[3,-44],[28,-37],[11,-32],[-47,-11],[-63,-78],[-45,-77],[-98,-221],[4,-44],[-8,-34],[-21,-9],[-29,24],[-31,-11],[-58,7],[-33,19],[-64,-35],[-19,-19],[-47,-78],[-39,-103],[-25,-124],[1,-75],[30,-72],[30,-26],[25,-1],[20,24],[24,-10],[36,7],[13,-27],[-9,-49],[-39,-21],[-20,20],[-62,-40],[-41,11],[-13,-35],[-40,-32],[-13,-41],[22,-65],[-27,-14],[-33,36],[13,20],[-32,35],[-45,-17],[10,-41],[-35,-46],[-13,-78],[-28,5],[-13,-21],[-4,-50],[16,-72],[35,-20],[5,-42],[-24,-19],[-11,-33],[24,-47],[47,-51],[36,-18],[32,21],[48,-3],[38,-41],[86,14],[8,34],[-48,40],[3,31],[23,24],[-14,28],[17,41],[20,-18],[58,6],[1,-27],[28,-35],[35,-5],[29,-38],[36,-17],[33,-38],[35,-92],[38,-15],[64,9],[58,36],[32,86],[43,48],[7,37],[-26,37],[15,31],[-1,44],[31,-16],[27,-28],[-34,-18],[10,-47],[70,3],[9,16],[55,-33],[19,-3],[-22,-51],[2,-26],[-19,-51],[-44,26],[-19,-23],[-10,-46],[11,-39],[29,-1],[23,-21],[-18,-35],[27,-73],[-43,-59],[17,-42],[7,-48],[46,-21],[-7,-15],[-45,30],[-39,-16],[-3,-73],[-74,40],[-35,12],[-22,-23],[-8,-37],[-19,-25],[-26,-5],[-8,28],[-30,-10],[-11,41],[-30,41],[-45,25],[-31,-15],[-29,-34],[-36,24],[-3,28],[-47,-2],[-42,39],[-89,40],[-40,-13],[-53,17],[-68,2],[-51,-17],[-82,-49],[-37,-4],[-56,-47],[-27,-52],[-19,42],[-21,2],[-43,-33],[-31,38],[-39,5],[-18,35],[10,31],[-29,24],[-64,1],[-98,23],[-58,-7],[-70,34],[-40,-6],[-38,40],[-3,33],[-22,17],[-51,0],[-69,-15],[-48,38],[-31,3],[-60,46],[-7,45],[-31,37],[-32,13],[-61,1],[-32,-14],[-67,-13],[-82,-48],[-68,-30],[-114,-103],[-8,53],[-2,80],[53,28],[19,20],[211,107],[74,65],[11,27],[-5,50],[48,65],[31,13],[14,56],[-54,105],[2,66],[-36,50],[-9,39],[16,42],[-24,138],[4,105],[-33,66],[13,47],[36,68],[6,47],[18,52],[-1,35],[18,37],[17,78],[-10,70],[-17,37],[-39,50]],[[151282,131750],[-11,29],[4,51],[-57,15],[-83,-47],[-34,-31],[26,-17],[26,-78],[-14,-25],[12,-33],[38,0],[0,-63],[-150,-7],[-40,27],[-49,69],[44,72],[13,46],[-31,67],[-10,38],[6,43],[-8,52],[14,47],[37,40],[15,-48],[21,-25],[56,-39],[40,1],[16,-14],[41,7],[30,29],[5,37],[-26,25],[26,45],[-18,28],[10,38],[24,2],[20,33],[-8,29],[15,43],[-4,36],[36,23],[48,13],[49,-3],[97,-56],[7,-79],[22,-8],[26,14],[43,-59],[11,7],[53,-17],[-2,-38],[17,-58],[-50,-48],[-50,17],[-33,-12],[-36,-43],[4,-42],[26,-6],[54,17],[-4,-59],[13,-55],[26,-23],[-17,-21],[-57,38],[-19,-5],[1,-98],[-22,-62],[1,-47],[-38,-24],[-15,-44],[-100,-27],[-37,-15],[-26,39],[23,34],[26,69],[-19,56],[-47,45],[-19,32],[12,23]],[[152460,132066],[26,-16],[38,16],[9,66],[31,5],[10,-53],[22,-26],[0,-38],[17,-49],[-16,-63],[7,-45],[18,-45],[-84,-80],[-24,27],[-25,-8],[-32,26],[-14,28],[-7,50],[-22,32],[-39,16],[-28,25],[-12,43],[23,52],[0,24],[47,4],[39,20],[16,-11]],[[151953,131516],[-51,3],[-62,-13],[-13,24],[39,67],[21,8],[14,48],[53,-1],[23,-62],[-13,-67],[-11,-7]],[[153096,132295],[5,50],[48,-9],[11,-48],[-15,-46],[-46,-31],[-14,23],[11,61]],[[152764,132302],[32,44],[63,-14],[-20,-32],[-55,-21],[-20,23]],[[152063,132126],[13,-31],[-15,-20],[-41,17],[-3,45],[11,27],[35,-38]],[[154031,132284],[-27,-44],[-47,3],[41,59],[37,25],[17,-29],[-21,-14]],[[152972,132258],[-4,49],[30,5],[15,-31],[-41,-23]],[[153429,132180],[-50,-24],[-8,42],[58,-18]],[[153058,132341],[-12,-47],[-25,21],[4,24],[33,2]],[[150715,138290],[7,57],[18,15],[47,12],[8,-26],[-36,-12],[-5,-58],[-14,-24],[-25,36]],[[152349,140285],[-3,93],[27,9],[18,38],[-10,27],[15,53],[26,-20],[42,29],[-8,-59],[9,-34],[-19,-39],[-57,-68],[-4,-34],[16,-35],[10,-124],[-20,-47],[-43,-30],[-20,31],[-9,56],[9,27],[-15,51],[38,32],[-2,44]],[[152122,140232],[29,-57],[32,13],[24,-41],[-5,-59],[-64,-12],[-23,13],[-14,-33],[-25,-15],[-22,8],[-37,-21],[-12,21],[34,42],[35,13],[18,67],[23,-18],[7,79]],[[150337,140039],[8,61],[-25,47],[32,14],[28,35],[24,5],[50,44],[-5,-55],[-46,-61],[-36,-82],[-30,-8]],[[152221,139996],[34,48],[36,17],[13,-12],[0,-49],[-16,-17],[-61,-14],[-6,27]],[[151088,132918],[34,48],[-7,30],[-23,30],[-44,3],[1,52],[-23,20],[-8,42],[30,33],[17,55],[-4,27],[-26,31],[14,54],[38,33],[-27,54],[-6,62],[-23,13],[10,32],[-8,33],[-65,44],[-52,-9],[-26,8],[19,37],[45,-20],[33,18],[14,-42],[64,-37],[6,-33],[30,-23],[18,14],[16,-89],[33,-58],[49,-13],[8,-73],[59,-56],[51,-21],[-25,-63],[-27,-11],[-33,35],[-51,-17],[-30,-60],[-46,31],[-17,33],[-19,-21],[5,-57],[24,-42],[31,4],[25,-25],[18,-46],[-7,-57],[-26,-3],[-22,19],[-17,-24],[-4,-67],[-9,-20],[13,-71],[-29,-14],[-25,29],[0,38],[-33,21],[9,25],[27,10],[21,26],[0,28]],[[150842,133160],[-15,11],[19,45],[27,16],[61,-14],[28,-43],[-12,-29],[-24,5],[-55,-17],[-29,26]],[[151476,133205],[-3,85],[28,-9],[30,-33],[52,-29],[-20,-31],[-49,36],[-38,-19]],[[150916,133891],[-28,-64],[-23,16],[-7,41],[17,22],[33,8],[8,-23]],[[152454,142202],[-9,30],[20,43],[51,10],[20,18],[73,97],[28,4],[37,60],[-8,38],[38,-15],[24,23],[49,84],[-17,33],[41,130],[3,34],[44,58],[29,60],[51,65],[17,39],[-10,57],[28,18],[28,-4],[28,12],[21,45],[11,44],[41,23],[33,-57],[58,17],[23,24],[-1,24],[54,64],[-16,76],[10,22],[-8,54],[15,25],[43,23],[16,56],[-74,61],[21,21],[67,-32],[16,22],[2,39],[26,29],[-7,62],[-82,30],[28,59],[38,6],[22,-37],[33,11],[-23,66],[28,28],[15,-15],[30,29],[33,-40],[-14,-34],[-22,-17],[-25,-95],[-15,-32],[9,-31],[-20,-76],[-17,-8],[-20,-75],[4,-63],[-52,-82],[-10,-87],[-19,-33],[19,-51],[0,-28],[-32,-4],[-9,-53],[-51,-35],[-38,6],[-15,-22],[-37,-17],[8,-67],[11,-31],[-29,-10],[-28,-74],[-27,19],[-26,-17],[-9,-71],[-11,-12],[-42,19],[-23,-22],[25,-55],[-39,-36],[23,-19],[-14,-41],[-5,-51],[-31,1],[-46,-74],[-18,-9],[3,-49],[-19,-9],[-3,-47],[-30,-52],[-55,-33],[-7,-23],[-32,-13],[0,-41],[-52,-65],[-41,-11],[14,-24],[-27,-53],[-47,-7],[-3,60],[-86,-46],[-6,-65],[-17,-20],[-39,21],[-18,38],[37,34],[25,9],[7,49],[18,26],[-15,35]],[[153381,143987],[39,-13],[34,1],[-12,-37],[-25,-9],[-24,19],[-12,39]],[[150240,133539],[-327,-164],[-1286,-640],[4,-3331],[-1929,1419],[0,4392]],[[146702,135215],[0,520],[-800,0],[0,1256],[-19,58],[-31,36],[-25,64],[-2,65],[-20,53],[0,1327],[151,279],[2,269],[-304,176],[-14,262],[143,249]],[[145783,139829],[41,-25],[-16,-41],[10,-42],[-2,-41],[-19,-26],[4,-41],[22,-20],[36,-2],[7,-39],[18,-19],[11,-61],[33,-69],[43,1],[56,-34],[51,2],[22,-21],[4,-75],[-14,-36],[5,-120],[53,-81],[29,2],[81,-16],[51,-53],[46,-23],[75,40],[71,-13],[88,-53],[34,-30],[28,-45],[25,-77],[47,-96],[53,-52],[28,-18],[76,-80],[36,-58],[66,25],[42,-2],[15,27],[60,23],[52,3],[38,31],[45,-23],[23,23],[28,-40],[30,-11],[24,-73],[38,-10],[24,-33],[58,-38],[6,-25],[54,-25],[22,31],[-27,30],[-2,26],[-43,54],[-50,30],[-2,50],[-60,64],[-26,-8],[-6,36],[45,-4],[15,-15],[43,-2],[30,-15],[64,-6],[36,15],[52,4],[56,23],[59,-1],[66,-128],[25,-12],[85,-6],[52,26],[36,7],[47,33],[22,53],[-23,1],[-61,-43],[-46,-10],[-36,8],[-46,37],[-45,24],[-25,31],[-28,57],[-48,-6],[-40,15],[-21,41],[-27,13],[-32,-6],[-8,37],[35,14],[94,2],[34,10],[23,34],[36,34],[26,-10],[41,12],[22,20],[39,55],[-11,26],[-41,21],[5,51],[38,16],[46,36],[57,9],[36,15],[30,39],[-10,19],[49,44],[28,-34],[45,-4],[27,15],[7,30],[92,-6],[-40,-44],[-16,-38],[41,-54],[61,4],[75,-4],[64,21],[8,13],[59,30],[79,60],[46,108],[71,-14],[7,-53],[21,-47],[25,-21],[69,-34],[22,21],[101,64],[52,49],[80,38],[31,33],[23,50],[17,15],[86,21],[36,1],[28,41],[61,12],[68,55],[28,-7],[65,8],[54,25],[65,49],[125,57],[78,7],[109,46],[36,0],[28,14],[22,-8],[87,61],[16,-31],[-82,-70],[-6,-17],[-48,-32],[-12,35],[-118,-22],[-29,6],[-35,-39],[24,-45],[-45,-25],[-24,-46],[-55,-32],[-23,-44],[-52,-17],[-24,-25],[-71,-133],[-38,-30],[-9,-44],[-51,0],[-9,-45],[-51,-9],[-19,-43],[-38,-58],[-55,-29],[-18,-35],[-46,-40],[-36,1],[-31,-79],[-4,-81],[3,-68],[40,-88],[56,-85],[56,-59],[69,-32],[47,-88],[3,-22],[-46,-75],[2,-32],[69,70],[24,36],[42,105],[54,37],[64,-28],[14,68],[-9,57],[4,35],[121,97],[24,7],[2,35],[24,32],[32,-25],[19,4],[6,35],[32,-18],[27,18],[17,57],[19,-23],[19,16],[9,40],[-7,26],[59,5],[-17,-61],[8,-36],[26,-13],[6,-38],[24,11],[0,34],[15,18],[5,40],[33,29],[3,30],[22,15],[23,-13],[8,-48],[20,1],[52,41],[46,8],[32,18],[0,26],[54,31],[9,21],[33,13],[48,36],[9,75],[-24,36],[26,39],[26,17],[35,-2],[36,14],[43,33],[-7,-59],[-40,-18],[-33,-105],[-31,-57],[-37,-23],[-45,-82],[-27,-19],[-23,-59],[-14,-89],[-45,20],[-32,-33],[3,-40],[-30,6],[-61,-87],[-8,-20],[10,-61],[18,-19],[42,-16],[37,-27],[-7,-52],[43,-52],[91,3],[47,17],[14,29],[18,83],[23,24],[27,-14],[52,11],[30,24],[21,-2],[15,-28],[28,-8],[0,-28],[-44,-110],[-28,26],[-34,-22],[-5,-52],[-16,-33],[-25,-11],[-19,22],[-27,-7],[-10,-25],[14,-29],[33,-27],[9,-30],[-35,-44],[-28,-56],[-12,-56],[-28,-46],[-35,3],[-36,-42],[-13,-31],[7,-49],[-29,-73],[19,-27],[12,60],[43,11],[30,-20],[33,-5],[42,19],[-4,-48],[-19,-26],[-1,-38],[-25,-19],[-18,-60],[33,-71],[31,-3],[20,-26],[-14,-104],[28,1],[35,49],[25,-43],[35,58],[2,75],[16,29],[44,54],[9,21],[45,-32],[-13,-30],[28,-53],[46,-6],[50,23],[5,55],[38,-37],[60,8],[32,35],[31,5],[30,-12],[14,-27],[1,-70],[31,-1],[28,-20],[52,9],[27,-12],[46,8],[14,13],[43,5],[29,-25],[8,45],[38,35],[99,71],[35,33],[102,113],[25,49],[3,33],[-20,19],[-8,38],[32,47],[51,60],[32,93],[1,29],[-29,21],[-7,22],[21,21],[48,3],[36,64],[7,54],[-33,22],[-7,33],[27,15],[50,7],[59,29],[-3,14],[-56,-14],[-28,113],[-21,48],[-45,40],[-52,7],[-39,-36],[-46,20],[-41,6],[-57,-20],[-22,9],[-120,-28],[-49,2],[-2,52],[-33,60],[-30,19],[-43,-37],[-44,-18],[-40,19],[-32,0],[-4,69],[20,7],[-7,71],[43,-14],[53,-1],[54,50],[23,-3],[-5,46],[-21,14],[8,30],[43,-6],[17,18],[15,51],[37,5],[17,20],[4,49],[44,75],[31,44],[-8,26],[48,32],[52,19],[44,28],[38,-19],[53,14],[22,-41],[39,10],[-1,40],[29,19],[-3,34],[25,19],[18,37],[39,-22],[0,51],[30,-14],[25,45],[-11,50],[13,7],[56,90],[26,14],[35,65],[42,-1],[20,-55],[19,12],[35,52],[18,72],[31,-9],[21,-33],[40,0],[46,-14],[89,29],[57,31],[13,25],[-12,26],[24,36],[57,7],[12,-25],[52,25],[33,33],[14,37],[-43,34],[-19,31],[6,35],[34,-19],[5,-52],[49,-38],[-1,-43],[-59,-60],[-32,-21],[-21,-32],[-50,-18],[-22,-18],[-67,-15],[-82,-35],[-85,-7],[-18,-42],[1,-66],[16,-44],[-19,-6],[-17,63],[-32,8],[-23,-22],[4,-49],[20,-42],[33,0],[16,26],[21,-57],[30,-35],[31,-17],[4,-34],[30,23],[-10,28],[5,49],[27,22],[-9,26],[37,44],[51,2],[28,-23],[22,-119],[23,-68],[12,-9],[29,-110],[33,-72],[32,-31],[59,12],[9,-40],[-23,-90],[14,-55],[-25,-34],[-11,-52],[7,-36],[35,-83],[33,-55],[13,-78],[26,-34],[68,-61],[83,-47],[-5,-32],[10,-43],[-8,-47],[8,-25],[60,-58],[26,18],[49,-13],[31,22],[30,-43],[33,-12],[19,9],[26,58],[44,-12],[39,11],[32,46],[24,62],[29,13],[-2,55],[-33,2],[-26,29],[4,48],[-51,-14],[-22,26],[-24,4],[-24,49],[-64,46],[-69,-26],[-8,11],[16,48],[73,-20],[33,1],[47,15],[20,26],[-5,25],[60,6],[31,29],[72,-1],[47,24],[17,-25],[7,-66],[30,-29],[47,-73],[49,-44],[29,14],[50,-20],[16,17],[40,-8],[70,-41],[21,-44],[19,-67],[19,-12],[41,5],[9,-54],[-11,-74],[14,-23],[32,-2],[12,25],[45,-16],[-2,-61],[17,-47],[4,-40],[23,-37],[-28,-46],[-14,-38],[-45,4],[-26,-63],[-44,-33],[4,-17],[42,-8],[29,79],[22,33],[60,-59],[61,-5],[46,36],[-7,35],[57,-4],[-28,-51],[-36,-45],[5,-38],[-42,-5],[-26,21],[-34,-15],[-37,-30],[-20,1],[-68,-43],[-43,-56],[-11,-52],[-76,-51],[-102,-123],[-116,-165],[-30,-53],[-49,-51],[-43,-32],[-31,-53],[-8,-38],[-32,15],[-10,57],[53,67],[6,59],[54,2],[23,28],[-1,74],[-10,38],[9,34],[-11,26],[-28,13],[-25,-8],[-68,-56],[-3,-14],[-82,-55],[-28,8],[-38,-68],[17,-49],[31,-12],[19,-24],[1,-38],[-32,-8],[-16,-31],[22,-29],[46,4],[-25,-84],[-33,-40],[-4,39],[-34,0],[-27,-55],[-38,16],[-25,-8],[-15,-27],[3,-65],[-27,-11],[-28,27],[-32,-4],[-6,-34],[29,-19],[27,20],[30,-1],[24,50],[-5,41],[20,8],[48,-17],[24,10],[55,-6],[21,20],[4,51],[23,17],[29,-29],[-3,-33],[32,-30],[-25,-25],[-32,16],[-72,-46],[-59,-63],[-37,-48],[-46,-90],[-16,-55],[-18,-36],[-18,-76],[12,-17],[-1,-69],[55,-49],[-4,-52],[-51,1],[3,21],[-41,1],[-33,-29],[-45,8],[-9,33],[-42,15],[-34,-6],[-29,-22],[-47,-54],[-19,-41],[-12,-52],[6,-34],[27,-26],[43,-18],[-4,-40],[19,-41],[-17,-17],[-23,-60],[-21,-98],[16,-76],[-44,31],[-22,-6],[-41,37],[-17,86],[15,51],[-10,89],[-22,-6],[-37,23],[-13,37],[-40,17],[-9,46],[-49,-10],[-48,-62],[14,-38],[-11,-41],[28,-35],[8,-43],[-20,-55],[-42,-12],[-29,20],[-4,34],[-37,49],[-23,2],[-10,27],[-32,39],[-50,-25],[-20,-37],[11,-53],[31,-23],[45,-6],[-3,-35],[-27,-35],[-11,-66],[18,-48],[57,-36],[31,2],[16,-73],[34,-35],[35,3],[21,-25],[83,13],[-42,-63],[-3,-58],[22,-56],[31,-7],[9,25],[60,-47],[26,1],[38,-27],[39,-13],[11,-22],[32,-9],[46,-54],[41,0],[20,-92],[2,-40],[23,-46],[37,-4],[38,-43],[-51,-55],[-24,13],[-21,-19],[-32,17],[1,42],[-24,81],[1,54],[-45,27],[-22,-24],[-36,-8],[-15,-23],[5,-44],[-63,-39],[-12,-30],[22,-14],[-4,-41],[-40,18],[-24,-6],[-13,42],[23,28],[-16,33],[-29,18],[28,37],[-23,42],[-25,22],[-57,-33],[-2,-31],[-37,-28],[-19,34],[-26,3],[-39,-26],[-16,3],[-34,-43],[-58,45],[-9,22],[-28,-3],[-27,15],[-34,-45],[7,-32],[55,-21],[11,14],[35,-21],[63,19],[44,-11],[3,-72],[38,-11],[30,-27],[35,-10],[-19,-44],[5,-69],[23,-31],[50,-1],[62,-11],[-79,-153],[-5,-32],[-20,-35],[-13,-51],[-12,-87],[-16,-27],[10,-34],[-50,23],[3,24],[-33,18],[-36,-9],[-34,-35],[-50,-86],[0,-78],[-17,-46],[-11,-78],[16,-47],[-3,-38],[-27,-56],[-50,-35],[-35,29],[19,45],[10,60],[-56,29],[-13,-18],[5,-35],[-81,-19],[-58,-33],[-41,-65],[-14,-45],[-47,-81],[-4,-25],[-40,-35],[-18,-46],[-52,-66],[-39,0],[-24,65],[-24,7],[-10,58],[27,1],[26,29],[19,73],[-20,52],[-22,12],[3,31],[58,15],[30,-1],[28,-35],[50,17],[43,49],[16,33],[1,43],[-17,13],[-15,63],[-49,37],[15,61],[-3,74],[-50,79],[12,19],[43,13],[-10,45],[-23,3],[1,35],[-21,19],[35,22],[17,25],[-26,61],[30,63],[-8,66],[-18,31],[-43,22],[-22,-2],[-45,29],[-88,-88],[-18,-31],[-6,-93],[-38,-19],[-15,-39],[26,-12],[44,4],[39,-50],[-6,-39],[-50,-67],[14,-45],[22,-22],[-23,-29],[-24,8],[-29,-22],[-52,4],[-5,56],[-43,-14],[-28,22],[-31,0],[-3,57],[14,54],[-29,11],[-20,-37],[-6,-50],[-29,1],[-49,46],[-20,-18],[9,-52],[42,-20],[15,-56],[30,-5],[-29,-82],[13,-29],[-3,-50],[-36,-1],[-20,17],[-35,-29],[-14,-77],[10,-30],[-48,-62],[-60,11],[-29,48],[-33,-6],[-27,-30],[-11,-38],[26,-54],[24,-26],[45,-30],[-29,-29],[-24,41],[-45,11],[-22,43],[-2,62],[-24,41],[7,76],[-42,33],[0,79],[27,9],[24,45],[-6,27],[16,125],[-7,51],[-32,52],[-35,-14],[-31,-26],[-18,-50],[-41,-13],[-26,-22],[-22,-57],[39,-29],[-38,-36],[-28,-39],[-10,-35],[-32,-37],[-7,-50],[29,-49],[-15,-31],[-77,39],[-29,-28],[-19,-45],[20,-49],[30,-40],[-20,-21],[-16,-52],[3,-95],[-37,-43],[-29,54],[19,30],[-20,81],[-1,42],[-13,14],[-8,75],[-26,29],[-26,86],[-25,17],[-38,2],[-57,-38],[-36,-46],[-4,-58],[-20,-96],[-23,-24],[4,-66],[-24,17],[-17,76],[-24,64],[-59,-33],[-53,-44],[-28,-48],[-11,-91],[-59,-47],[-15,-25],[-31,-100],[-6,-95],[44,-42],[39,-3],[10,-24],[65,-21]],[[153496,138793],[24,-34],[65,40],[-22,45],[-8,37],[-19,29],[-40,-13],[0,-104]],[[148855,139460],[14,77],[1,65],[17,10],[18,42],[44,51],[13,69],[-11,34],[32,21],[48,-39],[49,-2],[-18,-34],[64,-23],[45,8],[44,24],[10,33],[26,20],[25,44],[-2,26],[30,29],[65,-28],[23,2],[58,29],[42,-32],[28,1],[93,82],[2,27],[92,23],[83,88],[60,80],[48,46],[6,59],[23,25],[32,-32],[22,3],[43,30],[24,32],[47,130],[22,-4],[-11,58],[-46,4],[-31,34],[-7,47],[44,72],[55,-27],[60,24],[18,-50],[58,-15],[26,-42],[-6,-22],[29,-72],[-35,-29],[-36,-10],[-18,-39],[-30,-23],[-5,-73],[-24,-48],[-39,-13],[-93,-67],[-27,-31],[-24,-51],[-48,-56],[-11,-42],[-32,-73],[-41,-61],[-45,-44],[-31,-49],[-73,-51],[-77,21],[-36,-4],[-39,-38],[-18,-96],[-77,-8],[-46,4],[-40,-19],[-46,-1],[-54,-22],[-35,0],[-47,-25],[-31,1],[-27,-18],[-21,-32],[-70,-15],[-43,-48],[-18,-58],[-34,8],[-37,-59],[-27,-7],[-1,59],[-40,34],[25,56]],[[151086,139424],[-3,25],[-34,-7],[-11,25],[22,40],[34,-15],[12,-40],[38,-13],[56,37],[8,45],[31,2],[10,-24],[35,-2],[-22,47],[19,7],[45,65],[13,-40],[-32,-47],[37,-44],[51,-15],[9,33],[65,15],[10,25],[31,11],[73,52],[19,44],[-8,26],[25,19],[11,39],[27,-17],[45,23],[18,-12],[-1,-64],[31,14],[13,-28],[-14,-59],[-19,-26],[-26,-10],[-95,-70],[-2,-20],[-44,-3],[-20,-15],[-72,-19],[-30,-32],[-66,-32],[-39,5],[-39,-31],[14,-19],[-14,-33],[-67,-6],[-57,47],[-39,0],[-98,-34],[0,28],[-34,20],[-8,23],[63,6],[7,-17],[50,15],[-25,29],[-3,27]],[[146427,139193],[-60,-152],[-50,-37],[-48,35],[-73,26],[7,27],[-25,45],[10,21],[-12,83],[10,68],[-40,36],[-33,63],[29,26],[50,-37],[18,-28],[43,-30],[93,-14],[43,-40],[41,-67],[-3,-25]],[[146354,139473],[7,47],[66,4],[50,23],[51,5],[60,-62],[44,-26],[20,-28],[-40,-8],[-52,-37],[-5,-58],[-83,13],[-14,57],[-104,70]],[[146916,139823],[-37,65],[22,44],[2,38],[29,8],[37,-11],[49,27],[24,-20],[52,2],[22,-21],[49,-7],[-9,-34],[-48,-38],[-59,8],[-39,-39],[-60,-2],[-34,-20]],[[153609,139099],[-5,60],[18,49],[-16,19],[50,49],[53,26],[-8,-212],[23,-63],[-47,-24],[-46,35],[-22,61]],[[151118,138852],[-4,-25],[28,-48],[-20,-18],[-83,0],[-17,-17],[-59,-1],[-19,42],[24,53],[26,2],[5,36],[26,-9],[22,-28],[36,36],[35,-23]],[[146125,139565],[44,-37],[16,-24],[-30,-23],[-16,-28],[-29,2],[-65,38],[-8,30],[10,33],[36,31],[42,-22]],[[150647,138962],[5,77],[-1,151],[30,19],[32,-41],[-20,-26],[8,-88],[-33,-46],[-21,-46]],[[145981,139513],[12,-32],[59,-54],[-2,-15],[-67,21],[-58,40],[-4,56],[29,28],[27,-20],[4,-24]],[[146669,139200],[-19,50],[-41,67],[26,10],[45,-19],[24,-32],[3,-69],[-38,-7]],[[146487,139266],[0,41],[31,-4],[28,-56],[-11,-50],[-28,21],[-20,48]],[[153219,138699],[41,16],[21,-46],[-14,-31],[-38,-30],[-12,26],[29,20],[4,26],[-31,19]],[[146390,139357],[4,32],[26,-7],[22,-38],[-12,-19],[-40,32]],[[151784,139789],[2,18],[40,44],[2,-67],[-44,5]],[[150651,138855],[-20,-89],[-9,4],[18,89],[11,-4]],[[135322,129949],[9,-126],[20,-48],[53,-61],[35,-63],[21,-85],[19,-34],[64,-49],[57,-82],[25,-21],[28,-44],[43,-43],[126,-20],[71,-91],[126,-102],[231,110],[220,-46],[185,91],[0,-59],[56,-5],[41,14],[19,32],[5,77],[-34,15],[-17,46],[8,15],[125,-101],[30,-36],[-6,-50],[-45,-157],[19,-31],[87,-100],[81,23],[49,-61],[0,139],[349,0],[1,-386],[398,0],[0,-783],[-51,18],[-16,20],[-7,47],[-23,17],[-45,9],[-59,40],[-120,-218],[0,-365],[0,-1100],[0,-374],[-708,0],[-598,0],[-665,0]],[[135529,125921],[2,207],[-772,-2],[0,786],[0,993],[-571,-1],[-56,-2],[-60,22],[-26,23],[0,97],[-18,49],[28,74],[12,12],[3,46],[-23,13],[-45,80],[48,37],[1,29],[-26,59],[-44,37],[-14,57],[-45,68],[-12,97],[21,88],[2,46],[-16,20],[-2,36],[-16,17],[-17,69],[-12,76],[54,11],[20,48],[24,-10],[29,23],[9,27],[66,40],[31,44],[39,10],[79,-15],[44,16],[51,36],[48,-23],[30,31],[28,49],[24,64],[61,11],[20,14],[62,22],[110,110],[-1,79],[103,115],[62,14],[30,40],[4,30],[21,35],[93,62],[26,39],[50,10],[32,-20],[60,-13],[48,5],[49,48],[45,-57]],[[131154,137662],[-86,41]],[[131091,138112],[35,4],[31,-21],[46,15],[64,7],[38,-34],[47,-12],[16,-18],[47,-17],[73,11],[-1,18],[-39,32],[-18,56],[13,30],[49,12],[-39,27],[-33,-2],[-21,-26],[-17,12],[9,74],[28,110],[13,33],[21,148],[-7,52],[-30,46],[-37,3],[-28,29],[-38,101],[5,77],[29,36],[67,34],[37,27],[56,17],[25,-69],[52,-37],[38,31],[48,26],[98,-5],[13,-72],[-5,-17],[39,-33],[48,-6],[40,16],[36,51],[48,-23],[-2,-42],[43,-59],[57,-35],[27,-27],[21,-39],[50,-27],[-2,-37],[62,42],[44,12]],[[132287,138643],[37,-44],[53,-26],[14,-22],[22,-105],[-1,-61],[9,-26],[44,-49],[-6,-30],[-78,-104],[7,-36],[26,-20],[3,-58],[33,-39],[14,-40],[41,-20],[17,-28],[57,18],[13,-41],[-13,-23],[-63,-8],[1,-29],[26,-15],[-8,-41],[-45,-11],[1,-31],[38,1],[30,-24],[16,-49],[23,32],[34,-6],[15,-21],[-8,-27],[-33,10],[-23,-9],[-7,-35],[15,-14],[40,-2],[14,-31],[21,11],[29,-14],[-32,-31],[-8,-31],[27,-10],[28,28],[33,-1],[6,-27],[-26,-25],[17,-23],[47,4],[9,-37],[-18,-22],[16,-33],[45,24],[11,-23],[-19,-50],[27,-39],[-16,-55],[-41,-6],[-26,-33],[38,-25],[-19,-54],[31,-14],[-26,-30],[18,-38],[-43,-41],[15,-48],[-33,-49],[-40,-31],[-15,-27],[7,-25],[35,-8],[-1,-29],[-34,2],[-30,23],[-42,-46],[-26,-96],[-68,-44],[-70,-24],[-63,-32],[-28,-36],[7,-43],[-19,-36],[31,-42],[13,-38],[4,-52],[-25,-15],[-17,-51],[-34,15],[-14,-64],[-26,-10],[-39,16],[-48,-49],[-46,-84],[6,-48],[-40,-9],[10,-28],[-16,-42],[5,-53],[-20,-49]],[[130908,135840],[1,645],[-1,284]],[[130908,136769],[41,-31],[17,14],[-51,43],[-4,45],[-28,33],[-2,81],[46,6],[24,-12],[62,6],[63,-22],[27,-83],[20,-34],[36,4],[10,26],[-4,50],[-31,51],[-40,44],[-34,62],[-65,39],[-36,-17],[-45,19],[-21,-3],[-25,82],[6,17],[-25,109],[-48,17],[-1,63],[7,31],[26,-13],[7,-42],[31,-26],[20,2],[67,33],[31,-19],[47,36],[28,-37],[5,-33],[-10,-38],[41,-9],[30,-25],[34,33]],[[131164,137271],[42,-2],[78,-55],[20,39],[75,30],[6,25],[-1,170],[-58,62],[-30,22],[-46,0],[-20,31],[-76,69]],[[130814,137221],[29,-12],[-15,-46],[-28,7],[14,51]],[[131151,136824],[-25,42],[25,7],[0,-49]],[[131066,81269],[304,0],[0,513],[-304,0],[0,-513]],[[131164,137271],[-3,21],[-37,7],[-14,26],[5,73],[15,41]],[[131130,137439],[35,8],[28,79],[-4,34],[-63,51],[28,51]],[[135322,129949],[-14,63],[-61,61],[-75,136],[-18,67],[-20,47],[-5,43],[3,89],[-81,104],[-21,43],[-62,72],[290,0],[0,991],[641,0],[680,0]],[[136579,131665],[445,0],[0,1220],[-231,1],[0,380],[-51,22],[0,40],[51,13],[1,112],[1149,-2],[1070,-7],[1,1216],[3648,-17],[985,1],[2446,-19],[17,73],[24,39],[26,59],[52,43],[50,25],[57,84],[36,70],[11,93],[34,54],[50,57],[19,-7],[41,-49],[32,-26],[55,-3],[12,-35],[39,8],[54,105]],[[150240,133539],[8,-42],[-15,-54],[28,-59],[71,13],[26,12],[67,7],[-3,-77],[-24,-44],[-4,-33],[-35,-12],[-9,50],[-29,9],[-48,-33],[-8,-34],[32,-36],[-30,-39],[-39,30],[-20,72],[-36,10],[-23,27],[-11,46],[-44,2],[-77,-46],[-19,-52],[4,-64],[20,-33],[-2,-35],[-22,-33],[17,-44],[-28,-113],[26,-28],[17,-46],[-1,-83],[13,-20],[-56,-28],[-15,9],[-43,-8],[-12,-24],[18,-42],[-23,-41],[26,-43],[-1,-46],[16,-18],[74,-31],[23,-80],[-6,-38],[10,-42],[32,-46],[40,-5],[63,53],[23,-52],[31,-23],[-29,-34],[-23,20],[-26,-7],[-46,-36],[-44,-54],[6,-51],[39,-72],[33,-34],[57,-38],[39,-6],[81,4],[47,8],[51,24],[33,28],[39,62],[-2,31],[42,-14],[29,15],[24,35],[-4,57],[26,-9],[31,10],[28,29],[-16,43],[10,43],[-24,39],[55,-9],[45,49],[26,-24],[36,-8],[21,-19],[37,5],[-25,-65],[-42,-6],[-41,-40],[-10,-26],[4,-45],[-35,-25],[-39,-62],[14,-72],[-10,-61],[-59,-27],[-24,-44],[-1,-64],[-27,-62],[38,-143],[-4,-30],[-33,-49],[-32,-25],[-28,-54],[10,-75],[-14,-27],[-3,-57],[-74,-77],[-24,-79],[-28,-35],[2,-32],[-32,-33],[-14,8],[-105,-112],[-21,-35],[-13,-43],[24,-57],[1,-51],[-8,-98],[-13,-35],[2,-34],[-19,-72],[-32,-64],[-22,-23],[-4,-58],[16,-8],[-17,-53],[-11,-88],[-13,-59],[5,-19],[-16,-54],[54,-26],[33,-58],[-20,-15],[-18,51],[-47,5],[-59,-35],[-117,-96],[-22,-35],[-54,-44],[-49,5],[-54,-18],[-47,-44],[-41,-83],[-30,-17],[-36,-58],[-40,-19],[-73,-18],[41,-46],[-28,-42],[-36,-77],[-7,-55],[-17,-19],[-64,-116],[-25,-32],[-18,-51],[-45,-59],[19,-68],[-17,-54],[-55,37],[-60,-18],[-28,13],[-11,-35],[-37,-5],[-41,-51],[-8,-35],[-27,-38],[6,-49],[-44,-90],[1,-76],[-29,-20],[-24,5],[-44,-57],[18,-51],[-17,-27],[-25,22],[-51,-61],[-45,-100],[-34,-140],[-8,-83],[-12,-12],[25,-60],[56,-18],[6,-44],[-29,-22],[-34,22],[-22,-3],[-13,-39],[-33,-7],[-48,-49],[-33,34],[-26,-2],[-55,-36],[-59,-69],[-35,-11],[4,-33],[-53,-101],[-38,-42],[-51,-8],[-20,53],[-23,20],[-43,-28],[18,-114],[27,-89],[9,-124],[-8,-43],[70,-171],[2,-46],[-14,-23],[24,-28],[15,-37],[52,-98],[0,-52],[17,-10],[71,-147],[56,-94],[54,-23],[71,-57],[83,-89],[25,-37],[20,11],[43,-24],[112,-82],[6,-22],[131,-37],[53,22],[53,12],[62,-33],[43,-37],[10,-50],[77,-28],[50,-47],[4,-35],[46,-26],[7,-31],[25,-29],[72,11],[238,-176],[120,-67],[103,-61],[53,-46],[88,-99],[34,-64],[64,-83],[84,-60],[76,-42],[57,-64],[51,-19],[90,-52],[54,-39],[43,-12],[39,-50],[43,-28],[26,-30],[99,-60],[50,-13],[104,-60],[32,-42],[48,-30],[24,-29],[62,-7],[10,14],[76,-3],[26,-16],[21,-33],[37,-29],[57,-30],[-3,-62],[10,-81],[47,-155],[37,-62],[4,-86],[23,-81],[75,-159],[105,-77],[13,-54],[41,-14],[27,-28],[71,-22],[36,14],[38,-12],[58,-49],[80,4],[42,-28],[13,-33],[32,-29],[74,-35],[57,-52],[46,-67],[16,-7],[62,-74],[14,-25],[130,-113],[9,-34],[49,-20],[15,-18],[25,25],[-15,66],[54,17],[41,-8],[83,69],[56,14],[37,37],[51,111],[81,-26],[17,16],[8,48],[23,-17],[16,-74],[33,-7],[25,11],[48,-50],[51,-5],[-9,-72],[-24,-61],[-41,-70],[-64,-96],[-12,-56],[-31,-3],[-26,15],[-79,8],[14,-31],[5,-56],[35,6],[32,-15],[32,-55],[-8,-36],[71,-69],[-8,-23],[32,-15],[21,-51],[23,-19],[-1,-66],[8,-32],[-21,-27],[-68,-60],[12,-12],[5,-64],[40,-74],[43,-15],[46,10],[31,29],[46,71],[76,88],[24,-42],[-9,-32],[39,-2],[14,18],[28,-11],[56,22],[58,3],[53,-40],[65,9],[24,-30],[27,-5],[9,-37],[31,-6],[36,9],[35,-30],[36,9],[10,-27],[30,-11],[53,11],[35,-19],[18,34],[-68,29],[-38,40],[-16,55],[5,15],[65,58],[92,48],[60,-3],[-16,58],[23,40],[22,7],[33,-56],[12,-56],[23,-6],[33,14],[30,-46],[38,-29],[101,-135],[22,5],[48,-52],[66,-49],[102,-48],[36,7],[148,-70],[147,-115],[43,-22],[78,-16],[88,-25],[64,-77],[-3,-29],[28,-53],[45,-62],[73,-78],[-15,-11],[30,-43],[84,-65],[92,-45],[50,-30],[9,14],[72,-35],[61,-49],[19,-29],[64,23],[109,-32],[62,-33],[58,-43],[58,-20],[26,16],[102,-28],[45,-18],[23,27],[28,-16],[62,-12],[102,-42],[61,-38],[17,-27],[25,9],[96,-44],[52,-40],[53,-25],[74,-12],[12,-11],[70,-7],[32,-13],[38,-68],[5,-62],[33,-14],[75,-92],[24,-42],[28,-80],[29,-55],[56,-63],[39,-69],[-2,-9],[60,-60],[34,-52],[35,-84],[55,-88],[91,-99],[93,-74],[114,-99],[46,-82],[64,-69],[48,-29],[53,-57]],[[137184,119459],[0,296],[0,1299],[-9,639],[-831,30],[-824,12],[5,314],[4,604],[0,988],[1,978],[-1,110],[0,1192]],[[149351,126837],[2,32],[75,71],[28,2],[13,37],[3,59],[-46,21],[26,21],[39,71],[17,-9],[66,1],[45,-49],[18,-39],[16,-82],[-3,-86],[-12,-27],[-43,22],[-55,-13],[-21,28],[-65,-44],[-32,-46],[-40,36],[-31,-6]],[[154188,123185],[-23,44],[-9,72],[-21,25],[18,42],[-14,50],[47,32],[-4,64],[50,92],[39,-10],[-5,-56],[63,-54],[36,15],[-54,42],[-13,93],[34,-1],[48,39],[8,19],[-15,89],[-17,35],[0,38],[38,-16],[26,4],[42,-36],[-5,-19],[20,-38],[0,-27],[23,-27],[9,-61],[48,-25],[60,-3],[11,-54],[45,11],[25,-62],[0,-43],[-14,-38],[6,-49],[14,-22],[8,-64],[-12,-9],[-13,-89],[9,-77],[-14,-20],[54,-43],[28,0],[30,-22],[-26,-107],[-9,-58],[-34,-30],[-17,-44],[-42,-33],[5,-52],[-48,32],[-26,-10],[-60,30],[13,34],[2,58],[-28,64],[-44,2],[-32,-32],[-70,58],[-31,55],[-11,45],[9,40],[-21,11],[-24,107],[20,52],[-9,32],[-24,4],[-23,-51],[-30,8],[-5,60],[-41,-30],[7,-19],[-7,-67]],[[152916,123981],[-50,-27],[-30,-87],[-5,-33],[13,-21],[8,-87],[-34,-77],[-9,-64],[-25,-6],[-92,11],[-32,19],[-58,-56],[-43,-7],[-41,7],[-28,37],[-37,2],[-8,18],[62,59],[3,93],[-28,58],[49,48],[11,21],[8,58],[-15,40],[-30,16],[6,31],[52,22],[-4,27],[46,-9],[63,2],[67,20],[13,30],[-3,35],[39,2],[102,-40],[13,-25],[7,-100],[10,-17]],[[153427,123579],[32,27],[46,-4],[41,-29],[47,14],[45,-23],[39,-40],[48,-12],[-4,-28],[24,-47],[-1,-35],[-34,-5],[-39,-54],[-47,23],[13,37],[-54,11],[-29,-28],[-15,-47],[23,-23],[31,18],[19,-49],[23,-5],[0,-40],[-52,-23],[-13,-33],[-61,-41],[-32,1],[-66,-19],[-23,-42],[-26,0],[-20,36],[-1,69],[58,80],[31,21],[-34,42],[-25,-9],[-5,118],[25,24],[-3,31],[-20,22],[19,73],[40,-11]],[[153894,123739],[28,-81],[-46,-49],[-53,-10],[-35,4],[-27,48],[37,0],[-5,33],[-24,42],[6,42],[-37,-5],[5,30],[24,29],[49,22],[16,27],[-12,46],[-42,55],[12,36],[-6,42],[60,25],[16,35],[-18,21],[16,39],[43,-17],[37,32],[-12,-77],[-13,-43],[22,-88],[22,-41],[15,-71],[44,-23],[3,-18],[-38,-33],[-20,19],[-18,-46],[-49,-25]],[[153760,123931],[13,-46],[-18,-34],[-63,13],[-30,-11],[-42,13],[-19,37],[-54,-41],[-2,33],[29,57],[17,9],[46,-13],[9,21],[71,-11],[28,23],[15,-50]],[[153581,123723],[-16,27],[-23,-5],[22,66],[20,15],[84,-24],[23,-31],[-18,-17],[-57,-13],[-35,-18]],[[153029,123756],[14,36],[22,21],[57,-15],[35,-21],[-2,-40],[-31,9],[-32,-8],[-39,20],[-24,-2]],[[153676,123143],[-12,38],[-27,-38],[-23,74],[20,14],[49,10],[-4,-50],[15,-24],[-18,-24]],[[149013,128605],[6,61],[45,-3],[39,12],[19,-23],[-11,-35],[-29,-23],[-29,-51],[-15,9],[-25,53]],[[130030,142245],[15,-33],[42,-36],[20,-36],[8,-55],[25,-27],[26,-3],[15,-36],[-18,-21],[-1,-30],[53,-74],[26,-28],[14,28],[-7,48],[19,11],[57,-32],[56,-4],[17,-12],[-1,-46],[21,-30],[21,-1],[69,-50],[41,-7],[57,-71],[15,7],[-40,87],[-36,27],[-3,21],[-105,47],[2,53],[21,22],[-65,37],[-2,51],[-34,24],[-27,3],[-22,63],[-47,31],[-15,-13],[-75,13],[-1,42],[17,47],[-5,29],[16,32],[28,11],[34,-4],[62,19],[102,21],[19,10],[12,35],[58,-3],[123,14],[117,33],[12,19],[44,28],[9,28],[67,47],[17,48],[30,28],[54,-6],[260,-117],[30,-25],[21,-51],[52,-19],[60,-6],[18,-31],[30,2],[46,46],[24,43],[-1,46],[-37,42],[-1,37],[52,22],[37,7],[36,37],[37,6],[71,50],[44,52],[11,57],[-19,12],[53,39],[60,-8],[39,13],[57,-47],[-4,-62],[30,-29],[2,-27],[-20,-85],[33,-40],[11,-28],[41,-32],[21,55],[31,43],[29,-17],[-12,-83],[1,-36],[24,4],[-3,38],[11,43],[22,33],[-8,27],[-48,28],[-61,-4],[0,25],[47,57],[-21,66],[11,33],[-6,37],[21,21],[12,36],[-13,15],[23,33],[34,21],[35,7],[26,-10],[47,30],[12,46],[6,69],[31,10],[44,-34],[11,30],[21,-3],[6,-33],[70,-19],[-10,-27],[51,-46],[24,-52],[-26,-27],[-37,-55],[-6,-86],[41,-24],[59,8],[14,33],[6,48],[52,29],[60,-15],[16,-37],[37,-6],[11,-38],[-13,-18],[2,-60],[34,-45],[56,16],[18,18],[10,43],[-28,54],[19,43],[36,13],[75,-28],[28,-19],[13,-27],[7,-70],[-46,-26],[-2,-39],[13,-30],[68,-31],[40,-39],[8,-34],[-35,-32],[18,-69],[45,-54],[-24,-28],[-1,-30],[38,-55],[32,-14],[26,51],[26,18],[30,-12],[28,-46],[24,18],[42,-33],[38,-72],[-11,-98],[12,-47],[20,-15],[-7,-32],[-39,-34],[-16,-42],[-48,12],[-13,34],[-44,-7],[-45,-55],[-16,-34],[-40,-24],[-23,-36],[-30,-90],[2,-31],[-20,-81],[5,-57],[33,-28],[-9,-42],[-26,-4],[9,-36],[38,1],[14,-22],[0,-72],[-25,-19],[-82,-1],[-37,21],[-24,-18],[-36,10],[-37,67],[-31,15],[-59,5],[-54,-52],[3,-25],[-59,-149],[-25,-44],[-34,-41],[-9,-48],[-27,-55],[-78,-85],[-56,-71],[-32,-25],[3,-17],[-34,-55],[-40,13],[-21,20],[-29,-3],[-51,-33],[-41,-49],[-24,-4],[-48,-40],[-89,-84],[-34,-45],[-36,-16],[-65,-44],[-40,-3],[-74,-58],[-18,-3],[-59,-47],[-57,-23],[-38,-2],[-27,-49],[-59,-71],[-47,-84],[-57,2],[-55,-21],[-33,-34],[-105,-149],[-26,-27],[-54,-25],[-49,0],[-19,11],[-82,151],[-31,20],[-24,38],[-75,68],[-6,-6],[-63,65],[-70,46],[-71,11],[-15,-11],[-87,27],[-18,-3],[-41,21],[-48,37],[-22,2],[-62,31],[-87,67],[-49,27],[-50,17],[-53,-2],[-38,17],[-8,29],[-30,29],[-5,46],[27,40],[-38,1],[-48,36],[-70,31],[-23,52],[-46,49],[-90,25],[-25,60],[-52,38],[-28,-22],[-17,71],[-42,49],[-65,5],[-31,-32],[-81,45],[-42,33],[-29,35],[-38,77],[-23,73],[7,117],[15,20],[21,62],[21,40],[-22,77],[-26,-6],[-20,43],[-60,25],[-22,67],[-18,23],[-47,29],[-22,37],[12,87],[-19,71],[-43,33],[20,102],[11,24],[-59,83],[14,50],[-27,66],[9,77],[-57,-13],[-20,7],[2,40],[-19,43],[34,51],[2,42],[13,37],[43,4],[-12,27],[13,19],[-52,70],[-27,69],[-93,73],[-8,43],[21,117],[4,70],[10,67],[6,95],[20,7],[40,-11],[47,18],[80,-91],[31,-25],[68,-79],[20,-37],[74,-114],[58,-71],[39,-38],[103,-61],[51,-6],[35,15],[9,50],[18,15],[45,-29],[37,-40],[68,-27],[39,-54],[-12,-17],[11,-78],[-29,-12],[-41,-76],[-67,7],[-6,-40],[-29,-20],[-14,-35],[10,-102],[46,-57],[63,-13],[41,30],[21,35],[58,-7],[39,37],[48,27],[8,78],[34,32],[12,30],[37,0],[-15,-44],[7,-35],[-22,-77],[18,-51],[-11,-51],[13,-15]],[[129855,140784],[8,7],[91,-92],[-37,-124],[-34,-54],[-14,-63],[-31,-60],[-19,-16],[-53,6],[-29,-7],[-54,40],[-29,-8],[-58,2],[-111,-34],[-30,-14],[-45,3],[-106,47],[-59,22],[-47,-13],[-78,50],[-121,20],[-68,55],[-86,42],[-81,12],[-77,23],[-59,-31],[-28,-3],[-67,-25],[-87,-24],[-106,-37],[-69,-33],[-41,-1],[-66,-18],[-58,-28],[-102,-31],[-78,-12],[-42,24],[-56,-20],[-70,29],[-53,-2],[-23,-21],[-43,55],[-28,21],[-17,36],[-21,108],[26,34],[21,46],[36,2],[42,-24],[18,-23],[35,13],[-21,54],[12,22],[22,75],[1,137],[-8,49],[21,71],[61,-3],[27,-41],[36,-22],[46,-65],[27,-15],[118,-6],[11,23],[76,87],[28,40],[38,71],[20,23],[26,-17],[24,-57],[-15,-56],[-26,-40],[1,-33],[29,-19],[42,-13],[-36,-46],[9,-27],[39,-32],[20,-48],[13,53],[-22,7],[-34,42],[25,31],[-15,52],[-41,-1],[-16,13],[22,36],[18,56],[20,6],[60,-74],[20,-5],[24,-44],[49,-41],[23,2],[25,34],[36,2],[45,-113],[6,60],[-25,74],[-32,-3],[-27,17],[-60,-29],[-20,25],[-20,111],[-45,18],[-11,52],[-23,37],[-47,17],[-25,-17],[-70,-6],[-7,16],[24,105],[15,133],[-26,65],[-34,12],[-40,45],[37,82],[26,4],[14,45],[1,50],[87,23],[28,38],[20,-57],[2,-41],[53,-24],[37,-8],[29,-108],[20,17],[-1,44],[-15,11],[-21,59],[-42,7],[-44,31],[11,40],[-6,39],[-20,19],[-28,-4],[-43,-56],[-52,7],[-12,46],[-39,61],[-50,6],[-63,-34],[-20,4],[-10,58],[36,22],[45,42],[26,81],[8,44],[19,23],[60,22],[72,46],[29,4],[19,25],[42,98],[22,-18],[21,38],[0,32],[-19,82],[14,32],[48,21],[65,-3],[47,11],[40,-1],[9,18],[54,28],[66,50],[65,-91],[0,-37],[39,-147],[30,-67],[45,-33],[17,-42],[23,-9],[26,-39],[-8,-27],[18,-83],[-21,-15],[-14,-51],[-44,-52],[-20,-39],[13,-50],[-18,-50],[27,-40],[0,-20],[54,-54],[12,-30],[41,-16],[4,-22],[48,10],[74,-68],[36,-22],[45,-45],[-11,-88],[4,-46],[-10,-37],[6,-50],[14,-31],[-7,-56],[22,-61],[-3,-24],[62,-14],[109,-73],[10,-20],[70,-17],[60,20],[24,-11],[29,-59],[49,-21],[33,9],[18,-29],[-1,-48],[17,-23],[65,-24],[17,7]],[[132048,133071],[-1,-1105],[0,-381],[-77,-48],[-23,6],[-52,-32],[40,-48],[13,-89],[28,-11],[25,28],[53,38],[38,-33],[54,4],[25,-14],[12,-84],[-20,-41],[-38,-31],[-23,-67],[-54,-22],[-13,-46],[49,-40],[-7,-46],[10,-45],[39,4],[27,-10],[0,-49],[51,-27],[-2,-39],[56,-43],[7,-28],[-24,-35],[-51,-8],[-25,-27],[-2,-35],[-27,-53],[14,-22],[45,-28],[17,-56],[30,-7],[51,12],[16,-26],[-31,-64],[18,-34],[46,8],[45,-39],[32,-10],[12,-30],[0,-39],[30,-18],[22,33],[19,-24],[-9,-70],[16,-47],[13,-75],[26,-15],[25,37],[80,49],[59,1],[20,-26],[-16,-25],[4,-33],[25,-46],[29,-17],[101,0],[22,-26],[25,3],[38,-62],[-1,-113],[-23,-50],[240,0],[0,740],[0,433],[453,0],[-3,128],[-131,0],[0,784],[86,-13],[6,7],[-59,87],[18,15],[-2,35],[-47,-4],[0,834],[573,3],[-19,28],[-45,25],[0,20],[-46,45],[-121,76],[-229,85],[-344,57],[-52,4],[0,153],[-127,0],[-1,120],[-399,0],[0,714],[926,0],[363,0],[641,0],[0,318],[93,0]],[[134710,134449],[19,-76],[19,-49],[37,-35],[37,-90],[-4,-68],[9,-116],[64,-28],[5,-24],[36,-25],[-4,-61],[10,-81],[39,-48],[35,-74],[-6,-52],[48,-145],[-16,-63],[50,-46],[27,-36],[32,-4],[35,-55],[56,-74],[18,-31],[13,-64],[-7,-63],[8,-37],[21,-24],[39,-11],[28,-61],[80,-45],[86,-95],[48,-28],[43,-59],[36,-6],[13,-57],[24,-37],[30,-8],[31,20],[45,13],[33,-33],[49,5],[28,33],[38,-18],[25,3],[42,-27],[38,-11],[11,-35],[64,-17],[31,-19],[75,-72],[31,-18],[30,27],[29,-2],[36,-19],[13,-107],[62,-37],[-3,-47],[14,-37],[-12,-21],[6,-31],[-7,-46],[10,-36],[81,-27],[8,-45],[22,-24],[-5,-28],[38,-29],[14,-38],[-6,-75],[4,-44],[-14,-66]],[[123655,126954],[69,-12],[47,-18],[47,-68],[1,-25],[48,-2],[-12,46],[19,26],[29,2],[42,-23],[57,-45],[48,-52],[32,-71],[-9,-115],[9,-53],[47,98],[22,7],[85,-80],[88,-43],[49,-42],[-24,-100],[-5,-58],[-43,-59],[0,-70],[41,-109],[3,-35],[29,-67],[26,-13],[20,-82],[-23,-19],[-35,-73],[-44,-29],[3,-77],[-26,-44],[-44,-43],[6,-51],[50,8],[59,96],[28,80],[22,40],[15,-5],[-20,-52],[31,3],[74,-81],[22,6],[-14,57],[-46,44],[18,18],[27,63],[41,26],[-2,58],[-9,30],[46,58],[-33,79],[-8,43],[57,52],[15,33],[-4,39],[47,29],[-67,67],[-49,18],[-11,47],[19,19],[10,81],[-31,102],[-2,27],[10,162],[14,30],[-25,48],[-12,117],[-28,63],[0,42],[14,23],[48,7],[22,-22],[74,-27],[-21,-65],[48,8],[78,26],[54,2],[47,-11],[49,-24],[37,-32],[32,-2],[25,-17],[42,-77],[10,-41],[51,-26],[39,2],[70,-44],[35,-1],[92,-23],[13,-13],[114,-42],[41,-38],[31,-74],[61,-97],[49,-95],[15,-67],[-5,-31],[49,-26],[71,-65],[58,-68],[31,-62],[34,-37],[61,-94],[5,-60],[-26,-50],[-49,-40],[-56,-35],[-19,4],[-23,-26],[-12,-68],[25,-41],[50,96],[19,17],[115,2],[56,69],[55,6],[62,-13],[55,-39],[54,26],[3,51],[-83,78],[-45,61],[-42,89],[-1,165],[28,4],[23,33],[31,1],[-2,29],[-30,13],[-56,-47],[-22,16],[-49,140],[-2,41],[15,79],[-2,68],[-18,32],[-42,4],[-70,-63],[-24,88],[-52,105],[-60,102],[-31,65],[-40,49],[0,58],[-23,53],[-51,89],[-24,27],[-18,40],[-23,23],[-2,57],[25,6],[106,-79],[28,-41],[89,-108],[44,-69],[34,-95],[29,-57],[55,17],[45,24],[-4,53],[-17,27],[-51,32],[-45,62],[-21,71],[-31,84],[22,37],[68,-53],[93,-83],[40,-64],[44,9],[19,33],[38,-9],[100,-54],[92,-15],[134,6],[65,27],[30,-3],[71,-28],[54,-29],[56,11],[110,55],[37,9],[-27,53],[103,43],[32,-4],[16,28],[-32,29],[-52,-12],[-1,33],[32,14],[24,-11],[24,16],[31,55],[42,36]],[[127120,127403],[71,-21],[29,4],[30,23],[54,-23],[11,-55],[33,-42],[20,-5],[142,-1],[60,6],[68,22],[48,9],[28,-19],[37,2],[78,71],[32,-5],[30,-42],[96,-7],[39,38],[85,-10],[5,-22],[-39,-21],[8,-51],[39,-11],[45,57],[-2,42],[46,-60],[-4,-50],[-51,-8],[22,-42],[39,-7],[10,-43],[39,-32],[64,-99],[44,11],[34,-35],[29,-53],[54,4],[79,-26],[30,30],[63,-5],[39,10],[26,24],[63,-1],[36,-9],[28,21],[22,45],[46,25],[66,-62],[42,9],[20,81],[47,33],[41,-20],[25,-65],[47,-52],[37,13],[10,34],[25,26],[40,5],[19,28],[-2,33],[-20,19],[20,34],[40,-22],[11,-38],[22,-27],[75,9],[26,43],[1,43],[24,16],[47,-53],[101,46],[22,26],[34,-28],[38,-3],[30,19],[90,-17],[23,44],[36,-4],[2,689],[0,1296],[-891,0],[0,437],[-1,1301],[0,1300],[0,786]],[[129072,133021],[38,-22],[-27,90],[6,28],[32,3],[55,28],[100,-52],[31,-41],[9,-27],[-37,-44],[29,-27],[722,2],[1,-418],[56,0],[-1,37],[74,0],[0,80],[244,-1],[191,252],[91,-4],[35,-58],[28,-9],[57,19],[27,-3],[12,37],[56,41],[14,37],[52,47],[41,-9],[-28,137],[50,209],[46,60],[65,-3],[15,-33],[102,-75],[35,8],[16,-37],[76,3]],[[130400,137610],[-58,4],[0,26],[73,-4],[-15,-26]],[[130440,137671],[-2,-20]],[[130438,137651],[-61,10],[-11,21],[-62,1],[14,46],[56,5],[53,-40],[13,-23]],[[134710,134449],[748,0],[0,1120],[-391,0],[0,696],[-172,0],[0,652],[-149,0],[-1,400],[508,208],[351,507],[4,105],[-26,26],[-35,-40],[25,-41],[-52,-19],[-15,39],[-18,16],[-4,45],[36,25],[-17,71],[-22,12],[-23,-20],[-23,8],[-10,28]],[[135424,138287],[27,55],[34,25],[91,46],[102,67],[95,92],[68,117],[36,13],[19,-12],[91,41],[60,43],[22,72],[36,7],[79,-2],[9,-35],[-6,-35],[4,-53],[28,-60],[26,-34],[32,1],[20,28],[89,29],[73,42],[73,12],[16,-10],[38,-71],[52,-45],[34,-39],[106,61],[-3,92],[19,61],[41,81],[31,91],[15,14],[149,35],[42,18],[136,78],[103,90],[-5,37],[24,3],[12,-30],[51,-57],[111,50],[88,33],[-24,62],[11,81],[-13,96],[-15,62],[8,21],[33,145],[9,65],[27,92],[1,115],[11,81],[9,19],[44,28],[-37,70],[14,66],[-19,36],[-14,79],[-17,51],[-37,41],[-30,16],[-48,-4],[-56,28],[-12,37],[-31,30],[9,31],[28,12],[25,42],[77,33],[18,19],[8,42],[53,60],[29,23],[-41,43],[-34,-26],[-125,-26],[-208,55],[-30,36],[-40,90],[-17,14],[-50,12],[-5,33],[3,65],[-6,55],[19,51],[125,-10],[49,13],[29,-6],[25,-46],[28,-26],[56,-19],[39,17],[-5,58],[-61,59],[-73,54],[-50,25],[-8,46],[-40,77],[37,17],[37,98],[-63,3],[-26,13],[-28,35],[24,98],[-67,7],[-54,51],[-13,44],[11,40],[56,48],[61,28],[-8,15],[-70,-12],[-3,-15],[-62,-42],[-34,-3],[-35,32],[-27,56],[-23,26],[-38,14],[-91,16],[-98,-12],[-64,14],[-115,46],[-67,-27],[-107,-60],[-23,-20],[-41,11],[-76,3],[-93,31],[-44,-2],[-50,-40],[-23,1],[-30,-22],[-62,-93],[-49,-8],[-36,12],[-39,-45],[-49,-14],[-14,-60],[-27,-21],[-26,-2],[-11,28],[-42,-1],[-3,-24],[23,-23],[-43,-55],[-24,35],[-62,-2],[-43,7],[-50,28],[-25,44],[7,25],[-18,47],[-57,27],[-25,45],[-16,86],[19,22],[50,-14],[25,29],[19,75],[-68,65],[-42,-8],[-77,-35],[-80,11],[-18,27],[34,72],[-35,17],[-43,-29],[-50,-9],[-14,17],[-69,44],[15,25],[61,44],[63,-15],[33,32],[-44,14],[-21,22],[-10,35],[41,42],[-5,22],[-34,17],[-37,-1],[-26,-42],[-34,13],[-21,-26],[-45,-36],[-25,30],[38,88],[42,37],[30,11],[-11,27],[-39,8],[-3,-28],[-27,-7],[-56,12],[-8,22],[-31,24],[-33,2],[-25,38],[-29,8],[-22,24],[-45,12],[-23,-9],[-42,-71],[-13,-11],[-86,-21],[-24,2],[-78,-23],[-54,-7],[-26,8],[-24,31],[-18,65],[55,-2],[-12,-29],[28,-12],[17,27],[-18,19],[12,41],[74,-27],[28,34],[-6,50],[-47,30],[7,15],[58,12],[25,-11],[34,-48],[97,-13],[24,39],[-37,49],[6,39],[-45,24],[-30,65],[-49,51],[-6,36],[29,29],[28,-42],[8,-35],[29,-13],[28,14],[21,46],[63,-27],[28,-66],[18,33],[24,84],[-39,36],[9,64],[42,-4],[49,-42],[-4,-27],[29,-31],[-18,-31],[9,-21],[40,-4],[-5,-24],[29,-43],[32,-30],[-15,-18],[-3,-36],[71,16],[1,33],[36,-10],[20,-26],[18,33],[-6,43],[36,-2],[30,23],[25,49],[-35,73],[-28,15],[5,26],[-40,66],[27,29],[54,-37],[39,13],[-21,35],[4,55],[-48,71],[-22,9],[10,44],[33,-7],[48,26],[36,-13],[30,-30],[27,-49],[-2,-29],[18,-30],[52,-138],[50,-43],[41,0],[-17,38],[48,32],[-3,-32],[37,-56],[0,-32],[25,-32],[-15,-25],[28,-34],[41,-6],[14,13],[7,43],[25,14],[22,-72],[-27,-44],[-6,-54],[-37,-26],[-1,-33],[25,-23],[45,29],[11,-48],[-12,-37],[-36,-16],[-22,-64],[25,-16],[9,-26],[-27,-49],[36,-14],[11,-41],[30,-22],[20,83],[0,58],[19,19],[5,32],[32,-9],[1,-55],[58,-31],[-25,-49],[-14,-108],[30,-8],[0,-61],[-33,-39],[51,0],[-7,-36],[21,-58],[24,-8],[-5,-36],[31,-33],[24,19],[-6,60],[60,-27],[19,-36],[25,16],[6,57],[-33,34],[6,42],[-11,14],[-38,2],[-20,67],[29,59],[26,-2],[14,-26],[82,-54],[37,29],[-3,56],[22,48],[-36,50],[-1,31],[-46,26],[-16,33],[-27,6],[-25,24],[-36,-15],[-41,-74],[-8,35],[62,64],[13,47],[-15,32],[26,59],[-30,56],[0,62],[37,73],[-7,41],[-22,42],[-25,5],[-58,80],[-36,6],[10,75],[-7,29],[-77,33],[8,85],[-8,43],[33,4],[44,-29],[80,8],[16,-11],[25,-55],[-12,-18],[16,-71],[35,-34],[12,-37],[38,-25],[30,10],[12,-50],[22,-15],[40,0],[-1,-38],[-15,-36],[28,-41],[49,-111],[1,-28],[31,-45],[54,-8],[22,16],[-8,30],[-24,21],[14,52],[-5,37],[-28,16],[-5,31],[-31,31],[13,38],[23,29],[-21,27],[-15,75],[110,42],[55,-33],[55,41],[-16,20],[66,58],[23,54],[42,-37],[19,-30],[8,-124],[23,-43],[-1,-26],[48,-32],[19,-31],[-8,-24],[3,-65],[-8,-16],[3,-70],[-22,-71],[21,-28],[0,-28],[-19,-20],[-9,-40],[17,-27],[84,-4],[18,34],[7,50],[-7,26],[10,33],[45,-18],[19,33],[-4,53],[-29,60],[30,56],[52,51],[58,-27],[9,-28],[34,-37],[18,-44],[32,-37],[10,-37],[42,-7],[23,-31],[46,-17],[-11,-51],[-58,-55],[31,-20],[23,28],[39,-39],[-27,-23],[21,-47],[-26,2],[-7,-50],[31,0],[31,-66],[54,23],[57,-13],[17,-34],[19,-67],[18,-23],[33,-10],[59,-98],[56,-46],[69,-10],[34,-39],[34,-104],[-8,-55],[6,-78],[16,-47],[31,-57],[45,-68],[32,-24],[63,-14],[41,13],[65,-35],[25,-2],[61,26],[54,85],[-2,14],[64,35],[7,35],[47,43],[0,22],[36,79],[78,23],[45,55],[23,40],[5,31],[-13,40],[47,17],[53,34],[29,-57],[5,-38],[58,-16],[36,-53],[32,1],[45,45],[4,23],[-16,48],[34,79],[-25,45],[-35,15],[-11,57],[-27,21],[-11,26],[-59,34],[25,43],[57,-20],[16,7],[29,-32],[28,6],[45,32],[29,-36],[36,-107],[48,-33],[11,-59],[46,-73],[20,-55],[20,-26],[32,2],[13,-17],[51,-6],[48,-46],[13,-49],[34,-81],[37,-62],[16,-40],[42,-71],[57,-46],[51,-16],[11,-28],[-31,-108],[21,-64],[24,-51],[42,-69],[4,-30],[34,-57],[17,-66],[-6,-22],[33,-62],[67,-81],[4,-48],[52,-70],[-4,-23],[49,-64],[84,-49],[69,-23],[78,-11],[46,-17],[78,1],[50,14],[32,26],[50,25],[6,19],[49,37],[54,14],[90,36],[35,-8],[21,-26],[14,-78],[-34,0],[-15,-34],[-57,15],[-37,-7],[-34,-64],[14,-87],[39,-51],[48,17],[30,-7],[42,16],[5,-32],[25,-24],[36,10],[23,26],[-20,44],[66,41],[8,34],[44,43],[54,-41],[-22,-22],[15,-53],[-60,6],[1,-46],[32,-44],[84,4],[33,13],[41,-20],[-2,-50],[51,-53],[44,43],[21,10],[9,38],[84,-1],[70,51],[27,34],[30,8],[20,-42],[-26,-76],[-15,-17],[14,-37],[-2,-52],[-30,-45],[17,-96],[-30,-38],[-8,-36],[-22,-11],[3,-40],[15,-21],[33,26],[19,42],[-3,23],[20,28],[9,54],[47,45],[50,84],[22,5],[83,-13],[55,-3],[9,-28],[-23,-60],[11,-37],[102,10],[33,49],[53,3],[41,26],[-1,58],[60,75],[-12,26],[-32,12],[16,26],[34,-28],[41,-12],[109,-2],[76,5],[130,89],[23,33],[-5,64],[63,67],[49,-22],[57,3],[58,28],[22,-62],[26,-40],[27,-23],[57,-13],[56,3],[20,-9],[37,7],[15,20],[55,22],[15,-51],[39,-63],[-33,10],[-36,-26],[-36,-49],[-17,-87],[-41,-33],[-44,24],[-62,6],[-61,-32],[-49,-88],[-28,-6],[-16,-28],[31,-52],[21,-86],[25,-34],[61,9],[18,-32],[52,-69],[4,-44],[18,-8],[33,22],[30,-8],[55,8],[9,-57],[32,20],[32,-9],[33,29],[149,62],[35,27],[14,44],[41,47],[8,31],[73,16],[28,24],[27,-2],[32,-32],[34,-2],[32,-30],[4,-35],[-14,-41],[15,-32],[35,-19],[11,-42],[-34,-40],[13,-73],[19,-2],[37,36],[35,-10],[27,21],[2,39],[65,30],[10,52],[39,-28],[7,-73],[22,-19],[37,-65],[90,-99],[-22,-49],[-57,16],[-8,-72],[17,-35],[68,-44],[15,25],[15,-82],[41,-72],[-21,-61],[-19,-24],[-10,-86],[-31,-53],[-29,-72],[1,-32],[46,-95],[18,50],[35,54],[16,59],[2,70],[45,40],[16,42],[44,31],[24,35],[92,20],[10,95],[-18,54],[6,28],[-16,26],[15,18],[37,-9],[98,25],[36,-44],[12,-28],[37,-47],[153,-130],[93,-39],[92,-18],[18,-32],[73,-27],[83,-7],[98,11],[17,-31],[101,-1],[29,9],[86,10],[73,21],[90,33],[48,3],[86,21],[151,110],[52,43],[39,60],[16,41],[30,48],[32,66],[20,7],[61,-6],[44,29],[45,-5],[50,15],[14,37],[47,-15]],[[138982,143673],[0,44],[-19,40],[-28,28],[0,39],[42,-44],[72,-38],[27,-27],[-28,-60],[-20,-19],[-34,-5],[-12,42]],[[138458,143753],[9,62],[28,10],[39,-10],[-18,-65],[-24,14],[-34,-11]],[[138345,144041],[-1,76],[27,5],[-26,-81]],[[138648,143388],[40,5],[1,-72],[14,-41],[-64,35],[-28,-9],[-53,-37],[-20,4],[-14,63],[-55,26],[12,34],[75,-23],[67,28],[25,-13]],[[138361,144011],[-14,-11],[-3,-69],[-30,11],[34,67],[13,2]],[[134976,141916],[20,25],[42,-40],[-17,-31],[-22,9],[-23,37]],[[137676,143119],[9,48],[34,31],[30,10],[47,-17],[-3,-24],[-49,-27],[-28,-52],[-40,31]],[[137982,142716],[-27,26],[30,20],[-3,-46]],[[136544,138932],[15,-76],[-5,-47],[-26,-20],[-24,21],[-5,53],[23,64],[22,5]],[[140399,141218],[-29,13],[2,47],[108,51],[54,40],[51,76],[58,-3],[58,-14],[34,-25],[25,10],[25,-13],[22,14],[27,-25],[13,-54],[18,-34],[-8,-26],[-37,15],[-91,7],[-2,-16],[-41,-32],[-30,1],[-15,-37],[-19,10],[-25,43],[-50,-42],[-40,5],[-9,-24],[26,-48],[37,-48],[-30,-56],[-18,12],[-48,-39],[-29,-7],[-11,41],[-32,32],[21,53],[4,44],[-19,29]],[[140520,141840],[-7,25],[121,-7],[39,26],[64,26],[24,39],[45,26],[34,-39],[19,-53],[6,-48],[38,-35],[7,-46],[-59,-15],[-13,12],[-81,-4],[-12,21],[-40,26],[-57,-28],[-30,-67],[-42,-3],[-78,-85],[6,49],[44,59],[11,68],[-7,25],[-32,28]],[[136468,139209],[-1,34],[14,19],[30,-9],[51,2],[64,45],[23,-9],[69,-5],[33,-34],[18,-37],[2,-58],[26,-67],[-41,-78],[-41,-14],[-51,12],[-42,40],[-39,25],[-18,44],[-41,22],[-33,62],[-23,6]],[[143520,139123],[-27,52],[30,49],[37,13],[11,-37],[-17,-35],[-34,-42]],[[137426,143385],[-21,-79],[24,-62],[24,-15],[56,38],[36,-20],[18,8],[33,-52],[-55,-4],[-48,-69],[-3,-39],[9,-38],[32,-17],[20,-45],[-10,-36],[12,-92],[3,-105],[-36,-3],[-7,-36],[-32,-21],[-31,-136],[4,-56],[-52,54],[-40,6],[-40,58],[-15,34],[-20,110],[-16,39],[2,41],[-13,21],[8,29],[-18,36],[-33,9],[-3,25],[-82,128],[-33,30],[3,15],[-48,113],[-12,1],[-35,64],[-27,23],[23,19],[27,-3],[7,-24],[36,2],[25,17],[30,42],[13,50],[-27,23],[18,34],[3,60],[13,58],[-10,28],[-31,-4],[-39,39],[-28,-10],[-11,36],[-54,78],[4,29],[-25,27],[13,36],[49,-42],[19,-32],[29,-7],[25,-32],[22,-4],[39,20],[34,4],[15,42],[61,-4],[47,32],[27,44],[-7,57],[9,22],[-20,69],[48,86],[66,-3],[31,20],[11,-24],[-59,-75],[-12,-56],[13,-81],[11,-19],[-1,-92],[19,-69],[30,-54],[-4,-51],[12,-58],[12,-15],[0,-66],[41,-38],[-15,-33],[-34,-35],[-44,20],[-15,-20]],[[135603,141329],[37,65],[3,48],[-17,53],[26,42],[44,-21],[2,-53],[19,-59],[33,-43],[-23,-59],[-42,-45],[-78,24],[-4,48]],[[136328,141409],[-14,27],[23,98],[8,6],[70,-54],[9,-26],[-26,-49],[2,-25],[-72,23]],[[138169,142310],[6,64],[62,-58],[-27,-10],[-41,4]],[[128411,133981],[25,-33],[100,-54],[72,-28],[55,-35],[23,-31],[50,-164],[-4,-40],[-69,-125],[-56,-69],[-20,-41],[8,-25],[35,-10],[53,-40],[29,-45],[33,-33],[50,-30],[50,28],[38,10],[32,-18],[11,-77],[-8,-59],[20,-20],[33,16],[34,2],[67,-39]],[[127120,127403],[-2,19],[-73,10],[-43,-14],[-63,-52],[-73,-81],[-22,-43],[-40,-18],[-55,-9],[-23,6],[-62,-36],[-60,-4],[-43,16],[-33,39],[19,55],[72,22],[25,23],[28,58],[22,11],[22,87],[-16,4],[-31,-39],[-46,-41],[5,-34],[-43,-12],[-22,13],[-26,-24],[-66,-29],[-38,11],[-48,37],[-8,19],[-66,37],[-50,15],[-53,50],[-17,64],[12,66],[-42,16],[-34,32],[-31,43],[-22,45],[-29,28],[-24,45],[-30,-4],[-45,22],[-33,58],[-14,61],[-17,28],[2,85],[13,35],[70,-6],[110,19],[138,-3],[37,-10],[57,4],[82,95],[15,32],[63,29],[28,-8],[120,129],[15,57],[-42,-28],[-165,-63],[-82,-26],[-52,-27],[-39,-36],[-31,-12],[-60,4],[-76,28],[-91,23],[-61,2],[-106,22],[-42,48],[-92,17],[-22,-19],[-18,24],[-28,73],[-72,74],[-4,25],[-23,24],[58,67],[21,57],[-8,10],[-40,-84],[-42,-39],[-47,24],[-63,-42],[-23,0],[-15,62],[12,33],[-64,23],[-42,42],[-17,38],[10,39],[-54,76],[-34,27],[-53,28],[-57,-1],[-48,-15],[-4,22],[23,90],[-4,69],[17,28],[34,95],[-6,45],[-22,21],[59,79],[44,21],[55,109],[26,42],[-11,14],[3,69],[-9,25],[-3,97],[24,26],[25,-12],[35,28],[41,58],[36,89],[21,-12],[29,32],[32,55],[80,197],[52,30],[-33,44],[16,54],[0,61],[-11,41],[-48,13],[1,58],[-16,74],[31,-7],[26,-58],[34,-36],[28,-7],[75,60],[16,-25],[3,-35],[-14,-48],[27,-38],[-2,-22],[-30,-31],[-13,-53],[5,-41],[-15,-29],[8,-19],[35,-15],[12,-30],[56,11],[0,53],[-9,52],[17,100],[47,62],[29,-16],[14,-34],[49,7],[15,38],[47,83],[2,44],[-23,36],[-55,51],[19,35],[1,36],[49,-79],[34,-11],[41,-34],[47,-6],[56,19],[38,33],[29,9],[104,55],[23,25],[49,1],[23,36],[26,64],[56,75],[1,27],[22,81],[-24,22],[10,44],[-9,29],[4,43],[-19,26],[-4,32],[-23,38],[-61,-1],[-16,19],[1,64],[15,39],[12,97],[34,36],[34,57],[85,68],[45,67],[41,39],[39,-10],[-4,49],[-31,30],[-1,35],[19,105],[4,50],[-28,36],[7,120],[15,70],[1,44],[65,153],[45,117],[36,114],[16,101],[-21,181],[-14,25],[61,-7],[59,17],[37,28],[44,15],[-25,38],[2,41],[52,93],[16,43],[31,-6],[19,-42],[-1,-79],[10,-45],[-6,-56],[31,-50],[74,-70],[77,-16],[51,-19],[58,12],[70,-10],[12,16],[40,-6],[41,20],[89,58],[49,61],[46,21],[151,179],[42,-43],[32,2],[61,37],[81,93],[109,184],[186,493]],[[126312,127276],[-84,75],[10,27],[29,-12],[91,-21],[104,-59],[-5,-21],[-33,-18],[-49,1],[-63,28]],[[132287,138643],[-2,30],[-64,5],[-8,24],[15,61],[39,50],[42,91],[7,43],[-19,25],[0,51],[42,60],[9,33],[25,32],[-1,51],[-16,73],[15,38],[31,35],[39,59],[34,29],[24,-45],[-18,-21],[3,-51],[53,-69],[25,-18],[-17,-55],[-6,-49],[29,-33],[-17,-31],[-11,-48],[34,-40],[-4,-27],[-30,-62],[9,-52],[44,-101],[59,-88],[91,-100],[113,-84],[117,-50],[71,-21],[104,-15],[82,-1],[89,5],[91,16],[54,-7],[39,5],[90,-7],[52,-10],[307,-4],[34,16],[122,19],[23,-3],[101,14],[70,27],[56,31],[108,38],[58,31],[132,100],[25,26],[31,8],[48,-3],[50,-44],[-5,-34],[28,-42],[19,-9],[7,-50],[24,-29],[60,-46],[43,-20],[110,-32],[49,-2],[112,-51],[59,-13],[52,1],[56,-16]],[[130438,137651],[-4,-29],[-21,-33],[-12,-90],[-29,-41],[-21,-62],[-22,-35],[-44,-49],[37,1],[58,137],[44,55],[56,-10],[-25,-47],[3,-29],[24,-40],[-4,-48],[-30,-29],[4,-43],[15,-28],[-26,-35],[0,-37],[-51,-42],[-17,-42],[93,83],[26,-9],[3,-52],[-29,-104],[27,-27],[21,10],[-15,36],[20,42],[25,22],[0,27],[-30,80],[6,26],[45,39],[39,-2],[8,-45],[-19,-58],[48,-33],[-14,55],[100,8],[2,-48],[26,-29],[1,-22],[39,-32],[31,-67],[-28,-45],[36,-5],[2,-36],[54,-63],[18,-57]],[[128411,133981],[-18,22],[-25,62],[-5,44],[-44,74],[-65,75],[-65,90],[-82,103],[-46,4],[-68,-10],[-55,55],[9,56],[1,79],[36,59],[22,68],[-54,69],[8,92],[25,80],[3,72],[40,118],[5,54],[-11,39],[-38,28],[4,55],[38,71],[8,74],[69,19],[33,52],[31,31],[39,-17],[28,6],[-3,-66],[49,-64],[67,-30],[88,12],[59,20],[161,112],[45,62],[68,32],[25,26],[-22,33],[56,148],[17,60],[24,120],[-21,52],[10,64],[-13,78],[16,124],[-3,23],[-35,63],[8,51],[-2,74],[16,73],[49,-32],[40,-10],[14,10],[42,-33],[55,-72],[12,37],[-41,57],[6,44],[-8,41],[55,23],[15,-40],[39,34],[-17,43],[30,18],[24,31],[23,8],[13,-43],[61,23],[74,-73],[48,-29],[4,-24],[64,13],[19,-15],[18,-57],[0,-47],[-37,-57],[10,-26],[34,30],[60,-44],[25,2],[47,46],[22,-31],[27,14],[23,-10],[38,-46],[-12,-69],[59,48],[0,23],[35,2],[16,-21],[39,-16],[34,-1],[12,-81],[-11,-47],[26,-15],[18,69],[-12,73],[-54,39],[-23,33],[23,25],[30,-45],[43,13],[74,-10],[33,-41],[60,-12],[20,-31],[65,49],[-3,51],[-41,-39],[-48,13],[-11,39],[-23,1],[-35,37],[35,35],[-76,-3],[-36,18],[-44,8],[-13,34],[-29,27],[-40,-19],[-57,26],[-33,-45],[-16,1],[-43,76],[0,49],[-54,43],[-51,57],[28,45],[14,-27],[41,-1],[51,15],[28,-31],[27,45],[37,21],[4,41],[-80,67],[-44,-30],[-20,32],[-6,35],[10,41],[-14,24],[37,103],[30,136],[21,49],[62,-2],[-3,60],[-50,36],[-16,38],[-23,25],[29,56],[15,-11],[58,21],[33,-3],[6,33],[-11,35],[-24,26],[-59,21],[-21,-2],[-25,42],[-8,49],[48,4],[77,47],[22,27],[33,-10],[59,-2],[52,-21],[8,-21],[49,-20],[6,-22],[49,-32],[43,-1],[41,10],[19,-37],[59,-24],[42,-5],[25,10],[36,-9],[56,-63]],[[131130,137439],[-17,-37],[-41,55],[-3,37],[-86,11],[-49,-64],[-47,10],[-52,44],[83,35],[18,30],[-41,28],[-28,-7],[-38,30],[-47,26],[7,25],[31,22]],[[152153,131448],[-39,50]],[[131458,139364],[-86,17],[-30,13],[40,45],[41,22],[107,25],[47,-15],[0,-49],[-21,-20],[-98,-38]],[[131597,139304],[-14,26],[69,28],[59,31],[102,-14],[7,-36],[-15,-27],[-64,-23],[-76,-2],[-68,17]],[[131642,139548],[26,17],[104,31],[50,20],[27,-36],[-4,-34],[-34,-2],[-28,-25],[-48,-2],[-93,31]],[[127566,134449],[0,121],[-10,103],[0,47],[27,-8],[4,-35],[-16,-69],[36,-59],[43,-8],[38,19],[25,-7],[54,-57],[13,-27],[-9,-39],[-18,-11],[-54,23],[-45,-10],[-79,-3],[-9,20]],[[131510,139207],[72,-48],[26,-58],[-47,-38],[-21,16],[-41,-29],[-48,-1],[-76,29],[-32,30],[51,33],[29,43],[34,17],[49,-17],[4,23]],[[127820,134320],[15,48],[44,4],[1,-35],[17,-17],[-4,-28],[20,-44],[-25,-8],[-59,46],[-9,34]],[[132687,139193],[19,-52],[-45,-9],[-5,28],[31,33]],[[128952,136798],[-43,-5],[-13,82],[44,32],[33,-2],[29,-20],[12,-49],[-32,-40],[-30,2]],[[129065,137057],[-17,25],[22,44],[38,16],[23,-12],[29,-60],[-61,-53],[-34,40]],[[129006,136992],[-9,46],[34,27],[34,-14],[24,-43],[-5,-20],[-48,-16],[-30,20]],[[129045,136945],[-10,-30],[-53,19],[-11,36],[40,2],[34,-27]],[[129481,137117],[4,-82],[-34,-13],[-27,-69],[25,-37],[5,-43],[20,-36],[-5,-43],[20,-47],[38,-25],[1,-39],[20,-14],[27,-45],[-12,-55],[17,-29],[0,-37],[-38,-3],[-31,32],[-9,25],[14,52],[-15,76],[4,25],[-34,39],[-30,3],[-32,29],[-44,89],[28,127],[-39,55],[90,43],[8,39],[29,-17]],[[207030,37906],[25,3],[34,-47],[81,-18],[29,7],[37,53],[32,-34],[-5,-94],[-9,-45],[-83,-75],[-58,18],[-51,-44],[-3,-16],[-47,-47],[-22,16],[18,60],[-27,22],[2,36],[-66,25],[-102,0],[-98,-24],[-65,-30],[-35,-34]],[[273288,64279],[-19,42],[20,19],[70,-14],[-8,-24],[-39,2],[-24,-25]],[[273233,64603],[-34,11],[-21,75],[17,101],[-19,11],[12,50],[38,-19],[54,-4],[70,-37],[10,-31],[26,-16],[53,-9],[24,-16],[15,-40],[-8,-41],[-39,-6],[11,-31],[-71,-12],[-13,-24],[-68,27],[-23,-23],[-27,1],[-7,33]]],"transform":{"scale":[0.0002602762183137217,0.00022733306225974957],"translate":[96.81703561900008,-43.740364591999935]},"objects":{"LGA_2021_AUST_GDA2020":{"type":"GeometryCollection","geometries":[{"arcs":[[0,1,2]],"type":"Polygon","properties":{"LGA_CODE21":"10050","LGA_NAME21":"Albury","STE_CODE21":"1","STE_NAME21":"New South Wales","AUS_CODE21":"AUS","AUS_NAME21":"Australia","AREASQKM21":305.6386,"LOCI_URI21":"http://linked.data.gov.au/dataset/asgsed3/LGA2021/10050","SHAPE_Leng":1.32176758519,"SHAPE_Area":0.0305604096491}},{"arcs":[[3,4,5,6,7,8,9,10]],"type":"Polygon","properties":{"LGA_CODE21":"10180","LGA_NAME21":"Armidale Regional","STE_CODE21":"1","STE_NAME21":"New South Wales","AUS_CODE21":"AUS","AUS_NAME21":"Australia","AREASQKM21":7809.4406,"LOCI_URI21":"http://linked.data.gov.au/dataset/asgsed3/LGA2021/10180","SHAPE_Leng":6.03458272261,"SHAPE_Area":0.732824736908}},{"arcs":[[11,12,13,14]],"type":"Polygon","properties":{"LGA_CODE21":"10250","LGA_NAME21":"Ballina","STE_CODE21":"1","STE_NAME21":"New South Wales","AUS_CODE21":"AUS","AUS_NAME21":"Australia","AREASQKM21":484.9692,"LOCI_URI21":"http://linked.data.gov.au/dataset/asgsed3/LGA2021/10250","SHAPE_Leng":1.5111212363,"SHAPE_Area":0.0448434369765}},{"arcs":[[15,16,17,18,19,20,21]],"type":"Polygon","properties":{"LGA_CODE21":"10300","LGA_NAME21":"Balranald","STE_CODE21":"1","STE_NAME21":"New South Wales","AUS_CODE21":"AUS","AUS_NAME21":"Australia","AREASQKM21":21690.7493,"LOCI_URI21":"http://linked.data.gov.au/dataset/asgsed3/LGA2021/10300","SHAPE_Leng":11.4899120218,"SHAPE_Area":2.11552808492}},{"arcs":[[22,23,24,25,26,27,28]],"type":"Polygon","properties":{"LGA_CODE21":"10470","LGA_NAME21":"Bathurst Regional","STE_CODE21":"1","STE_NAME21":"New South Wales","AUS_CODE21":"AUS","AUS_NAME21":"Australia","AREASQKM21":3817.8645,"LOCI_URI21":"http://linked.data.gov.au/dataset/asgsed3/LGA2021/10470","SHAPE_Leng":5.39511401246,"SHAPE_Area":0.37014877806}},{"arcs":[[29,30,31,32,33,34]],"type":"Polygon","properties":{"LGA_CODE21":"10500","LGA_NAME21":"Bayside (NSW)","STE_CODE21":"1","STE_NAME21":"New South Wales","AUS_CODE21":"AUS","AUS_NAME21":"Australia","AREASQKM21":50.6204,"LOCI_URI21":"http://linked.data.gov.au/dataset/asgsed3/LGA2021/10500","SHAPE_Leng":0.5764148501,"SHAPE_Area":0.00493713943495}},{"arcs":[[35,36,37,38]],"type":"Polygon","properties":{"LGA_CODE21":"10550","LGA_NAME21":"Bega Valley","STE_CODE21":"1","STE_NAME21":"New South Wales","AUS_CODE21":"AUS","AUS_NAME21":"Australia","AREASQKM21":6278.5013,"LOCI_URI21":"http://linked.data.gov.au/dataset/asgsed3/LGA2021/10550","SHAPE_Leng":6.14082068847,"SHAPE_Area":0.634170324686}},{"arcs":[[39,40,41,-7,42]],"type":"Polygon","properties":{"LGA_CODE21":"10600","LGA_NAME21":"Bellingen","STE_CODE21":"1","STE_NAME21":"New South Wales","AUS_CODE21":"AUS","AUS_NAME21":"Australia","AREASQKM21":1600.4338,"LOCI_URI21":"http://linked.data.gov.au/dataset/asgsed3/LGA2021/10600","SHAPE_Leng":2.31147782524,"SHAPE_Area":0.150235002684}},{"arcs":[[43,44,45,46,47]],"type":"Polygon","properties":{"LGA_CODE21":"10650","LGA_NAME21":"Berrigan","STE_CODE21":"1","STE_NAME21":"New South Wales","AUS_CODE21":"AUS","AUS_NAME21":"Australia","AREASQKM21":2065.8878,"LOCI_URI21":"http://linked.data.gov.au/dataset/asgsed3/LGA2021/10650","SHAPE_Leng":2.91769996562,"SHAPE_Area":0.205817890373}},{"arcs":[[48,49,50,51,52,53]],"type":"Polygon","properties":{"LGA_CODE21":"10750","LGA_NAME21":"Blacktown","STE_CODE21":"1","STE_NAME21":"New South Wales","AUS_CODE21":"AUS","AUS_NAME21":"Australia","AREASQKM21":238.8471,"LOCI_URI21":"http://linked.data.gov.au/dataset/asgsed3/LGA2021/10750","SHAPE_Leng":0.741290542399,"SHAPE_Area":0.0232385338426}},{"arcs":[[54,55,56,57,58,59,60,61]],"type":"Polygon","properties":{"LGA_CODE21":"10800","LGA_NAME21":"Bland","STE_CODE21":"1","STE_NAME21":"New South Wales","AUS_CODE21":"AUS","AUS_NAME21":"Australia","AREASQKM21":8557.6536,"LOCI_URI21":"http://linked.data.gov.au/dataset/asgsed3/LGA2021/10800","SHAPE_Leng":5.65858790208,"SHAPE_Area":0.834081970926}},{"arcs":[[62,63,64,-26,65]],"type":"Polygon","properties":{"LGA_CODE21":"10850","LGA_NAME21":"Blayney","STE_CODE21":"1","STE_NAME21":"New South Wales","AUS_CODE21":"AUS","AUS_NAME21":"Australia","AREASQKM21":1524.647,"LOCI_URI21":"http://linked.data.gov.au/dataset/asgsed3/LGA2021/10850","SHAPE_Leng":2.28606620511,"SHAPE_Area":0.148091418886}},{"arcs":[[66,67,68,69,70]],"type":"Polygon","properties":{"LGA_CODE21":"10900","LGA_NAME21":"Blue Mountains","STE_CODE21":"1","STE_NAME21":"New South Wales","AUS_CODE21":"AUS","AUS_NAME21":"Australia","AREASQKM21":1431.1442,"LOCI_URI21":"http://linked.data.gov.au/dataset/asgsed3/LGA2021/10900","SHAPE_Leng":3.0978794215,"SHAPE_Area":0.139172971662}},{"arcs":[[71,72,73,74,75]],"type":"Polygon","properties":{"LGA_CODE21":"10950","LGA_NAME21":"Bogan","STE_CODE21":"1","STE_NAME21":"New South Wales","AUS_CODE21":"AUS","AUS_NAME21":"Australia","AREASQKM21":14599.8996,"LOCI_URI21":"http://linked.data.gov.au/dataset/asgsed3/LGA2021/10950","SHAPE_Leng":7.4106774298,"SHAPE_Area":1.38661461629}},{"arcs":[[76,77,78,-72,79,80,81]],"type":"Polygon","properties":{"LGA_CODE21":"11150","LGA_NAME21":"Bourke","STE_CODE21":"1","STE_NAME21":"New South Wales","AUS_CODE21":"AUS","AUS_NAME21":"Australia","AREASQKM21":41598.3722,"LOCI_URI21":"http://linked.data.gov.au/dataset/asgsed3/LGA2021/11150","SHAPE_Leng":10.6190349338,"SHAPE_Area":3.88597290695}},{"arcs":[[82,83,84,85,-73,-79]],"type":"Polygon","properties":{"LGA_CODE21":"11200","LGA_NAME21":"Brewarrina","STE_CODE21":"1","STE_NAME21":"New South Wales","AUS_CODE21":"AUS","AUS_NAME21":"Australia","AREASQKM21":19162.0296,"LOCI_URI21":"http://linked.data.gov.au/dataset/asgsed3/LGA2021/11200","SHAPE_Leng":9.8899354282,"SHAPE_Area":1.78796379042}},{"arcs":[[86]],"type":"Polygon","properties":{"LGA_CODE21":"11250","LGA_NAME21":"Broken Hill","STE_CODE21":"1","STE_NAME21":"New South Wales","AUS_CODE21":"AUS","AUS_NAME21":"Australia","AREASQKM21":170.1153,"LOCI_URI21":"http://linked.data.gov.au/dataset/asgsed3/LGA2021/11250","SHAPE_Leng":0.610208165524,"SHAPE_Area":0.0162258188847}},{"arcs":[[87,88,89,90]],"type":"Polygon","properties":{"LGA_CODE21":"11300","LGA_NAME21":"Burwood","STE_CODE21":"1","STE_NAME21":"New South Wales","AUS_CODE21":"AUS","AUS_NAME21":"Australia","AREASQKM21":7.1282,"LOCI_URI21":"http://linked.data.gov.au/dataset/asgsed3/LGA2021/11300","SHAPE_Leng":0.119165278577,"SHAPE_Area":0.000694723530429}},{"arcs":[[91,-12,92,93]],"type":"Polygon","properties":{"LGA_CODE21":"11350","LGA_NAME21":"Byron","STE_CODE21":"1","STE_NAME21":"New South Wales","AUS_CODE21":"AUS","AUS_NAME21":"Australia","AREASQKM21":565.8027,"LOCI_URI21":"http://linked.data.gov.au/dataset/asgsed3/LGA2021/11350","SHAPE_Leng":1.55929840553,"SHAPE_Area":0.0521959772626}},{"arcs":[[94,95,96,-27,-65,97,-63,98,99,100]],"type":"Polygon","properties":{"LGA_CODE21":"11400","LGA_NAME21":"Cabonne","STE_CODE21":"1","STE_NAME21":"New South Wales","AUS_CODE21":"AUS","AUS_NAME21":"Australia","AREASQKM21":6022.3496,"LOCI_URI21":"http://linked.data.gov.au/dataset/asgsed3/LGA2021/11400","SHAPE_Leng":6.71622611393,"SHAPE_Area":0.582059949636}},{"arcs":[[101,102,103]],"type":"Polygon","properties":{"LGA_CODE21":"11450","LGA_NAME21":"Camden","STE_CODE21":"1","STE_NAME21":"New South Wales","AUS_CODE21":"AUS","AUS_NAME21":"Australia","AREASQKM21":201.5278,"LOCI_URI21":"http://linked.data.gov.au/dataset/asgsed3/LGA2021/11450","SHAPE_Leng":0.781939036709,"SHAPE_Area":0.0196679021939}},{"arcs":[[-102,104,105,106,107]],"type":"Polygon","properties":{"LGA_CODE21":"11500","LGA_NAME21":"Campbelltown (NSW)","STE_CODE21":"1","STE_NAME21":"New South Wales","AUS_CODE21":"AUS","AUS_NAME21":"Australia","AREASQKM21":311.4117,"LOCI_URI21":"http://linked.data.gov.au/dataset/asgsed3/LGA2021/11500","SHAPE_Leng":0.992641708803,"SHAPE_Area":0.0304183430181}},{"arcs":[[108,109,110,-88,111]],"type":"Polygon","properties":{"LGA_CODE21":"11520","LGA_NAME21":"Canada Bay","STE_CODE21":"1","STE_NAME21":"New South Wales","AUS_CODE21":"AUS","AUS_NAME21":"Australia","AREASQKM21":19.9239,"LOCI_URI21":"http://linked.data.gov.au/dataset/asgsed3/LGA2021/11520","SHAPE_Leng":0.438232041523,"SHAPE_Area":0.00194089480278}},{"arcs":[[112,-90,113,-35,114,115,116,117,118,119]],"type":"Polygon","properties":{"LGA_CODE21":"11570","LGA_NAME21":"Canterbury-Bankstown","STE_CODE21":"1","STE_NAME21":"New South Wales","AUS_CODE21":"AUS","AUS_NAME21":"Australia","AREASQKM21":110.2374,"LOCI_URI21":"http://linked.data.gov.au/dataset/asgsed3/LGA2021/11570","SHAPE_Leng":0.710778011792,"SHAPE_Area":0.0107476704211}},{"arcs":[[120,121,-62,122,123,124,125,-17,126]],"type":"Polygon","properties":{"LGA_CODE21":"11600","LGA_NAME21":"Carrathool","STE_CODE21":"1","STE_NAME21":"New South Wales","AUS_CODE21":"AUS","AUS_NAME21":"Australia","AREASQKM21":18934.4853,"LOCI_URI21":"http://linked.data.gov.au/dataset/asgsed3/LGA2021/11600","SHAPE_Leng":11.0103989452,"SHAPE_Area":1.83949538211}},{"arcs":[[127,128,129,130,131,132,133,134]],"type":"Polygon","properties":{"LGA_CODE21":"11650","LGA_NAME21":"Central Coast (NSW)","STE_CODE21":"1","STE_NAME21":"New South Wales","AUS_CODE21":"AUS","AUS_NAME21":"Australia","AREASQKM21":1681.0059,"LOCI_URI21":"http://linked.data.gov.au/dataset/asgsed3/LGA2021/11650","SHAPE_Leng":5.26114658228,"SHAPE_Area":0.162751102738}},{"arcs":[[-81,135,-127,-16,136,137]],"type":"Polygon","properties":{"LGA_CODE21":"11700","LGA_NAME21":"Central Darling","STE_CODE21":"1","STE_NAME21":"New South Wales","AUS_CODE21":"AUS","AUS_NAME21":"Australia","AREASQKM21":53492.193,"LOCI_URI21":"http://linked.data.gov.au/dataset/asgsed3/LGA2021/11700","SHAPE_Leng":16.1989596559,"SHAPE_Area":5.0975774688}},{"arcs":[[138,139,140,-134,141,142]],"type":"Polygon","properties":{"LGA_CODE21":"11720","LGA_NAME21":"Cessnock","STE_CODE21":"1","STE_NAME21":"New South Wales","AUS_CODE21":"AUS","AUS_NAME21":"Australia","AREASQKM21":1965.1593,"LOCI_URI21":"http://linked.data.gov.au/dataset/asgsed3/LGA2021/11720","SHAPE_Leng":2.98220593348,"SHAPE_Area":0.189449688154}},{"arcs":[[143,144,-43,-6,145,146,147,148]],"type":"Polygon","properties":{"LGA_CODE21":"11730","LGA_NAME21":"Clarence Valley","STE_CODE21":"1","STE_NAME21":"New South Wales","AUS_CODE21":"AUS","AUS_NAME21":"Australia","AREASQKM21":10428.6804,"LOCI_URI21":"http://linked.data.gov.au/dataset/asgsed3/LGA2021/11730","SHAPE_Leng":7.20568446526,"SHAPE_Area":0.972005781669}},{"arcs":[[-80,-76,149,-121,-136]],"type":"Polygon","properties":{"LGA_CODE21":"11750","LGA_NAME21":"Cobar","STE_CODE21":"1","STE_NAME21":"New South Wales","AUS_CODE21":"AUS","AUS_NAME21":"Australia","AREASQKM21":45575.3512,"LOCI_URI21":"http://linked.data.gov.au/dataset/asgsed3/LGA2021/11750","SHAPE_Leng":13.6851360924,"SHAPE_Area":4.34373575552}},{"arcs":[[-40,-145,150]],"type":"Polygon","properties":{"LGA_CODE21":"11800","LGA_NAME21":"Coffs Harbour","STE_CODE21":"1","STE_NAME21":"New South Wales","AUS_CODE21":"AUS","AUS_NAME21":"Australia","AREASQKM21":1173.7435,"LOCI_URI21":"http://linked.data.gov.au/dataset/asgsed3/LGA2021/11800","SHAPE_Leng":2.55729260358,"SHAPE_Area":0.109945439907}},{"arcs":[[-60,151,152,153,154]],"type":"Polygon","properties":{"LGA_CODE21":"12000","LGA_NAME21":"Coolamon","STE_CODE21":"1","STE_NAME21":"New South Wales","AUS_CODE21":"AUS","AUS_NAME21":"Australia","AREASQKM21":2430.9037,"LOCI_URI21":"http://linked.data.gov.au/dataset/asgsed3/LGA2021/12000","SHAPE_Leng":2.75871221821,"SHAPE_Area":0.238980517521}},{"arcs":[[155,156,157,158,159]],"type":"Polygon","properties":{"LGA_CODE21":"12150","LGA_NAME21":"Coonamble","STE_CODE21":"1","STE_NAME21":"New South Wales","AUS_CODE21":"AUS","AUS_NAME21":"Australia","AREASQKM21":9916.0535,"LOCI_URI21":"http://linked.data.gov.au/dataset/asgsed3/LGA2021/12150","SHAPE_Leng":5.70290508424,"SHAPE_Area":0.935258480968}},{"arcs":[[160,161,162,163,164,165]],"type":"Polygon","properties":{"LGA_CODE21":"12160","LGA_NAME21":"Cootamundra-Gundagai Regional","STE_CODE21":"1","STE_NAME21":"New South Wales","AUS_CODE21":"AUS","AUS_NAME21":"Australia","AREASQKM21":3981.4172,"LOCI_URI21":"http://linked.data.gov.au/dataset/asgsed3/LGA2021/12160","SHAPE_Leng":5.27439426427,"SHAPE_Area":0.392439130195}},{"arcs":[[-66,-25,166,167,168,169,-99]],"type":"Polygon","properties":{"LGA_CODE21":"12350","LGA_NAME21":"Cowra","STE_CODE21":"1","STE_NAME21":"New South Wales","AUS_CODE21":"AUS","AUS_NAME21":"Australia","AREASQKM21":2808.7821,"LOCI_URI21":"http://linked.data.gov.au/dataset/asgsed3/LGA2021/12350","SHAPE_Leng":4.30511520504,"SHAPE_Area":0.273452199271}},{"arcs":[[170,-53,171,172,-120]],"type":"Polygon","properties":{"LGA_CODE21":"12380","LGA_NAME21":"Cumberland","STE_CODE21":"1","STE_NAME21":"New South Wales","AUS_CODE21":"AUS","AUS_NAME21":"Australia","AREASQKM21":72.7496,"LOCI_URI21":"http://linked.data.gov.au/dataset/asgsed3/LGA2021/12380","SHAPE_Leng":0.516181981864,"SHAPE_Area":0.00708653274528}},{"arcs":[[173,174,175,-96,176]],"type":"Polygon","properties":{"LGA_CODE21":"12390","LGA_NAME21":"Dubbo Regional","STE_CODE21":"1","STE_NAME21":"New South Wales","AUS_CODE21":"AUS","AUS_NAME21":"Australia","AREASQKM21":7534.5251,"LOCI_URI21":"http://linked.data.gov.au/dataset/asgsed3/LGA2021/12390","SHAPE_Leng":5.6296363298,"SHAPE_Area":0.722387282897}},{"arcs":[[177,178,179,180,181]],"type":"Polygon","properties":{"LGA_CODE21":"12700","LGA_NAME21":"Dungog","STE_CODE21":"1","STE_NAME21":"New South Wales","AUS_CODE21":"AUS","AUS_NAME21":"Australia","AREASQKM21":2249.9983,"LOCI_URI21":"http://linked.data.gov.au/dataset/asgsed3/LGA2021/12700","SHAPE_Leng":2.62782971566,"SHAPE_Area":0.215545150473}},{"arcs":[[182,183,-48,184]],"type":"Polygon","properties":{"LGA_CODE21":"12730","LGA_NAME21":"Edward River","STE_CODE21":"1","STE_NAME21":"New South Wales","AUS_CODE21":"AUS","AUS_NAME21":"Australia","AREASQKM21":8883.4463,"LOCI_URI21":"http://linked.data.gov.au/dataset/asgsed3/LGA2021/12730","SHAPE_Leng":5.9288741618,"SHAPE_Area":0.878986535969}},{"arcs":[[185,-38,186,187,188]],"type":"Polygon","properties":{"LGA_CODE21":"12750","LGA_NAME21":"Eurobodalla","STE_CODE21":"1","STE_NAME21":"New South Wales","AUS_CODE21":"AUS","AUS_NAME21":"Australia","AREASQKM21":3428.1695,"LOCI_URI21":"http://linked.data.gov.au/dataset/asgsed3/LGA2021/12750","SHAPE_Leng":4.59512194034,"SHAPE_Area":0.34243122811}},{"arcs":[[-119,189,190,-54,-171]],"type":"Polygon","properties":{"LGA_CODE21":"12850","LGA_NAME21":"Fairfield","STE_CODE21":"1","STE_NAME21":"New South Wales","AUS_CODE21":"AUS","AUS_NAME21":"Australia","AREASQKM21":101.5072,"LOCI_URI21":"http://linked.data.gov.au/dataset/asgsed3/LGA2021/12850","SHAPE_Leng":0.652562021494,"SHAPE_Area":0.00989007273435}},{"arcs":[[191,192,193,194,195,196,-45]],"type":"Polygon","properties":{"LGA_CODE21":"12870","LGA_NAME21":"Federation","STE_CODE21":"1","STE_NAME21":"New South Wales","AUS_CODE21":"AUS","AUS_NAME21":"Australia","AREASQKM21":5684.9253,"LOCI_URI21":"http://linked.data.gov.au/dataset/asgsed3/LGA2021/12870","SHAPE_Leng":6.27295619715,"SHAPE_Area":0.564731764499}},{"arcs":[[197,-100,-170,198,-56,199]],"type":"Polygon","properties":{"LGA_CODE21":"12900","LGA_NAME21":"Forbes","STE_CODE21":"1","STE_NAME21":"New South Wales","AUS_CODE21":"AUS","AUS_NAME21":"Australia","AREASQKM21":4710.128,"LOCI_URI21":"http://linked.data.gov.au/dataset/asgsed3/LGA2021/12900","SHAPE_Leng":5.12684089888,"SHAPE_Area":0.456608600724}},{"arcs":[[-115,-34,200]],"type":"Polygon","properties":{"LGA_CODE21":"12930","LGA_NAME21":"Georges River","STE_CODE21":"1","STE_NAME21":"New South Wales","AUS_CODE21":"AUS","AUS_NAME21":"Australia","AREASQKM21":38.3375,"LOCI_URI21":"http://linked.data.gov.au/dataset/asgsed3/LGA2021/12930","SHAPE_Leng":0.566678225348,"SHAPE_Area":0.00373993123831}},{"arcs":[[-159,201,-174,202,203]],"type":"Polygon","properties":{"LGA_CODE21":"12950","LGA_NAME21":"Gilgandra","STE_CODE21":"1","STE_NAME21":"New South Wales","AUS_CODE21":"AUS","AUS_NAME21":"Australia","AREASQKM21":4831.5057,"LOCI_URI21":"http://linked.data.gov.au/dataset/asgsed3/LGA2021/12950","SHAPE_Leng":3.87805203297,"SHAPE_Area":0.459248564759}},{"arcs":[[204,-146,-5,205]],"type":"Polygon","properties":{"LGA_CODE21":"13010","LGA_NAME21":"Glen Innes Severn","STE_CODE21":"1","STE_NAME21":"New South Wales","AUS_CODE21":"AUS","AUS_NAME21":"Australia","AREASQKM21":5479.977,"LOCI_URI21":"http://linked.data.gov.au/dataset/asgsed3/LGA2021/13010","SHAPE_Leng":4.83865428082,"SHAPE_Area":0.510574838033}},{"arcs":[[206,207,208,209]],"type":"Polygon","properties":{"LGA_CODE21":"13310","LGA_NAME21":"Goulburn Mulwaree","STE_CODE21":"1","STE_NAME21":"New South Wales","AUS_CODE21":"AUS","AUS_NAME21":"Australia","AREASQKM21":3220.0796,"LOCI_URI21":"http://linked.data.gov.au/dataset/asgsed3/LGA2021/13310","SHAPE_Leng":4.79309003063,"SHAPE_Area":0.31748193352}},{"arcs":[[210,211,212,213,-1,214,215,-195]],"type":"Polygon","properties":{"LGA_CODE21":"13340","LGA_NAME21":"Greater Hume Shire","STE_CODE21":"1","STE_NAME21":"New South Wales","AUS_CODE21":"AUS","AUS_NAME21":"Australia","AREASQKM21":5749.3875,"LOCI_URI21":"http://linked.data.gov.au/dataset/asgsed3/LGA2021/13340","SHAPE_Leng":5.60911434836,"SHAPE_Area":0.572906562648}},{"arcs":[[216,217,218,-124]],"type":"Polygon","properties":{"LGA_CODE21":"13450","LGA_NAME21":"Griffith","STE_CODE21":"1","STE_NAME21":"New South Wales","AUS_CODE21":"AUS","AUS_NAME21":"Australia","AREASQKM21":1639.1732,"LOCI_URI21":"http://linked.data.gov.au/dataset/asgsed3/LGA2021/13450","SHAPE_Leng":2.329086329,"SHAPE_Area":0.160517455685}},{"arcs":[[219,220,221,222]],"type":"Polygon","properties":{"LGA_CODE21":"13550","LGA_NAME21":"Gunnedah","STE_CODE21":"1","STE_NAME21":"New South Wales","AUS_CODE21":"AUS","AUS_NAME21":"Australia","AREASQKM21":4987.0295,"LOCI_URI21":"http://linked.data.gov.au/dataset/asgsed3/LGA2021/13550","SHAPE_Leng":5.25284682322,"SHAPE_Area":0.471213293219}},{"arcs":[[223,224,225,226,227]],"type":"Polygon","properties":{"LGA_CODE21":"13660","LGA_NAME21":"Gwydir","STE_CODE21":"1","STE_NAME21":"New South Wales","AUS_CODE21":"AUS","AUS_NAME21":"Australia","AREASQKM21":9259.6544,"LOCI_URI21":"http://linked.data.gov.au/dataset/asgsed3/LGA2021/13660","SHAPE_Leng":6.72311944903,"SHAPE_Area":0.862318650319}},{"arcs":[[228,229,-142,-133,230,-50,231,-71]],"type":"Polygon","properties":{"LGA_CODE21":"13800","LGA_NAME21":"Hawkesbury","STE_CODE21":"1","STE_NAME21":"New South Wales","AUS_CODE21":"AUS","AUS_NAME21":"Australia","AREASQKM21":2775.1378,"LOCI_URI21":"http://linked.data.gov.au/dataset/asgsed3/LGA2021/13800","SHAPE_Leng":3.9106452469,"SHAPE_Area":0.268763594023}},{"arcs":[[-126,232,-183,233,-18]],"type":"Polygon","properties":{"LGA_CODE21":"13850","LGA_NAME21":"Hay","STE_CODE21":"1","STE_NAME21":"New South Wales","AUS_CODE21":"AUS","AUS_NAME21":"Australia","AREASQKM21":11325.9324,"LOCI_URI21":"http://linked.data.gov.au/dataset/asgsed3/LGA2021/13850","SHAPE_Leng":7.53504316412,"SHAPE_Area":1.10932057736}},{"arcs":[[234,-58,235,-168,236,237,-162]],"type":"Polygon","properties":{"LGA_CODE21":"13910","LGA_NAME21":"Hilltops","STE_CODE21":"1","STE_NAME21":"New South Wales","AUS_CODE21":"AUS","AUS_NAME21":"Australia","AREASQKM21":7140.8865,"LOCI_URI21":"http://linked.data.gov.au/dataset/asgsed3/LGA2021/13910","SHAPE_Leng":6.6486512933,"SHAPE_Area":0.69970304057}},{"arcs":[[238,239,240,241,-131,242]],"type":"Polygon","properties":{"LGA_CODE21":"14000","LGA_NAME21":"Hornsby","STE_CODE21":"1","STE_NAME21":"New South Wales","AUS_CODE21":"AUS","AUS_NAME21":"Australia","AREASQKM21":455.0374,"LOCI_URI21":"http://linked.data.gov.au/dataset/asgsed3/LGA2021/14000","SHAPE_Leng":2.47648847885,"SHAPE_Area":0.0441932930907}},{"arcs":[[243,244]],"type":"Polygon","properties":{"LGA_CODE21":"14100","LGA_NAME21":"Hunters Hill","STE_CODE21":"1","STE_NAME21":"New South Wales","AUS_CODE21":"AUS","AUS_NAME21":"Australia","AREASQKM21":5.7169,"LOCI_URI21":"http://linked.data.gov.au/dataset/asgsed3/LGA2021/14100","SHAPE_Leng":0.218158021105,"SHAPE_Area":0.000556826067962}},{"arcs":[[-30,-114,-89,-111,245,246]],"type":"Polygon","properties":{"LGA_CODE21":"14170","LGA_NAME21":"Inner West","STE_CODE21":"1","STE_NAME21":"New South Wales","AUS_CODE21":"AUS","AUS_NAME21":"Australia","AREASQKM21":35.2115,"LOCI_URI21":"http://linked.data.gov.au/dataset/asgsed3/LGA2021/14170","SHAPE_Leng":0.427888138245,"SHAPE_Area":0.00343160121196}},{"arcs":[[247,248,249,-206,-4,250,-224]],"type":"Polygon","properties":{"LGA_CODE21":"14220","LGA_NAME21":"Inverell","STE_CODE21":"1","STE_NAME21":"New South Wales","AUS_CODE21":"AUS","AUS_NAME21":"Australia","AREASQKM21":9404.7564,"LOCI_URI21":"http://linked.data.gov.au/dataset/asgsed3/LGA2021/14220","SHAPE_Leng":6.93110386384,"SHAPE_Area":0.874347250589}},{"arcs":[[251,-166,252,-153]],"type":"Polygon","properties":{"LGA_CODE21":"14300","LGA_NAME21":"Junee","STE_CODE21":"1","STE_NAME21":"New South Wales","AUS_CODE21":"AUS","AUS_NAME21":"Australia","AREASQKM21":2030.0222,"LOCI_URI21":"http://linked.data.gov.au/dataset/asgsed3/LGA2021/14300","SHAPE_Leng":2.62956172683,"SHAPE_Area":0.200008070585}},{"arcs":[[253,254,255,-9,256]],"type":"Polygon","properties":{"LGA_CODE21":"14350","LGA_NAME21":"Kempsey","STE_CODE21":"1","STE_NAME21":"New South Wales","AUS_CODE21":"AUS","AUS_NAME21":"Australia","AREASQKM21":3375.6704,"LOCI_URI21":"http://linked.data.gov.au/dataset/asgsed3/LGA2021/14350","SHAPE_Leng":3.91700033543,"SHAPE_Area":0.318647794848}},{"arcs":[[257,258,259,260]],"type":"Polygon","properties":{"LGA_CODE21":"14400","LGA_NAME21":"Kiama","STE_CODE21":"1","STE_NAME21":"New South Wales","AUS_CODE21":"AUS","AUS_NAME21":"Australia","AREASQKM21":257.6638,"LOCI_URI21":"http://linked.data.gov.au/dataset/asgsed3/LGA2021/14400","SHAPE_Leng":1.04249391339,"SHAPE_Area":0.025344570331}},{"arcs":[[261,262,263,-239,264,265]],"type":"Polygon","properties":{"LGA_CODE21":"14500","LGA_NAME21":"Ku-ring-gai","STE_CODE21":"1","STE_NAME21":"New South Wales","AUS_CODE21":"AUS","AUS_NAME21":"Australia","AREASQKM21":85.4093,"LOCI_URI21":"http://linked.data.gov.au/dataset/asgsed3/LGA2021/14500","SHAPE_Leng":0.503529297561,"SHAPE_Area":0.00830912434817}},{"arcs":[[266,267,268,269,-148,270]],"type":"Polygon","properties":{"LGA_CODE21":"14550","LGA_NAME21":"Kyogle","STE_CODE21":"1","STE_NAME21":"New South Wales","AUS_CODE21":"AUS","AUS_NAME21":"Australia","AREASQKM21":3584.1829,"LOCI_URI21":"http://linked.data.gov.au/dataset/asgsed3/LGA2021/14550","SHAPE_Leng":4.01329573478,"SHAPE_Area":0.330688510518}},{"arcs":[[271,272,273,-200,-55,-122,-150,-75]],"type":"Polygon","properties":{"LGA_CODE21":"14600","LGA_NAME21":"Lachlan","STE_CODE21":"1","STE_NAME21":"New South Wales","AUS_CODE21":"AUS","AUS_NAME21":"Australia","AREASQKM21":14968.2539,"LOCI_URI21":"http://linked.data.gov.au/dataset/asgsed3/LGA2021/14600","SHAPE_Leng":8.79108075191,"SHAPE_Area":1.44295938548}},{"arcs":[[[-129,274]],[[-135,-141,275,276]]],"type":"MultiPolygon","properties":{"LGA_CODE21":"14650","LGA_NAME21":"Lake Macquarie","STE_CODE21":"1","STE_NAME21":"New South Wales","AUS_CODE21":"AUS","AUS_NAME21":"Australia","AREASQKM21":648.6393,"LOCI_URI21":"http://linked.data.gov.au/dataset/asgsed3/LGA2021/14650","SHAPE_Leng":3.05070995744,"SHAPE_Area":0.0626109202069}},{"arcs":[[277,278,279]],"type":"Polygon","properties":{"LGA_CODE21":"14700","LGA_NAME21":"Lane Cove","STE_CODE21":"1","STE_NAME21":"New South Wales","AUS_CODE21":"AUS","AUS_NAME21":"Australia","AREASQKM21":10.4789,"LOCI_URI21":"http://linked.data.gov.au/dataset/asgsed3/LGA2021/14700","SHAPE_Leng":0.249661055994,"SHAPE_Area":0.00102051470397}},{"arcs":[[280,281,-218]],"type":"Polygon","properties":{"LGA_CODE21":"14750","LGA_NAME21":"Leeton","STE_CODE21":"1","STE_NAME21":"New South Wales","AUS_CODE21":"AUS","AUS_NAME21":"Australia","AREASQKM21":1167.1876,"LOCI_URI21":"http://linked.data.gov.au/dataset/asgsed3/LGA2021/14750","SHAPE_Leng":2.0280119811,"SHAPE_Area":0.114609552825}},{"arcs":[[282,-93,-15,283,-269]],"type":"Polygon","properties":{"LGA_CODE21":"14850","LGA_NAME21":"Lismore","STE_CODE21":"1","STE_NAME21":"New South Wales","AUS_CODE21":"AUS","AUS_NAME21":"Australia","AREASQKM21":1287.7042,"LOCI_URI21":"http://linked.data.gov.au/dataset/asgsed3/LGA2021/14850","SHAPE_Leng":2.50860320654,"SHAPE_Area":0.118961620427}},{"arcs":[[284,285,-229,-70,286,-29]],"type":"Polygon","properties":{"LGA_CODE21":"14870","LGA_NAME21":"Lithgow","STE_CODE21":"1","STE_NAME21":"New South Wales","AUS_CODE21":"AUS","AUS_NAME21":"Australia","AREASQKM21":4512.2561,"LOCI_URI21":"http://linked.data.gov.au/dataset/asgsed3/LGA2021/14870","SHAPE_Leng":5.07060613534,"SHAPE_Area":0.436718444065}},{"arcs":[[-118,287,-105,-104,288,289,-190]],"type":"Polygon","properties":{"LGA_CODE21":"14900","LGA_NAME21":"Liverpool","STE_CODE21":"1","STE_NAME21":"New South Wales","AUS_CODE21":"AUS","AUS_NAME21":"Australia","AREASQKM21":305.7401,"LOCI_URI21":"http://linked.data.gov.au/dataset/asgsed3/LGA2021/14900","SHAPE_Leng":1.34684367407,"SHAPE_Area":0.0298133353696}},{"arcs":[[290,291,292,-222]],"type":"Polygon","properties":{"LGA_CODE21":"14920","LGA_NAME21":"Liverpool Plains","STE_CODE21":"1","STE_NAME21":"New South Wales","AUS_CODE21":"AUS","AUS_NAME21":"Australia","AREASQKM21":5082.2398,"LOCI_URI21":"http://linked.data.gov.au/dataset/asgsed3/LGA2021/14920","SHAPE_Leng":4.91981406205,"SHAPE_Area":0.482733790067}},{"arcs":[[293,294,-211,-194]],"type":"Polygon","properties":{"LGA_CODE21":"14950","LGA_NAME21":"Lockhart","STE_CODE21":"1","STE_NAME21":"New South Wales","AUS_CODE21":"AUS","AUS_NAME21":"Australia","AREASQKM21":2895.8049,"LOCI_URI21":"http://linked.data.gov.au/dataset/asgsed3/LGA2021/14950","SHAPE_Leng":2.77637881136,"SHAPE_Area":0.287079771699}},{"arcs":[[295,-139,296,-181,297]],"type":"Polygon","properties":{"LGA_CODE21":"15050","LGA_NAME21":"Maitland","STE_CODE21":"1","STE_NAME21":"New South Wales","AUS_CODE21":"AUS","AUS_NAME21":"Australia","AREASQKM21":391.5089,"LOCI_URI21":"http://linked.data.gov.au/dataset/asgsed3/LGA2021/15050","SHAPE_Leng":1.21058717704,"SHAPE_Area":0.037653811493}},{"arcs":[[298,299,-179,300,301,302]],"type":"Polygon","properties":{"LGA_CODE21":"15240","LGA_NAME21":"Mid-Coast","STE_CODE21":"1","STE_NAME21":"New South Wales","AUS_CODE21":"AUS","AUS_NAME21":"Australia","AREASQKM21":10053.8633,"LOCI_URI21":"http://linked.data.gov.au/dataset/asgsed3/LGA2021/15240","SHAPE_Leng":6.89603510132,"SHAPE_Area":0.959687030591}},{"arcs":[[303,304,305,306,-285,-28,-97,-176]],"type":"Polygon","properties":{"LGA_CODE21":"15270","LGA_NAME21":"Mid-Western Regional","STE_CODE21":"1","STE_NAME21":"New South Wales","AUS_CODE21":"AUS","AUS_NAME21":"Australia","AREASQKM21":8752.2589,"LOCI_URI21":"http://linked.data.gov.au/dataset/asgsed3/LGA2021/15270","SHAPE_Leng":7.04078787832,"SHAPE_Area":0.840688114954}},{"arcs":[[-248,-228,307,308,309,310]],"type":"Polygon","properties":{"LGA_CODE21":"15300","LGA_NAME21":"Moree Plains","STE_CODE21":"1","STE_NAME21":"New South Wales","AUS_CODE21":"AUS","AUS_NAME21":"Australia","AREASQKM21":17902.7033,"LOCI_URI21":"http://linked.data.gov.au/dataset/asgsed3/LGA2021/15300","SHAPE_Leng":9.26140468237,"SHAPE_Area":1.66173384404}},{"arcs":[[311,312]],"type":"Polygon","properties":{"LGA_CODE21":"15350","LGA_NAME21":"Mosman","STE_CODE21":"1","STE_NAME21":"New South Wales","AUS_CODE21":"AUS","AUS_NAME21":"Australia","AREASQKM21":8.6503,"LOCI_URI21":"http://linked.data.gov.au/dataset/asgsed3/LGA2021/15350","SHAPE_Leng":0.216078484541,"SHAPE_Area":0.000842540073689}},{"arcs":[[-19,-234,-185,-47,313,314,315,316]],"type":"Polygon","properties":{"LGA_CODE21":"15520","LGA_NAME21":"Murray River","STE_CODE21":"1","STE_NAME21":"New South Wales","AUS_CODE21":"AUS","AUS_NAME21":"Australia","AREASQKM21":11863.0162,"LOCI_URI21":"http://linked.data.gov.au/dataset/asgsed3/LGA2021/15520","SHAPE_Leng":11.6945636108,"SHAPE_Area":1.17599134373}},{"arcs":[[-233,-125,-219,-282,317,-192,-44,-184]],"type":"Polygon","properties":{"LGA_CODE21":"15560","LGA_NAME21":"Murrumbidgee","STE_CODE21":"1","STE_NAME21":"New South Wales","AUS_CODE21":"AUS","AUS_NAME21":"Australia","AREASQKM21":6880.7902,"LOCI_URI21":"http://linked.data.gov.au/dataset/asgsed3/LGA2021/15560","SHAPE_Leng":5.74745519027,"SHAPE_Area":0.679012693462}},{"arcs":[[318,-306,319]],"type":"Polygon","properties":{"LGA_CODE21":"15650","LGA_NAME21":"Muswellbrook","STE_CODE21":"1","STE_NAME21":"New South Wales","AUS_CODE21":"AUS","AUS_NAME21":"Australia","AREASQKM21":3404.8841,"LOCI_URI21":"http://linked.data.gov.au/dataset/asgsed3/LGA2021/15650","SHAPE_Leng":3.99222873843,"SHAPE_Area":0.326501003948}},{"arcs":[[-8,-42,320,-257]],"type":"Polygon","properties":{"LGA_CODE21":"15700","LGA_NAME21":"Nambucca Valley","STE_CODE21":"1","STE_NAME21":"New South Wales","AUS_CODE21":"AUS","AUS_NAME21":"Australia","AREASQKM21":1491.3431,"LOCI_URI21":"http://linked.data.gov.au/dataset/asgsed3/LGA2021/15700","SHAPE_Leng":2.06651604214,"SHAPE_Area":0.140397682042}},{"arcs":[[-308,-227,321,-220,322,-157,323]],"type":"Polygon","properties":{"LGA_CODE21":"15750","LGA_NAME21":"Narrabri","STE_CODE21":"1","STE_NAME21":"New South Wales","AUS_CODE21":"AUS","AUS_NAME21":"Australia","AREASQKM21":13014.9937,"LOCI_URI21":"http://linked.data.gov.au/dataset/asgsed3/LGA2021/15750","SHAPE_Leng":6.25964784841,"SHAPE_Area":1.22117432716}},{"arcs":[[-217,-123,-61,-155,324,-294,-193,-318,-281]],"type":"Polygon","properties":{"LGA_CODE21":"15800","LGA_NAME21":"Narrandera","STE_CODE21":"1","STE_NAME21":"New South Wales","AUS_CODE21":"AUS","AUS_NAME21":"Australia","AREASQKM21":4116.3458,"LOCI_URI21":"http://linked.data.gov.au/dataset/asgsed3/LGA2021/15800","SHAPE_Leng":3.96593262127,"SHAPE_Area":0.4045755294}},{"arcs":[[325,-203,-177,-95,326,-273]],"type":"Polygon","properties":{"LGA_CODE21":"15850","LGA_NAME21":"Narromine","STE_CODE21":"1","STE_NAME21":"New South Wales","AUS_CODE21":"AUS","AUS_NAME21":"Australia","AREASQKM21":5261.5165,"LOCI_URI21":"http://linked.data.gov.au/dataset/asgsed3/LGA2021/15850","SHAPE_Leng":4.15463655022,"SHAPE_Area":0.503371589263}},{"arcs":[[[-276,-140,-296,327,328]],[[329,330]]],"type":"MultiPolygon","properties":{"LGA_CODE21":"15900","LGA_NAME21":"Newcastle","STE_CODE21":"1","STE_NAME21":"New South Wales","AUS_CODE21":"AUS","AUS_NAME21":"Australia","AREASQKM21":186.7255,"LOCI_URI21":"http://linked.data.gov.au/dataset/asgsed3/LGA2021/15900","SHAPE_Leng":1.26906948963,"SHAPE_Area":0.0179920213306}},{"arcs":[[-313,331,-279,332,333]],"type":"Polygon","properties":{"LGA_CODE21":"15950","LGA_NAME21":"North Sydney","STE_CODE21":"1","STE_NAME21":"New South Wales","AUS_CODE21":"AUS","AUS_NAME21":"Australia","AREASQKM21":10.491,"LOCI_URI21":"http://linked.data.gov.au/dataset/asgsed3/LGA2021/15950","SHAPE_Leng":0.265366793847,"SHAPE_Area":0.00102175816354}},{"arcs":[[-266,334]],"type":"Polygon","properties":{"LGA_CODE21":"15990","LGA_NAME21":"Northern Beaches","STE_CODE21":"1","STE_NAME21":"New South Wales","AUS_CODE21":"AUS","AUS_NAME21":"Australia","AREASQKM21":254.2072,"LOCI_URI21":"http://linked.data.gov.au/dataset/asgsed3/LGA2021/15990","SHAPE_Leng":1.96465088044,"SHAPE_Area":0.0247185301919}},{"arcs":[[-287,-69,335,336,-23]],"type":"Polygon","properties":{"LGA_CODE21":"16100","LGA_NAME21":"Oberon","STE_CODE21":"1","STE_NAME21":"New South Wales","AUS_CODE21":"AUS","AUS_NAME21":"Australia","AREASQKM21":3625.047,"LOCI_URI21":"http://linked.data.gov.au/dataset/asgsed3/LGA2021/16100","SHAPE_Leng":4.84099776975,"SHAPE_Area":0.353273718317}},{"arcs":[[-64,-98]],"type":"Polygon","properties":{"LGA_CODE21":"16150","LGA_NAME21":"Orange","STE_CODE21":"1","STE_NAME21":"New South Wales","AUS_CODE21":"AUS","AUS_NAME21":"Australia","AREASQKM21":284.2159,"LOCI_URI21":"http://linked.data.gov.au/dataset/asgsed3/LGA2021/16150","SHAPE_Leng":0.962256244958,"SHAPE_Area":0.0275221749451}},{"arcs":[[-327,-101,-198,-274]],"type":"Polygon","properties":{"LGA_CODE21":"16200","LGA_NAME21":"Parkes","STE_CODE21":"1","STE_NAME21":"New South Wales","AUS_CODE21":"AUS","AUS_NAME21":"Australia","AREASQKM21":5957.6137,"LOCI_URI21":"http://linked.data.gov.au/dataset/asgsed3/LGA2021/16200","SHAPE_Leng":4.30285632878,"SHAPE_Area":0.574062181838}},{"arcs":[[337,338,-109,339,-172,-52,340,-241]],"type":"Polygon","properties":{"LGA_CODE21":"16260","LGA_NAME21":"Parramatta","STE_CODE21":"1","STE_NAME21":"New South Wales","AUS_CODE21":"AUS","AUS_NAME21":"Australia","AREASQKM21":83.8303,"LOCI_URI21":"http://linked.data.gov.au/dataset/asgsed3/LGA2021/16260","SHAPE_Leng":0.569111286769,"SHAPE_Area":0.00816172508401}},{"arcs":[[-49,-191,-290,341,-67,-232]],"type":"Polygon","properties":{"LGA_CODE21":"16350","LGA_NAME21":"Penrith","STE_CODE21":"1","STE_NAME21":"New South Wales","AUS_CODE21":"AUS","AUS_NAME21":"Australia","AREASQKM21":404.7021,"LOCI_URI21":"http://linked.data.gov.au/dataset/asgsed3/LGA2021/16350","SHAPE_Leng":1.06886934888,"SHAPE_Area":0.0393861281371}},{"arcs":[[342,-303,343,-255]],"type":"Polygon","properties":{"LGA_CODE21":"16380","LGA_NAME21":"Port Macquarie-Hastings","STE_CODE21":"1","STE_NAME21":"New South Wales","AUS_CODE21":"AUS","AUS_NAME21":"Australia","AREASQKM21":3682.3915,"LOCI_URI21":"http://linked.data.gov.au/dataset/asgsed3/LGA2021/16380","SHAPE_Leng":3.90729835113,"SHAPE_Area":0.349254001982}},{"arcs":[[-330,344,-328,-298,-180,-300,345]],"type":"Polygon","properties":{"LGA_CODE21":"16400","LGA_NAME21":"Port Stephens","STE_CODE21":"1","STE_NAME21":"New South Wales","AUS_CODE21":"AUS","AUS_NAME21":"Australia","AREASQKM21":858.4357,"LOCI_URI21":"http://linked.data.gov.au/dataset/asgsed3/LGA2021/16400","SHAPE_Leng":2.96504076948,"SHAPE_Area":0.0825711405432}},{"arcs":[[-188,346,347,348,349,-209,350]],"type":"Polygon","properties":{"LGA_CODE21":"16490","LGA_NAME21":"Queanbeyan-Palerang Regional","STE_CODE21":"1","STE_NAME21":"New South Wales","AUS_CODE21":"AUS","AUS_NAME21":"Australia","AREASQKM21":5319.0075,"LOCI_URI21":"http://linked.data.gov.au/dataset/asgsed3/LGA2021/16490","SHAPE_Leng":6.09416442078,"SHAPE_Area":0.52789774747}},{"arcs":[[351,-32,352,353,354]],"type":"Polygon","properties":{"LGA_CODE21":"16550","LGA_NAME21":"Randwick","STE_CODE21":"1","STE_NAME21":"New South Wales","AUS_CODE21":"AUS","AUS_NAME21":"Australia","AREASQKM21":36.331,"LOCI_URI21":"http://linked.data.gov.au/dataset/asgsed3/LGA2021/16550","SHAPE_Leng":0.472235120873,"SHAPE_Area":0.00354329427821}},{"arcs":[[-284,-14,355,-149,-270]],"type":"Polygon","properties":{"LGA_CODE21":"16610","LGA_NAME21":"Richmond Valley","STE_CODE21":"1","STE_NAME21":"New South Wales","AUS_CODE21":"AUS","AUS_NAME21":"Australia","AREASQKM21":3047.3748,"LOCI_URI21":"http://linked.data.gov.au/dataset/asgsed3/LGA2021/16610","SHAPE_Leng":3.43195854104,"SHAPE_Area":0.282332100643}},{"arcs":[[-338,-240,-264,356,357,-245,358]],"type":"Polygon","properties":{"LGA_CODE21":"16700","LGA_NAME21":"Ryde","STE_CODE21":"1","STE_NAME21":"New South Wales","AUS_CODE21":"AUS","AUS_NAME21":"Australia","AREASQKM21":40.4746,"LOCI_URI21":"http://linked.data.gov.au/dataset/asgsed3/LGA2021/16700","SHAPE_Leng":0.384066726763,"SHAPE_Area":0.00394040421566}},{"arcs":[[-259,359,360,361]],"type":"Polygon","properties":{"LGA_CODE21":"16900","LGA_NAME21":"Shellharbour","STE_CODE21":"1","STE_NAME21":"New South Wales","AUS_CODE21":"AUS","AUS_NAME21":"Australia","AREASQKM21":147.4208,"LOCI_URI21":"http://linked.data.gov.au/dataset/asgsed3/LGA2021/16900","SHAPE_Leng":0.998827326581,"SHAPE_Area":0.0144842865484}},{"arcs":[[362,363,364,-189,-351,-208,365,-261]],"type":"Polygon","properties":{"LGA_CODE21":"16950","LGA_NAME21":"Shoalhaven","STE_CODE21":"1","STE_NAME21":"New South Wales","AUS_CODE21":"AUS","AUS_NAME21":"Australia","AREASQKM21":4567.2011,"LOCI_URI21":"http://linked.data.gov.au/dataset/asgsed3/LGA2021/16950","SHAPE_Leng":5.47172197983,"SHAPE_Area":0.451483937776}},{"arcs":[[366,-182,-297,-143,-230,-286,-307,-319]],"type":"Polygon","properties":{"LGA_CODE21":"17000","LGA_NAME21":"Singleton","STE_CODE21":"1","STE_NAME21":"New South Wales","AUS_CODE21":"AUS","AUS_NAME21":"Australia","AREASQKM21":4892.7168,"LOCI_URI21":"http://linked.data.gov.au/dataset/asgsed3/LGA2021/17000","SHAPE_Leng":4.66072986311,"SHAPE_Area":0.470305862737}},{"arcs":[[-347,-187,-37,367,368,369]],"type":"Polygon","properties":{"LGA_CODE21":"17040","LGA_NAME21":"Snowy Monaro Regional","STE_CODE21":"1","STE_NAME21":"New South Wales","AUS_CODE21":"AUS","AUS_NAME21":"Australia","AREASQKM21":15164.7904,"LOCI_URI21":"http://linked.data.gov.au/dataset/asgsed3/LGA2021/17040","SHAPE_Leng":7.74920292832,"SHAPE_Area":1.52339233594}},{"arcs":[[-369,370,371,-213,372,-164,373,374]],"type":"Polygon","properties":{"LGA_CODE21":"17080","LGA_NAME21":"Snowy Valleys","STE_CODE21":"1","STE_NAME21":"New South Wales","AUS_CODE21":"AUS","AUS_NAME21":"Australia","AREASQKM21":8958.9215,"LOCI_URI21":"http://linked.data.gov.au/dataset/asgsed3/LGA2021/17080","SHAPE_Leng":8.20235147794,"SHAPE_Area":0.89256004373}},{"arcs":[[-340,-112,-91,-113,-173]],"type":"Polygon","properties":{"LGA_CODE21":"17100","LGA_NAME21":"Strathfield","STE_CODE21":"1","STE_NAME21":"New South Wales","AUS_CODE21":"AUS","AUS_NAME21":"Australia","AREASQKM21":14.0008,"LOCI_URI21":"http://linked.data.gov.au/dataset/asgsed3/LGA2021/17100","SHAPE_Leng":0.207187235983,"SHAPE_Area":0.00136437864606}},{"arcs":[[375,-106,-288,-117,376]],"type":"Polygon","properties":{"LGA_CODE21":"17150","LGA_NAME21":"Sutherland Shire","STE_CODE21":"1","STE_NAME21":"New South Wales","AUS_CODE21":"AUS","AUS_NAME21":"Australia","AREASQKM21":333.5806,"LOCI_URI21":"http://linked.data.gov.au/dataset/asgsed3/LGA2021/17150","SHAPE_Leng":2.46696284943,"SHAPE_Area":0.0325804048323}},{"arcs":[[377,-353,-31,-247,378]],"type":"Polygon","properties":{"LGA_CODE21":"17200","LGA_NAME21":"Sydney","STE_CODE21":"1","STE_NAME21":"New South Wales","AUS_CODE21":"AUS","AUS_NAME21":"Australia","AREASQKM21":26.6762,"LOCI_URI21":"http://linked.data.gov.au/dataset/asgsed3/LGA2021/17200","SHAPE_Leng":0.416790891645,"SHAPE_Area":0.00259985097967}},{"arcs":[[-322,-226,379,380,381,-291,-221]],"type":"Polygon","properties":{"LGA_CODE21":"17310","LGA_NAME21":"Tamworth Regional","STE_CODE21":"1","STE_NAME21":"New South Wales","AUS_CODE21":"AUS","AUS_NAME21":"Australia","AREASQKM21":9884.3505,"LOCI_URI21":"http://linked.data.gov.au/dataset/asgsed3/LGA2021/17310","SHAPE_Leng":7.72529050954,"SHAPE_Area":0.932488898784}},{"arcs":[[-59,-235,-161,-252,-152]],"type":"Polygon","properties":{"LGA_CODE21":"17350","LGA_NAME21":"Temora","STE_CODE21":"1","STE_NAME21":"New South Wales","AUS_CODE21":"AUS","AUS_NAME21":"Australia","AREASQKM21":2802.0159,"LOCI_URI21":"http://linked.data.gov.au/dataset/asgsed3/LGA2021/17350","SHAPE_Leng":3.0374174289,"SHAPE_Area":0.274671137173}},{"arcs":[[382,-271,-147,-205,-250,383,384]],"type":"Polygon","properties":{"LGA_CODE21":"17400","LGA_NAME21":"Tenterfield","STE_CODE21":"1","STE_NAME21":"New South Wales","AUS_CODE21":"AUS","AUS_NAME21":"Australia","AREASQKM21":7324.3072,"LOCI_URI21":"http://linked.data.gov.au/dataset/asgsed3/LGA2021/17400","SHAPE_Leng":6.59346573851,"SHAPE_Area":0.677841796053}},{"arcs":[[-132,-242,-341,-51,-231]],"type":"Polygon","properties":{"LGA_CODE21":"17420","LGA_NAME21":"The Hills Shire","STE_CODE21":"1","STE_NAME21":"New South Wales","AUS_CODE21":"AUS","AUS_NAME21":"Australia","AREASQKM21":386.1583,"LOCI_URI21":"http://linked.data.gov.au/dataset/asgsed3/LGA2021/17420","SHAPE_Leng":1.43997379564,"SHAPE_Area":0.0375057950259}},{"arcs":[[-94,-283,-268,385,386,387]],"type":"Polygon","properties":{"LGA_CODE21":"17550","LGA_NAME21":"Tweed","STE_CODE21":"1","STE_NAME21":"New South Wales","AUS_CODE21":"AUS","AUS_NAME21":"Australia","AREASQKM21":1307.7853,"LOCI_URI21":"http://linked.data.gov.au/dataset/asgsed3/LGA2021/17550","SHAPE_Leng":2.45937092694,"SHAPE_Area":0.120371841109}},{"arcs":[[-292,-382,388,-301,-178,-367,-320,-305,389]],"type":"Polygon","properties":{"LGA_CODE21":"17620","LGA_NAME21":"Upper Hunter Shire","STE_CODE21":"1","STE_NAME21":"New South Wales","AUS_CODE21":"AUS","AUS_NAME21":"Australia","AREASQKM21":8096.0889,"LOCI_URI21":"http://linked.data.gov.au/dataset/asgsed3/LGA2021/17620","SHAPE_Leng":7.33841577913,"SHAPE_Area":0.772421436185}},{"arcs":[[-167,-24,-337,390,391,-210,-350,392,-237]],"type":"Polygon","properties":{"LGA_CODE21":"17640","LGA_NAME21":"Upper Lachlan Shire","STE_CODE21":"1","STE_NAME21":"New South Wales","AUS_CODE21":"AUS","AUS_NAME21":"Australia","AREASQKM21":7127.3957,"LOCI_URI21":"http://linked.data.gov.au/dataset/asgsed3/LGA2021/17640","SHAPE_Leng":7.51696370328,"SHAPE_Area":0.698920654462}},{"arcs":[[-225,-251,-11,393,-380]],"type":"Polygon","properties":{"LGA_CODE21":"17650","LGA_NAME21":"Uralla","STE_CODE21":"1","STE_NAME21":"New South Wales","AUS_CODE21":"AUS","AUS_NAME21":"Australia","AREASQKM21":3226.5327,"LOCI_URI21":"http://linked.data.gov.au/dataset/asgsed3/LGA2021/17650","SHAPE_Leng":4.08540457076,"SHAPE_Area":0.303198637362}},{"arcs":[[-165,-373,-212,-295,-325,-154,-253]],"type":"Polygon","properties":{"LGA_CODE21":"17750","LGA_NAME21":"Wagga Wagga","STE_CODE21":"1","STE_NAME21":"New South Wales","AUS_CODE21":"AUS","AUS_NAME21":"Australia","AREASQKM21":4824.4888,"LOCI_URI21":"http://linked.data.gov.au/dataset/asgsed3/LGA2021/17750","SHAPE_Leng":4.61422490985,"SHAPE_Area":0.477504288253}},{"arcs":[[-394,-10,-256,-344,-302,-389,-381]],"type":"Polygon","properties":{"LGA_CODE21":"17850","LGA_NAME21":"Walcha","STE_CODE21":"1","STE_NAME21":"New South Wales","AUS_CODE21":"AUS","AUS_NAME21":"Australia","AREASQKM21":6261.0243,"LOCI_URI21":"http://linked.data.gov.au/dataset/asgsed3/LGA2021/17850","SHAPE_Leng":5.18755356421,"SHAPE_Area":0.592307578223}},{"arcs":[[394,-309,-324,-156,395,-85]],"type":"Polygon","properties":{"LGA_CODE21":"17900","LGA_NAME21":"Walgett","STE_CODE21":"1","STE_NAME21":"New South Wales","AUS_CODE21":"AUS","AUS_NAME21":"Australia","AREASQKM21":22308.2528,"LOCI_URI21":"http://linked.data.gov.au/dataset/asgsed3/LGA2021/17900","SHAPE_Leng":9.79976669195,"SHAPE_Area":2.08200890506}},{"arcs":[[-86,-396,-160,-204,-326,-272,-74]],"type":"Polygon","properties":{"LGA_CODE21":"17950","LGA_NAME21":"Warren","STE_CODE21":"1","STE_NAME21":"New South Wales","AUS_CODE21":"AUS","AUS_NAME21":"Australia","AREASQKM21":10753.7672,"LOCI_URI21":"http://linked.data.gov.au/dataset/asgsed3/LGA2021/17950","SHAPE_Leng":7.78689281448,"SHAPE_Area":1.01906488124}},{"arcs":[[-323,-223,-293,-390,-304,-175,-202,-158]],"type":"Polygon","properties":{"LGA_CODE21":"18020","LGA_NAME21":"Warrumbungle Shire","STE_CODE21":"1","STE_NAME21":"New South Wales","AUS_CODE21":"AUS","AUS_NAME21":"Australia","AREASQKM21":12372.12,"LOCI_URI21":"http://linked.data.gov.au/dataset/asgsed3/LGA2021/18020","SHAPE_Leng":8.24068234481,"SHAPE_Area":1.17410404995}},{"arcs":[[396,397,-355]],"type":"Polygon","properties":{"LGA_CODE21":"18050","LGA_NAME21":"Waverley","STE_CODE21":"1","STE_NAME21":"New South Wales","AUS_CODE21":"AUS","AUS_NAME21":"Australia","AREASQKM21":9.3506,"LOCI_URI21":"http://linked.data.gov.au/dataset/asgsed3/LGA2021/18050","SHAPE_Leng":0.19917960432,"SHAPE_Area":0.000911319805297}},{"arcs":[[-199,-169,-236,-57]],"type":"Polygon","properties":{"LGA_CODE21":"18100","LGA_NAME21":"Weddin","STE_CODE21":"1","STE_NAME21":"New South Wales","AUS_CODE21":"AUS","AUS_NAME21":"Australia","AREASQKM21":3414.8566,"LOCI_URI21":"http://linked.data.gov.au/dataset/asgsed3/LGA2021/18100","SHAPE_Leng":4.17107635371,"SHAPE_Area":0.332745744876}},{"arcs":[[398,399,-137,-22,400]],"type":"Polygon","properties":{"LGA_CODE21":"18200","LGA_NAME21":"Wentworth","STE_CODE21":"1","STE_NAME21":"New South Wales","AUS_CODE21":"AUS","AUS_NAME21":"Australia","AREASQKM21":26255.9338,"LOCI_URI21":"http://linked.data.gov.au/dataset/asgsed3/LGA2021/18200","SHAPE_Leng":11.2720742289,"SHAPE_Area":2.54964667273}},{"arcs":[[-263,401,-333,-278,402,-357]],"type":"Polygon","properties":{"LGA_CODE21":"18250","LGA_NAME21":"Willoughby","STE_CODE21":"1","STE_NAME21":"New South Wales","AUS_CODE21":"AUS","AUS_NAME21":"Australia","AREASQKM21":22.4257,"LOCI_URI21":"http://linked.data.gov.au/dataset/asgsed3/LGA2021/18250","SHAPE_Leng":0.351358335439,"SHAPE_Area":0.00218348435249}},{"arcs":[[403,404,-360,-258,-366,-207,-392]],"type":"Polygon","properties":{"LGA_CODE21":"18350","LGA_NAME21":"Wingecarribee","STE_CODE21":"1","STE_NAME21":"New South Wales","AUS_CODE21":"AUS","AUS_NAME21":"Australia","AREASQKM21":2689.3415,"LOCI_URI21":"http://linked.data.gov.au/dataset/asgsed3/LGA2021/18350","SHAPE_Leng":3.36732531697,"SHAPE_Area":0.263902869061}},{"arcs":[[-342,-289,-103,-108,405,-404,-391,-336,-68]],"type":"Polygon","properties":{"LGA_CODE21":"18400","LGA_NAME21":"Wollondilly","STE_CODE21":"1","STE_NAME21":"New South Wales","AUS_CODE21":"AUS","AUS_NAME21":"Australia","AREASQKM21":2555.4341,"LOCI_URI21":"http://linked.data.gov.au/dataset/asgsed3/LGA2021/18400","SHAPE_Leng":3.85033212962,"SHAPE_Area":0.249664527387}},{"arcs":[[-361,-405,-406,-107,-376,406]],"type":"Polygon","properties":{"LGA_CODE21":"18450","LGA_NAME21":"Wollongong","STE_CODE21":"1","STE_NAME21":"New South Wales","AUS_CODE21":"AUS","AUS_NAME21":"Australia","AREASQKM21":684.3076,"LOCI_URI21":"http://linked.data.gov.au/dataset/asgsed3/LGA2021/18450","SHAPE_Leng":2.15330905424,"SHAPE_Area":0.0670651892945}},{"arcs":[[-354,-378,407,-397]],"type":"Polygon","properties":{"LGA_CODE21":"18500","LGA_NAME21":"Woollahra","STE_CODE21":"1","STE_NAME21":"New South Wales","AUS_CODE21":"AUS","AUS_NAME21":"Australia","AREASQKM21":12.2584,"LOCI_URI21":"http://linked.data.gov.au/dataset/asgsed3/LGA2021/18500","SHAPE_Leng":0.299721140724,"SHAPE_Area":0.00119428749491}},{"arcs":[[-393,-349,408,-374,-163,-238]],"type":"Polygon","properties":{"LGA_CODE21":"18710","LGA_NAME21":"Yass Valley","STE_CODE21":"1","STE_NAME21":"New South Wales","AUS_CODE21":"AUS","AUS_NAME21":"Australia","AREASQKM21":3995.017,"LOCI_URI21":"http://linked.data.gov.au/dataset/asgsed3/LGA2021/18710","SHAPE_Leng":3.98512887191,"SHAPE_Area":0.394254371582}},{"arcs":[[[409,-82,-138,-400,410],[-87]],[[411]]],"type":"MultiPolygon","properties":{"LGA_CODE21":"19399","LGA_NAME21":"Unincorporated NSW","STE_CODE21":"1","STE_NAME21":"New South Wales","AUS_CODE21":"AUS","AUS_NAME21":"Australia","AREASQKM21":93208.9194,"LOCI_URI21":"http://linked.data.gov.au/dataset/asgsed3/LGA2021/19399","SHAPE_Leng":19.3689594458,"SHAPE_Area":8.77370599512}},{"type":null,"properties":{"LGA_CODE21":"19499","LGA_NAME21":"No usual address (NSW)","STE_CODE21":"1","STE_NAME21":"New South Wales","AUS_CODE21":"AUS","AUS_NAME21":"Australia","AREASQKM21":0,"LOCI_URI21":"http://linked.data.gov.au/dataset/asgsed3/LGA2021/19499","SHAPE_Leng":0,"SHAPE_Area":0}},{"type":null,"properties":{"LGA_CODE21":"19799","LGA_NAME21":"Migratory - Offshore - Shipping (NSW)","STE_CODE21":"1","STE_NAME21":"New South Wales","AUS_CODE21":"AUS","AUS_NAME21":"Australia","AREASQKM21":0,"LOCI_URI21":"http://linked.data.gov.au/dataset/asgsed3/LGA2021/19799","SHAPE_Leng":0,"SHAPE_Area":0}},{"arcs":[[412,413,414,415,416],[417],[418]],"type":"Polygon","properties":{"LGA_CODE21":"20110","LGA_NAME21":"Alpine","STE_CODE21":"2","STE_NAME21":"Victoria","AUS_CODE21":"AUS","AUS_NAME21":"Australia","AREASQKM21":4788.157,"LOCI_URI21":"http://linked.data.gov.au/dataset/asgsed3/LGA2021/20110","SHAPE_Leng":4.53221034453,"SHAPE_Area":0.483800791091}},{"arcs":[[419,420,421,422,423]],"type":"Polygon","properties":{"LGA_CODE21":"20260","LGA_NAME21":"Ararat","STE_CODE21":"2","STE_NAME21":"Victoria","AUS_CODE21":"AUS","AUS_NAME21":"Australia","AREASQKM21":4211.1172,"LOCI_URI21":"http://linked.data.gov.au/dataset/asgsed3/LGA2021/20260","SHAPE_Leng":3.97775697668,"SHAPE_Area":0.428937463065}},{"arcs":[[424,425,426,427]],"type":"Polygon","properties":{"LGA_CODE21":"20570","LGA_NAME21":"Ballarat","STE_CODE21":"2","STE_NAME21":"Victoria","AUS_CODE21":"AUS","AUS_NAME21":"Australia","AREASQKM21":739.0321,"LOCI_URI21":"http://linked.data.gov.au/dataset/asgsed3/LGA2021/20570","SHAPE_Leng":1.65178093041,"SHAPE_Area":0.0752963774161}},{"arcs":[[428,429,430,431,432,433]],"type":"Polygon","properties":{"LGA_CODE21":"20660","LGA_NAME21":"Banyule","STE_CODE21":"2","STE_NAME21":"Victoria","AUS_CODE21":"AUS","AUS_NAME21":"Australia","AREASQKM21":62.5402,"LOCI_URI21":"http://linked.data.gov.au/dataset/asgsed3/LGA2021/20660","SHAPE_Leng":0.582851741117,"SHAPE_Area":0.00639216951918}},{"arcs":[[[434]],[[435,436,437]]],"type":"MultiPolygon","properties":{"LGA_CODE21":"20740","LGA_NAME21":"Bass Coast","STE_CODE21":"2","STE_NAME21":"Victoria","AUS_CODE21":"AUS","AUS_NAME21":"Australia","AREASQKM21":865.8094,"LOCI_URI21":"http://linked.data.gov.au/dataset/asgsed3/LGA2021/20740","SHAPE_Leng":2.90807979695,"SHAPE_Area":0.0894208952983}},{"arcs":[[438,439,440,441,442,443],[444]],"type":"Polygon","properties":{"LGA_CODE21":"20830","LGA_NAME21":"Baw Baw","STE_CODE21":"2","STE_NAME21":"Victoria","AUS_CODE21":"AUS","AUS_NAME21":"Australia","AREASQKM21":4027.6287,"LOCI_URI21":"http://linked.data.gov.au/dataset/asgsed3/LGA2021/20830","SHAPE_Leng":4.35965631919,"SHAPE_Area":0.413041546375}},{"arcs":[[445,446,447,448]],"type":"Polygon","properties":{"LGA_CODE21":"20910","LGA_NAME21":"Bayside (Vic.)","STE_CODE21":"2","STE_NAME21":"Victoria","AUS_CODE21":"AUS","AUS_NAME21":"Australia","AREASQKM21":37.2111,"LOCI_URI21":"http://linked.data.gov.au/dataset/asgsed3/LGA2021/20910","SHAPE_Leng":0.329052264237,"SHAPE_Area":0.0038138552608}},{"arcs":[[449,450,451,452,453]],"type":"Polygon","properties":{"LGA_CODE21":"21010","LGA_NAME21":"Benalla","STE_CODE21":"2","STE_NAME21":"Victoria","AUS_CODE21":"AUS","AUS_NAME21":"Australia","AREASQKM21":2352.6398,"LOCI_URI21":"http://linked.data.gov.au/dataset/asgsed3/LGA2021/21010","SHAPE_Leng":2.81937607742,"SHAPE_Area":0.236905020908}},{"arcs":[[454,455,456,457,-430,458]],"type":"Polygon","properties":{"LGA_CODE21":"21110","LGA_NAME21":"Boroondara","STE_CODE21":"2","STE_NAME21":"Victoria","AUS_CODE21":"AUS","AUS_NAME21":"Australia","AREASQKM21":60.1776,"LOCI_URI21":"http://linked.data.gov.au/dataset/asgsed3/LGA2021/21110","SHAPE_Leng":0.481249885373,"SHAPE_Area":0.00615776564833}},{"arcs":[[459,460,461,462,463,464,465]],"type":"Polygon","properties":{"LGA_CODE21":"21180","LGA_NAME21":"Brimbank","STE_CODE21":"2","STE_NAME21":"Victoria","AUS_CODE21":"AUS","AUS_NAME21":"Australia","AREASQKM21":123.3991,"LOCI_URI21":"http://linked.data.gov.au/dataset/asgsed3/LGA2021/21180","SHAPE_Leng":0.695486430749,"SHAPE_Area":0.0126148029731}},{"arcs":[[466,467,468,469,470,471]],"type":"Polygon","properties":{"LGA_CODE21":"21270","LGA_NAME21":"Buloke","STE_CODE21":"2","STE_NAME21":"Victoria","AUS_CODE21":"AUS","AUS_NAME21":"Australia","AREASQKM21":7998.247,"LOCI_URI21":"http://linked.data.gov.au/dataset/asgsed3/LGA2021/21270","SHAPE_Leng":5.49130422225,"SHAPE_Area":0.798610321406}},{"arcs":[[472,-315,473,474,475,476,477]],"type":"Polygon","properties":{"LGA_CODE21":"21370","LGA_NAME21":"Campaspe","STE_CODE21":"2","STE_NAME21":"Victoria","AUS_CODE21":"AUS","AUS_NAME21":"Australia","AREASQKM21":4519.073,"LOCI_URI21":"http://linked.data.gov.au/dataset/asgsed3/LGA2021/21370","SHAPE_Leng":5.40826774695,"SHAPE_Area":0.45366679822}},{"arcs":[[478,479,-444,480,-437,481]],"type":"Polygon","properties":{"LGA_CODE21":"21450","LGA_NAME21":"Cardinia","STE_CODE21":"2","STE_NAME21":"Victoria","AUS_CODE21":"AUS","AUS_NAME21":"Australia","AREASQKM21":1282.5671,"LOCI_URI21":"http://linked.data.gov.au/dataset/asgsed3/LGA2021/21450","SHAPE_Leng":2.126605684,"SHAPE_Area":0.131704412061}},{"arcs":[[-479,482,483,484,485,486,487]],"type":"Polygon","properties":{"LGA_CODE21":"21610","LGA_NAME21":"Casey","STE_CODE21":"2","STE_NAME21":"Victoria","AUS_CODE21":"AUS","AUS_NAME21":"Australia","AREASQKM21":409.4287,"LOCI_URI21":"http://linked.data.gov.au/dataset/asgsed3/LGA2021/21610","SHAPE_Leng":1.21242615161,"SHAPE_Area":0.0420556564646}},{"arcs":[[488,489,490,491,492]],"type":"Polygon","properties":{"LGA_CODE21":"21670","LGA_NAME21":"Central Goldfields","STE_CODE21":"2","STE_NAME21":"Victoria","AUS_CODE21":"AUS","AUS_NAME21":"Australia","AREASQKM21":1532.7843,"LOCI_URI21":"http://linked.data.gov.au/dataset/asgsed3/LGA2021/21670","SHAPE_Leng":2.52517193331,"SHAPE_Area":0.155181575004}},{"arcs":[[493,494,495,496]],"type":"Polygon","properties":{"LGA_CODE21":"21750","LGA_NAME21":"Colac Otway","STE_CODE21":"2","STE_NAME21":"Victoria","AUS_CODE21":"AUS","AUS_NAME21":"Australia","AREASQKM21":3437.47,"LOCI_URI21":"http://linked.data.gov.au/dataset/asgsed3/LGA2021/21750","SHAPE_Leng":3.99196335971,"SHAPE_Area":0.354757302648}},{"arcs":[[-421,497,498,-497,499,500]],"type":"Polygon","properties":{"LGA_CODE21":"21830","LGA_NAME21":"Corangamite","STE_CODE21":"2","STE_NAME21":"Victoria","AUS_CODE21":"AUS","AUS_NAME21":"Australia","AREASQKM21":4407.492,"LOCI_URI21":"http://linked.data.gov.au/dataset/asgsed3/LGA2021/21830","SHAPE_Leng":5.72787376002,"SHAPE_Area":0.453341919664}},{"arcs":[[-432,501,502,503]],"type":"Polygon","properties":{"LGA_CODE21":"21890","LGA_NAME21":"Darebin","STE_CODE21":"2","STE_NAME21":"Victoria","AUS_CODE21":"AUS","AUS_NAME21":"Australia","AREASQKM21":53.4712,"LOCI_URI21":"http://linked.data.gov.au/dataset/asgsed3/LGA2021/21890","SHAPE_Leng":0.463812946039,"SHAPE_Area":0.00546522517944}},{"arcs":[[-371,-368,-36,504,505,-415,506]],"type":"Polygon","properties":{"LGA_CODE21":"22110","LGA_NAME21":"East Gippsland","STE_CODE21":"2","STE_NAME21":"Victoria","AUS_CODE21":"AUS","AUS_NAME21":"Australia","AREASQKM21":20939.5016,"LOCI_URI21":"http://linked.data.gov.au/dataset/asgsed3/LGA2021/22110","SHAPE_Leng":9.19356175524,"SHAPE_Area":2.13024946059}},{"arcs":[[507,508,509,-485,510]],"type":"Polygon","properties":{"LGA_CODE21":"22170","LGA_NAME21":"Frankston","STE_CODE21":"2","STE_NAME21":"Victoria","AUS_CODE21":"AUS","AUS_NAME21":"Australia","AREASQKM21":129.5981,"LOCI_URI21":"http://linked.data.gov.au/dataset/asgsed3/LGA2021/22170","SHAPE_Leng":0.505340329381,"SHAPE_Area":0.0133174754292}},{"arcs":[[-316,-473,511,-469,512]],"type":"Polygon","properties":{"LGA_CODE21":"22250","LGA_NAME21":"Gannawarra","STE_CODE21":"2","STE_NAME21":"Victoria","AUS_CODE21":"AUS","AUS_NAME21":"Australia","AREASQKM21":3737.5979,"LOCI_URI21":"http://linked.data.gov.au/dataset/asgsed3/LGA2021/22250","SHAPE_Leng":4.28281899926,"SHAPE_Area":0.372444061463}},{"arcs":[[-447,513,514,515,516]],"type":"Polygon","properties":{"LGA_CODE21":"22310","LGA_NAME21":"Glen Eira","STE_CODE21":"2","STE_NAME21":"Victoria","AUS_CODE21":"AUS","AUS_NAME21":"Australia","AREASQKM21":38.6908,"LOCI_URI21":"http://linked.data.gov.au/dataset/asgsed3/LGA2021/22310","SHAPE_Leng":0.292677635147,"SHAPE_Area":0.00396346924847}},{"arcs":[[517,518,519,520,521,522]],"type":"Polygon","properties":{"LGA_CODE21":"22410","LGA_NAME21":"Glenelg","STE_CODE21":"2","STE_NAME21":"Victoria","AUS_CODE21":"AUS","AUS_NAME21":"Australia","AREASQKM21":6218.7884,"LOCI_URI21":"http://linked.data.gov.au/dataset/asgsed3/LGA2021/22410","SHAPE_Leng":4.79503753924,"SHAPE_Area":0.636786136238}},{"arcs":[[-426,523,524,525,-494,-499,526]],"type":"Polygon","properties":{"LGA_CODE21":"22490","LGA_NAME21":"Golden Plains","STE_CODE21":"2","STE_NAME21":"Victoria","AUS_CODE21":"AUS","AUS_NAME21":"Australia","AREASQKM21":2703.3899,"LOCI_URI21":"http://linked.data.gov.au/dataset/asgsed3/LGA2021/22490","SHAPE_Leng":3.60041038635,"SHAPE_Area":0.276860027201}},{"arcs":[[527,-477,528,529,530]],"type":"Polygon","properties":{"LGA_CODE21":"22620","LGA_NAME21":"Greater Bendigo","STE_CODE21":"2","STE_NAME21":"Victoria","AUS_CODE21":"AUS","AUS_NAME21":"Australia","AREASQKM21":2999.9717,"LOCI_URI21":"http://linked.data.gov.au/dataset/asgsed3/LGA2021/22620","SHAPE_Leng":3.70065805003,"SHAPE_Area":0.302658611773}},{"arcs":[[531,532,533,-486,-510]],"type":"Polygon","properties":{"LGA_CODE21":"22670","LGA_NAME21":"Greater Dandenong","STE_CODE21":"2","STE_NAME21":"Victoria","AUS_CODE21":"AUS","AUS_NAME21":"Australia","AREASQKM21":129.5466,"LOCI_URI21":"http://linked.data.gov.au/dataset/asgsed3/LGA2021/22670","SHAPE_Leng":0.523487083271,"SHAPE_Area":0.01328915943}},{"arcs":[[534,535,536,-525,537,538,539]],"type":"Polygon","properties":{"LGA_CODE21":"22750","LGA_NAME21":"Greater Geelong","STE_CODE21":"2","STE_NAME21":"Victoria","AUS_CODE21":"AUS","AUS_NAME21":"Australia","AREASQKM21":1247.9872,"LOCI_URI21":"http://linked.data.gov.au/dataset/asgsed3/LGA2021/22750","SHAPE_Leng":3.15253035719,"SHAPE_Area":0.128129574184}},{"arcs":[[540,-453,541,-475]],"type":"Polygon","properties":{"LGA_CODE21":"22830","LGA_NAME21":"Greater Shepparton","STE_CODE21":"2","STE_NAME21":"Victoria","AUS_CODE21":"AUS","AUS_NAME21":"Australia","AREASQKM21":2421.9092,"LOCI_URI21":"http://linked.data.gov.au/dataset/asgsed3/LGA2021/22830","SHAPE_Leng":3.10054891201,"SHAPE_Area":0.24329210063}},{"arcs":[[542,-492,543,544,545,-428]],"type":"Polygon","properties":{"LGA_CODE21":"22910","LGA_NAME21":"Hepburn","STE_CODE21":"2","STE_NAME21":"Victoria","AUS_CODE21":"AUS","AUS_NAME21":"Australia","AREASQKM21":1472.9843,"LOCI_URI21":"http://linked.data.gov.au/dataset/asgsed3/LGA2021/22910","SHAPE_Leng":2.80118022465,"SHAPE_Area":0.149728904489}},{"arcs":[[546,547,548,549]],"type":"Polygon","properties":{"LGA_CODE21":"22980","LGA_NAME21":"Hindmarsh","STE_CODE21":"2","STE_NAME21":"Victoria","AUS_CODE21":"AUS","AUS_NAME21":"Australia","AREASQKM21":7524.1823,"LOCI_URI21":"http://linked.data.gov.au/dataset/asgsed3/LGA2021/22980","SHAPE_Leng":4.32909320264,"SHAPE_Area":0.752586094526}},{"arcs":[[550,551,552,-463,553]],"type":"Polygon","properties":{"LGA_CODE21":"23110","LGA_NAME21":"Hobsons Bay","STE_CODE21":"2","STE_NAME21":"Victoria","AUS_CODE21":"AUS","AUS_NAME21":"Australia","AREASQKM21":64.2405,"LOCI_URI21":"http://linked.data.gov.au/dataset/asgsed3/LGA2021/23110","SHAPE_Leng":0.559519808441,"SHAPE_Area":0.00657662064102}},{"arcs":[[-549,554,555,556,557]],"type":"Polygon","properties":{"LGA_CODE21":"23190","LGA_NAME21":"Horsham","STE_CODE21":"2","STE_NAME21":"Victoria","AUS_CODE21":"AUS","AUS_NAME21":"Australia","AREASQKM21":4266.769,"LOCI_URI21":"http://linked.data.gov.au/dataset/asgsed3/LGA2021/23190","SHAPE_Leng":4.56881131869,"SHAPE_Area":0.430967375735}},{"arcs":[[558,559,-466,560,561,562]],"type":"Polygon","properties":{"LGA_CODE21":"23270","LGA_NAME21":"Hume","STE_CODE21":"2","STE_NAME21":"Victoria","AUS_CODE21":"AUS","AUS_NAME21":"Australia","AREASQKM21":503.8488,"LOCI_URI21":"http://linked.data.gov.au/dataset/asgsed3/LGA2021/23270","SHAPE_Leng":1.32007633075,"SHAPE_Area":0.051400039977}},{"arcs":[[-216,563,564,-413,565,566,-196]],"type":"Polygon","properties":{"LGA_CODE21":"23350","LGA_NAME21":"Indigo","STE_CODE21":"2","STE_NAME21":"Victoria","AUS_CODE21":"AUS","AUS_NAME21":"Australia","AREASQKM21":2040.471,"LOCI_URI21":"http://linked.data.gov.au/dataset/asgsed3/LGA2021/23350","SHAPE_Leng":4.2975134887,"SHAPE_Area":0.204532454536}},{"arcs":[[-532,-509,567,-448,-517,568]],"type":"Polygon","properties":{"LGA_CODE21":"23430","LGA_NAME21":"Kingston (Vic.)","STE_CODE21":"2","STE_NAME21":"Victoria","AUS_CODE21":"AUS","AUS_NAME21":"Australia","AREASQKM21":91.3676,"LOCI_URI21":"http://linked.data.gov.au/dataset/asgsed3/LGA2021/23430","SHAPE_Leng":0.537643666408,"SHAPE_Area":0.00937048258869}},{"arcs":[[-534,569,570,571,572,-487]],"type":"Polygon","properties":{"LGA_CODE21":"23670","LGA_NAME21":"Knox","STE_CODE21":"2","STE_NAME21":"Victoria","AUS_CODE21":"AUS","AUS_NAME21":"Australia","AREASQKM21":113.9114,"LOCI_URI21":"http://linked.data.gov.au/dataset/asgsed3/LGA2021/23670","SHAPE_Leng":0.75704302599,"SHAPE_Area":0.0116670126863}},{"arcs":[[573,574,-442]],"type":"Polygon","properties":{"LGA_CODE21":"23810","LGA_NAME21":"Latrobe (Vic.)","STE_CODE21":"2","STE_NAME21":"Victoria","AUS_CODE21":"AUS","AUS_NAME21":"Australia","AREASQKM21":1425.613,"LOCI_URI21":"http://linked.data.gov.au/dataset/asgsed3/LGA2021/23810","SHAPE_Leng":3.02988268369,"SHAPE_Area":0.146772644205}},{"arcs":[[-478,-528,575,-490,576,-470,-512]],"type":"Polygon","properties":{"LGA_CODE21":"23940","LGA_NAME21":"Loddon","STE_CODE21":"2","STE_NAME21":"Victoria","AUS_CODE21":"AUS","AUS_NAME21":"Australia","AREASQKM21":6696.4447,"LOCI_URI21":"http://linked.data.gov.au/dataset/asgsed3/LGA2021/23940","SHAPE_Leng":4.80748126242,"SHAPE_Area":0.672413519551}},{"arcs":[[577,578,-562,579,580,-545]],"type":"Polygon","properties":{"LGA_CODE21":"24130","LGA_NAME21":"Macedon Ranges","STE_CODE21":"2","STE_NAME21":"Victoria","AUS_CODE21":"AUS","AUS_NAME21":"Australia","AREASQKM21":1748.284,"LOCI_URI21":"http://linked.data.gov.au/dataset/asgsed3/LGA2021/24130","SHAPE_Leng":2.72075922093,"SHAPE_Area":0.177756682699}},{"arcs":[[-459,-429,581,582,583,584]],"type":"Polygon","properties":{"LGA_CODE21":"24210","LGA_NAME21":"Manningham","STE_CODE21":"2","STE_NAME21":"Victoria","AUS_CODE21":"AUS","AUS_NAME21":"Australia","AREASQKM21":113.3479,"LOCI_URI21":"http://linked.data.gov.au/dataset/asgsed3/LGA2021/24210","SHAPE_Leng":0.898695030076,"SHAPE_Area":0.0115896052647}},{"arcs":[[585,-451,586,587,-440,588,589],[590]],"type":"Polygon","properties":{"LGA_CODE21":"24250","LGA_NAME21":"Mansfield","STE_CODE21":"2","STE_NAME21":"Victoria","AUS_CODE21":"AUS","AUS_NAME21":"Australia","AREASQKM21":3843.8535,"LOCI_URI21":"http://linked.data.gov.au/dataset/asgsed3/LGA2021/24250","SHAPE_Leng":4.42842789845,"SHAPE_Area":0.390139637191}},{"arcs":[[591,-554,-462,592]],"type":"Polygon","properties":{"LGA_CODE21":"24330","LGA_NAME21":"Maribyrnong","STE_CODE21":"2","STE_NAME21":"Victoria","AUS_CODE21":"AUS","AUS_NAME21":"Australia","AREASQKM21":31.2258,"LOCI_URI21":"http://linked.data.gov.au/dataset/asgsed3/LGA2021/24330","SHAPE_Leng":0.291031752817,"SHAPE_Area":0.00319429851403}},{"arcs":[[593,-584,594,-572]],"type":"Polygon","properties":{"LGA_CODE21":"24410","LGA_NAME21":"Maroondah","STE_CODE21":"2","STE_NAME21":"Victoria","AUS_CODE21":"AUS","AUS_NAME21":"Australia","AREASQKM21":61.4097,"LOCI_URI21":"http://linked.data.gov.au/dataset/asgsed3/LGA2021/24410","SHAPE_Leng":0.390701336827,"SHAPE_Area":0.00628276752944}},{"arcs":[[595,-551,-592,596,597,598,599,600]],"type":"Polygon","properties":{"LGA_CODE21":"24600","LGA_NAME21":"Melbourne","STE_CODE21":"2","STE_NAME21":"Victoria","AUS_CODE21":"AUS","AUS_NAME21":"Australia","AREASQKM21":37.5452,"LOCI_URI21":"http://linked.data.gov.au/dataset/asgsed3/LGA2021/24600","SHAPE_Leng":0.414391862894,"SHAPE_Area":0.00384126308132}},{"arcs":[[601,-580,-561,-465,602]],"type":"Polygon","properties":{"LGA_CODE21":"24650","LGA_NAME21":"Melton","STE_CODE21":"2","STE_NAME21":"Victoria","AUS_CODE21":"AUS","AUS_NAME21":"Australia","AREASQKM21":527.5374,"LOCI_URI21":"http://linked.data.gov.au/dataset/asgsed3/LGA2021/24650","SHAPE_Leng":1.08654622531,"SHAPE_Area":0.0538904203489}},{"arcs":[[603,-401,-21,604,-467,605,-547,606,607,608,609,610]],"type":"Polygon","properties":{"LGA_CODE21":"24780","LGA_NAME21":"Mildura","STE_CODE21":"2","STE_NAME21":"Victoria","AUS_CODE21":"AUS","AUS_NAME21":"Australia","AREASQKM21":22081.9206,"LOCI_URI21":"http://linked.data.gov.au/dataset/asgsed3/LGA2021/24780","SHAPE_Leng":9.06001825686,"SHAPE_Area":2.1769867373}},{"arcs":[[611,612,613,-563,-579,614,-530]],"type":"Polygon","properties":{"LGA_CODE21":"24850","LGA_NAME21":"Mitchell","STE_CODE21":"2","STE_NAME21":"Victoria","AUS_CODE21":"AUS","AUS_NAME21":"Australia","AREASQKM21":2862.0837,"LOCI_URI21":"http://linked.data.gov.au/dataset/asgsed3/LGA2021/24850","SHAPE_Leng":4.26685874092,"SHAPE_Area":0.290252182766}},{"arcs":[[-46,-197,-567,615,-454,-541,-474,-314]],"type":"Polygon","properties":{"LGA_CODE21":"24900","LGA_NAME21":"Moira","STE_CODE21":"2","STE_NAME21":"Victoria","AUS_CODE21":"AUS","AUS_NAME21":"Australia","AREASQKM21":4045.9201,"LOCI_URI21":"http://linked.data.gov.au/dataset/asgsed3/LGA2021/24900","SHAPE_Leng":5.85381216899,"SHAPE_Area":0.404724111838}},{"arcs":[[-569,-516,616,-456,617,-570,-533]],"type":"Polygon","properties":{"LGA_CODE21":"24970","LGA_NAME21":"Monash","STE_CODE21":"2","STE_NAME21":"Victoria","AUS_CODE21":"AUS","AUS_NAME21":"Australia","AREASQKM21":81.4829,"LOCI_URI21":"http://linked.data.gov.au/dataset/asgsed3/LGA2021/24970","SHAPE_Leng":0.521077222637,"SHAPE_Area":0.00834638720023}},{"arcs":[[-597,-593,-461,618]],"type":"Polygon","properties":{"LGA_CODE21":"25060","LGA_NAME21":"Moonee Valley","STE_CODE21":"2","STE_NAME21":"Victoria","AUS_CODE21":"AUS","AUS_NAME21":"Australia","AREASQKM21":43.1384,"LOCI_URI21":"http://linked.data.gov.au/dataset/asgsed3/LGA2021/25060","SHAPE_Leng":0.395385900979,"SHAPE_Area":0.00441029937209}},{"arcs":[[-546,-581,-602,619,-538,-524,-425]],"type":"Polygon","properties":{"LGA_CODE21":"25150","LGA_NAME21":"Moorabool","STE_CODE21":"2","STE_NAME21":"Victoria","AUS_CODE21":"AUS","AUS_NAME21":"Australia","AREASQKM21":2110.5504,"LOCI_URI21":"http://linked.data.gov.au/dataset/asgsed3/LGA2021/25150","SHAPE_Leng":2.88892005015,"SHAPE_Area":0.215431127051}},{"arcs":[[620,-598,-619,-460,-560,-503]],"type":"Polygon","properties":{"LGA_CODE21":"25250","LGA_NAME21":"Moreland","STE_CODE21":"2","STE_NAME21":"Victoria","AUS_CODE21":"AUS","AUS_NAME21":"Australia","AREASQKM21":50.9522,"LOCI_URI21":"http://linked.data.gov.au/dataset/asgsed3/LGA2021/25250","SHAPE_Leng":0.429650273183,"SHAPE_Area":0.00520744630679}},{"arcs":[[-511,-484,621]],"type":"Polygon","properties":{"LGA_CODE21":"25340","LGA_NAME21":"Mornington Peninsula","STE_CODE21":"2","STE_NAME21":"Victoria","AUS_CODE21":"AUS","AUS_NAME21":"Australia","AREASQKM21":723.992,"LOCI_URI21":"http://linked.data.gov.au/dataset/asgsed3/LGA2021/25340","SHAPE_Leng":2.19914587382,"SHAPE_Area":0.0746058983063}},{"arcs":[[-576,-531,-615,-578,-544,-491]],"type":"Polygon","properties":{"LGA_CODE21":"25430","LGA_NAME21":"Mount Alexander","STE_CODE21":"2","STE_NAME21":"Victoria","AUS_CODE21":"AUS","AUS_NAME21":"Australia","AREASQKM21":1529.6183,"LOCI_URI21":"http://linked.data.gov.au/dataset/asgsed3/LGA2021/25430","SHAPE_Leng":2.67114099327,"SHAPE_Area":0.154948158891}},{"arcs":[[622,-422,-501,623,624,625,-519]],"type":"Polygon","properties":{"LGA_CODE21":"25490","LGA_NAME21":"Moyne","STE_CODE21":"2","STE_NAME21":"Victoria","AUS_CODE21":"AUS","AUS_NAME21":"Australia","AREASQKM21":5481.686,"LOCI_URI21":"http://linked.data.gov.au/dataset/asgsed3/LGA2021/25490","SHAPE_Leng":5.2986966116,"SHAPE_Area":0.563204974649}},{"arcs":[[626,-590,627,628,629,630,631,-613]],"type":"Polygon","properties":{"LGA_CODE21":"25620","LGA_NAME21":"Murrindindi","STE_CODE21":"2","STE_NAME21":"Victoria","AUS_CODE21":"AUS","AUS_NAME21":"Australia","AREASQKM21":3879.7505,"LOCI_URI21":"http://linked.data.gov.au/dataset/asgsed3/LGA2021/25620","SHAPE_Leng":4.34035626572,"SHAPE_Area":0.394344097948}},{"arcs":[[-631,632,-582,-434,633]],"type":"Polygon","properties":{"LGA_CODE21":"25710","LGA_NAME21":"Nillumbik","STE_CODE21":"2","STE_NAME21":"Victoria","AUS_CODE21":"AUS","AUS_NAME21":"Australia","AREASQKM21":432.3373,"LOCI_URI21":"http://linked.data.gov.au/dataset/asgsed3/LGA2021/25710","SHAPE_Leng":1.53492750883,"SHAPE_Area":0.04412429346}},{"arcs":[[-471,-577,-489,634,-424,635,-556,636]],"type":"Polygon","properties":{"LGA_CODE21":"25810","LGA_NAME21":"Northern Grampians","STE_CODE21":"2","STE_NAME21":"Victoria","AUS_CODE21":"AUS","AUS_NAME21":"Australia","AREASQKM21":5729.8765,"LOCI_URI21":"http://linked.data.gov.au/dataset/asgsed3/LGA2021/25810","SHAPE_Leng":5.87624092639,"SHAPE_Area":0.578889679232}},{"arcs":[[637,-514,-446,638,-601]],"type":"Polygon","properties":{"LGA_CODE21":"25900","LGA_NAME21":"Port Phillip","STE_CODE21":"2","STE_NAME21":"Victoria","AUS_CODE21":"AUS","AUS_NAME21":"Australia","AREASQKM21":20.6141,"LOCI_URI21":"http://linked.data.gov.au/dataset/asgsed3/LGA2021/25900","SHAPE_Leng":0.317319091688,"SHAPE_Area":0.00211036748649}},{"arcs":[[-635,-493,-543,-427,-527,-498,-420]],"type":"Polygon","properties":{"LGA_CODE21":"25990","LGA_NAME21":"Pyrenees","STE_CODE21":"2","STE_NAME21":"Victoria","AUS_CODE21":"AUS","AUS_NAME21":"Australia","AREASQKM21":3434.5687,"LOCI_URI21":"http://linked.data.gov.au/dataset/asgsed3/LGA2021/25990","SHAPE_Leng":3.9974025687,"SHAPE_Area":0.34912469512}},{"arcs":[[[639,-535]],[[640]]],"type":"MultiPolygon","properties":{"LGA_CODE21":"26080","LGA_NAME21":"Queenscliffe","STE_CODE21":"2","STE_NAME21":"Victoria","AUS_CODE21":"AUS","AUS_NAME21":"Australia","AREASQKM21":8.6166,"LOCI_URI21":"http://linked.data.gov.au/dataset/asgsed3/LGA2021/26080","SHAPE_Leng":0.381777481162,"SHAPE_Area":0.000887012416579}},{"arcs":[[-481,-443,-575,641,642,-438]],"type":"Polygon","properties":{"LGA_CODE21":"26170","LGA_NAME21":"South Gippsland","STE_CODE21":"2","STE_NAME21":"Victoria","AUS_CODE21":"AUS","AUS_NAME21":"Australia","AREASQKM21":3296.3307,"LOCI_URI21":"http://linked.data.gov.au/dataset/asgsed3/LGA2021/26170","SHAPE_Leng":6.07073735513,"SHAPE_Area":0.340980227336}},{"arcs":[[643,-557,-636,-423,-623,-518]],"type":"Polygon","properties":{"LGA_CODE21":"26260","LGA_NAME21":"Southern Grampians","STE_CODE21":"2","STE_NAME21":"Victoria","AUS_CODE21":"AUS","AUS_NAME21":"Australia","AREASQKM21":6654.0186,"LOCI_URI21":"http://linked.data.gov.au/dataset/asgsed3/LGA2021/26260","SHAPE_Leng":5.28969085069,"SHAPE_Area":0.678338642974}},{"arcs":[[-638,-600,644,-457,-617,-515]],"type":"Polygon","properties":{"LGA_CODE21":"26350","LGA_NAME21":"Stonnington","STE_CODE21":"2","STE_NAME21":"Victoria","AUS_CODE21":"AUS","AUS_NAME21":"Australia","AREASQKM21":25.651,"LOCI_URI21":"http://linked.data.gov.au/dataset/asgsed3/LGA2021/26350","SHAPE_Leng":0.307390939335,"SHAPE_Area":0.00262620674551}},{"arcs":[[-542,-452,-586,-627,-612,-529,-476]],"type":"Polygon","properties":{"LGA_CODE21":"26430","LGA_NAME21":"Strathbogie","STE_CODE21":"2","STE_NAME21":"Victoria","AUS_CODE21":"AUS","AUS_NAME21":"Australia","AREASQKM21":3303.2568,"LOCI_URI21":"http://linked.data.gov.au/dataset/asgsed3/LGA2021/26430","SHAPE_Leng":3.95388873365,"SHAPE_Area":0.333366101595}},{"arcs":[[-526,-537,645,-495]],"type":"Polygon","properties":{"LGA_CODE21":"26490","LGA_NAME21":"Surf Coast","STE_CODE21":"2","STE_NAME21":"Victoria","AUS_CODE21":"AUS","AUS_NAME21":"Australia","AREASQKM21":1552.944,"LOCI_URI21":"http://linked.data.gov.au/dataset/asgsed3/LGA2021/26490","SHAPE_Leng":2.31778897911,"SHAPE_Area":0.159963518995}},{"arcs":[[-605,-20,-317,-513,-468]],"type":"Polygon","properties":{"LGA_CODE21":"26610","LGA_NAME21":"Swan Hill","STE_CODE21":"2","STE_NAME21":"Victoria","AUS_CODE21":"AUS","AUS_NAME21":"Australia","AREASQKM21":6115.5373,"LOCI_URI21":"http://linked.data.gov.au/dataset/asgsed3/LGA2021/26610","SHAPE_Leng":6.64671443498,"SHAPE_Area":0.60473073557}},{"arcs":[[646,-2,-214,-372,-507,-414,-565]],"type":"Polygon","properties":{"LGA_CODE21":"26670","LGA_NAME21":"Towong","STE_CODE21":"2","STE_NAME21":"Victoria","AUS_CODE21":"AUS","AUS_NAME21":"Australia","AREASQKM21":6675.1725,"LOCI_URI21":"http://linked.data.gov.au/dataset/asgsed3/LGA2021/26670","SHAPE_Leng":5.51298653361,"SHAPE_Area":0.670190785273}},{"arcs":[[-616,-566,-417,647,-587,-450]],"type":"Polygon","properties":{"LGA_CODE21":"26700","LGA_NAME21":"Wangaratta","STE_CODE21":"2","STE_NAME21":"Victoria","AUS_CODE21":"AUS","AUS_NAME21":"Australia","AREASQKM21":3645.1096,"LOCI_URI21":"http://linked.data.gov.au/dataset/asgsed3/LGA2021/26700","SHAPE_Leng":4.08117023974,"SHAPE_Area":0.367056625266}},{"arcs":[[648,-625]],"type":"Polygon","properties":{"LGA_CODE21":"26730","LGA_NAME21":"Warrnambool","STE_CODE21":"2","STE_NAME21":"Victoria","AUS_CODE21":"AUS","AUS_NAME21":"Australia","AREASQKM21":120.9487,"LOCI_URI21":"http://linked.data.gov.au/dataset/asgsed3/LGA2021/26730","SHAPE_Leng":0.715800776962,"SHAPE_Area":0.0124685266731}},{"arcs":[[[-506,649,-642,-574,-441,-588,-648,-416]],[[650]],[[651]],[[652]],[[653]],[[654]],[[655]],[[656]],[[657]],[[658]],[[659]]],"type":"MultiPolygon","properties":{"LGA_CODE21":"26810","LGA_NAME21":"Wellington","STE_CODE21":"2","STE_NAME21":"Victoria","AUS_CODE21":"AUS","AUS_NAME21":"Australia","AREASQKM21":10817.4231,"LOCI_URI21":"http://linked.data.gov.au/dataset/asgsed3/LGA2021/26810","SHAPE_Leng":12.1059460762,"SHAPE_Area":1.10804741684}},{"arcs":[[-607,-550,-558,-644,-523,660,661,662]],"type":"Polygon","properties":{"LGA_CODE21":"26890","LGA_NAME21":"West Wimmera","STE_CODE21":"2","STE_NAME21":"Victoria","AUS_CODE21":"AUS","AUS_NAME21":"Australia","AREASQKM21":9108.6794,"LOCI_URI21":"http://linked.data.gov.au/dataset/asgsed3/LGA2021/26890","SHAPE_Leng":6.07784901053,"SHAPE_Area":0.91830625007}},{"arcs":[[-455,-585,-594,-571,-618]],"type":"Polygon","properties":{"LGA_CODE21":"26980","LGA_NAME21":"Whitehorse","STE_CODE21":"2","STE_NAME21":"Victoria","AUS_CODE21":"AUS","AUS_NAME21":"Australia","AREASQKM21":64.2801,"LOCI_URI21":"http://linked.data.gov.au/dataset/asgsed3/LGA2021/26980","SHAPE_Leng":0.401704336842,"SHAPE_Area":0.00657837419719}},{"arcs":[[-632,-634,-433,-504,-559,-614]],"type":"Polygon","properties":{"LGA_CODE21":"27070","LGA_NAME21":"Whittlesea","STE_CODE21":"2","STE_NAME21":"Victoria","AUS_CODE21":"AUS","AUS_NAME21":"Australia","AREASQKM21":489.6938,"LOCI_URI21":"http://linked.data.gov.au/dataset/asgsed3/LGA2021/27070","SHAPE_Leng":1.41731031706,"SHAPE_Area":0.0499281299814}},{"arcs":[[-215,-3,-647,-564]],"type":"Polygon","properties":{"LGA_CODE21":"27170","LGA_NAME21":"Wodonga","STE_CODE21":"2","STE_NAME21":"Victoria","AUS_CODE21":"AUS","AUS_NAME21":"Australia","AREASQKM21":433.0021,"LOCI_URI21":"http://linked.data.gov.au/dataset/asgsed3/LGA2021/27170","SHAPE_Leng":1.54857465066,"SHAPE_Area":0.0433622342806}},{"arcs":[[-464,-553,663,-539,-620,-603]],"type":"Polygon","properties":{"LGA_CODE21":"27260","LGA_NAME21":"Wyndham","STE_CODE21":"2","STE_NAME21":"Victoria","AUS_CODE21":"AUS","AUS_NAME21":"Australia","AREASQKM21":542.0943,"LOCI_URI21":"http://linked.data.gov.au/dataset/asgsed3/LGA2021/27260","SHAPE_Leng":1.29398597208,"SHAPE_Area":0.0555203366529}},{"arcs":[[-431,-458,-645,-599,-621,-502]],"type":"Polygon","properties":{"LGA_CODE21":"27350","LGA_NAME21":"Yarra","STE_CODE21":"2","STE_NAME21":"Victoria","AUS_CODE21":"AUS","AUS_NAME21":"Australia","AREASQKM21":19.5421,"LOCI_URI21":"http://linked.data.gov.au/dataset/asgsed3/LGA2021/27350","SHAPE_Leng":0.419874871978,"SHAPE_Area":0.00199917013228}},{"arcs":[[-573,-595,-583,-633,-630,664,-628,-589,-439,-480,-488]],"type":"Polygon","properties":{"LGA_CODE21":"27450","LGA_NAME21":"Yarra Ranges","STE_CODE21":"2","STE_NAME21":"Victoria","AUS_CODE21":"AUS","AUS_NAME21":"Australia","AREASQKM21":2468.2052,"LOCI_URI21":"http://linked.data.gov.au/dataset/asgsed3/LGA2021/27450","SHAPE_Leng":3.66857683579,"SHAPE_Area":0.252213478595}},{"arcs":[[-606,-472,-637,-555,-548]],"type":"Polygon","properties":{"LGA_CODE21":"27630","LGA_NAME21":"Yarriambiack","STE_CODE21":"2","STE_NAME21":"Victoria","AUS_CODE21":"AUS","AUS_NAME21":"Australia","AREASQKM21":7325.797,"LOCI_URI21":"http://linked.data.gov.au/dataset/asgsed3/LGA2021/27630","SHAPE_Leng":5.44392048312,"SHAPE_Area":0.732179304931}},{"arcs":[[[-418]],[[-419]],[[-445]],[[-591]],[[-629,-665]],[[665]],[[666]],[[667]]],"type":"MultiPolygon","properties":{"LGA_CODE21":"29399","LGA_NAME21":"Unincorporated Vic","STE_CODE21":"2","STE_NAME21":"Victoria","AUS_CODE21":"AUS","AUS_NAME21":"Australia","AREASQKM21":283.1903,"LOCI_URI21":"http://linked.data.gov.au/dataset/asgsed3/LGA2021/29399","SHAPE_Leng":3.01730523189,"SHAPE_Area":0.0290105239843}},{"type":null,"properties":{"LGA_CODE21":"29499","LGA_NAME21":"No usual address (Vic.)","STE_CODE21":"2","STE_NAME21":"Victoria","AUS_CODE21":"AUS","AUS_NAME21":"Australia","AREASQKM21":0,"LOCI_URI21":"http://linked.data.gov.au/dataset/asgsed3/LGA2021/29499","SHAPE_Leng":0,"SHAPE_Area":0}},{"type":null,"properties":{"LGA_CODE21":"29799","LGA_NAME21":"Migratory - Offshore - Shipping (Vic.)","STE_CODE21":"2","STE_NAME21":"Victoria","AUS_CODE21":"AUS","AUS_NAME21":"Australia","AREASQKM21":0,"LOCI_URI21":"http://linked.data.gov.au/dataset/asgsed3/LGA2021/29799","SHAPE_Leng":0,"SHAPE_Area":0}},{"arcs":[[[668,669]],[[670,671,672,673,674,675,676,677,678]],[[679,680,681]]],"type":"MultiPolygon","properties":{"LGA_CODE21":"30250","LGA_NAME21":"Aurukun","STE_CODE21":"3","STE_NAME21":"Queensland","AUS_CODE21":"AUS","AUS_NAME21":"Australia","AREASQKM21":7423.9891,"LOCI_URI21":"http://linked.data.gov.au/dataset/asgsed3/LGA2021/30250","SHAPE_Leng":5.30375430813,"SHAPE_Area":0.620106954932}},{"arcs":[[682,683,-310,-395,-84,684,685]],"type":"Polygon","properties":{"LGA_CODE21":"30300","LGA_NAME21":"Balonne","STE_CODE21":"3","STE_NAME21":"Queensland","AUS_CODE21":"AUS","AUS_NAME21":"Australia","AREASQKM21":31104.0851,"LOCI_URI21":"http://linked.data.gov.au/dataset/asgsed3/LGA2021/30300","SHAPE_Leng":8.83468666049,"SHAPE_Area":2.86180395294}},{"arcs":[[686,687,688,689,690,691]],"type":"Polygon","properties":{"LGA_CODE21":"30370","LGA_NAME21":"Banana","STE_CODE21":"3","STE_NAME21":"Queensland","AUS_CODE21":"AUS","AUS_NAME21":"Australia","AREASQKM21":28550.1626,"LOCI_URI21":"http://linked.data.gov.au/dataset/asgsed3/LGA2021/30370","SHAPE_Leng":12.1009351798,"SHAPE_Area":2.55191664857}},{"arcs":[[692,693,694,695,696,697,698]],"type":"Polygon","properties":{"LGA_CODE21":"30410","LGA_NAME21":"Barcaldine","STE_CODE21":"3","STE_NAME21":"Queensland","AUS_CODE21":"AUS","AUS_NAME21":"Australia","AREASQKM21":53382.654,"LOCI_URI21":"http://linked.data.gov.au/dataset/asgsed3/LGA2021/30410","SHAPE_Leng":14.9491410833,"SHAPE_Area":4.70594208031}},{"arcs":[[699,700,701,702,703,704]],"type":"Polygon","properties":{"LGA_CODE21":"30450","LGA_NAME21":"Barcoo","STE_CODE21":"3","STE_NAME21":"Queensland","AUS_CODE21":"AUS","AUS_NAME21":"Australia","AREASQKM21":61830.1679,"LOCI_URI21":"http://linked.data.gov.au/dataset/asgsed3/LGA2021/30450","SHAPE_Leng":16.7432479896,"SHAPE_Area":5.53537498389}},{"arcs":[[-698,705,706,707,708]],"type":"Polygon","properties":{"LGA_CODE21":"30760","LGA_NAME21":"Blackall Tambo","STE_CODE21":"3","STE_NAME21":"Queensland","AUS_CODE21":"AUS","AUS_NAME21":"Australia","AREASQKM21":30537.248,"LOCI_URI21":"http://linked.data.gov.au/dataset/asgsed3/LGA2021/30760","SHAPE_Leng":10.8887054692,"SHAPE_Area":2.72623871598}},{"arcs":[[709,710,711,712,713,714]],"type":"Polygon","properties":{"LGA_CODE21":"30900","LGA_NAME21":"Boulia","STE_CODE21":"3","STE_NAME21":"Queensland","AUS_CODE21":"AUS","AUS_NAME21":"Australia","AREASQKM21":60906.4695,"LOCI_URI21":"http://linked.data.gov.au/dataset/asgsed3/LGA2021/30900","SHAPE_Leng":14.3372865228,"SHAPE_Area":5.34486093696}},{"arcs":[[[715]],[[716]],[[717]],[[718]],[[719,720,721,722]],[[723,724,725,726]]],"type":"MultiPolygon","properties":{"LGA_CODE21":"31000","LGA_NAME21":"Brisbane","STE_CODE21":"3","STE_NAME21":"Queensland","AUS_CODE21":"AUS","AUS_NAME21":"Australia","AREASQKM21":1342.7173,"LOCI_URI21":"http://linked.data.gov.au/dataset/asgsed3/LGA2021/31000","SHAPE_Leng":5.16421899432,"SHAPE_Area":0.12256082971}},{"arcs":[[-703,727,728,-77,-410,729]],"type":"Polygon","properties":{"LGA_CODE21":"31750","LGA_NAME21":"Bulloo","STE_CODE21":"3","STE_NAME21":"Queensland","AUS_CODE21":"AUS","AUS_NAME21":"Australia","AREASQKM21":73722.0101,"LOCI_URI21":"http://linked.data.gov.au/dataset/asgsed3/LGA2021/31750","SHAPE_Leng":12.2392696666,"SHAPE_Area":6.76494159581}},{"arcs":[[730,731,732,733]],"type":"Polygon","properties":{"LGA_CODE21":"31820","LGA_NAME21":"Bundaberg","STE_CODE21":"3","STE_NAME21":"Queensland","AUS_CODE21":"AUS","AUS_NAME21":"Australia","AREASQKM21":6431.0889,"LOCI_URI21":"http://linked.data.gov.au/dataset/asgsed3/LGA2021/31820","SHAPE_Leng":6.13416584066,"SHAPE_Area":0.574957284726}},{"arcs":[[734,735,736,737]],"type":"Polygon","properties":{"LGA_CODE21":"31900","LGA_NAME21":"Burdekin","STE_CODE21":"3","STE_NAME21":"Queensland","AUS_CODE21":"AUS","AUS_NAME21":"Australia","AREASQKM21":5043.9318,"LOCI_URI21":"http://linked.data.gov.au/dataset/asgsed3/LGA2021/31900","SHAPE_Leng":4.56183505328,"SHAPE_Area":0.434918112695}},{"arcs":[[738,739,740,741,742,743,744,745],[746]],"type":"Polygon","properties":{"LGA_CODE21":"31950","LGA_NAME21":"Burke","STE_CODE21":"3","STE_NAME21":"Queensland","AUS_CODE21":"AUS","AUS_NAME21":"Australia","AREASQKM21":39681.2234,"LOCI_URI21":"http://linked.data.gov.au/dataset/asgsed3/LGA2021/31950","SHAPE_Leng":12.9482083828,"SHAPE_Area":3.38610202439}},{"arcs":[[[747]],[[748,749,750,751,752,753,754]]],"type":"MultiPolygon","properties":{"LGA_CODE21":"32080","LGA_NAME21":"Cairns","STE_CODE21":"3","STE_NAME21":"Queensland","AUS_CODE21":"AUS","AUS_NAME21":"Australia","AREASQKM21":1689.3227,"LOCI_URI21":"http://linked.data.gov.au/dataset/asgsed3/LGA2021/32080","SHAPE_Leng":3.0789901495,"SHAPE_Area":0.143469664245}},{"arcs":[[755,756,757,758,759,760,761,-743,762]],"type":"Polygon","properties":{"LGA_CODE21":"32250","LGA_NAME21":"Carpentaria","STE_CODE21":"3","STE_NAME21":"Queensland","AUS_CODE21":"AUS","AUS_NAME21":"Australia","AREASQKM21":64121.0123,"LOCI_URI21":"http://linked.data.gov.au/dataset/asgsed3/LGA2021/32250","SHAPE_Leng":20.22820583,"SHAPE_Area":5.45484868085}},{"arcs":[[[763,764,765,-754]],[[766]],[[767]],[[768]],[[769]],[[770]],[[771]],[[772]],[[773]],[[774]],[[775]],[[776]]],"type":"MultiPolygon","properties":{"LGA_CODE21":"32260","LGA_NAME21":"Cassowary Coast","STE_CODE21":"3","STE_NAME21":"Queensland","AUS_CODE21":"AUS","AUS_NAME21":"Australia","AREASQKM21":4687.824,"LOCI_URI21":"http://linked.data.gov.au/dataset/asgsed3/LGA2021/32260","SHAPE_Leng":7.26480831598,"SHAPE_Area":0.399845993639}},{"arcs":[[777,778,779,780,-692,781,782,-706,-697,783],[784],[785],[786],[787]],"type":"Polygon","properties":{"LGA_CODE21":"32270","LGA_NAME21":"Central Highlands (Qld)","STE_CODE21":"3","STE_NAME21":"Queensland","AUS_CODE21":"AUS","AUS_NAME21":"Australia","AREASQKM21":59834.8359,"LOCI_URI21":"http://linked.data.gov.au/dataset/asgsed3/LGA2021/32270","SHAPE_Leng":18.8752489743,"SHAPE_Area":5.31084277611}},{"arcs":[[-737,788,789,-695,790,791,792,793,794]],"type":"Polygon","properties":{"LGA_CODE21":"32310","LGA_NAME21":"Charters Towers","STE_CODE21":"3","STE_NAME21":"Queensland","AUS_CODE21":"AUS","AUS_NAME21":"Australia","AREASQKM21":68382.1644,"LOCI_URI21":"http://linked.data.gov.au/dataset/asgsed3/LGA2021/32310","SHAPE_Leng":16.856804587,"SHAPE_Area":5.90883555496}},{"arcs":[[795]],"type":"Polygon","properties":{"LGA_CODE21":"32330","LGA_NAME21":"Cherbourg","STE_CODE21":"3","STE_NAME21":"Queensland","AUS_CODE21":"AUS","AUS_NAME21":"Australia","AREASQKM21":31.6002,"LOCI_URI21":"http://linked.data.gov.au/dataset/asgsed3/LGA2021/32330","SHAPE_Leng":0.372955692292,"SHAPE_Area":0.00285579540244}},{"arcs":[[-744,-762,796,797,-712,798]],"type":"Polygon","properties":{"LGA_CODE21":"32450","LGA_NAME21":"Cloncurry","STE_CODE21":"3","STE_NAME21":"Queensland","AUS_CODE21":"AUS","AUS_NAME21":"Australia","AREASQKM21":47971.2595,"LOCI_URI21":"http://linked.data.gov.au/dataset/asgsed3/LGA2021/32450","SHAPE_Leng":15.7761935978,"SHAPE_Area":4.16293838678}},{"arcs":[[[799,800,801,802,803,804,805,-757,806,807,-676,808,809,810,-669,811,-674,812,-672,813,-679,814,815,-681,816,817,818,819,820,821,822,823,824,825,826,827,828,829,830,831],[843],[844],[845],[846]],[[832]],[[833]],[[834]],[[835]],[[836]],[[837]],[[838]],[[839]],[[840]],[[841]],[[842]],[[847,848,849]],[[850,851]]],"type":"MultiPolygon","properties":{"LGA_CODE21":"32500","LGA_NAME21":"Cook","STE_CODE21":"3","STE_NAME21":"Queensland","AUS_CODE21":"AUS","AUS_NAME21":"Australia","AREASQKM21":105717.7521,"LOCI_URI21":"http://linked.data.gov.au/dataset/asgsed3/LGA2021/32500","SHAPE_Leng":34.6211334615,"SHAPE_Area":8.8559500705}},{"arcs":[[852,853,854,-760]],"type":"Polygon","properties":{"LGA_CODE21":"32600","LGA_NAME21":"Croydon","STE_CODE21":"3","STE_NAME21":"Queensland","AUS_CODE21":"AUS","AUS_NAME21":"Australia","AREASQKM21":29497.9025,"LOCI_URI21":"http://linked.data.gov.au/dataset/asgsed3/LGA2021/32600","SHAPE_Leng":10.7421344802,"SHAPE_Area":2.52452725574}},{"arcs":[[855,-705,856,857,858,-714]],"type":"Polygon","properties":{"LGA_CODE21":"32750","LGA_NAME21":"Diamantina","STE_CODE21":"3","STE_NAME21":"Queensland","AUS_CODE21":"AUS","AUS_NAME21":"Australia","AREASQKM21":94722.429,"LOCI_URI21":"http://linked.data.gov.au/dataset/asgsed3/LGA2021/32750","SHAPE_Leng":15.6812048494,"SHAPE_Area":8.44655710054}},{"arcs":[[[859,-741]],[[-747]]],"type":"MultiPolygon","properties":{"LGA_CODE21":"32770","LGA_NAME21":"Doomadgee","STE_CODE21":"3","STE_NAME21":"Queensland","AUS_CODE21":"AUS","AUS_NAME21":"Australia","AREASQKM21":1827.6518,"LOCI_URI21":"http://linked.data.gov.au/dataset/asgsed3/LGA2021/32770","SHAPE_Leng":2.4008713296,"SHAPE_Area":0.155569827518}},{"arcs":[[860,-803,861,-750,862,-805]],"type":"Polygon","properties":{"LGA_CODE21":"32810","LGA_NAME21":"Douglas","STE_CODE21":"3","STE_NAME21":"Queensland","AUS_CODE21":"AUS","AUS_NAME21":"Australia","AREASQKM21":2427.8626,"LOCI_URI21":"http://linked.data.gov.au/dataset/asgsed3/LGA2021/32810","SHAPE_Leng":3.65216319154,"SHAPE_Area":0.205206727301}},{"arcs":[[-759,863,864,-792,865,866,-853]],"type":"Polygon","properties":{"LGA_CODE21":"33100","LGA_NAME21":"Etheridge","STE_CODE21":"3","STE_NAME21":"Queensland","AUS_CODE21":"AUS","AUS_NAME21":"Australia","AREASQKM21":39199.2956,"LOCI_URI21":"http://linked.data.gov.au/dataset/asgsed3/LGA2021/33100","SHAPE_Leng":9.7584362446,"SHAPE_Area":3.35381948782}},{"arcs":[[-791,-694,867,868,-866]],"type":"Polygon","properties":{"LGA_CODE21":"33200","LGA_NAME21":"Flinders (Qld)","STE_CODE21":"3","STE_NAME21":"Queensland","AUS_CODE21":"AUS","AUS_NAME21":"Australia","AREASQKM21":41199.9375,"LOCI_URI21":"http://linked.data.gov.au/dataset/asgsed3/LGA2021/33200","SHAPE_Leng":10.4039400374,"SHAPE_Area":3.57868686233}},{"arcs":[[[869,870,871,-731,872]],[[873]],[[874]],[[875]],[[876]],[[877]],[[878]],[[879]],[[880]],[[881]],[[882]],[[883]]],"type":"MultiPolygon","properties":{"LGA_CODE21":"33220","LGA_NAME21":"Fraser Coast","STE_CODE21":"3","STE_NAME21":"Queensland","AUS_CODE21":"AUS","AUS_NAME21":"Australia","AREASQKM21":7104.5984,"LOCI_URI21":"http://linked.data.gov.au/dataset/asgsed3/LGA2021/33220","SHAPE_Leng":10.2944071137,"SHAPE_Area":0.638043326717}},{"arcs":[[[884,-688,885,886,-733]],[[887]],[[888]],[[889]],[[890]],[[891]],[[892]]],"type":"MultiPolygon","properties":{"LGA_CODE21":"33360","LGA_NAME21":"Gladstone","STE_CODE21":"3","STE_NAME21":"Queensland","AUS_CODE21":"AUS","AUS_NAME21":"Australia","AREASQKM21":10484.2861,"LOCI_URI21":"http://linked.data.gov.au/dataset/asgsed3/LGA2021/33360","SHAPE_Leng":12.5680804123,"SHAPE_Area":0.931560166809}},{"arcs":[[[-387,893,894,895,896]],[[897]],[[898]],[[899]],[[900]]],"type":"MultiPolygon","properties":{"LGA_CODE21":"33430","LGA_NAME21":"Gold Coast","STE_CODE21":"3","STE_NAME21":"Queensland","AUS_CODE21":"AUS","AUS_NAME21":"Australia","AREASQKM21":1333.386,"LOCI_URI21":"http://linked.data.gov.au/dataset/asgsed3/LGA2021/33430","SHAPE_Leng":4.21767505194,"SHAPE_Area":0.122303288318}},{"arcs":[[-684,901,902,903,-384,-249,-311]],"type":"Polygon","properties":{"LGA_CODE21":"33610","LGA_NAME21":"Goondiwindi","STE_CODE21":"3","STE_NAME21":"Queensland","AUS_CODE21":"AUS","AUS_NAME21":"Australia","AREASQKM21":19265.7098,"LOCI_URI21":"http://linked.data.gov.au/dataset/asgsed3/LGA2021/33610","SHAPE_Leng":10.9317173209,"SHAPE_Area":1.77350803729}},{"arcs":[[904,-871,905,906,907,908,909]],"type":"Polygon","properties":{"LGA_CODE21":"33620","LGA_NAME21":"Gympie","STE_CODE21":"3","STE_NAME21":"Queensland","AUS_CODE21":"AUS","AUS_NAME21":"Australia","AREASQKM21":6883.9781,"LOCI_URI21":"http://linked.data.gov.au/dataset/asgsed3/LGA2021/33620","SHAPE_Leng":7.26482425906,"SHAPE_Area":0.62140087469}},{"arcs":[[[910,-765,911,912,-794]],[[913]],[[914]]],"type":"MultiPolygon","properties":{"LGA_CODE21":"33800","LGA_NAME21":"Hinchinbrook","STE_CODE21":"3","STE_NAME21":"Queensland","AUS_CODE21":"AUS","AUS_NAME21":"Australia","AREASQKM21":2807.1889,"LOCI_URI21":"http://linked.data.gov.au/dataset/asgsed3/LGA2021/33800","SHAPE_Leng":3.26986435765,"SHAPE_Area":0.240385260619}},{"arcs":[[-801,915],[-836]],"type":"Polygon","properties":{"LGA_CODE21":"33830","LGA_NAME21":"Hope Vale","STE_CODE21":"3","STE_NAME21":"Queensland","AUS_CODE21":"AUS","AUS_NAME21":"Australia","AREASQKM21":1111.7099,"LOCI_URI21":"http://linked.data.gov.au/dataset/asgsed3/LGA2021/33830","SHAPE_Leng":2.86582566989,"SHAPE_Area":0.0934909789047}},{"arcs":[[916,-726,917,918,919,920,-721]],"type":"Polygon","properties":{"LGA_CODE21":"33960","LGA_NAME21":"Ipswich","STE_CODE21":"3","STE_NAME21":"Queensland","AUS_CODE21":"AUS","AUS_NAME21":"Australia","AREASQKM21":1093.8562,"LOCI_URI21":"http://linked.data.gov.au/dataset/asgsed3/LGA2021/33960","SHAPE_Leng":2.43656281829,"SHAPE_Area":0.100047935034}},{"arcs":[[[921,922,923,-784,-696,-790,924]],[[925]],[[926]],[[927]],[[928]],[[929]],[[930]],[[931]],[[932]]],"type":"MultiPolygon","properties":{"LGA_CODE21":"33980","LGA_NAME21":"Isaac","STE_CODE21":"3","STE_NAME21":"Queensland","AUS_CODE21":"AUS","AUS_NAME21":"Australia","AREASQKM21":58707.9192,"LOCI_URI21":"http://linked.data.gov.au/dataset/asgsed3/LGA2021/33980","SHAPE_Leng":19.639683554,"SHAPE_Area":5.14306907912}},{"arcs":[[933,-807,-756,934]],"type":"Polygon","properties":{"LGA_CODE21":"34420","LGA_NAME21":"Kowanyama","STE_CODE21":"3","STE_NAME21":"Queensland","AUS_CODE21":"AUS","AUS_NAME21":"Australia","AREASQKM21":2555.3325,"LOCI_URI21":"http://linked.data.gov.au/dataset/asgsed3/LGA2021/34420","SHAPE_Leng":2.70647410373,"SHAPE_Area":0.21503497678}},{"arcs":[[[-778,-924,935,936]],[[937]],[[938]],[[939]],[[940]],[[941]],[[942]],[[943]],[[944]],[[945]],[[946]],[[947]],[[948]],[[949]],[[950]],[[951]],[[952]],[[953]],[[954]],[[955]],[[956]]],"type":"MultiPolygon","properties":{"LGA_CODE21":"34530","LGA_NAME21":"Livingstone","STE_CODE21":"3","STE_NAME21":"Queensland","AUS_CODE21":"AUS","AUS_NAME21":"Australia","AREASQKM21":11757.8686,"LOCI_URI21":"http://linked.data.gov.au/dataset/asgsed3/LGA2021/34530","SHAPE_Leng":16.3742108781,"SHAPE_Area":1.03408316762}},{"arcs":[[[957,-832]],[[-847]],[[958]],[[959]],[[960]],[[961]]],"type":"MultiPolygon","properties":{"LGA_CODE21":"34570","LGA_NAME21":"Lockhart River","STE_CODE21":"3","STE_NAME21":"Queensland","AUS_CODE21":"AUS","AUS_NAME21":"Australia","AREASQKM21":3576.6839,"LOCI_URI21":"http://linked.data.gov.au/dataset/asgsed3/LGA2021/34570","SHAPE_Leng":4.72616602311,"SHAPE_Area":0.298017953871}},{"arcs":[[-920,962,963,964,965]],"type":"Polygon","properties":{"LGA_CODE21":"34580","LGA_NAME21":"Lockyer Valley","STE_CODE21":"3","STE_NAME21":"Queensland","AUS_CODE21":"AUS","AUS_NAME21":"Australia","AREASQKM21":2269.0054,"LOCI_URI21":"http://linked.data.gov.au/dataset/asgsed3/LGA2021/34580","SHAPE_Leng":3.04833161948,"SHAPE_Area":0.20748900791}},{"arcs":[[966,-895,967,-918,-725]],"type":"Polygon","properties":{"LGA_CODE21":"34590","LGA_NAME21":"Logan","STE_CODE21":"3","STE_NAME21":"Queensland","AUS_CODE21":"AUS","AUS_NAME21":"Australia","AREASQKM21":958.1333,"LOCI_URI21":"http://linked.data.gov.au/dataset/asgsed3/LGA2021/34590","SHAPE_Leng":2.10006678857,"SHAPE_Area":0.087710116463}},{"arcs":[[-699,-709,968,-701,969]],"type":"Polygon","properties":{"LGA_CODE21":"34710","LGA_NAME21":"Longreach","STE_CODE21":"3","STE_NAME21":"Queensland","AUS_CODE21":"AUS","AUS_NAME21":"Australia","AREASQKM21":40572.2442,"LOCI_URI21":"http://linked.data.gov.au/dataset/asgsed3/LGA2021/34710","SHAPE_Leng":11.3054076713,"SHAPE_Area":3.59263441327}},{"arcs":[[[-922,970,971]],[[972]],[[973]],[[974]],[[975]],[[976]],[[977]],[[978]],[[979]],[[980]],[[981]],[[982]],[[983]],[[984]],[[985]],[[986]],[[987]],[[988]],[[989]],[[990]]],"type":"MultiPolygon","properties":{"LGA_CODE21":"34770","LGA_NAME21":"Mackay","STE_CODE21":"3","STE_NAME21":"Queensland","AUS_CODE21":"AUS","AUS_NAME21":"Australia","AREASQKM21":7613.2963,"LOCI_URI21":"http://linked.data.gov.au/dataset/asgsed3/LGA2021/34770","SHAPE_Leng":10.6126392654,"SHAPE_Area":0.661989042654}},{"arcs":[[-761,-855,991,992,-797]],"type":"Polygon","properties":{"LGA_CODE21":"34800","LGA_NAME21":"McKinlay","STE_CODE21":"3","STE_NAME21":"Queensland","AUS_CODE21":"AUS","AUS_NAME21":"Australia","AREASQKM21":40736.7989,"LOCI_URI21":"http://linked.data.gov.au/dataset/asgsed3/LGA2021/34800","SHAPE_Leng":11.6981880018,"SHAPE_Area":3.52848868111}},{"arcs":[[[993,-810]],[[-825,994,-849,995]],[[996,-827]]],"type":"MultiPolygon","properties":{"LGA_CODE21":"34830","LGA_NAME21":"Mapoon","STE_CODE21":"3","STE_NAME21":"Queensland","AUS_CODE21":"AUS","AUS_NAME21":"Australia","AREASQKM21":537.2366,"LOCI_URI21":"http://linked.data.gov.au/dataset/asgsed3/LGA2021/34830","SHAPE_Leng":2.27095410242,"SHAPE_Area":0.0446182767539}},{"arcs":[[-782,-691,997,-686,998,999]],"type":"Polygon","properties":{"LGA_CODE21":"34860","LGA_NAME21":"Maranoa","STE_CODE21":"3","STE_NAME21":"Queensland","AUS_CODE21":"AUS","AUS_NAME21":"Australia","AREASQKM21":58719.3449,"LOCI_URI21":"http://linked.data.gov.au/dataset/asgsed3/LGA2021/34860","SHAPE_Leng":14.3841372997,"SHAPE_Area":5.31867477382}},{"arcs":[[-806,-863,-749,1000,-864,-758]],"type":"Polygon","properties":{"LGA_CODE21":"34880","LGA_NAME21":"Mareeba","STE_CODE21":"3","STE_NAME21":"Queensland","AUS_CODE21":"AUS","AUS_NAME21":"Australia","AREASQKM21":53491.0502,"LOCI_URI21":"http://linked.data.gov.au/dataset/asgsed3/LGA2021/34880","SHAPE_Leng":12.8666011393,"SHAPE_Area":4.53882534446}},{"arcs":[[[1001,-723,1002,1003]],[[1004,1005]]],"type":"MultiPolygon","properties":{"LGA_CODE21":"35010","LGA_NAME21":"Moreton Bay","STE_CODE21":"3","STE_NAME21":"Queensland","AUS_CODE21":"AUS","AUS_NAME21":"Australia","AREASQKM21":2041.4737,"LOCI_URI21":"http://linked.data.gov.au/dataset/asgsed3/LGA2021/35010","SHAPE_Leng":3.70768770081,"SHAPE_Area":0.185817552485}},{"arcs":[[[1006]],[[1007]],[[1008]],[[1009]],[[1010]],[[1011]],[[1012]],[[1013]],[[1014]],[[1015]],[[1016]]],"type":"MultiPolygon","properties":{"LGA_CODE21":"35250","LGA_NAME21":"Mornington","STE_CODE21":"3","STE_NAME21":"Queensland","AUS_CODE21":"AUS","AUS_NAME21":"Australia","AREASQKM21":1247.6932,"LOCI_URI21":"http://linked.data.gov.au/dataset/asgsed3/LGA2021/35250","SHAPE_Leng":5.08631369812,"SHAPE_Area":0.105674100218}},{"arcs":[[-745,-799,-711,1017]],"type":"Polygon","properties":{"LGA_CODE21":"35300","LGA_NAME21":"Mount Isa","STE_CODE21":"3","STE_NAME21":"Queensland","AUS_CODE21":"AUS","AUS_NAME21":"Australia","AREASQKM21":43715.1975,"LOCI_URI21":"http://linked.data.gov.au/dataset/asgsed3/LGA2021/35300","SHAPE_Leng":11.877514592,"SHAPE_Area":3.77265704558}},{"arcs":[[-707,-783,-1000,1018,1019]],"type":"Polygon","properties":{"LGA_CODE21":"35600","LGA_NAME21":"Murweh","STE_CODE21":"3","STE_NAME21":"Queensland","AUS_CODE21":"AUS","AUS_NAME21":"Australia","AREASQKM21":40699.7586,"LOCI_URI21":"http://linked.data.gov.au/dataset/asgsed3/LGA2021/35600","SHAPE_Leng":13.4718633007,"SHAPE_Area":3.67537720355}},{"arcs":[[[-670,-811,-994,-809,-675,-812]],[[-814,-671]],[[-813,-673]],[[1020,-682,-816]],[[-820,1021]],[[-822,1022]],[[1023,-850,-995,-824]],[[-844]],[[-845]],[[-846]]],"type":"MultiPolygon","properties":{"LGA_CODE21":"35670","LGA_NAME21":"Napranum","STE_CODE21":"3","STE_NAME21":"Queensland","AUS_CODE21":"AUS","AUS_NAME21":"Australia","AREASQKM21":2004.3468,"LOCI_URI21":"http://linked.data.gov.au/dataset/asgsed3/LGA2021/35670","SHAPE_Leng":6.14758488184,"SHAPE_Area":0.166662849437}},{"arcs":[[1024,-907,1025]],"type":"Polygon","properties":{"LGA_CODE21":"35740","LGA_NAME21":"Noosa","STE_CODE21":"3","STE_NAME21":"Queensland","AUS_CODE21":"AUS","AUS_NAME21":"Australia","AREASQKM21":869.8657,"LOCI_URI21":"http://linked.data.gov.au/dataset/asgsed3/LGA2021/35740","SHAPE_Leng":1.68510642519,"SHAPE_Area":0.0786381953261}},{"arcs":[[-885,-732,-872,-905,1026,1027,-689]],"type":"Polygon","properties":{"LGA_CODE21":"35760","LGA_NAME21":"North Burnett","STE_CODE21":"3","STE_NAME21":"Queensland","AUS_CODE21":"AUS","AUS_NAME21":"Australia","AREASQKM21":19669.8489,"LOCI_URI21":"http://linked.data.gov.au/dataset/asgsed3/LGA2021/35760","SHAPE_Leng":9.17933299808,"SHAPE_Area":1.76403837383}},{"arcs":[[[1028,1029,1030,-829,1031,1032,1033]],[[1034,1035]],[[1036]]],"type":"MultiPolygon","properties":{"LGA_CODE21":"35780","LGA_NAME21":"Northern Peninsula Area","STE_CODE21":"3","STE_NAME21":"Queensland","AUS_CODE21":"AUS","AUS_NAME21":"Australia","AREASQKM21":1052.0676,"LOCI_URI21":"http://linked.data.gov.au/dataset/asgsed3/LGA2021/35780","SHAPE_Leng":2.59289544419,"SHAPE_Area":0.0870274206665}},{"arcs":[[[1037]],[[1038]],[[1039]],[[1040]]],"type":"MultiPolygon","properties":{"LGA_CODE21":"35790","LGA_NAME21":"Palm Island","STE_CODE21":"3","STE_NAME21":"Queensland","AUS_CODE21":"AUS","AUS_NAME21":"Australia","AREASQKM21":71.9928,"LOCI_URI21":"http://linked.data.gov.au/dataset/asgsed3/LGA2021/35790","SHAPE_Leng":0.950335578191,"SHAPE_Area":0.00616733642426}},{"arcs":[[1041,-1019,-999,-685,-83,-78,-729]],"type":"Polygon","properties":{"LGA_CODE21":"35800","LGA_NAME21":"Paroo","STE_CODE21":"3","STE_NAME21":"Queensland","AUS_CODE21":"AUS","AUS_NAME21":"Australia","AREASQKM21":47614.9225,"LOCI_URI21":"http://linked.data.gov.au/dataset/asgsed3/LGA2021/35800","SHAPE_Leng":11.0151785349,"SHAPE_Area":4.37126207578}},{"arcs":[[-677,-808,-934,1042]],"type":"Polygon","properties":{"LGA_CODE21":"36070","LGA_NAME21":"Pormpuraaw","STE_CODE21":"3","STE_NAME21":"Queensland","AUS_CODE21":"AUS","AUS_NAME21":"Australia","AREASQKM21":4395.3654,"LOCI_URI21":"http://linked.data.gov.au/dataset/asgsed3/LGA2021/36070","SHAPE_Leng":3.04300906366,"SHAPE_Area":0.368885937772}},{"arcs":[[-702,-969,-708,-1020,-1042,-728]],"type":"Polygon","properties":{"LGA_CODE21":"36150","LGA_NAME21":"Quilpie","STE_CODE21":"3","STE_NAME21":"Queensland","AUS_CODE21":"AUS","AUS_NAME21":"Australia","AREASQKM21":67414.6563,"LOCI_URI21":"http://linked.data.gov.au/dataset/asgsed3/LGA2021/36150","SHAPE_Leng":14.345914297,"SHAPE_Area":6.09599816922}},{"arcs":[[[-896,-967,-724,1043]],[[1044]],[[1045]],[[1046]],[[1047]],[[1048]],[[1049]],[[1050]],[[1051]],[[1052]],[[1053]]],"type":"MultiPolygon","properties":{"LGA_CODE21":"36250","LGA_NAME21":"Redland","STE_CODE21":"3","STE_NAME21":"Queensland","AUS_CODE21":"AUS","AUS_NAME21":"Australia","AREASQKM21":537.1672,"LOCI_URI21":"http://linked.data.gov.au/dataset/asgsed3/LGA2021/36250","SHAPE_Leng":3.33111129954,"SHAPE_Area":0.0490885428555}},{"arcs":[[-854,-867,-869,1054,-992]],"type":"Polygon","properties":{"LGA_CODE21":"36300","LGA_NAME21":"Richmond","STE_CODE21":"3","STE_NAME21":"Queensland","AUS_CODE21":"AUS","AUS_NAME21":"Australia","AREASQKM21":26580.748,"LOCI_URI21":"http://linked.data.gov.au/dataset/asgsed3/LGA2021/36300","SHAPE_Leng":8.2780383357,"SHAPE_Area":2.30237516171}},{"arcs":[[1055,-886,-687,-781,1056,-779,-937]],"type":"Polygon","properties":{"LGA_CODE21":"36370","LGA_NAME21":"Rockhampton","STE_CODE21":"3","STE_NAME21":"Queensland","AUS_CODE21":"AUS","AUS_NAME21":"Australia","AREASQKM21":6570.2667,"LOCI_URI21":"http://linked.data.gov.au/dataset/asgsed3/LGA2021/36370","SHAPE_Leng":5.45471940541,"SHAPE_Area":0.580561725728}},{"arcs":[[-894,-386,-267,-383,1057,-963,-919,-968]],"type":"Polygon","properties":{"LGA_CODE21":"36510","LGA_NAME21":"Scenic Rim","STE_CODE21":"3","STE_NAME21":"Queensland","AUS_CODE21":"AUS","AUS_NAME21":"Australia","AREASQKM21":4243.0014,"LOCI_URI21":"http://linked.data.gov.au/dataset/asgsed3/LGA2021/36510","SHAPE_Leng":3.88535382354,"SHAPE_Area":0.389473815854}},{"arcs":[[1058,-909,1059,-1003,-722,-921,-966,1060]],"type":"Polygon","properties":{"LGA_CODE21":"36580","LGA_NAME21":"Somerset","STE_CODE21":"3","STE_NAME21":"Queensland","AUS_CODE21":"AUS","AUS_NAME21":"Australia","AREASQKM21":5373.4335,"LOCI_URI21":"http://linked.data.gov.au/dataset/asgsed3/LGA2021/36580","SHAPE_Leng":5.45900137435,"SHAPE_Area":0.488635896344}},{"arcs":[[-1027,-910,-1059,1061,1062],[-796]],"type":"Polygon","properties":{"LGA_CODE21":"36630","LGA_NAME21":"South Burnett","STE_CODE21":"3","STE_NAME21":"Queensland","AUS_CODE21":"AUS","AUS_NAME21":"Australia","AREASQKM21":8381.558,"LOCI_URI21":"http://linked.data.gov.au/dataset/asgsed3/LGA2021/36630","SHAPE_Leng":6.10229118674,"SHAPE_Area":0.758235855628}},{"arcs":[[1063,-964,-1058,-385,-904]],"type":"Polygon","properties":{"LGA_CODE21":"36660","LGA_NAME21":"Southern Downs","STE_CODE21":"3","STE_NAME21":"Queensland","AUS_CODE21":"AUS","AUS_NAME21":"Australia","AREASQKM21":7106.436,"LOCI_URI21":"http://linked.data.gov.au/dataset/asgsed3/LGA2021/36660","SHAPE_Leng":5.63354842711,"SHAPE_Area":0.654377807741}},{"arcs":[[[-1004,-1060,-908,-1025,1064]],[[1065,-1006]]],"type":"MultiPolygon","properties":{"LGA_CODE21":"36720","LGA_NAME21":"Sunshine Coast","STE_CODE21":"3","STE_NAME21":"Queensland","AUS_CODE21":"AUS","AUS_NAME21":"Australia","AREASQKM21":2253.8522,"LOCI_URI21":"http://linked.data.gov.au/dataset/asgsed3/LGA2021/36720","SHAPE_Leng":3.41018302141,"SHAPE_Area":0.204399651664}},{"arcs":[[-755,-766,-911,-793,-865,-1001]],"type":"Polygon","properties":{"LGA_CODE21":"36820","LGA_NAME21":"Tablelands","STE_CODE21":"3","STE_NAME21":"Queensland","AUS_CODE21":"AUS","AUS_NAME21":"Australia","AREASQKM21":11292.8695,"LOCI_URI21":"http://linked.data.gov.au/dataset/asgsed3/LGA2021/36820","SHAPE_Leng":7.14020973377,"SHAPE_Area":0.963072477845}},{"arcs":[[-1061,-965,-1064,-903,1066,-1062]],"type":"Polygon","properties":{"LGA_CODE21":"36910","LGA_NAME21":"Toowoomba","STE_CODE21":"3","STE_NAME21":"Queensland","AUS_CODE21":"AUS","AUS_NAME21":"Australia","AREASQKM21":12957.2103,"LOCI_URI21":"http://linked.data.gov.au/dataset/asgsed3/LGA2021/36910","SHAPE_Leng":8.18088017824,"SHAPE_Area":1.18424321604}},{"arcs":[[[1067,-1035,1068,-830,-1031]],[[1069,-1029]],[[-1033,1070]],[[1071]],[[1072]],[[1073]],[[1074]],[[1075]],[[1076]],[[1077]],[[1078]],[[1079]],[[1080]],[[1081]],[[1082]],[[1083]],[[1084]],[[1085]],[[1086]],[[1087]],[[1088]],[[1089]],[[1090]],[[1091]],[[1092]],[[1093]],[[1094]]],"type":"MultiPolygon","properties":{"LGA_CODE21":"36950","LGA_NAME21":"Torres","STE_CODE21":"3","STE_NAME21":"Queensland","AUS_CODE21":"AUS","AUS_NAME21":"Australia","AREASQKM21":883.7402,"LOCI_URI21":"http://linked.data.gov.au/dataset/asgsed3/LGA2021/36950","SHAPE_Leng":7.55309485972,"SHAPE_Area":0.0730400737193}},{"arcs":[[[1095]],[[1096]],[[1097]],[[1098]],[[1099]],[[1100]],[[1101]],[[1102]],[[1103]],[[1104]]],"type":"MultiPolygon","properties":{"LGA_CODE21":"36960","LGA_NAME21":"Torres Strait Island","STE_CODE21":"3","STE_NAME21":"Queensland","AUS_CODE21":"AUS","AUS_NAME21":"Australia","AREASQKM21":490.0453,"LOCI_URI21":"http://linked.data.gov.au/dataset/asgsed3/LGA2021/36960","SHAPE_Leng":2.78274635991,"SHAPE_Area":0.0403936219939}},{"arcs":[[[-913,1105,-738,-795]],[[1106]],[[1107]]],"type":"MultiPolygon","properties":{"LGA_CODE21":"37010","LGA_NAME21":"Townsville","STE_CODE21":"3","STE_NAME21":"Queensland","AUS_CODE21":"AUS","AUS_NAME21":"Australia","AREASQKM21":3730.8199,"LOCI_URI21":"http://linked.data.gov.au/dataset/asgsed3/LGA2021/37010","SHAPE_Leng":4.91912930533,"SHAPE_Area":0.320845653444}},{"arcs":[[-818,1108,-852,1109]],"type":"Polygon","properties":{"LGA_CODE21":"37300","LGA_NAME21":"Weipa","STE_CODE21":"3","STE_NAME21":"Queensland","AUS_CODE21":"AUS","AUS_NAME21":"Australia","AREASQKM21":10.4643,"LOCI_URI21":"http://linked.data.gov.au/dataset/asgsed3/LGA2021/37300","SHAPE_Leng":0.31902840864,"SHAPE_Area":0.000870678180183}},{"arcs":[[-690,-1028,-1063,-1067,-902,-683,-998]],"type":"Polygon","properties":{"LGA_CODE21":"37310","LGA_NAME21":"Western Downs","STE_CODE21":"3","STE_NAME21":"Queensland","AUS_CODE21":"AUS","AUS_NAME21":"Australia","AREASQKM21":37922.5007,"LOCI_URI21":"http://linked.data.gov.au/dataset/asgsed3/LGA2021/37310","SHAPE_Leng":12.7234391908,"SHAPE_Area":3.44363935879}},{"arcs":[[[1110,-971,-925,-789,-736]],[[1111]],[[1112]],[[1113]],[[1114]],[[1115]],[[1116]],[[1117]],[[1118]],[[1119]],[[1120]],[[1121]],[[1122]],[[1123]],[[1124]],[[1125]]],"type":"MultiPolygon","properties":{"LGA_CODE21":"37340","LGA_NAME21":"Whitsunday","STE_CODE21":"3","STE_NAME21":"Queensland","AUS_CODE21":"AUS","AUS_NAME21":"Australia","AREASQKM21":23818.9729,"LOCI_URI21":"http://linked.data.gov.au/dataset/asgsed3/LGA2021/37340","SHAPE_Leng":15.738799732,"SHAPE_Area":2.06523337834}},{"arcs":[[-1055,-868,-693,-970,-700,-856,-713,-798,-993]],"type":"Polygon","properties":{"LGA_CODE21":"37400","LGA_NAME21":"Winton","STE_CODE21":"3","STE_NAME21":"Queensland","AUS_CODE21":"AUS","AUS_NAME21":"Australia","AREASQKM21":53813.4826,"LOCI_URI21":"http://linked.data.gov.au/dataset/asgsed3/LGA2021/37400","SHAPE_Leng":12.733005416,"SHAPE_Area":4.7243161011}},{"arcs":[[[-1057,-780]],[[-785]],[[-786]],[[-787]],[[-788]]],"type":"MultiPolygon","properties":{"LGA_CODE21":"37550","LGA_NAME21":"Woorabinda","STE_CODE21":"3","STE_NAME21":"Queensland","AUS_CODE21":"AUS","AUS_NAME21":"Australia","AREASQKM21":390.5578,"LOCI_URI21":"http://linked.data.gov.au/dataset/asgsed3/LGA2021/37550","SHAPE_Leng":1.73962334851,"SHAPE_Area":0.0346414600438}},{"arcs":[[-804,-861]],"type":"Polygon","properties":{"LGA_CODE21":"37570","LGA_NAME21":"Wujal Wujal","STE_CODE21":"3","STE_NAME21":"Queensland","AUS_CODE21":"AUS","AUS_NAME21":"Australia","AREASQKM21":11.842,"LOCI_URI21":"http://linked.data.gov.au/dataset/asgsed3/LGA2021/37570","SHAPE_Leng":0.257410407219,"SHAPE_Area":0.000999650002647}},{"arcs":[[-752,1126]],"type":"Polygon","properties":{"LGA_CODE21":"37600","LGA_NAME21":"Yarrabah","STE_CODE21":"3","STE_NAME21":"Queensland","AUS_CODE21":"AUS","AUS_NAME21":"Australia","AREASQKM21":158.8381,"LOCI_URI21":"http://linked.data.gov.au/dataset/asgsed3/LGA2021/37600","SHAPE_Leng":0.983645248023,"SHAPE_Area":0.0134779318743}},{"type":null,"properties":{"LGA_CODE21":"39499","LGA_NAME21":"No usual address (Qld)","STE_CODE21":"3","STE_NAME21":"Queensland","AUS_CODE21":"AUS","AUS_NAME21":"Australia","AREASQKM21":0,"LOCI_URI21":"http://linked.data.gov.au/dataset/asgsed3/LGA2021/39499","SHAPE_Leng":0,"SHAPE_Area":0}},{"type":null,"properties":{"LGA_CODE21":"39799","LGA_NAME21":"Migratory - Offshore - Shipping (Qld)","STE_CODE21":"3","STE_NAME21":"Queensland","AUS_CODE21":"AUS","AUS_NAME21":"Australia","AREASQKM21":0,"LOCI_URI21":"http://linked.data.gov.au/dataset/asgsed3/LGA2021/39799","SHAPE_Leng":0,"SHAPE_Area":0}},{"arcs":[[1127,1128,1129,1130,1131,1132,1133]],"type":"Polygon","properties":{"LGA_CODE21":"40070","LGA_NAME21":"Adelaide","STE_CODE21":"4","STE_NAME21":"South Australia","AUS_CODE21":"AUS","AUS_NAME21":"Australia","AREASQKM21":15.5733,"LOCI_URI21":"http://linked.data.gov.au/dataset/asgsed3/LGA2021/40070","SHAPE_Leng":0.157650001873,"SHAPE_Area":0.00153618463753}},{"arcs":[[1134,1135,1136,1137,1138,1139,1140,1141,1142]],"type":"Polygon","properties":{"LGA_CODE21":"40120","LGA_NAME21":"Adelaide Hills","STE_CODE21":"4","STE_NAME21":"South Australia","AUS_CODE21":"AUS","AUS_NAME21":"Australia","AREASQKM21":794.4957,"LOCI_URI21":"http://linked.data.gov.au/dataset/asgsed3/LGA2021/40120","SHAPE_Leng":1.88177255791,"SHAPE_Area":0.0783482666913}},{"arcs":[[1143,1144,1145,1146]],"type":"Polygon","properties":{"LGA_CODE21":"40150","LGA_NAME21":"Adelaide Plains","STE_CODE21":"4","STE_NAME21":"South Australia","AUS_CODE21":"AUS","AUS_NAME21":"Australia","AREASQKM21":932.4913,"LOCI_URI21":"http://linked.data.gov.au/dataset/asgsed3/LGA2021/40150","SHAPE_Leng":1.61025457454,"SHAPE_Area":0.0915082038003}},{"arcs":[[1147,1148,1149,1150,1151,1152,1153]],"type":"Polygon","properties":{"LGA_CODE21":"40220","LGA_NAME21":"Alexandrina","STE_CODE21":"4","STE_NAME21":"South Australia","AUS_CODE21":"AUS","AUS_NAME21":"Australia","AREASQKM21":1826.8067,"LOCI_URI21":"http://linked.data.gov.au/dataset/asgsed3/LGA2021/40220","SHAPE_Leng":2.18138772137,"SHAPE_Area":0.181147801662}},{"arcs":[[[1154]],[[1155,1156,1157,1158,1159]]],"type":"MultiPolygon","properties":{"LGA_CODE21":"40250","LGA_NAME21":"Anangu Pitjantjatjara Yunkunytjatjara","STE_CODE21":"4","STE_NAME21":"South Australia","AUS_CODE21":"AUS","AUS_NAME21":"Australia","AREASQKM21":102348.117,"LOCI_URI21":"http://linked.data.gov.au/dataset/asgsed3/LGA2021/40250","SHAPE_Leng":15.1382544438,"SHAPE_Area":9.30752988865}},{"arcs":[[1160,-1136,1161,1162,1163]],"type":"Polygon","properties":{"LGA_CODE21":"40310","LGA_NAME21":"Barossa","STE_CODE21":"4","STE_NAME21":"South Australia","AUS_CODE21":"AUS","AUS_NAME21":"Australia","AREASQKM21":893.5424,"LOCI_URI21":"http://linked.data.gov.au/dataset/asgsed3/LGA2021/40310","SHAPE_Leng":2.06210132757,"SHAPE_Area":0.0878313683095}},{"arcs":[[1164,1165,1166,1167,1168]],"type":"Polygon","properties":{"LGA_CODE21":"40430","LGA_NAME21":"Barunga West","STE_CODE21":"4","STE_NAME21":"South Australia","AUS_CODE21":"AUS","AUS_NAME21":"Australia","AREASQKM21":1590.3887,"LOCI_URI21":"http://linked.data.gov.au/dataset/asgsed3/LGA2021/40430","SHAPE_Leng":2.4891972214,"SHAPE_Area":0.154838871209}},{"arcs":[[1169,1170,1171,1172,1173]],"type":"Polygon","properties":{"LGA_CODE21":"40520","LGA_NAME21":"Berri Barmera","STE_CODE21":"4","STE_NAME21":"South Australia","AUS_CODE21":"AUS","AUS_NAME21":"Australia","AREASQKM21":476.1962,"LOCI_URI21":"http://linked.data.gov.au/dataset/asgsed3/LGA2021/40520","SHAPE_Leng":1.9872157744,"SHAPE_Area":0.0466131059092}},{"arcs":[[1174,-1141,1175,1176,-1131,1177]],"type":"Polygon","properties":{"LGA_CODE21":"40700","LGA_NAME21":"Burnside","STE_CODE21":"4","STE_NAME21":"South Australia","AUS_CODE21":"AUS","AUS_NAME21":"Australia","AREASQKM21":27.5183,"LOCI_URI21":"http://linked.data.gov.au/dataset/asgsed3/LGA2021/40700","SHAPE_Leng":0.326824011203,"SHAPE_Area":0.00271523049141}},{"arcs":[[1178,-1142,-1175,1179,1180]],"type":"Polygon","properties":{"LGA_CODE21":"40910","LGA_NAME21":"Campbelltown (SA)","STE_CODE21":"4","STE_NAME21":"South Australia","AUS_CODE21":"AUS","AUS_NAME21":"Australia","AREASQKM21":24.3485,"LOCI_URI21":"http://linked.data.gov.au/dataset/asgsed3/LGA2021/40910","SHAPE_Leng":0.272299795053,"SHAPE_Area":0.00240094798518}},{"arcs":[[1181,1182,1183]],"type":"Polygon","properties":{"LGA_CODE21":"41010","LGA_NAME21":"Ceduna","STE_CODE21":"4","STE_NAME21":"South Australia","AUS_CODE21":"AUS","AUS_NAME21":"Australia","AREASQKM21":5420.3435,"LOCI_URI21":"http://linked.data.gov.au/dataset/asgsed3/LGA2021/41010","SHAPE_Leng":5.99471695959,"SHAPE_Area":0.517883936744}},{"arcs":[[1184,-1134,1185,1186,1187]],"type":"Polygon","properties":{"LGA_CODE21":"41060","LGA_NAME21":"Charles Sturt","STE_CODE21":"4","STE_NAME21":"South Australia","AUS_CODE21":"AUS","AUS_NAME21":"Australia","AREASQKM21":54.7876,"LOCI_URI21":"http://linked.data.gov.au/dataset/asgsed3/LGA2021/41060","SHAPE_Leng":0.437964779648,"SHAPE_Area":0.00540283940983}},{"arcs":[[1188,1189,1190,1191]],"type":"Polygon","properties":{"LGA_CODE21":"41140","LGA_NAME21":"Clare and Gilbert Valleys","STE_CODE21":"4","STE_NAME21":"South Australia","AUS_CODE21":"AUS","AUS_NAME21":"Australia","AREASQKM21":1892.4466,"LOCI_URI21":"http://linked.data.gov.au/dataset/asgsed3/LGA2021/41140","SHAPE_Leng":2.38458577343,"SHAPE_Area":0.184682405056}},{"arcs":[[1192,1193,1194,1195,1196]],"type":"Polygon","properties":{"LGA_CODE21":"41190","LGA_NAME21":"Cleve","STE_CODE21":"4","STE_NAME21":"South Australia","AUS_CODE21":"AUS","AUS_NAME21":"Australia","AREASQKM21":5018.8483,"LOCI_URI21":"http://linked.data.gov.au/dataset/asgsed3/LGA2021/41190","SHAPE_Leng":2.81091272311,"SHAPE_Area":0.487802460169}},{"arcs":[[1197]],"type":"Polygon","properties":{"LGA_CODE21":"41330","LGA_NAME21":"Coober Pedy","STE_CODE21":"4","STE_NAME21":"South Australia","AUS_CODE21":"AUS","AUS_NAME21":"Australia","AREASQKM21":77.6795,"LOCI_URI21":"http://linked.data.gov.au/dataset/asgsed3/LGA2021/41330","SHAPE_Leng":0.345150339915,"SHAPE_Area":0.00719376106127}},{"arcs":[[-1168,1198,1199]],"type":"Polygon","properties":{"LGA_CODE21":"41560","LGA_NAME21":"Copper Coast","STE_CODE21":"4","STE_NAME21":"South Australia","AUS_CODE21":"AUS","AUS_NAME21":"Australia","AREASQKM21":772.9149,"LOCI_URI21":"http://linked.data.gov.au/dataset/asgsed3/LGA2021/41560","SHAPE_Leng":1.49367118408,"SHAPE_Area":0.0754100448157}},{"arcs":[[[1200,1201,1202,-1197,1203,1204,1205]],[[1206]],[[1207]],[[1208]]],"type":"MultiPolygon","properties":{"LGA_CODE21":"41750","LGA_NAME21":"Elliston","STE_CODE21":"4","STE_NAME21":"South Australia","AUS_CODE21":"AUS","AUS_NAME21":"Australia","AREASQKM21":6741.9317,"LOCI_URI21":"http://linked.data.gov.au/dataset/asgsed3/LGA2021/41750","SHAPE_Leng":5.09832918631,"SHAPE_Area":0.654615673901}},{"arcs":[[1209,1210,1211,1212]],"type":"Polygon","properties":{"LGA_CODE21":"41830","LGA_NAME21":"Flinders Ranges","STE_CODE21":"4","STE_NAME21":"South Australia","AUS_CODE21":"AUS","AUS_NAME21":"Australia","AREASQKM21":4070.4827,"LOCI_URI21":"http://linked.data.gov.au/dataset/asgsed3/LGA2021/41830","SHAPE_Leng":3.38856950647,"SHAPE_Area":0.388797582459}},{"arcs":[[1213,1214,1215,1216,-1194]],"type":"Polygon","properties":{"LGA_CODE21":"41960","LGA_NAME21":"Franklin Harbour","STE_CODE21":"4","STE_NAME21":"South Australia","AUS_CODE21":"AUS","AUS_NAME21":"Australia","AREASQKM21":2755.5639,"LOCI_URI21":"http://linked.data.gov.au/dataset/asgsed3/LGA2021/41960","SHAPE_Leng":2.3690155845,"SHAPE_Area":0.267471086446}},{"arcs":[[-1163,1217,1218]],"type":"Polygon","properties":{"LGA_CODE21":"42030","LGA_NAME21":"Gawler","STE_CODE21":"4","STE_NAME21":"South Australia","AUS_CODE21":"AUS","AUS_NAME21":"Australia","AREASQKM21":41.1379,"LOCI_URI21":"http://linked.data.gov.au/dataset/asgsed3/LGA2021/42030","SHAPE_Leng":0.384624774357,"SHAPE_Area":0.00404368120156}},{"arcs":[[1219,1220,1221,-1190,1222,1223]],"type":"Polygon","properties":{"LGA_CODE21":"42110","LGA_NAME21":"Goyder","STE_CODE21":"4","STE_NAME21":"South Australia","AUS_CODE21":"AUS","AUS_NAME21":"Australia","AREASQKM21":6715.1418,"LOCI_URI21":"http://linked.data.gov.au/dataset/asgsed3/LGA2021/42110","SHAPE_Leng":3.97231174121,"SHAPE_Area":0.652646466591}},{"arcs":[[-521,1224,1225],[1226]],"type":"Polygon","properties":{"LGA_CODE21":"42250","LGA_NAME21":"Grant","STE_CODE21":"4","STE_NAME21":"South Australia","AUS_CODE21":"AUS","AUS_NAME21":"Australia","AREASQKM21":1897.8235,"LOCI_URI21":"http://linked.data.gov.au/dataset/asgsed3/LGA2021/42250","SHAPE_Leng":2.66425610315,"SHAPE_Area":0.194266924344}},{"arcs":[[1227,1228,1229]],"type":"Polygon","properties":{"LGA_CODE21":"42600","LGA_NAME21":"Holdfast Bay","STE_CODE21":"4","STE_NAME21":"South Australia","AUS_CODE21":"AUS","AUS_NAME21":"Australia","AREASQKM21":13.752,"LOCI_URI21":"http://linked.data.gov.au/dataset/asgsed3/LGA2021/42600","SHAPE_Leng":0.23418672535,"SHAPE_Area":0.00135793996931}},{"arcs":[[1230]],"type":"Polygon","properties":{"LGA_CODE21":"42750","LGA_NAME21":"Kangaroo Island","STE_CODE21":"4","STE_NAME21":"South Australia","AUS_CODE21":"AUS","AUS_NAME21":"Australia","AREASQKM21":4400.863,"LOCI_URI21":"http://linked.data.gov.au/dataset/asgsed3/LGA2021/42750","SHAPE_Leng":5.73041190005,"SHAPE_Area":0.43895069837}},{"arcs":[[1231,1232,1233,1234,1235]],"type":"Polygon","properties":{"LGA_CODE21":"43080","LGA_NAME21":"Karoonda East Murray","STE_CODE21":"4","STE_NAME21":"South Australia","AUS_CODE21":"AUS","AUS_NAME21":"Australia","AREASQKM21":4415.796,"LOCI_URI21":"http://linked.data.gov.au/dataset/asgsed3/LGA2021/43080","SHAPE_Leng":3.10145188545,"SHAPE_Area":0.4357610633}},{"arcs":[[1236,1237,-1214,-1193,-1203,1238,1239]],"type":"Polygon","properties":{"LGA_CODE21":"43220","LGA_NAME21":"Kimba","STE_CODE21":"4","STE_NAME21":"South Australia","AUS_CODE21":"AUS","AUS_NAME21":"Australia","AREASQKM21":5697.1074,"LOCI_URI21":"http://linked.data.gov.au/dataset/asgsed3/LGA2021/43220","SHAPE_Leng":4.62536659569,"SHAPE_Area":0.549707045913}},{"arcs":[[1240,1241,1242,1243,1244]],"type":"Polygon","properties":{"LGA_CODE21":"43360","LGA_NAME21":"Kingston (SA)","STE_CODE21":"4","STE_NAME21":"South Australia","AUS_CODE21":"AUS","AUS_NAME21":"Australia","AREASQKM21":3339.7952,"LOCI_URI21":"http://linked.data.gov.au/dataset/asgsed3/LGA2021/43360","SHAPE_Leng":3.21299456626,"SHAPE_Area":0.336551935635}},{"arcs":[[1245,-1191,-1222,1246,-1164,-1219,1247,-1145]],"type":"Polygon","properties":{"LGA_CODE21":"43650","LGA_NAME21":"Light","STE_CODE21":"4","STE_NAME21":"South Australia","AUS_CODE21":"AUS","AUS_NAME21":"Australia","AREASQKM21":1276.8453,"LOCI_URI21":"http://linked.data.gov.au/dataset/asgsed3/LGA2021/43650","SHAPE_Leng":2.44174603624,"SHAPE_Area":0.125198369084}},{"arcs":[[[-1205,1248,1249,1250,1251]],[[1252]],[[1253]],[[1254]],[[1255]],[[1256]]],"type":"MultiPolygon","properties":{"LGA_CODE21":"43710","LGA_NAME21":"Lower Eyre Peninsula","STE_CODE21":"4","STE_NAME21":"South Australia","AUS_CODE21":"AUS","AUS_NAME21":"Australia","AREASQKM21":4721.3922,"LOCI_URI21":"http://linked.data.gov.au/dataset/asgsed3/LGA2021/43710","SHAPE_Leng":8.33233314316,"SHAPE_Area":0.462958359029}},{"arcs":[[1257,-1174,1258,-1172,1259,-610,1260,-1233,1261]],"type":"Polygon","properties":{"LGA_CODE21":"43790","LGA_NAME21":"Loxton Waikerie","STE_CODE21":"4","STE_NAME21":"South Australia","AUS_CODE21":"AUS","AUS_NAME21":"Australia","AREASQKM21":7763.8714,"LOCI_URI21":"http://linked.data.gov.au/dataset/asgsed3/LGA2021/43790","SHAPE_Leng":5.57557530476,"SHAPE_Area":0.762146014055}},{"arcs":[[1262,1263,1264,-1158,1265]],"type":"Polygon","properties":{"LGA_CODE21":"44000","LGA_NAME21":"Maralinga Tjarutja","STE_CODE21":"4","STE_NAME21":"South Australia","AUS_CODE21":"AUS","AUS_NAME21":"Australia","AREASQKM21":105766.3105,"LOCI_URI21":"http://linked.data.gov.au/dataset/asgsed3/LGA2021/44000","SHAPE_Leng":13.2085234908,"SHAPE_Area":9.83240475031}},{"arcs":[[1266,1267,1268,1269,-1229,1270]],"type":"Polygon","properties":{"LGA_CODE21":"44060","LGA_NAME21":"Marion","STE_CODE21":"4","STE_NAME21":"South Australia","AUS_CODE21":"AUS","AUS_NAME21":"Australia","AREASQKM21":55.6406,"LOCI_URI21":"http://linked.data.gov.au/dataset/asgsed3/LGA2021/44060","SHAPE_Leng":0.41325800059,"SHAPE_Area":0.00549586018487}},{"arcs":[[-1247,-1221,1271,-1262,-1232,1272,1273,-1137,-1161]],"type":"Polygon","properties":{"LGA_CODE21":"44210","LGA_NAME21":"Mid Murray","STE_CODE21":"4","STE_NAME21":"South Australia","AUS_CODE21":"AUS","AUS_NAME21":"Australia","AREASQKM21":6271.6255,"LOCI_URI21":"http://linked.data.gov.au/dataset/asgsed3/LGA2021/44210","SHAPE_Leng":4.83921917364,"SHAPE_Area":0.615246419276}},{"arcs":[[1274,-1176,-1140,1275,-1268]],"type":"Polygon","properties":{"LGA_CODE21":"44340","LGA_NAME21":"Mitcham","STE_CODE21":"4","STE_NAME21":"South Australia","AUS_CODE21":"AUS","AUS_NAME21":"Australia","AREASQKM21":75.5468,"LOCI_URI21":"http://linked.data.gov.au/dataset/asgsed3/LGA2021/44340","SHAPE_Leng":0.440742752335,"SHAPE_Area":0.00745993997364}},{"arcs":[[-1274,1276,-1148,1277,-1138]],"type":"Polygon","properties":{"LGA_CODE21":"44550","LGA_NAME21":"Mount Barker","STE_CODE21":"4","STE_NAME21":"South Australia","AUS_CODE21":"AUS","AUS_NAME21":"Australia","AREASQKM21":594.6406,"LOCI_URI21":"http://linked.data.gov.au/dataset/asgsed3/LGA2021/44550","SHAPE_Leng":1.61640204904,"SHAPE_Area":0.0587758123178}},{"arcs":[[-1227]],"type":"Polygon","properties":{"LGA_CODE21":"44620","LGA_NAME21":"Mount Gambier","STE_CODE21":"4","STE_NAME21":"South Australia","AUS_CODE21":"AUS","AUS_NAME21":"Australia","AREASQKM21":33.8938,"LOCI_URI21":"http://linked.data.gov.au/dataset/asgsed3/LGA2021/44620","SHAPE_Leng":0.270364115363,"SHAPE_Area":0.00346854101835}},{"arcs":[[1278,-1211,1279,1280,1281,1282]],"type":"Polygon","properties":{"LGA_CODE21":"44830","LGA_NAME21":"Mount Remarkable","STE_CODE21":"4","STE_NAME21":"South Australia","AUS_CODE21":"AUS","AUS_NAME21":"Australia","AREASQKM21":3422.7733,"LOCI_URI21":"http://linked.data.gov.au/dataset/asgsed3/LGA2021/44830","SHAPE_Leng":2.76534019918,"SHAPE_Area":0.329363679148}},{"arcs":[[-1273,-1236,1283,-1149,-1277]],"type":"Polygon","properties":{"LGA_CODE21":"45040","LGA_NAME21":"Murray Bridge","STE_CODE21":"4","STE_NAME21":"South Australia","AUS_CODE21":"AUS","AUS_NAME21":"Australia","AREASQKM21":1831.7597,"LOCI_URI21":"http://linked.data.gov.au/dataset/asgsed3/LGA2021/45040","SHAPE_Leng":2.48959881084,"SHAPE_Area":0.181215042202}},{"arcs":[[1284,-662,1285,1286,-1243]],"type":"Polygon","properties":{"LGA_CODE21":"45090","LGA_NAME21":"Naracoorte Lucindale","STE_CODE21":"4","STE_NAME21":"South Australia","AUS_CODE21":"AUS","AUS_NAME21":"Australia","AREASQKM21":4519.715,"LOCI_URI21":"http://linked.data.gov.au/dataset/asgsed3/LGA2021/45090","SHAPE_Leng":3.09899058109,"SHAPE_Area":0.457407232683}},{"arcs":[[1287,1288,-1223,-1189,1289,1290,-1281]],"type":"Polygon","properties":{"LGA_CODE21":"45120","LGA_NAME21":"Northern Areas","STE_CODE21":"4","STE_NAME21":"South Australia","AUS_CODE21":"AUS","AUS_NAME21":"Australia","AREASQKM21":2986.1818,"LOCI_URI21":"http://linked.data.gov.au/dataset/asgsed3/LGA2021/45120","SHAPE_Leng":2.74303421611,"SHAPE_Area":0.289045403294}},{"arcs":[[1291,-1180,-1178,-1130,1292]],"type":"Polygon","properties":{"LGA_CODE21":"45290","LGA_NAME21":"Norwood Payneham and St Peters","STE_CODE21":"4","STE_NAME21":"South Australia","AUS_CODE21":"AUS","AUS_NAME21":"Australia","AREASQKM21":15.1036,"LOCI_URI21":"http://linked.data.gov.au/dataset/asgsed3/LGA2021/45290","SHAPE_Leng":0.200564775515,"SHAPE_Area":0.00148964151576}},{"arcs":[[-1139,-1278,-1154,1293,1294,-1269,-1276]],"type":"Polygon","properties":{"LGA_CODE21":"45340","LGA_NAME21":"Onkaparinga","STE_CODE21":"4","STE_NAME21":"South Australia","AUS_CODE21":"AUS","AUS_NAME21":"Australia","AREASQKM21":518.1255,"LOCI_URI21":"http://linked.data.gov.au/dataset/asgsed3/LGA2021/45340","SHAPE_Leng":1.17609334946,"SHAPE_Area":0.0512699196435}},{"arcs":[[-1210,1295,1296,-1288,-1280]],"type":"Polygon","properties":{"LGA_CODE21":"45400","LGA_NAME21":"Orroroo Carrieton","STE_CODE21":"4","STE_NAME21":"South Australia","AUS_CODE21":"AUS","AUS_NAME21":"Australia","AREASQKM21":3321.8239,"LOCI_URI21":"http://linked.data.gov.au/dataset/asgsed3/LGA2021/45400","SHAPE_Leng":2.54570710919,"SHAPE_Area":0.318818712927}},{"arcs":[[-1297,1297,-1224,-1289]],"type":"Polygon","properties":{"LGA_CODE21":"45540","LGA_NAME21":"Peterborough","STE_CODE21":"4","STE_NAME21":"South Australia","AUS_CODE21":"AUS","AUS_NAME21":"Australia","AREASQKM21":3020.142,"LOCI_URI21":"http://linked.data.gov.au/dataset/asgsed3/LGA2021/45540","SHAPE_Leng":2.31310600815,"SHAPE_Area":0.290958425029}},{"arcs":[[1298,-1146,-1248,-1218,-1162,-1135,1299,1300]],"type":"Polygon","properties":{"LGA_CODE21":"45680","LGA_NAME21":"Playford","STE_CODE21":"4","STE_NAME21":"South Australia","AUS_CODE21":"AUS","AUS_NAME21":"Australia","AREASQKM21":345.2038,"LOCI_URI21":"http://linked.data.gov.au/dataset/asgsed3/LGA2021/45680","SHAPE_Leng":1.47775500548,"SHAPE_Area":0.033959273867}},{"arcs":[[1301,-1181,-1292,1302,1303,-1188,1304,1305]],"type":"Polygon","properties":{"LGA_CODE21":"45890","LGA_NAME21":"Port Adelaide Enfield","STE_CODE21":"4","STE_NAME21":"South Australia","AUS_CODE21":"AUS","AUS_NAME21":"Australia","AREASQKM21":91.7588,"LOCI_URI21":"http://linked.data.gov.au/dataset/asgsed3/LGA2021/45890","SHAPE_Leng":0.883850601134,"SHAPE_Area":0.00904292060527}},{"arcs":[[1306,1307,-1212,-1279,1308]],"type":"Polygon","properties":{"LGA_CODE21":"46090","LGA_NAME21":"Port Augusta","STE_CODE21":"4","STE_NAME21":"South Australia","AUS_CODE21":"AUS","AUS_NAME21":"Australia","AREASQKM21":1157.9905,"LOCI_URI21":"http://linked.data.gov.au/dataset/asgsed3/LGA2021/46090","SHAPE_Leng":2.87189384972,"SHAPE_Area":0.111226249233}},{"arcs":[[1309,-1251]],"type":"Polygon","properties":{"LGA_CODE21":"46300","LGA_NAME21":"Port Lincoln","STE_CODE21":"4","STE_NAME21":"South Australia","AUS_CODE21":"AUS","AUS_NAME21":"Australia","AREASQKM21":30.3681,"LOCI_URI21":"http://linked.data.gov.au/dataset/asgsed3/LGA2021/46300","SHAPE_Leng":0.395050515864,"SHAPE_Area":0.00298888622231}},{"arcs":[[-1282,-1291,1310,-1165,1311]],"type":"Polygon","properties":{"LGA_CODE21":"46450","LGA_NAME21":"Port Pirie","STE_CODE21":"4","STE_NAME21":"South Australia","AUS_CODE21":"AUS","AUS_NAME21":"Australia","AREASQKM21":1760.7097,"LOCI_URI21":"http://linked.data.gov.au/dataset/asgsed3/LGA2021/46450","SHAPE_Leng":2.7286661461,"SHAPE_Area":0.170599922284}},{"arcs":[[1312,-1128,-1185,-1304]],"type":"Polygon","properties":{"LGA_CODE21":"46510","LGA_NAME21":"Prospect","STE_CODE21":"4","STE_NAME21":"South Australia","AUS_CODE21":"AUS","AUS_NAME21":"Australia","AREASQKM21":7.7915,"LOCI_URI21":"http://linked.data.gov.au/dataset/asgsed3/LGA2021/46510","SHAPE_Leng":0.1219205819,"SHAPE_Area":0.000768300083449}},{"arcs":[[-611,-1260,-1171,1313]],"type":"Polygon","properties":{"LGA_CODE21":"46670","LGA_NAME21":"Renmark Paringa","STE_CODE21":"4","STE_NAME21":"South Australia","AUS_CODE21":"AUS","AUS_NAME21":"Australia","AREASQKM21":916.442,"LOCI_URI21":"http://linked.data.gov.au/dataset/asgsed3/LGA2021/46670","SHAPE_Leng":2.05257131889,"SHAPE_Area":0.0896194748804}},{"arcs":[[-1244,-1287,1314,1315]],"type":"Polygon","properties":{"LGA_CODE21":"46860","LGA_NAME21":"Robe","STE_CODE21":"4","STE_NAME21":"South Australia","AUS_CODE21":"AUS","AUS_NAME21":"Australia","AREASQKM21":1091.7162,"LOCI_URI21":"http://linked.data.gov.au/dataset/asgsed3/LGA2021/46860","SHAPE_Leng":1.73837751682,"SHAPE_Area":0.110786124554}},{"arcs":[[1316]],"type":"Polygon","properties":{"LGA_CODE21":"46970","LGA_NAME21":"Roxby Downs","STE_CODE21":"4","STE_NAME21":"South Australia","AUS_CODE21":"AUS","AUS_NAME21":"Australia","AREASQKM21":110.4778,"LOCI_URI21":"http://linked.data.gov.au/dataset/asgsed3/LGA2021/46970","SHAPE_Leng":0.442310018576,"SHAPE_Area":0.0103862495914}},{"arcs":[[-1306,1317,-1301,1318]],"type":"Polygon","properties":{"LGA_CODE21":"47140","LGA_NAME21":"Salisbury","STE_CODE21":"4","STE_NAME21":"South Australia","AUS_CODE21":"AUS","AUS_NAME21":"Australia","AREASQKM21":159.8432,"LOCI_URI21":"http://linked.data.gov.au/dataset/asgsed3/LGA2021/47140","SHAPE_Leng":0.683813618114,"SHAPE_Area":0.0157404892617}},{"arcs":[[-1261,-609,1319,1320,-1234]],"type":"Polygon","properties":{"LGA_CODE21":"47290","LGA_NAME21":"Southern Mallee","STE_CODE21":"4","STE_NAME21":"South Australia","AUS_CODE21":"AUS","AUS_NAME21":"Australia","AREASQKM21":5702.2024,"LOCI_URI21":"http://linked.data.gov.au/dataset/asgsed3/LGA2021/47290","SHAPE_Leng":3.34558204216,"SHAPE_Area":0.565726171931}},{"arcs":[[[-1183,1321,1322,-1201,1323]],[[1324]]],"type":"MultiPolygon","properties":{"LGA_CODE21":"47490","LGA_NAME21":"Streaky Bay","STE_CODE21":"4","STE_NAME21":"South Australia","AUS_CODE21":"AUS","AUS_NAME21":"Australia","AREASQKM21":6222.8591,"LOCI_URI21":"http://linked.data.gov.au/dataset/asgsed3/LGA2021/47490","SHAPE_Leng":6.29056953365,"SHAPE_Area":0.59848414877}},{"arcs":[[-1320,-608,-663,-1285,-1242,1325]],"type":"Polygon","properties":{"LGA_CODE21":"47630","LGA_NAME21":"Tatiara","STE_CODE21":"4","STE_NAME21":"South Australia","AUS_CODE21":"AUS","AUS_NAME21":"Australia","AREASQKM21":6527.2342,"LOCI_URI21":"http://linked.data.gov.au/dataset/asgsed3/LGA2021/47630","SHAPE_Leng":3.75576287198,"SHAPE_Area":0.65430186889}},{"arcs":[[-1302,-1319,-1300,-1143,-1179]],"type":"Polygon","properties":{"LGA_CODE21":"47700","LGA_NAME21":"Tea Tree Gully","STE_CODE21":"4","STE_NAME21":"South Australia","AUS_CODE21":"AUS","AUS_NAME21":"Australia","AREASQKM21":95.2109,"LOCI_URI21":"http://linked.data.gov.au/dataset/asgsed3/LGA2021/47700","SHAPE_Leng":0.604891696301,"SHAPE_Area":0.00937901014209}},{"arcs":[[-1150,-1284,-1235,-1321,-1326,-1241,1326],[1327]],"type":"Polygon","properties":{"LGA_CODE21":"47800","LGA_NAME21":"Coorong","STE_CODE21":"4","STE_NAME21":"South Australia","AUS_CODE21":"AUS","AUS_NAME21":"Australia","AREASQKM21":8833.4339,"LOCI_URI21":"http://linked.data.gov.au/dataset/asgsed3/LGA2021/47800","SHAPE_Leng":6.3637050814,"SHAPE_Area":0.879835044474}},{"arcs":[[-1249,-1204,-1196,1328]],"type":"Polygon","properties":{"LGA_CODE21":"47910","LGA_NAME21":"Tumby Bay","STE_CODE21":"4","STE_NAME21":"South Australia","AUS_CODE21":"AUS","AUS_NAME21":"Australia","AREASQKM21":2669.0794,"LOCI_URI21":"http://linked.data.gov.au/dataset/asgsed3/LGA2021/47910","SHAPE_Leng":2.87925044635,"SHAPE_Area":0.261004374392}},{"arcs":[[-1132,-1177,-1275,-1267,1329]],"type":"Polygon","properties":{"LGA_CODE21":"47980","LGA_NAME21":"Unley","STE_CODE21":"4","STE_NAME21":"South Australia","AUS_CODE21":"AUS","AUS_NAME21":"Australia","AREASQKM21":14.2703,"LOCI_URI21":"http://linked.data.gov.au/dataset/asgsed3/LGA2021/47980","SHAPE_Leng":0.170839264323,"SHAPE_Area":0.00140834093973}},{"arcs":[[-1152,1330,1331]],"type":"Polygon","properties":{"LGA_CODE21":"48050","LGA_NAME21":"Victor Harbor","STE_CODE21":"4","STE_NAME21":"South Australia","AUS_CODE21":"AUS","AUS_NAME21":"Australia","AREASQKM21":384.6255,"LOCI_URI21":"http://linked.data.gov.au/dataset/asgsed3/LGA2021/48050","SHAPE_Leng":1.02421015018,"SHAPE_Area":0.0382147616058}},{"arcs":[[-1311,-1290,-1192,-1246,-1144,1332,1333,-1166]],"type":"Polygon","properties":{"LGA_CODE21":"48130","LGA_NAME21":"Wakefield","STE_CODE21":"4","STE_NAME21":"South Australia","AUS_CODE21":"AUS","AUS_NAME21":"Australia","AREASQKM21":3468.4879,"LOCI_URI21":"http://linked.data.gov.au/dataset/asgsed3/LGA2021/48130","SHAPE_Leng":2.94946643323,"SHAPE_Area":0.338439007438}},{"arcs":[[-1303,-1293,-1129,-1313]],"type":"Polygon","properties":{"LGA_CODE21":"48260","LGA_NAME21":"Walkerville","STE_CODE21":"4","STE_NAME21":"South Australia","AUS_CODE21":"AUS","AUS_NAME21":"Australia","AREASQKM21":3.53,"LOCI_URI21":"http://linked.data.gov.au/dataset/asgsed3/LGA2021/48260","SHAPE_Leng":0.11753812149,"SHAPE_Area":0.000348087945451}},{"arcs":[[-1315,-1286,-661,-522,-1226,1334]],"type":"Polygon","properties":{"LGA_CODE21":"48340","LGA_NAME21":"Wattle Range","STE_CODE21":"4","STE_NAME21":"South Australia","AUS_CODE21":"AUS","AUS_NAME21":"Australia","AREASQKM21":3926.2101,"LOCI_URI21":"http://linked.data.gov.au/dataset/asgsed3/LGA2021/48340","SHAPE_Leng":3.5297991779,"SHAPE_Area":0.399904612623}},{"arcs":[[-1133,-1330,-1271,-1228,1335,-1186]],"type":"Polygon","properties":{"LGA_CODE21":"48410","LGA_NAME21":"West Torrens","STE_CODE21":"4","STE_NAME21":"South Australia","AUS_CODE21":"AUS","AUS_NAME21":"Australia","AREASQKM21":37.0886,"LOCI_URI21":"http://linked.data.gov.au/dataset/asgsed3/LGA2021/48410","SHAPE_Leng":0.283226855906,"SHAPE_Area":0.00365959975703}},{"arcs":[[1336,1337,1338,1339,-1216,1340,-1307,1341]],"type":"Polygon","properties":{"LGA_CODE21":"48540","LGA_NAME21":"Whyalla","STE_CODE21":"4","STE_NAME21":"South Australia","AUS_CODE21":"AUS","AUS_NAME21":"Australia","AREASQKM21":1071.3397,"LOCI_URI21":"http://linked.data.gov.au/dataset/asgsed3/LGA2021/48540","SHAPE_Leng":2.44165345674,"SHAPE_Area":0.10341282488}},{"arcs":[[1342,-1237,1343,-1239,-1202,-1323]],"type":"Polygon","properties":{"LGA_CODE21":"48640","LGA_NAME21":"Wudinna","STE_CODE21":"4","STE_NAME21":"South Australia","AUS_CODE21":"AUS","AUS_NAME21":"Australia","AREASQKM21":5075.2783,"LOCI_URI21":"http://linked.data.gov.au/dataset/asgsed3/LGA2021/48640","SHAPE_Leng":3.71914482886,"SHAPE_Area":0.489843109117}},{"arcs":[[-1294,-1153,-1332,1344]],"type":"Polygon","properties":{"LGA_CODE21":"48750","LGA_NAME21":"Yankalilla","STE_CODE21":"4","STE_NAME21":"South Australia","AUS_CODE21":"AUS","AUS_NAME21":"Australia","AREASQKM21":751.2577,"LOCI_URI21":"http://linked.data.gov.au/dataset/asgsed3/LGA2021/48750","SHAPE_Leng":1.63342264942,"SHAPE_Area":0.0746472327445}},{"arcs":[[-1199,-1167,-1334,1345]],"type":"Polygon","properties":{"LGA_CODE21":"48830","LGA_NAME21":"Yorke Peninsula","STE_CODE21":"4","STE_NAME21":"South Australia","AUS_CODE21":"AUS","AUS_NAME21":"Australia","AREASQKM21":5899.6397,"LOCI_URI21":"http://linked.data.gov.au/dataset/asgsed3/LGA2021/48830","SHAPE_Leng":5.72073836108,"SHAPE_Area":0.58034985816}},{"arcs":[[[1346,1347,1348,-1266,-1157,1349,-857,-704,-730,-411,-399,-604,-1314,-1170,-1258,-1272,-1220,-1298,-1296,-1213,-1308,-1341,-1215,-1238,-1343,-1322,-1182],[-1155],[-1198],[-1317]],[[-1259,-1173]],[[-1344,-1240]],[[-1328]],[[1350,-1337]],[[1351,-1339]],[[1352]],[[1353]],[[1354]],[[1355]],[[1356]],[[1357]],[[1358]],[[1359]],[[1360]],[[1361]],[[1362]],[[1363]],[[1364]],[[1365]],[[1366]],[[1367]],[[1368]],[[1369]]],"type":"MultiPolygon","properties":{"LGA_CODE21":"49399","LGA_NAME21":"Unincorporated SA","STE_CODE21":"4","STE_NAME21":"South Australia","AUS_CODE21":"AUS","AUS_NAME21":"Australia","AREASQKM21":619426.0858,"LOCI_URI21":"http://linked.data.gov.au/dataset/asgsed3/LGA2021/49399","SHAPE_Leng":57.0358569135,"SHAPE_Area":57.7158405274}},{"type":null,"properties":{"LGA_CODE21":"49499","LGA_NAME21":"No usual address (SA)","STE_CODE21":"4","STE_NAME21":"South Australia","AUS_CODE21":"AUS","AUS_NAME21":"Australia","AREASQKM21":0,"LOCI_URI21":"http://linked.data.gov.au/dataset/asgsed3/LGA2021/49499","SHAPE_Leng":0,"SHAPE_Area":0}},{"type":null,"properties":{"LGA_CODE21":"49799","LGA_NAME21":"Migratory - Offshore - Shipping (SA)","STE_CODE21":"4","STE_NAME21":"South Australia","AUS_CODE21":"AUS","AUS_NAME21":"Australia","AREASQKM21":0,"LOCI_URI21":"http://linked.data.gov.au/dataset/asgsed3/LGA2021/49799","SHAPE_Leng":0,"SHAPE_Area":0}},{"arcs":[[[1370]],[[1371]],[[1372,1373,1374,1375,1376]]],"type":"MultiPolygon","properties":{"LGA_CODE21":"50080","LGA_NAME21":"Albany","STE_CODE21":"5","STE_NAME21":"Western Australia","AUS_CODE21":"AUS","AUS_NAME21":"Australia","AREASQKM21":4308.458,"LOCI_URI21":"http://linked.data.gov.au/dataset/asgsed3/LGA2021/50080","SHAPE_Leng":7.55705166893,"SHAPE_Area":0.424098710763}},{"arcs":[[1377,1378,1379,1380,1381,1382,1383]],"type":"Polygon","properties":{"LGA_CODE21":"50210","LGA_NAME21":"Armadale","STE_CODE21":"5","STE_NAME21":"Western Australia","AUS_CODE21":"AUS","AUS_NAME21":"Australia","AREASQKM21":559.5258,"LOCI_URI21":"http://linked.data.gov.au/dataset/asgsed3/LGA2021/50210","SHAPE_Leng":1.40374892533,"SHAPE_Area":0.053494847645}},{"arcs":[[[1384]],[[1385]],[[1386]],[[1387]],[[1388]],[[1389]],[[1390]],[[1391]],[[1392]],[[1393]],[[1394]],[[1395]],[[1396,1397,1398,1399,1400,1401,1402,1403,1404,1405]]],"type":"MultiPolygon","properties":{"LGA_CODE21":"50250","LGA_NAME21":"Ashburton","STE_CODE21":"5","STE_NAME21":"Western Australia","AUS_CODE21":"AUS","AUS_NAME21":"Australia","AREASQKM21":100817.3112,"LOCI_URI21":"http://linked.data.gov.au/dataset/asgsed3/LGA2021/50250","SHAPE_Leng":26.0859952071,"SHAPE_Area":8.84791127512}},{"arcs":[[1406,1407,1408]],"type":"Polygon","properties":{"LGA_CODE21":"50280","LGA_NAME21":"Augusta Margaret River","STE_CODE21":"5","STE_NAME21":"Western Australia","AUS_CODE21":"AUS","AUS_NAME21":"Australia","AREASQKM21":2122.375,"LOCI_URI21":"http://linked.data.gov.au/dataset/asgsed3/LGA2021/50280","SHAPE_Leng":3.10436022654,"SHAPE_Area":0.207185744583}},{"arcs":[[1409,1410,1411]],"type":"Polygon","properties":{"LGA_CODE21":"50350","LGA_NAME21":"Bassendean","STE_CODE21":"5","STE_NAME21":"Western Australia","AUS_CODE21":"AUS","AUS_NAME21":"Australia","AREASQKM21":10.3449,"LOCI_URI21":"http://linked.data.gov.au/dataset/asgsed3/LGA2021/50350","SHAPE_Leng":0.14578446788,"SHAPE_Area":0.000986241852562}},{"arcs":[[1412,-1412,1413,1414,1415]],"type":"Polygon","properties":{"LGA_CODE21":"50420","LGA_NAME21":"Bayswater","STE_CODE21":"5","STE_NAME21":"Western Australia","AUS_CODE21":"AUS","AUS_NAME21":"Australia","AREASQKM21":34.6169,"LOCI_URI21":"http://linked.data.gov.au/dataset/asgsed3/LGA2021/50420","SHAPE_Leng":0.347092791914,"SHAPE_Area":0.00330029922367}},{"arcs":[[1416,1417,1418,1419,1420]],"type":"Polygon","properties":{"LGA_CODE21":"50490","LGA_NAME21":"Belmont","STE_CODE21":"5","STE_NAME21":"Western Australia","AUS_CODE21":"AUS","AUS_NAME21":"Australia","AREASQKM21":39.8246,"LOCI_URI21":"http://linked.data.gov.au/dataset/asgsed3/LGA2021/50490","SHAPE_Leng":0.303009520987,"SHAPE_Area":0.00379900556558}},{"arcs":[[1421,1422,1423,-1382,1424]],"type":"Polygon","properties":{"LGA_CODE21":"50560","LGA_NAME21":"Beverley","STE_CODE21":"5","STE_NAME21":"Western Australia","AUS_CODE21":"AUS","AUS_NAME21":"Australia","AREASQKM21":2370.5195,"LOCI_URI21":"http://linked.data.gov.au/dataset/asgsed3/LGA2021/50560","SHAPE_Leng":3.01552427566,"SHAPE_Area":0.226661172465}},{"arcs":[[1425,1426,1427,1428,1429,1430]],"type":"Polygon","properties":{"LGA_CODE21":"50630","LGA_NAME21":"Boddington","STE_CODE21":"5","STE_NAME21":"Western Australia","AUS_CODE21":"AUS","AUS_NAME21":"Australia","AREASQKM21":1904.4791,"LOCI_URI21":"http://linked.data.gov.au/dataset/asgsed3/LGA2021/50630","SHAPE_Leng":2.17926639676,"SHAPE_Area":0.183379062257}},{"arcs":[[1431,1432,1433,1434,1435,1436,1437]],"type":"Polygon","properties":{"LGA_CODE21":"50770","LGA_NAME21":"Boyup Brook","STE_CODE21":"5","STE_NAME21":"Western Australia","AUS_CODE21":"AUS","AUS_NAME21":"Australia","AREASQKM21":2826.4585,"LOCI_URI21":"http://linked.data.gov.au/dataset/asgsed3/LGA2021/50770","SHAPE_Leng":3.33530826321,"SHAPE_Area":0.27547549006}},{"arcs":[[1438,-1438,1439,1440]],"type":"Polygon","properties":{"LGA_CODE21":"50840","LGA_NAME21":"Bridgetown-Greenbushes","STE_CODE21":"5","STE_NAME21":"Western Australia","AUS_CODE21":"AUS","AUS_NAME21":"Australia","AREASQKM21":1337.361,"LOCI_URI21":"http://linked.data.gov.au/dataset/asgsed3/LGA2021/50840","SHAPE_Leng":2.20913178353,"SHAPE_Area":0.130511175799}},{"arcs":[[-1423,1441,1442,1443,1444]],"type":"Polygon","properties":{"LGA_CODE21":"50910","LGA_NAME21":"Brookton","STE_CODE21":"5","STE_NAME21":"Western Australia","AUS_CODE21":"AUS","AUS_NAME21":"Australia","AREASQKM21":1601.1532,"LOCI_URI21":"http://linked.data.gov.au/dataset/asgsed3/LGA2021/50910","SHAPE_Leng":2.65870581196,"SHAPE_Area":0.153406956999}},{"arcs":[[[1445]],[[1446]],[[1447]],[[1448]],[[1449]],[[1450]],[[1451,1452,1453]]],"type":"MultiPolygon","properties":{"LGA_CODE21":"50980","LGA_NAME21":"Broome","STE_CODE21":"5","STE_NAME21":"Western Australia","AUS_CODE21":"AUS","AUS_NAME21":"Australia","AREASQKM21":54401.8236,"LOCI_URI21":"http://linked.data.gov.au/dataset/asgsed3/LGA2021/50980","SHAPE_Leng":20.9996790064,"SHAPE_Area":4.65526610155}},{"arcs":[[1454,1455,1456,1457]],"type":"Polygon","properties":{"LGA_CODE21":"51080","LGA_NAME21":"Broomehill-Tambellup","STE_CODE21":"5","STE_NAME21":"Western Australia","AUS_CODE21":"AUS","AUS_NAME21":"Australia","AREASQKM21":2609.6612,"LOCI_URI21":"http://linked.data.gov.au/dataset/asgsed3/LGA2021/51080","SHAPE_Leng":2.8604389318,"SHAPE_Area":0.25466851869}},{"arcs":[[1458,1459,1460,1461,1462]],"type":"Polygon","properties":{"LGA_CODE21":"51120","LGA_NAME21":"Bruce Rock","STE_CODE21":"5","STE_NAME21":"Western Australia","AUS_CODE21":"AUS","AUS_NAME21":"Australia","AREASQKM21":2724.6944,"LOCI_URI21":"http://linked.data.gov.au/dataset/asgsed3/LGA2021/51120","SHAPE_Leng":2.75227477664,"SHAPE_Area":0.259907356806}},{"arcs":[[1463,1464,1465,1466]],"type":"Polygon","properties":{"LGA_CODE21":"51190","LGA_NAME21":"Bunbury","STE_CODE21":"5","STE_NAME21":"Western Australia","AUS_CODE21":"AUS","AUS_NAME21":"Australia","AREASQKM21":65.4163,"LOCI_URI21":"http://linked.data.gov.au/dataset/asgsed3/LGA2021/51190","SHAPE_Leng":0.498889969427,"SHAPE_Area":0.00633658924625}},{"arcs":[[1467,1468,1469,-1407,1470]],"type":"Polygon","properties":{"LGA_CODE21":"51260","LGA_NAME21":"Busselton","STE_CODE21":"5","STE_NAME21":"Western Australia","AUS_CODE21":"AUS","AUS_NAME21":"Australia","AREASQKM21":1454.0509,"LOCI_URI21":"http://linked.data.gov.au/dataset/asgsed3/LGA2021/51260","SHAPE_Leng":2.4879464082,"SHAPE_Area":0.141433520843}},{"arcs":[[1471,1472,1473,1474,1475,1476]],"type":"Polygon","properties":{"LGA_CODE21":"51310","LGA_NAME21":"Cambridge","STE_CODE21":"5","STE_NAME21":"Western Australia","AUS_CODE21":"AUS","AUS_NAME21":"Australia","AREASQKM21":21.9555,"LOCI_URI21":"http://linked.data.gov.au/dataset/asgsed3/LGA2021/51310","SHAPE_Leng":0.292830217743,"SHAPE_Area":0.00209393965535}},{"arcs":[[1477,1478,1479,1480,1481,1482,1483,-1419]],"type":"Polygon","properties":{"LGA_CODE21":"51330","LGA_NAME21":"Canning","STE_CODE21":"5","STE_NAME21":"Western Australia","AUS_CODE21":"AUS","AUS_NAME21":"Australia","AREASQKM21":64.8791,"LOCI_URI21":"http://linked.data.gov.au/dataset/asgsed3/LGA2021/51330","SHAPE_Leng":0.492120154519,"SHAPE_Area":0.00619432246988}},{"arcs":[[1484,1485,-1468,1486,-1466]],"type":"Polygon","properties":{"LGA_CODE21":"51400","LGA_NAME21":"Capel","STE_CODE21":"5","STE_NAME21":"Western Australia","AUS_CODE21":"AUS","AUS_NAME21":"Australia","AREASQKM21":557.8983,"LOCI_URI21":"http://linked.data.gov.au/dataset/asgsed3/LGA2021/51400","SHAPE_Leng":1.197588894,"SHAPE_Area":0.0541513943788}},{"arcs":[[1487,1488,1489,1490,1491]],"type":"Polygon","properties":{"LGA_CODE21":"51470","LGA_NAME21":"Carnamah","STE_CODE21":"5","STE_NAME21":"Western Australia","AUS_CODE21":"AUS","AUS_NAME21":"Australia","AREASQKM21":2870.9316,"LOCI_URI21":"http://linked.data.gov.au/dataset/asgsed3/LGA2021/51470","SHAPE_Leng":3.538338054,"SHAPE_Area":0.267821467844}},{"arcs":[[[1492,-1401,1493,1494,1495]],[[1496]],[[1497]],[[1498]]],"type":"MultiPolygon","properties":{"LGA_CODE21":"51540","LGA_NAME21":"Carnarvon","STE_CODE21":"5","STE_NAME21":"Western Australia","AUS_CODE21":"AUS","AUS_NAME21":"Australia","AREASQKM21":46574.705,"LOCI_URI21":"http://linked.data.gov.au/dataset/asgsed3/LGA2021/51540","SHAPE_Leng":15.0338138862,"SHAPE_Area":4.1441588029}},{"arcs":[[1499,1500,1501]],"type":"Polygon","properties":{"LGA_CODE21":"51610","LGA_NAME21":"Chapman Valley","STE_CODE21":"5","STE_NAME21":"Western Australia","AUS_CODE21":"AUS","AUS_NAME21":"Australia","AREASQKM21":3981.3333,"LOCI_URI21":"http://linked.data.gov.au/dataset/asgsed3/LGA2021/51610","SHAPE_Leng":3.95016382443,"SHAPE_Area":0.366327729548}},{"arcs":[[1502,1503,1504,1505,1506]],"type":"Polygon","properties":{"LGA_CODE21":"51680","LGA_NAME21":"Chittering","STE_CODE21":"5","STE_NAME21":"Western Australia","AUS_CODE21":"AUS","AUS_NAME21":"Australia","AREASQKM21":1219.9032,"LOCI_URI21":"http://linked.data.gov.au/dataset/asgsed3/LGA2021/51680","SHAPE_Leng":1.95067779422,"SHAPE_Area":0.115658131611}},{"arcs":[[1507]],"type":"Polygon","properties":{"LGA_CODE21":"51710","LGA_NAME21":"Christmas Island","STE_CODE21":"9","STE_NAME21":"Other Territories","AUS_CODE21":"AUS","AUS_NAME21":"Australia","AREASQKM21":136.1356,"LOCI_URI21":"http://linked.data.gov.au/dataset/asgsed3/LGA2021/51710","SHAPE_Leng":0.689038494347,"SHAPE_Area":0.0112426245397}},{"arcs":[[1508,1509,1510,1511]],"type":"Polygon","properties":{"LGA_CODE21":"51750","LGA_NAME21":"Claremont","STE_CODE21":"5","STE_NAME21":"Western Australia","AUS_CODE21":"AUS","AUS_NAME21":"Australia","AREASQKM21":4.9554,"LOCI_URI21":"http://linked.data.gov.au/dataset/asgsed3/LGA2021/51750","SHAPE_Leng":0.118160713463,"SHAPE_Area":0.000472854755723}},{"arcs":[[[-1480,1512,-1378,1513,1514,1515,1516]],[[1517]]],"type":"MultiPolygon","properties":{"LGA_CODE21":"51820","LGA_NAME21":"Cockburn","STE_CODE21":"5","STE_NAME21":"Western Australia","AUS_CODE21":"AUS","AUS_NAME21":"Australia","AREASQKM21":167.9415,"LOCI_URI21":"http://linked.data.gov.au/dataset/asgsed3/LGA2021/51820","SHAPE_Leng":0.950975672806,"SHAPE_Area":0.0160474292734}},{"arcs":[[[1518]],[[1519]],[[1520]]],"type":"MultiPolygon","properties":{"LGA_CODE21":"51860","LGA_NAME21":"Cocos Islands","STE_CODE21":"9","STE_NAME21":"Other Territories","AUS_CODE21":"AUS","AUS_NAME21":"Australia","AREASQKM21":13.7258,"LOCI_URI21":"http://linked.data.gov.au/dataset/asgsed3/LGA2021/51860","SHAPE_Leng":1.16343095023,"SHAPE_Area":0.00113991210513}},{"arcs":[[-1428,1521,1522,-1433,1523,1524,1525]],"type":"Polygon","properties":{"LGA_CODE21":"51890","LGA_NAME21":"Collie","STE_CODE21":"5","STE_NAME21":"Western Australia","AUS_CODE21":"AUS","AUS_NAME21":"Australia","AREASQKM21":1709.815,"LOCI_URI21":"http://linked.data.gov.au/dataset/asgsed3/LGA2021/51890","SHAPE_Leng":2.64156879493,"SHAPE_Area":0.165494680138}},{"arcs":[[1526,1527,1528,1529]],"type":"Polygon","properties":{"LGA_CODE21":"51960","LGA_NAME21":"Coolgardie","STE_CODE21":"5","STE_NAME21":"Western Australia","AUS_CODE21":"AUS","AUS_NAME21":"Australia","AREASQKM21":30297.6977,"LOCI_URI21":"http://linked.data.gov.au/dataset/asgsed3/LGA2021/51960","SHAPE_Leng":7.90884634543,"SHAPE_Area":2.8669654166}},{"arcs":[[-1489,1530,1531,1532,1533,1534]],"type":"Polygon","properties":{"LGA_CODE21":"52030","LGA_NAME21":"Coorow","STE_CODE21":"5","STE_NAME21":"Western Australia","AUS_CODE21":"AUS","AUS_NAME21":"Australia","AREASQKM21":4189.8721,"LOCI_URI21":"http://linked.data.gov.au/dataset/asgsed3/LGA2021/52030","SHAPE_Leng":4.22500540852,"SHAPE_Area":0.391819004681}},{"arcs":[[-1443,1535,-1462,1536,1537,1538,1539,1540]],"type":"Polygon","properties":{"LGA_CODE21":"52100","LGA_NAME21":"Corrigin","STE_CODE21":"5","STE_NAME21":"Western Australia","AUS_CODE21":"AUS","AUS_NAME21":"Australia","AREASQKM21":2681.271,"LOCI_URI21":"http://linked.data.gov.au/dataset/asgsed3/LGA2021/52100","SHAPE_Leng":2.74680371084,"SHAPE_Area":0.256884292183}},{"arcs":[[1541,-1511,1542,1543,1544]],"type":"Polygon","properties":{"LGA_CODE21":"52170","LGA_NAME21":"Cottesloe","STE_CODE21":"5","STE_NAME21":"Western Australia","AUS_CODE21":"AUS","AUS_NAME21":"Australia","AREASQKM21":3.8564,"LOCI_URI21":"http://linked.data.gov.au/dataset/asgsed3/LGA2021/52170","SHAPE_Leng":0.0998639016825,"SHAPE_Area":0.000367999710163}},{"arcs":[[-1457,1545,1546,1547,-1436,1548]],"type":"Polygon","properties":{"LGA_CODE21":"52240","LGA_NAME21":"Cranbrook","STE_CODE21":"5","STE_NAME21":"Western Australia","AUS_CODE21":"AUS","AUS_NAME21":"Australia","AREASQKM21":3276.0464,"LOCI_URI21":"http://linked.data.gov.au/dataset/asgsed3/LGA2021/52240","SHAPE_Leng":4.03938974653,"SHAPE_Area":0.320862781562}},{"arcs":[[1549,1550,1551,1552,1553]],"type":"Polygon","properties":{"LGA_CODE21":"52310","LGA_NAME21":"Cuballing","STE_CODE21":"5","STE_NAME21":"Western Australia","AUS_CODE21":"AUS","AUS_NAME21":"Australia","AREASQKM21":1195.3369,"LOCI_URI21":"http://linked.data.gov.au/dataset/asgsed3/LGA2021/52310","SHAPE_Leng":1.79173019499,"SHAPE_Area":0.114994269426}},{"arcs":[[1554,1555,1556,1557,1558]],"type":"Polygon","properties":{"LGA_CODE21":"52380","LGA_NAME21":"Cue","STE_CODE21":"5","STE_NAME21":"Western Australia","AUS_CODE21":"AUS","AUS_NAME21":"Australia","AREASQKM21":13582.1956,"LOCI_URI21":"http://linked.data.gov.au/dataset/asgsed3/LGA2021/52380","SHAPE_Leng":6.866462946,"SHAPE_Area":1.23837615955}},{"arcs":[[1559,1560,1561,1562,1563,1564,1565]],"type":"Polygon","properties":{"LGA_CODE21":"52450","LGA_NAME21":"Cunderdin","STE_CODE21":"5","STE_NAME21":"Western Australia","AUS_CODE21":"AUS","AUS_NAME21":"Australia","AREASQKM21":1862.4457,"LOCI_URI21":"http://linked.data.gov.au/dataset/asgsed3/LGA2021/52450","SHAPE_Leng":2.29971127758,"SHAPE_Area":0.176994157874}},{"arcs":[[1566,1567,1568,-1532,1569,1570,1571]],"type":"Polygon","properties":{"LGA_CODE21":"52520","LGA_NAME21":"Dalwallinu","STE_CODE21":"5","STE_NAME21":"Western Australia","AUS_CODE21":"AUS","AUS_NAME21":"Australia","AREASQKM21":7224.3566,"LOCI_URI21":"http://linked.data.gov.au/dataset/asgsed3/LGA2021/52520","SHAPE_Leng":5.13960759791,"SHAPE_Area":0.676286785759}},{"arcs":[[-1534,1572,1573,1574,1575]],"type":"Polygon","properties":{"LGA_CODE21":"52590","LGA_NAME21":"Dandaragan","STE_CODE21":"5","STE_NAME21":"Western Australia","AUS_CODE21":"AUS","AUS_NAME21":"Australia","AREASQKM21":6711.5721,"LOCI_URI21":"http://linked.data.gov.au/dataset/asgsed3/LGA2021/52590","SHAPE_Leng":4.18819109621,"SHAPE_Area":0.630895134246}},{"arcs":[[1576,-1525,1577,-1485,-1465]],"type":"Polygon","properties":{"LGA_CODE21":"52660","LGA_NAME21":"Dardanup","STE_CODE21":"5","STE_NAME21":"Western Australia","AUS_CODE21":"AUS","AUS_NAME21":"Australia","AREASQKM21":525.8017,"LOCI_URI21":"http://linked.data.gov.au/dataset/asgsed3/LGA2021/52660","SHAPE_Leng":1.69896914382,"SHAPE_Area":0.0509684075237}},{"arcs":[[1578,-1377,1579,1580]],"type":"Polygon","properties":{"LGA_CODE21":"52730","LGA_NAME21":"Denmark","STE_CODE21":"5","STE_NAME21":"Western Australia","AUS_CODE21":"AUS","AUS_NAME21":"Australia","AREASQKM21":1859.8487,"LOCI_URI21":"http://linked.data.gov.au/dataset/asgsed3/LGA2021/52730","SHAPE_Leng":2.94684823009,"SHAPE_Area":0.183404547013}},{"arcs":[[[1581,1582,-1452,1583,1584,1585,1586]],[[1587]],[[1588]],[[1589]],[[1590]],[[1591]],[[1592]],[[1593]],[[1594]],[[1595]],[[1596]],[[1597]],[[1598]],[[1599]],[[1600]],[[1601]],[[1602]],[[1603]],[[1604]],[[1605]],[[1606]],[[1607]],[[1608]],[[1609]],[[1610]],[[1611]],[[1612]],[[1613]],[[1614]],[[1615]],[[1616]],[[1617]],[[1618]],[[1619]],[[1620]],[[1621]],[[1622]],[[1623]],[[1624]],[[1625]],[[1626]],[[1627]],[[1628]],[[1629]],[[1630]],[[1631]],[[1632]],[[1633]],[[1634]],[[1635]],[[1636]],[[1637]],[[1638]],[[1639]],[[1640]],[[1641]],[[1642]],[[1643]],[[1644]],[[1645]],[[1646]],[[1647]]],"type":"MultiPolygon","properties":{"LGA_CODE21":"52800","LGA_NAME21":"Derby-West Kimberley","STE_CODE21":"5","STE_NAME21":"Western Australia","AUS_CODE21":"AUS","AUS_NAME21":"Australia","AREASQKM21":119730.9696,"LOCI_URI21":"http://linked.data.gov.au/dataset/asgsed3/LGA2021/52800","SHAPE_Leng":48.0754119637,"SHAPE_Area":10.2040170163}},{"arcs":[[-1578,-1524,-1432,-1439,1648,-1469,-1486]],"type":"Polygon","properties":{"LGA_CODE21":"52870","LGA_NAME21":"Donnybrook-Balingup","STE_CODE21":"5","STE_NAME21":"Western Australia","AUS_CODE21":"AUS","AUS_NAME21":"Australia","AREASQKM21":1559.856,"LOCI_URI21":"http://linked.data.gov.au/dataset/asgsed3/LGA2021/52870","SHAPE_Leng":2.42924474937,"SHAPE_Area":0.151641108009}},{"arcs":[[1649,1650,1651,-1566,1652]],"type":"Polygon","properties":{"LGA_CODE21":"52940","LGA_NAME21":"Dowerin","STE_CODE21":"5","STE_NAME21":"Western Australia","AUS_CODE21":"AUS","AUS_NAME21":"Australia","AREASQKM21":1863.0851,"LOCI_URI21":"http://linked.data.gov.au/dataset/asgsed3/LGA2021/52940","SHAPE_Leng":2.42573630049,"SHAPE_Area":0.17614951146}},{"arcs":[[1653,1654,1655,1656,1657,1658,1659]],"type":"Polygon","properties":{"LGA_CODE21":"53010","LGA_NAME21":"Dumbleyung","STE_CODE21":"5","STE_NAME21":"Western Australia","AUS_CODE21":"AUS","AUS_NAME21":"Australia","AREASQKM21":2539.2249,"LOCI_URI21":"http://linked.data.gov.au/dataset/asgsed3/LGA2021/53010","SHAPE_Leng":3.05361915087,"SHAPE_Area":0.245610973364}},{"arcs":[[1660,1661,1662,-1529,1663,-1348,1664,1665]],"type":"Polygon","properties":{"LGA_CODE21":"53080","LGA_NAME21":"Dundas","STE_CODE21":"5","STE_NAME21":"Western Australia","AUS_CODE21":"AUS","AUS_NAME21":"Australia","AREASQKM21":92886.3668,"LOCI_URI21":"http://linked.data.gov.au/dataset/asgsed3/LGA2021/53080","SHAPE_Leng":21.2059229152,"SHAPE_Area":8.86662198101}},{"arcs":[[1666,1667,1668]],"type":"Polygon","properties":{"LGA_CODE21":"53150","LGA_NAME21":"East Fremantle","STE_CODE21":"5","STE_NAME21":"Western Australia","AUS_CODE21":"AUS","AUS_NAME21":"Australia","AREASQKM21":3.1384,"LOCI_URI21":"http://linked.data.gov.au/dataset/asgsed3/LGA2021/53150","SHAPE_Leng":0.0769044868872,"SHAPE_Area":0.000299659345567}},{"arcs":[[1669,-1453,-1583,1670,1671,1672,1673,1674,1675,-1398,1676]],"type":"Polygon","properties":{"LGA_CODE21":"53220","LGA_NAME21":"East Pilbara","STE_CODE21":"5","STE_NAME21":"Western Australia","AUS_CODE21":"AUS","AUS_NAME21":"Australia","AREASQKM21":372295.6721,"LOCI_URI21":"http://linked.data.gov.au/dataset/asgsed3/LGA2021/53220","SHAPE_Leng":33.7379698748,"SHAPE_Area":32.5235693936}},{"arcs":[[[1677,-1666,1678,1679]],[[1680]],[[1681]],[[1682]],[[1683]],[[1684]],[[1685]],[[1686]],[[1687]],[[1688]],[[1689]],[[1690]],[[1691]],[[1692]]],"type":"MultiPolygon","properties":{"LGA_CODE21":"53290","LGA_NAME21":"Esperance","STE_CODE21":"5","STE_NAME21":"Western Australia","AUS_CODE21":"AUS","AUS_NAME21":"Australia","AREASQKM21":44797.5456,"LOCI_URI21":"http://linked.data.gov.au/dataset/asgsed3/LGA2021/53290","SHAPE_Leng":17.4197672028,"SHAPE_Area":4.33338855236}},{"arcs":[[[-1402,-1493,1693]],[[1694]],[[1695]],[[1696]]],"type":"MultiPolygon","properties":{"LGA_CODE21":"53360","LGA_NAME21":"Exmouth","STE_CODE21":"5","STE_NAME21":"Western Australia","AUS_CODE21":"AUS","AUS_NAME21":"Australia","AREASQKM21":6488.2097,"LOCI_URI21":"http://linked.data.gov.au/dataset/asgsed3/LGA2021/53360","SHAPE_Leng":7.00958492345,"SHAPE_Area":0.569512860863}},{"arcs":[[[-1668,1697,-1516,1698]],[[1699,1700]]],"type":"MultiPolygon","properties":{"LGA_CODE21":"53430","LGA_NAME21":"Fremantle","STE_CODE21":"5","STE_NAME21":"Western Australia","AUS_CODE21":"AUS","AUS_NAME21":"Australia","AREASQKM21":19.2892,"LOCI_URI21":"http://linked.data.gov.au/dataset/asgsed3/LGA2021/53430","SHAPE_Leng":0.425229084937,"SHAPE_Area":0.0018419966345}},{"arcs":[[-1575,1701,-1507,1702,1703]],"type":"Polygon","properties":{"LGA_CODE21":"53570","LGA_NAME21":"Gingin","STE_CODE21":"5","STE_NAME21":"Western Australia","AUS_CODE21":"AUS","AUS_NAME21":"Australia","AREASQKM21":3208.3585,"LOCI_URI21":"http://linked.data.gov.au/dataset/asgsed3/LGA2021/53570","SHAPE_Leng":2.64622765466,"SHAPE_Area":0.30360513941}},{"arcs":[[1704,1705,1706,-1374,1707,-1546,-1456]],"type":"Polygon","properties":{"LGA_CODE21":"53640","LGA_NAME21":"Gnowangerup","STE_CODE21":"5","STE_NAME21":"Western Australia","AUS_CODE21":"AUS","AUS_NAME21":"Australia","AREASQKM21":4265.0423,"LOCI_URI21":"http://linked.data.gov.au/dataset/asgsed3/LGA2021/53640","SHAPE_Leng":3.64485890735,"SHAPE_Area":0.416500074697}},{"arcs":[[1708,-1653,-1565,1709,1710,1711]],"type":"Polygon","properties":{"LGA_CODE21":"53710","LGA_NAME21":"Goomalling","STE_CODE21":"5","STE_NAME21":"Western Australia","AUS_CODE21":"AUS","AUS_NAME21":"Australia","AREASQKM21":1835.4294,"LOCI_URI21":"http://linked.data.gov.au/dataset/asgsed3/LGA2021/53710","SHAPE_Leng":2.28003598247,"SHAPE_Area":0.173777692181}},{"arcs":[[1712,-1379,-1513,-1479]],"type":"Polygon","properties":{"LGA_CODE21":"53780","LGA_NAME21":"Gosnells","STE_CODE21":"5","STE_NAME21":"Western Australia","AUS_CODE21":"AUS","AUS_NAME21":"Australia","AREASQKM21":127.2976,"LOCI_URI21":"http://linked.data.gov.au/dataset/asgsed3/LGA2021/53780","SHAPE_Leng":0.577662788785,"SHAPE_Area":0.0121577035894}},{"arcs":[[[1713,1714,1715,1716,1717,1718,1719,-1500]],[[1720]],[[1721]],[[1722]]],"type":"MultiPolygon","properties":{"LGA_CODE21":"53800","LGA_NAME21":"Greater Geraldton","STE_CODE21":"5","STE_NAME21":"Western Australia","AUS_CODE21":"AUS","AUS_NAME21":"Australia","AREASQKM21":9909.0002,"LOCI_URI21":"http://linked.data.gov.au/dataset/asgsed3/LGA2021/53800","SHAPE_Leng":8.98109873527,"SHAPE_Area":0.913765584984}},{"arcs":[[1723,1724,1725,-1671,-1582]],"type":"Polygon","properties":{"LGA_CODE21":"53920","LGA_NAME21":"Halls Creek","STE_CODE21":"5","STE_NAME21":"Western Australia","AUS_CODE21":"AUS","AUS_NAME21":"Australia","AREASQKM21":133045.9733,"LOCI_URI21":"http://linked.data.gov.au/dataset/asgsed3/LGA2021/53920","SHAPE_Leng":19.1459610028,"SHAPE_Area":11.4258301047}},{"arcs":[[-1429,-1526,-1577,-1464,1726,1727]],"type":"Polygon","properties":{"LGA_CODE21":"53990","LGA_NAME21":"Harvey","STE_CODE21":"5","STE_NAME21":"Western Australia","AUS_CODE21":"AUS","AUS_NAME21":"Australia","AREASQKM21":1727.607,"LOCI_URI21":"http://linked.data.gov.au/dataset/asgsed3/LGA2021/53990","SHAPE_Leng":2.3469282037,"SHAPE_Area":0.166875466947}},{"arcs":[[-1719,1728,1729,-1491,1730]],"type":"Polygon","properties":{"LGA_CODE21":"54060","LGA_NAME21":"Irwin","STE_CODE21":"5","STE_NAME21":"Western Australia","AUS_CODE21":"AUS","AUS_NAME21":"Australia","AREASQKM21":2369.3298,"LOCI_URI21":"http://linked.data.gov.au/dataset/asgsed3/LGA2021/54060","SHAPE_Leng":2.26514740175,"SHAPE_Area":0.220072886831}},{"arcs":[[1731,1732,1733,1734,-1375,-1707]],"type":"Polygon","properties":{"LGA_CODE21":"54130","LGA_NAME21":"Jerramungup","STE_CODE21":"5","STE_NAME21":"Western Australia","AUS_CODE21":"AUS","AUS_NAME21":"Australia","AREASQKM21":6511.1803,"LOCI_URI21":"http://linked.data.gov.au/dataset/asgsed3/LGA2021/54130","SHAPE_Leng":5.02450543603,"SHAPE_Area":0.635914513508}},{"arcs":[[1735,1736,1737]],"type":"Polygon","properties":{"LGA_CODE21":"54170","LGA_NAME21":"Joondalup","STE_CODE21":"5","STE_NAME21":"Western Australia","AUS_CODE21":"AUS","AUS_NAME21":"Australia","AREASQKM21":98.942,"LOCI_URI21":"http://linked.data.gov.au/dataset/asgsed3/LGA2021/54170","SHAPE_Leng":0.502512955759,"SHAPE_Area":0.00942086396062}},{"arcs":[[1738,1739,1740,-1380,-1713,-1478,-1418]],"type":"Polygon","properties":{"LGA_CODE21":"54200","LGA_NAME21":"Kalamunda","STE_CODE21":"5","STE_NAME21":"Western Australia","AUS_CODE21":"AUS","AUS_NAME21":"Australia","AREASQKM21":324.2958,"LOCI_URI21":"http://linked.data.gov.au/dataset/asgsed3/LGA2021/54200","SHAPE_Leng":1.02474408955,"SHAPE_Area":0.0309535546719}},{"arcs":[[1741,-1263,-1349,-1664,-1528]],"type":"Polygon","properties":{"LGA_CODE21":"54280","LGA_NAME21":"Kalgoorlie-Boulder","STE_CODE21":"5","STE_NAME21":"Western Australia","AUS_CODE21":"AUS","AUS_NAME21":"Australia","AREASQKM21":95500.292,"LOCI_URI21":"http://linked.data.gov.au/dataset/asgsed3/LGA2021/54280","SHAPE_Leng":18.8642036215,"SHAPE_Area":8.99926983923}},{"arcs":[[[-1404,1742]],[[1743,-1406,1744]],[[1745]],[[1746]],[[1747]],[[1748]],[[1749]],[[1750]],[[1751]],[[1752]],[[1753]],[[1754]],[[1755]],[[1756]],[[1757]],[[1758]],[[1759]],[[1760]],[[1761]],[[1762]],[[1763]],[[1764]],[[1765]]],"type":"MultiPolygon","properties":{"LGA_CODE21":"54310","LGA_NAME21":"Karratha","STE_CODE21":"5","STE_NAME21":"Western Australia","AUS_CODE21":"AUS","AUS_NAME21":"Australia","AREASQKM21":15238.2934,"LOCI_URI21":"http://linked.data.gov.au/dataset/asgsed3/LGA2021/54310","SHAPE_Leng":21.5439576849,"SHAPE_Area":1.3242001665}},{"arcs":[[-1658,1766,-1705,-1455,1767,1768]],"type":"Polygon","properties":{"LGA_CODE21":"54340","LGA_NAME21":"Katanning","STE_CODE21":"5","STE_NAME21":"Western Australia","AUS_CODE21":"AUS","AUS_NAME21":"Australia","AREASQKM21":1518.1854,"LOCI_URI21":"http://linked.data.gov.au/dataset/asgsed3/LGA2021/54340","SHAPE_Leng":2.07145776208,"SHAPE_Area":0.147554405574}},{"arcs":[[1769,1770,1771,1772,-1459,1773,1774]],"type":"Polygon","properties":{"LGA_CODE21":"54410","LGA_NAME21":"Kellerberrin","STE_CODE21":"5","STE_NAME21":"Western Australia","AUS_CODE21":"AUS","AUS_NAME21":"Australia","AREASQKM21":1915.433,"LOCI_URI21":"http://linked.data.gov.au/dataset/asgsed3/LGA2021/54410","SHAPE_Leng":2.23096029088,"SHAPE_Area":0.181996848002}},{"arcs":[[-1657,1775,-1732,-1706,-1767]],"type":"Polygon","properties":{"LGA_CODE21":"54480","LGA_NAME21":"Kent","STE_CODE21":"5","STE_NAME21":"Western Australia","AUS_CODE21":"AUS","AUS_NAME21":"Australia","AREASQKM21":5624.5818,"LOCI_URI21":"http://linked.data.gov.au/dataset/asgsed3/LGA2021/54480","SHAPE_Leng":4.61085122952,"SHAPE_Area":0.54605934692}},{"arcs":[[1776,1777,-1768,-1458,-1549,-1435]],"type":"Polygon","properties":{"LGA_CODE21":"54550","LGA_NAME21":"Kojonup","STE_CODE21":"5","STE_NAME21":"Western Australia","AUS_CODE21":"AUS","AUS_NAME21":"Australia","AREASQKM21":2930.9925,"LOCI_URI21":"http://linked.data.gov.au/dataset/asgsed3/LGA2021/54550","SHAPE_Leng":2.87759086285,"SHAPE_Area":0.285715399144}},{"arcs":[[-1538,1778,1779,-1662,1780,1781]],"type":"Polygon","properties":{"LGA_CODE21":"54620","LGA_NAME21":"Kondinin","STE_CODE21":"5","STE_NAME21":"Western Australia","AUS_CODE21":"AUS","AUS_NAME21":"Australia","AREASQKM21":7440.8016,"LOCI_URI21":"http://linked.data.gov.au/dataset/asgsed3/LGA2021/54620","SHAPE_Leng":5.31490600368,"SHAPE_Area":0.713434092479}},{"arcs":[[-1567,1782,1783,-1651,1784]],"type":"Polygon","properties":{"LGA_CODE21":"54690","LGA_NAME21":"Koorda","STE_CODE21":"5","STE_NAME21":"Western Australia","AUS_CODE21":"AUS","AUS_NAME21":"Australia","AREASQKM21":2832.313,"LOCI_URI21":"http://linked.data.gov.au/dataset/asgsed3/LGA2021/54690","SHAPE_Leng":2.65703708452,"SHAPE_Area":0.266376957435}},{"arcs":[[-1539,-1782,1785,-1655,1786]],"type":"Polygon","properties":{"LGA_CODE21":"54760","LGA_NAME21":"Kulin","STE_CODE21":"5","STE_NAME21":"Western Australia","AUS_CODE21":"AUS","AUS_NAME21":"Australia","AREASQKM21":4718.9219,"LOCI_URI21":"http://linked.data.gov.au/dataset/asgsed3/LGA2021/54760","SHAPE_Leng":5.14742326048,"SHAPE_Area":0.453882440454}},{"arcs":[[-1514,1787,1788,1789]],"type":"Polygon","properties":{"LGA_CODE21":"54830","LGA_NAME21":"Kwinana","STE_CODE21":"5","STE_NAME21":"Western Australia","AUS_CODE21":"AUS","AUS_NAME21":"Australia","AREASQKM21":120.0123,"LOCI_URI21":"http://linked.data.gov.au/dataset/asgsed3/LGA2021/54830","SHAPE_Leng":0.494821954512,"SHAPE_Area":0.011481733048}},{"arcs":[[-1786,-1781,-1661,-1678,1790,-1733,-1776,-1656]],"type":"Polygon","properties":{"LGA_CODE21":"54900","LGA_NAME21":"Lake Grace","STE_CODE21":"5","STE_NAME21":"Western Australia","AUS_CODE21":"AUS","AUS_NAME21":"Australia","AREASQKM21":11886.3198,"LOCI_URI21":"http://linked.data.gov.au/dataset/asgsed3/LGA2021/54900","SHAPE_Leng":6.42807451152,"SHAPE_Area":1.14760964}},{"arcs":[[1791,1792,-1159,-1265,1793,1794]],"type":"Polygon","properties":{"LGA_CODE21":"54970","LGA_NAME21":"Laverton","STE_CODE21":"5","STE_NAME21":"Western Australia","AUS_CODE21":"AUS","AUS_NAME21":"Australia","AREASQKM21":179993.971,"LOCI_URI21":"http://linked.data.gov.au/dataset/asgsed3/LGA2021/54970","SHAPE_Leng":21.4276491874,"SHAPE_Area":16.4971402192}},{"arcs":[[1795,-1795,1796,1797]],"type":"Polygon","properties":{"LGA_CODE21":"55040","LGA_NAME21":"Leonora","STE_CODE21":"5","STE_NAME21":"Western Australia","AUS_CODE21":"AUS","AUS_NAME21":"Australia","AREASQKM21":31915.0562,"LOCI_URI21":"http://linked.data.gov.au/dataset/asgsed3/LGA2021/55040","SHAPE_Leng":11.3599564217,"SHAPE_Area":2.93370105871}},{"arcs":[[[1798,1799]],[[1800,1801,1802]]],"type":"MultiPolygon","properties":{"LGA_CODE21":"55110","LGA_NAME21":"Mandurah","STE_CODE21":"5","STE_NAME21":"Western Australia","AUS_CODE21":"AUS","AUS_NAME21":"Australia","AREASQKM21":174.8968,"LOCI_URI21":"http://linked.data.gov.au/dataset/asgsed3/LGA2021/55110","SHAPE_Leng":1.33691641628,"SHAPE_Area":0.0168067309351}},{"arcs":[[-1440,-1437,-1548,1803,-1581,1804,1805]],"type":"Polygon","properties":{"LGA_CODE21":"55180","LGA_NAME21":"Manjimup","STE_CODE21":"5","STE_NAME21":"Western Australia","AUS_CODE21":"AUS","AUS_NAME21":"Australia","AREASQKM21":7029.6076,"LOCI_URI21":"http://linked.data.gov.au/dataset/asgsed3/LGA2021/55180","SHAPE_Leng":5.21954892231,"SHAPE_Area":0.690463641653}},{"arcs":[[1806,-1399,-1676,1807,1808,-1556,1809]],"type":"Polygon","properties":{"LGA_CODE21":"55250","LGA_NAME21":"Meekatharra","STE_CODE21":"5","STE_NAME21":"Western Australia","AUS_CODE21":"AUS","AUS_NAME21":"Australia","AREASQKM21":100188.5478,"LOCI_URI21":"http://linked.data.gov.au/dataset/asgsed3/LGA2021/55250","SHAPE_Leng":16.1541767085,"SHAPE_Area":8.97087134985}},{"arcs":[[-1481,-1517,-1698,-1667,1810]],"type":"Polygon","properties":{"LGA_CODE21":"55320","LGA_NAME21":"Melville","STE_CODE21":"5","STE_NAME21":"Western Australia","AUS_CODE21":"AUS","AUS_NAME21":"Australia","AREASQKM21":52.8505,"LOCI_URI21":"http://linked.data.gov.au/dataset/asgsed3/LGA2021/55320","SHAPE_Leng":0.424880313643,"SHAPE_Area":0.00504649468957}},{"arcs":[[-1527,1811,1812,-1797,-1794,-1264,-1742]],"type":"Polygon","properties":{"LGA_CODE21":"55390","LGA_NAME21":"Menzies","STE_CODE21":"5","STE_NAME21":"Western Australia","AUS_CODE21":"AUS","AUS_NAME21":"Australia","AREASQKM21":124115.424,"LOCI_URI21":"http://linked.data.gov.au/dataset/asgsed3/LGA2021/55390","SHAPE_Leng":25.7299741901,"SHAPE_Area":11.5546331639}},{"arcs":[[1813,1814,1815,1816,-1460,-1773]],"type":"Polygon","properties":{"LGA_CODE21":"55460","LGA_NAME21":"Merredin","STE_CODE21":"5","STE_NAME21":"Western Australia","AUS_CODE21":"AUS","AUS_NAME21":"Australia","AREASQKM21":3293.7824,"LOCI_URI21":"http://linked.data.gov.au/dataset/asgsed3/LGA2021/55460","SHAPE_Leng":3.11859251172,"SHAPE_Area":0.31274207549}},{"arcs":[[-1718,1817,1818,-1729]],"type":"Polygon","properties":{"LGA_CODE21":"55530","LGA_NAME21":"Mingenew","STE_CODE21":"5","STE_NAME21":"Western Australia","AUS_CODE21":"AUS","AUS_NAME21":"Australia","AREASQKM21":1934.8857,"LOCI_URI21":"http://linked.data.gov.au/dataset/asgsed3/LGA2021/55530","SHAPE_Leng":2.0817535894,"SHAPE_Area":0.179430762937}},{"arcs":[[-1533,-1569,1819,1820,-1573]],"type":"Polygon","properties":{"LGA_CODE21":"55600","LGA_NAME21":"Moora","STE_CODE21":"5","STE_NAME21":"Western Australia","AUS_CODE21":"AUS","AUS_NAME21":"Australia","AREASQKM21":3763.0254,"LOCI_URI21":"http://linked.data.gov.au/dataset/asgsed3/LGA2021/55600","SHAPE_Leng":3.20250533424,"SHAPE_Area":0.353578497377}},{"arcs":[[-1717,1821,1822,1823,-1818]],"type":"Polygon","properties":{"LGA_CODE21":"55670","LGA_NAME21":"Morawa","STE_CODE21":"5","STE_NAME21":"Western Australia","AUS_CODE21":"AUS","AUS_NAME21":"Australia","AREASQKM21":3510.5929,"LOCI_URI21":"http://linked.data.gov.au/dataset/asgsed3/LGA2021/55670","SHAPE_Leng":3.10379099486,"SHAPE_Area":0.325271607512}},{"arcs":[[1824,1825,-1700,1826,-1544]],"type":"Polygon","properties":{"LGA_CODE21":"55740","LGA_NAME21":"Mosman Park","STE_CODE21":"5","STE_NAME21":"Western Australia","AUS_CODE21":"AUS","AUS_NAME21":"Australia","AREASQKM21":4.3472,"LOCI_URI21":"http://linked.data.gov.au/dataset/asgsed3/LGA2021/55740","SHAPE_Leng":0.0936498985445,"SHAPE_Area":0.000414970629251}},{"arcs":[[1827,1828,-1558]],"type":"Polygon","properties":{"LGA_CODE21":"55810","LGA_NAME21":"Mount Magnet","STE_CODE21":"5","STE_NAME21":"Western Australia","AUS_CODE21":"AUS","AUS_NAME21":"Australia","AREASQKM21":13858.1182,"LOCI_URI21":"http://linked.data.gov.au/dataset/asgsed3/LGA2021/55810","SHAPE_Leng":7.31270906792,"SHAPE_Area":1.27411909342}},{"arcs":[[1829,1830,1831,1832,1833,1834,-1783,-1572]],"type":"Polygon","properties":{"LGA_CODE21":"55880","LGA_NAME21":"Mount Marshall","STE_CODE21":"5","STE_NAME21":"Western Australia","AUS_CODE21":"AUS","AUS_NAME21":"Australia","AREASQKM21":10184.5937,"LOCI_URI21":"http://linked.data.gov.au/dataset/asgsed3/LGA2021/55880","SHAPE_Leng":5.86365875635,"SHAPE_Area":0.953966505274}},{"arcs":[[1835,1836,1837,-1833]],"type":"Polygon","properties":{"LGA_CODE21":"55950","LGA_NAME21":"Mukinbudin","STE_CODE21":"5","STE_NAME21":"Western Australia","AUS_CODE21":"AUS","AUS_NAME21":"Australia","AREASQKM21":3426.944,"LOCI_URI21":"http://linked.data.gov.au/dataset/asgsed3/LGA2021/55950","SHAPE_Leng":2.87238206551,"SHAPE_Area":0.322430261927}},{"arcs":[[1838,1839,1840,-1740,1841]],"type":"Polygon","properties":{"LGA_CODE21":"56090","LGA_NAME21":"Mundaring","STE_CODE21":"5","STE_NAME21":"Western Australia","AUS_CODE21":"AUS","AUS_NAME21":"Australia","AREASQKM21":643.2012,"LOCI_URI21":"http://linked.data.gov.au/dataset/asgsed3/LGA2021/56090","SHAPE_Leng":1.79718026748,"SHAPE_Area":0.0613201318128}},{"arcs":[[1842,1843,1844,-1810,-1555,1845,-1715]],"type":"Polygon","properties":{"LGA_CODE21":"56160","LGA_NAME21":"Murchison","STE_CODE21":"5","STE_NAME21":"Western Australia","AUS_CODE21":"AUS","AUS_NAME21":"Australia","AREASQKM21":45046.0922,"LOCI_URI21":"http://linked.data.gov.au/dataset/asgsed3/LGA2021/56160","SHAPE_Leng":13.0539220114,"SHAPE_Area":4.08737924617}},{"arcs":[[1846,1847,1848,-1431,1849,1850,-1802]],"type":"Polygon","properties":{"LGA_CODE21":"56230","LGA_NAME21":"Murray","STE_CODE21":"5","STE_NAME21":"Western Australia","AUS_CODE21":"AUS","AUS_NAME21":"Australia","AREASQKM21":1703.4688,"LOCI_URI21":"http://linked.data.gov.au/dataset/asgsed3/LGA2021/56230","SHAPE_Leng":2.38525694595,"SHAPE_Area":0.16367716049}},{"arcs":[[-1470,-1649,-1441,-1806,1851,-1408]],"type":"Polygon","properties":{"LGA_CODE21":"56300","LGA_NAME21":"Nannup","STE_CODE21":"5","STE_NAME21":"Western Australia","AUS_CODE21":"AUS","AUS_NAME21":"Australia","AREASQKM21":3053.9361,"LOCI_URI21":"http://linked.data.gov.au/dataset/asgsed3/LGA2021/56300","SHAPE_Leng":2.78945051332,"SHAPE_Area":0.298461672905}},{"arcs":[[-1817,1852,-1779,-1537,-1461]],"type":"Polygon","properties":{"LGA_CODE21":"56370","LGA_NAME21":"Narembeen","STE_CODE21":"5","STE_NAME21":"Western Australia","AUS_CODE21":"AUS","AUS_NAME21":"Australia","AREASQKM21":3809.0285,"LOCI_URI21":"http://linked.data.gov.au/dataset/asgsed3/LGA2021/56370","SHAPE_Leng":3.10668631585,"SHAPE_Area":0.363708350212}},{"arcs":[[1853,1854,1855,1856,-1553]],"type":"Polygon","properties":{"LGA_CODE21":"56460","LGA_NAME21":"Narrogin","STE_CODE21":"5","STE_NAME21":"Western Australia","AUS_CODE21":"AUS","AUS_NAME21":"Australia","AREASQKM21":1631.3024,"LOCI_URI21":"http://linked.data.gov.au/dataset/asgsed3/LGA2021/56460","SHAPE_Leng":2.49916799277,"SHAPE_Area":0.157387131103}},{"arcs":[[1857,1858,1859,-1512,-1542,1860,-1476]],"type":"Polygon","properties":{"LGA_CODE21":"56580","LGA_NAME21":"Nedlands","STE_CODE21":"5","STE_NAME21":"Western Australia","AUS_CODE21":"AUS","AUS_NAME21":"Australia","AREASQKM21":19.6449,"LOCI_URI21":"http://linked.data.gov.au/dataset/asgsed3/LGA2021/56580","SHAPE_Leng":0.313013462769,"SHAPE_Area":0.00187438285984}},{"arcs":[[1861,-1674,1862,-1160,-1793]],"type":"Polygon","properties":{"LGA_CODE21":"56620","LGA_NAME21":"Ngaanyatjarraku","STE_CODE21":"5","STE_NAME21":"Western Australia","AUS_CODE21":"AUS","AUS_NAME21":"Australia","AREASQKM21":159815.9632,"LOCI_URI21":"http://linked.data.gov.au/dataset/asgsed3/LGA2021/56620","SHAPE_Leng":15.2770824346,"SHAPE_Area":14.3067165571}},{"arcs":[[-1710,-1564,1863,-1840,1864]],"type":"Polygon","properties":{"LGA_CODE21":"56730","LGA_NAME21":"Northam","STE_CODE21":"5","STE_NAME21":"Western Australia","AUS_CODE21":"AUS","AUS_NAME21":"Australia","AREASQKM21":1431.2215,"LOCI_URI21":"http://linked.data.gov.au/dataset/asgsed3/LGA2021/56730","SHAPE_Leng":2.43889629518,"SHAPE_Area":0.13613726157}},{"arcs":[[1865,-1843,-1714,-1502,1866]],"type":"Polygon","properties":{"LGA_CODE21":"56790","LGA_NAME21":"Northampton","STE_CODE21":"5","STE_NAME21":"Western Australia","AUS_CODE21":"AUS","AUS_NAME21":"Australia","AREASQKM21":12543.7142,"LOCI_URI21":"http://linked.data.gov.au/dataset/asgsed3/LGA2021/56790","SHAPE_Leng":5.76356729578,"SHAPE_Area":1.14821104317}},{"arcs":[[1867,-1814,-1772,1868,-1837]],"type":"Polygon","properties":{"LGA_CODE21":"56860","LGA_NAME21":"Nungarin","STE_CODE21":"5","STE_NAME21":"Western Australia","AUS_CODE21":"AUS","AUS_NAME21":"Australia","AREASQKM21":1166.0245,"LOCI_URI21":"http://linked.data.gov.au/dataset/asgsed3/LGA2021/56860","SHAPE_Leng":2.10169523243,"SHAPE_Area":0.110291741259}},{"arcs":[[-1510,1869,-1825,-1543]],"type":"Polygon","properties":{"LGA_CODE21":"56930","LGA_NAME21":"Peppermint Grove","STE_CODE21":"5","STE_NAME21":"Western Australia","AUS_CODE21":"AUS","AUS_NAME21":"Australia","AREASQKM21":1.0677,"LOCI_URI21":"http://linked.data.gov.au/dataset/asgsed3/LGA2021/56930","SHAPE_Leng":0.0496272249227,"SHAPE_Area":0.000101887934536}},{"arcs":[[-1823,1870,-1570,-1531,-1488,1871]],"type":"Polygon","properties":{"LGA_CODE21":"57000","LGA_NAME21":"Perenjori","STE_CODE21":"5","STE_NAME21":"Western Australia","AUS_CODE21":"AUS","AUS_NAME21":"Australia","AREASQKM21":8301.3551,"LOCI_URI21":"http://linked.data.gov.au/dataset/asgsed3/LGA2021/57000","SHAPE_Leng":5.1430372883,"SHAPE_Area":0.771940009872}},{"arcs":[[-1474,1872,1873,-1859,1874]],"type":"Polygon","properties":{"LGA_CODE21":"57080","LGA_NAME21":"Perth","STE_CODE21":"5","STE_NAME21":"Western Australia","AUS_CODE21":"AUS","AUS_NAME21":"Australia","AREASQKM21":13.7335,"LOCI_URI21":"http://linked.data.gov.au/dataset/asgsed3/LGA2021/57080","SHAPE_Leng":0.262786905298,"SHAPE_Area":0.00131016553216}},{"arcs":[[-1444,-1541,1875,-1551,1876]],"type":"Polygon","properties":{"LGA_CODE21":"57140","LGA_NAME21":"Pingelly","STE_CODE21":"5","STE_NAME21":"Western Australia","AUS_CODE21":"AUS","AUS_NAME21":"Australia","AREASQKM21":1294.5721,"LOCI_URI21":"http://linked.data.gov.au/dataset/asgsed3/LGA2021/57140","SHAPE_Leng":2.32147136014,"SHAPE_Area":0.1242470336}},{"arcs":[[-1547,-1708,-1373,-1579,-1804]],"type":"Polygon","properties":{"LGA_CODE21":"57210","LGA_NAME21":"Plantagenet","STE_CODE21":"5","STE_NAME21":"Western Australia","AUS_CODE21":"AUS","AUS_NAME21":"Australia","AREASQKM21":4876.682,"LOCI_URI21":"http://linked.data.gov.au/dataset/asgsed3/LGA2021/57210","SHAPE_Leng":4.70131446258,"SHAPE_Area":0.479224970379}},{"arcs":[[[-1677,-1397,-1744,1877]],[[1878]],[[1879]]],"type":"MultiPolygon","properties":{"LGA_CODE21":"57280","LGA_NAME21":"Port Hedland","STE_CODE21":"5","STE_NAME21":"Western Australia","AUS_CODE21":"AUS","AUS_NAME21":"Australia","AREASQKM21":18417.0777,"LOCI_URI21":"http://linked.data.gov.au/dataset/asgsed3/LGA2021/57280","SHAPE_Leng":12.8342414591,"SHAPE_Area":1.59923770949}},{"arcs":[[1880,-1562,1881,-1774,-1463,-1536,-1442,-1422]],"type":"Polygon","properties":{"LGA_CODE21":"57350","LGA_NAME21":"Quairading","STE_CODE21":"5","STE_NAME21":"Western Australia","AUS_CODE21":"AUS","AUS_NAME21":"Australia","AREASQKM21":2016.9268,"LOCI_URI21":"http://linked.data.gov.au/dataset/asgsed3/LGA2021/57350","SHAPE_Leng":2.55353793724,"SHAPE_Area":0.192501054858}},{"arcs":[[-1680,1882,-1734,-1791]],"type":"Polygon","properties":{"LGA_CODE21":"57420","LGA_NAME21":"Ravensthorpe","STE_CODE21":"5","STE_NAME21":"Western Australia","AUS_CODE21":"AUS","AUS_NAME21":"Australia","AREASQKM21":9841.7504,"LOCI_URI21":"http://linked.data.gov.au/dataset/asgsed3/LGA2021/57420","SHAPE_Leng":5.49543081446,"SHAPE_Area":0.956190105243}},{"arcs":[[[1883,-1789,1884,-1847,-1801]],[[1885]]],"type":"MultiPolygon","properties":{"LGA_CODE21":"57490","LGA_NAME21":"Rockingham","STE_CODE21":"5","STE_NAME21":"Western Australia","AUS_CODE21":"AUS","AUS_NAME21":"Australia","AREASQKM21":257.4979,"LOCI_URI21":"http://linked.data.gov.au/dataset/asgsed3/LGA2021/57490","SHAPE_Leng":1.18595270353,"SHAPE_Area":0.0246661361138}},{"arcs":[[-1813,-1831,1886,-1828,-1557,-1809,1887,-1798]],"type":"Polygon","properties":{"LGA_CODE21":"57630","LGA_NAME21":"Sandstone","STE_CODE21":"5","STE_NAME21":"Western Australia","AUS_CODE21":"AUS","AUS_NAME21":"Australia","AREASQKM21":32605.2912,"LOCI_URI21":"http://linked.data.gov.au/dataset/asgsed3/LGA2021/57630","SHAPE_Leng":10.5113434952,"SHAPE_Area":3.00061611787}},{"arcs":[[-1384,1888,-1848,-1885,-1788]],"type":"Polygon","properties":{"LGA_CODE21":"57700","LGA_NAME21":"Serpentine-Jarrahdale","STE_CODE21":"5","STE_NAME21":"Western Australia","AUS_CODE21":"AUS","AUS_NAME21":"Australia","AREASQKM21":901.2054,"LOCI_URI21":"http://linked.data.gov.au/dataset/asgsed3/LGA2021/57700","SHAPE_Leng":1.45874599594,"SHAPE_Area":0.0863282066549}},{"arcs":[[[-1495,1889,-1844,-1866,1890]],[[1891]],[[1892]],[[1893]]],"type":"MultiPolygon","properties":{"LGA_CODE21":"57770","LGA_NAME21":"Shark Bay","STE_CODE21":"5","STE_NAME21":"Western Australia","AUS_CODE21":"AUS","AUS_NAME21":"Australia","AREASQKM21":24201.5491,"LOCI_URI21":"http://linked.data.gov.au/dataset/asgsed3/LGA2021/57770","SHAPE_Leng":18.853399266,"SHAPE_Area":2.19189025404}},{"arcs":[[1894,-1483,1895]],"type":"Polygon","properties":{"LGA_CODE21":"57840","LGA_NAME21":"South Perth","STE_CODE21":"5","STE_NAME21":"Western Australia","AUS_CODE21":"AUS","AUS_NAME21":"Australia","AREASQKM21":19.8114,"LOCI_URI21":"http://linked.data.gov.au/dataset/asgsed3/LGA2021/57840","SHAPE_Leng":0.253593909134,"SHAPE_Area":0.00189071581681}},{"arcs":[[-1472,1896,-1736,1897,1898,-1416,1899]],"type":"Polygon","properties":{"LGA_CODE21":"57910","LGA_NAME21":"Stirling","STE_CODE21":"5","STE_NAME21":"Western Australia","AUS_CODE21":"AUS","AUS_NAME21":"Australia","AREASQKM21":104.7273,"LOCI_URI21":"http://linked.data.gov.au/dataset/asgsed3/LGA2021/57910","SHAPE_Leng":0.492754785361,"SHAPE_Area":0.00998260105047}},{"arcs":[[-1475,-1875,-1858]],"type":"Polygon","properties":{"LGA_CODE21":"57980","LGA_NAME21":"Subiaco","STE_CODE21":"5","STE_NAME21":"Western Australia","AUS_CODE21":"AUS","AUS_NAME21":"Australia","AREASQKM21":5.6182,"LOCI_URI21":"http://linked.data.gov.au/dataset/asgsed3/LGA2021/57980","SHAPE_Leng":0.113219141811,"SHAPE_Area":0.000535865979095}},{"arcs":[[1900,-1842,-1739,-1417,1901,-1410,-1413,-1899,1902,-1505]],"type":"Polygon","properties":{"LGA_CODE21":"58050","LGA_NAME21":"Swan","STE_CODE21":"5","STE_NAME21":"Western Australia","AUS_CODE21":"AUS","AUS_NAME21":"Australia","AREASQKM21":1042.9936,"LOCI_URI21":"http://linked.data.gov.au/dataset/asgsed3/LGA2021/58050","SHAPE_Leng":1.79831235499,"SHAPE_Area":0.0992673148871}},{"arcs":[[1903,-1775,-1882,-1561]],"type":"Polygon","properties":{"LGA_CODE21":"58190","LGA_NAME21":"Tammin","STE_CODE21":"5","STE_NAME21":"Western Australia","AUS_CODE21":"AUS","AUS_NAME21":"Australia","AREASQKM21":1101.692,"LOCI_URI21":"http://linked.data.gov.au/dataset/asgsed3/LGA2021/58190","SHAPE_Leng":1.73041025992,"SHAPE_Area":0.104705129415}},{"arcs":[[-1824,-1872,-1492,-1730,-1819]],"type":"Polygon","properties":{"LGA_CODE21":"58260","LGA_NAME21":"Three Springs","STE_CODE21":"5","STE_NAME21":"Western Australia","AUS_CODE21":"AUS","AUS_NAME21":"Australia","AREASQKM21":2656.6928,"LOCI_URI21":"http://linked.data.gov.au/dataset/asgsed3/LGA2021/58260","SHAPE_Leng":2.5708772467,"SHAPE_Area":0.247235249687}},{"arcs":[[1904,-1711,-1865,-1839,-1901,-1504]],"type":"Polygon","properties":{"LGA_CODE21":"58330","LGA_NAME21":"Toodyay","STE_CODE21":"5","STE_NAME21":"Western Australia","AUS_CODE21":"AUS","AUS_NAME21":"Australia","AREASQKM21":1691.6485,"LOCI_URI21":"http://linked.data.gov.au/dataset/asgsed3/LGA2021/58330","SHAPE_Leng":2.06437837474,"SHAPE_Area":0.160546043344}},{"arcs":[[-1834,-1838,-1869,-1771,1905]],"type":"Polygon","properties":{"LGA_CODE21":"58400","LGA_NAME21":"Trayning","STE_CODE21":"5","STE_NAME21":"Western Australia","AUS_CODE21":"AUS","AUS_NAME21":"Australia","AREASQKM21":1651.2043,"LOCI_URI21":"http://linked.data.gov.au/dataset/asgsed3/LGA2021/58400","SHAPE_Leng":2.03025433068,"SHAPE_Area":0.156175067953}},{"arcs":[[-1845,-1890,-1494,-1400,-1807]],"type":"Polygon","properties":{"LGA_CODE21":"58470","LGA_NAME21":"Upper Gascoyne","STE_CODE21":"5","STE_NAME21":"Western Australia","AUS_CODE21":"AUS","AUS_NAME21":"Australia","AREASQKM21":57809.8737,"LOCI_URI21":"http://linked.data.gov.au/dataset/asgsed3/LGA2021/58470","SHAPE_Leng":13.3869471638,"SHAPE_Area":5.15884649392}},{"arcs":[[-1420,-1484,-1895,1906]],"type":"Polygon","properties":{"LGA_CODE21":"58510","LGA_NAME21":"Victoria Park","STE_CODE21":"5","STE_NAME21":"Western Australia","AUS_CODE21":"AUS","AUS_NAME21":"Australia","AREASQKM21":17.9396,"LOCI_URI21":"http://linked.data.gov.au/dataset/asgsed3/LGA2021/58510","SHAPE_Leng":0.243387158015,"SHAPE_Area":0.00171175305351}},{"arcs":[[1907,-1712,-1905,-1503,-1702,-1574,-1821]],"type":"Polygon","properties":{"LGA_CODE21":"58540","LGA_NAME21":"Victoria Plains","STE_CODE21":"5","STE_NAME21":"Western Australia","AUS_CODE21":"AUS","AUS_NAME21":"Australia","AREASQKM21":2551.0132,"LOCI_URI21":"http://linked.data.gov.au/dataset/asgsed3/LGA2021/58540","SHAPE_Leng":2.708573224,"SHAPE_Area":0.24095904801}},{"arcs":[[-1415,1908,-1873,-1473,-1900]],"type":"Polygon","properties":{"LGA_CODE21":"58570","LGA_NAME21":"Vincent","STE_CODE21":"5","STE_NAME21":"Western Australia","AUS_CODE21":"AUS","AUS_NAME21":"Australia","AREASQKM21":11.3771,"LOCI_URI21":"http://linked.data.gov.au/dataset/asgsed3/LGA2021/58570","SHAPE_Leng":0.165414570866,"SHAPE_Area":0.00108497090451}},{"arcs":[[-1855,1909,-1660,1910,1911]],"type":"Polygon","properties":{"LGA_CODE21":"58610","LGA_NAME21":"Wagin","STE_CODE21":"5","STE_NAME21":"Western Australia","AUS_CODE21":"AUS","AUS_NAME21":"Australia","AREASQKM21":1946.1763,"LOCI_URI21":"http://linked.data.gov.au/dataset/asgsed3/LGA2021/58610","SHAPE_Leng":2.68884905148,"SHAPE_Area":0.188357546768}},{"arcs":[[1912,-1426,-1849,-1889,-1383,-1424,-1445,-1877,-1550]],"type":"Polygon","properties":{"LGA_CODE21":"58680","LGA_NAME21":"Wandering","STE_CODE21":"5","STE_NAME21":"Western Australia","AUS_CODE21":"AUS","AUS_NAME21":"Australia","AREASQKM21":1903.8645,"LOCI_URI21":"http://linked.data.gov.au/dataset/asgsed3/LGA2021/58680","SHAPE_Leng":2.46356577622,"SHAPE_Area":0.182781570743}},{"arcs":[[-1738,1913,-1703,-1506,-1903,-1898]],"type":"Polygon","properties":{"LGA_CODE21":"58760","LGA_NAME21":"Wanneroo","STE_CODE21":"5","STE_NAME21":"Western Australia","AUS_CODE21":"AUS","AUS_NAME21":"Australia","AREASQKM21":683.2602,"LOCI_URI21":"http://linked.data.gov.au/dataset/asgsed3/LGA2021/58760","SHAPE_Leng":1.33948326965,"SHAPE_Area":0.0649408219402}},{"arcs":[[1914,-1850,-1430,-1728,1915,-1799]],"type":"Polygon","properties":{"LGA_CODE21":"58820","LGA_NAME21":"Waroona","STE_CODE21":"5","STE_NAME21":"Western Australia","AUS_CODE21":"AUS","AUS_NAME21":"Australia","AREASQKM21":832.2285,"LOCI_URI21":"http://linked.data.gov.au/dataset/asgsed3/LGA2021/58820","SHAPE_Leng":1.75675622711,"SHAPE_Area":0.0801701614029}},{"arcs":[[-1856,-1912,1916,-1777,-1434,-1523,1917]],"type":"Polygon","properties":{"LGA_CODE21":"58890","LGA_NAME21":"West Arthur","STE_CODE21":"5","STE_NAME21":"Western Australia","AUS_CODE21":"AUS","AUS_NAME21":"Australia","AREASQKM21":2831.8272,"LOCI_URI21":"http://linked.data.gov.au/dataset/asgsed3/LGA2021/58890","SHAPE_Leng":3.04897009114,"SHAPE_Area":0.274633043504}},{"arcs":[[1918,-1815,-1868,-1836]],"type":"Polygon","properties":{"LGA_CODE21":"59030","LGA_NAME21":"Westonia","STE_CODE21":"5","STE_NAME21":"Western Australia","AUS_CODE21":"AUS","AUS_NAME21":"Australia","AREASQKM21":3319.4496,"LOCI_URI21":"http://linked.data.gov.au/dataset/asgsed3/LGA2021/59030","SHAPE_Leng":3.47017850775,"SHAPE_Area":0.313413743723}},{"arcs":[[-1552,-1876,-1540,-1787,-1654,-1910,-1854]],"type":"Polygon","properties":{"LGA_CODE21":"59100","LGA_NAME21":"Wickepin","STE_CODE21":"5","STE_NAME21":"Western Australia","AUS_CODE21":"AUS","AUS_NAME21":"Australia","AREASQKM21":2040.8985,"LOCI_URI21":"http://linked.data.gov.au/dataset/asgsed3/LGA2021/59100","SHAPE_Leng":2.47271899689,"SHAPE_Area":0.196494714946}},{"arcs":[[-1554,-1857,-1918,-1522,-1427,-1913]],"type":"Polygon","properties":{"LGA_CODE21":"59170","LGA_NAME21":"Williams","STE_CODE21":"5","STE_NAME21":"Western Australia","AUS_CODE21":"AUS","AUS_NAME21":"Australia","AREASQKM21":2304.7119,"LOCI_URI21":"http://linked.data.gov.au/dataset/asgsed3/LGA2021/59170","SHAPE_Leng":2.60692918352,"SHAPE_Area":0.222545715019}},{"arcs":[[-1675,-1862,-1792,-1796,-1888,-1808]],"type":"Polygon","properties":{"LGA_CODE21":"59250","LGA_NAME21":"Wiluna","STE_CODE21":"5","STE_NAME21":"Western Australia","AUS_CODE21":"AUS","AUS_NAME21":"Australia","AREASQKM21":181297.3382,"LOCI_URI21":"http://linked.data.gov.au/dataset/asgsed3/LGA2021/59250","SHAPE_Leng":18.1032840651,"SHAPE_Area":16.2556473417}},{"arcs":[[-1568,-1785,-1650,-1709,-1908,-1820]],"type":"Polygon","properties":{"LGA_CODE21":"59310","LGA_NAME21":"Wongan-Ballidu","STE_CODE21":"5","STE_NAME21":"Western Australia","AUS_CODE21":"AUS","AUS_NAME21":"Australia","AREASQKM21":3365.0675,"LOCI_URI21":"http://linked.data.gov.au/dataset/asgsed3/LGA2021/59310","SHAPE_Leng":2.94858527381,"SHAPE_Area":0.316886937422}},{"arcs":[[-1659,-1769,-1778,-1917,-1911]],"type":"Polygon","properties":{"LGA_CODE21":"59320","LGA_NAME21":"Woodanilling","STE_CODE21":"5","STE_NAME21":"Western Australia","AUS_CODE21":"AUS","AUS_NAME21":"Australia","AREASQKM21":1128.8348,"LOCI_URI21":"http://linked.data.gov.au/dataset/asgsed3/LGA2021/59320","SHAPE_Leng":2.19366744597,"SHAPE_Area":0.109569971527}},{"arcs":[[-1784,-1835,-1906,-1770,-1904,-1560,-1652]],"type":"Polygon","properties":{"LGA_CODE21":"59330","LGA_NAME21":"Wyalkatchem","STE_CODE21":"5","STE_NAME21":"Western Australia","AUS_CODE21":"AUS","AUS_NAME21":"Australia","AREASQKM21":1594.4884,"LOCI_URI21":"http://linked.data.gov.au/dataset/asgsed3/LGA2021/59330","SHAPE_Leng":2.20637957024,"SHAPE_Area":0.150877652413}},{"arcs":[[[-1585,1919]],[[-1587,1920,1921,-1724]],[[1922]],[[1923]],[[1924]],[[1925]],[[1926]],[[1927]],[[1928]],[[1929]],[[1930]],[[1931]],[[1932]],[[1933]],[[1934]],[[1935]],[[1936]],[[1937]],[[1938]],[[1939]],[[1940]],[[1941]],[[1942]],[[1943]],[[1944]],[[1945]],[[1946]],[[1947]],[[1948]],[[1949]],[[1950]],[[1951]],[[1952]],[[1953]],[[1954]],[[1955]],[[1956]],[[1957]],[[1958]],[[1959]],[[1960]],[[1961]],[[1962]],[[1963]],[[1964]],[[1965]],[[1966]],[[1967]],[[1968]],[[1969]],[[1970]],[[1971]],[[1972]],[[1973]],[[1974]],[[1975]],[[1976]],[[1977]],[[1978]],[[1979]],[[1980]],[[1981]],[[1982]],[[1983]],[[1984]],[[1985]],[[1986]],[[1987]],[[1988]],[[1989]],[[1990]],[[1991]],[[1992]],[[1993]],[[1994]],[[1995]],[[1996]],[[1997]],[[1998]],[[1999]],[[2000]],[[2001]],[[2002]],[[2003]],[[2004]],[[2005]],[[2006]],[[2007]],[[2008]],[[2009]],[[2010]],[[2011]],[[2012]],[[2013]],[[2014]],[[2015]],[[2016]],[[2017]],[[2018]],[[2019]],[[2020]],[[2021]],[[2022]],[[2023]],[[2024]],[[2025]],[[2026]],[[2027]],[[2028]]],"type":"MultiPolygon","properties":{"LGA_CODE21":"59340","LGA_NAME21":"Wyndham-East Kimberley","STE_CODE21":"5","STE_NAME21":"Western Australia","AUS_CODE21":"AUS","AUS_NAME21":"Australia","AREASQKM21":112066.3217,"LOCI_URI21":"http://linked.data.gov.au/dataset/asgsed3/LGA2021/59340","SHAPE_Leng":75.2663092698,"SHAPE_Area":9.44226539869}},{"arcs":[[-1822,-1716,-1846,-1559,-1829,-1887,-1830,-1571,-1871]],"type":"Polygon","properties":{"LGA_CODE21":"59350","LGA_NAME21":"Yalgoo","STE_CODE21":"5","STE_NAME21":"Western Australia","AUS_CODE21":"AUS","AUS_NAME21":"Australia","AREASQKM21":27949.4641,"LOCI_URI21":"http://linked.data.gov.au/dataset/asgsed3/LGA2021/59350","SHAPE_Leng":13.5566679234,"SHAPE_Area":2.57759921064}},{"arcs":[[-1832,-1812,-1530,-1663,-1780,-1853,-1816,-1919]],"type":"Polygon","properties":{"LGA_CODE21":"59360","LGA_NAME21":"Yilgarn","STE_CODE21":"5","STE_NAME21":"Western Australia","AUS_CODE21":"AUS","AUS_NAME21":"Australia","AREASQKM21":30428.7648,"LOCI_URI21":"http://linked.data.gov.au/dataset/asgsed3/LGA2021/59360","SHAPE_Leng":8.23196783634,"SHAPE_Area":2.87269053104}},{"arcs":[[-1563,-1881,-1425,-1381,-1741,-1841,-1864]],"type":"Polygon","properties":{"LGA_CODE21":"59370","LGA_NAME21":"York","STE_CODE21":"5","STE_NAME21":"Western Australia","AUS_CODE21":"AUS","AUS_NAME21":"Australia","AREASQKM21":2131.5916,"LOCI_URI21":"http://linked.data.gov.au/dataset/asgsed3/LGA2021/59370","SHAPE_Leng":2.97456247552,"SHAPE_Area":0.203274234638}},{"type":null,"properties":{"LGA_CODE21":"59499","LGA_NAME21":"No usual address (WA)","STE_CODE21":"5","STE_NAME21":"Western Australia","AUS_CODE21":"AUS","AUS_NAME21":"Australia","AREASQKM21":0,"LOCI_URI21":"http://linked.data.gov.au/dataset/asgsed3/LGA2021/59499","SHAPE_Leng":0,"SHAPE_Area":0}},{"type":null,"properties":{"LGA_CODE21":"59799","LGA_NAME21":"Migratory - Offshore - Shipping (WA)","STE_CODE21":"5","STE_NAME21":"Western Australia","AUS_CODE21":"AUS","AUS_NAME21":"Australia","AREASQKM21":0,"LOCI_URI21":"http://linked.data.gov.au/dataset/asgsed3/LGA2021/59799","SHAPE_Leng":0,"SHAPE_Area":0}},{"arcs":[[2029,2030,2031,2032,2033]],"type":"Polygon","properties":{"LGA_CODE21":"60210","LGA_NAME21":"Break O'Day","STE_CODE21":"6","STE_NAME21":"Tasmania","AUS_CODE21":"AUS","AUS_NAME21":"Australia","AREASQKM21":3523.8858,"LOCI_URI21":"http://linked.data.gov.au/dataset/asgsed3/LGA2021/60210","SHAPE_Leng":5.78651114458,"SHAPE_Area":0.379572453269}},{"arcs":[[2034,2035,2036,2037]],"type":"Polygon","properties":{"LGA_CODE21":"60410","LGA_NAME21":"Brighton","STE_CODE21":"6","STE_NAME21":"Tasmania","AUS_CODE21":"AUS","AUS_NAME21":"Australia","AREASQKM21":171.1508,"LOCI_URI21":"http://linked.data.gov.au/dataset/asgsed3/LGA2021/60410","SHAPE_Leng":1.15767928416,"SHAPE_Area":0.0188092711293}},{"arcs":[[2038,2039,2040]],"type":"Polygon","properties":{"LGA_CODE21":"60610","LGA_NAME21":"Burnie","STE_CODE21":"6","STE_NAME21":"Tasmania","AUS_CODE21":"AUS","AUS_NAME21":"Australia","AREASQKM21":610.9528,"LOCI_URI21":"http://linked.data.gov.au/dataset/asgsed3/LGA2021/60610","SHAPE_Leng":1.62575341508,"SHAPE_Area":0.0655999894348}},{"arcs":[[[2041,2042,2043,2044,-2040]],[[2045,2046]]],"type":"MultiPolygon","properties":{"LGA_CODE21":"60810","LGA_NAME21":"Central Coast (Tas.)","STE_CODE21":"6","STE_NAME21":"Tasmania","AUS_CODE21":"AUS","AUS_NAME21":"Australia","AREASQKM21":933.0891,"LOCI_URI21":"http://linked.data.gov.au/dataset/asgsed3/LGA2021/60810","SHAPE_Leng":2.40801550375,"SHAPE_Area":0.100287019877}},{"arcs":[[2047,2048,2049,2050,2051]],"type":"Polygon","properties":{"LGA_CODE21":"61010","LGA_NAME21":"Central Highlands (Tas.)","STE_CODE21":"6","STE_NAME21":"Tasmania","AUS_CODE21":"AUS","AUS_NAME21":"Australia","AREASQKM21":7982.4155,"LOCI_URI21":"http://linked.data.gov.au/dataset/asgsed3/LGA2021/61010","SHAPE_Leng":5.39457260165,"SHAPE_Area":0.870285483411}},{"arcs":[[[2052]],[[2053]],[[2054]],[[2055]],[[2056]],[[2057,2058]],[[2059]],[[2060]]],"type":"MultiPolygon","properties":{"LGA_CODE21":"61210","LGA_NAME21":"Circular Head","STE_CODE21":"6","STE_NAME21":"Tasmania","AUS_CODE21":"AUS","AUS_NAME21":"Australia","AREASQKM21":4897.6511,"LOCI_URI21":"http://linked.data.gov.au/dataset/asgsed3/LGA2021/61210","SHAPE_Leng":11.0926223744,"SHAPE_Area":0.524788053954}},{"arcs":[[[-2035,2061,2062,2063]],[[2064]]],"type":"MultiPolygon","properties":{"LGA_CODE21":"61410","LGA_NAME21":"Clarence","STE_CODE21":"6","STE_NAME21":"Tasmania","AUS_CODE21":"AUS","AUS_NAME21":"Australia","AREASQKM21":377.9614,"LOCI_URI21":"http://linked.data.gov.au/dataset/asgsed3/LGA2021/61410","SHAPE_Leng":2.90263099225,"SHAPE_Area":0.0416153471654}},{"arcs":[[-2050,2065,-2037,2066,2067,2068,2069]],"type":"Polygon","properties":{"LGA_CODE21":"61510","LGA_NAME21":"Derwent Valley","STE_CODE21":"6","STE_NAME21":"Tasmania","AUS_CODE21":"AUS","AUS_NAME21":"Australia","AREASQKM21":4108.1113,"LOCI_URI21":"http://linked.data.gov.au/dataset/asgsed3/LGA2021/61510","SHAPE_Leng":4.29465303583,"SHAPE_Area":0.452150700714}},{"arcs":[[[2070,2071,2072,-2043,2073,-2046]],[[2074,2075]]],"type":"MultiPolygon","properties":{"LGA_CODE21":"61610","LGA_NAME21":"Devonport","STE_CODE21":"6","STE_NAME21":"Tasmania","AUS_CODE21":"AUS","AUS_NAME21":"Australia","AREASQKM21":111.259,"LOCI_URI21":"http://linked.data.gov.au/dataset/asgsed3/LGA2021/61610","SHAPE_Leng":0.990963096412,"SHAPE_Area":0.0119448461167}},{"arcs":[[[-2034,2076,2077,2078]],[[2079]],[[2080]]],"type":"MultiPolygon","properties":{"LGA_CODE21":"61810","LGA_NAME21":"Dorset","STE_CODE21":"6","STE_NAME21":"Tasmania","AUS_CODE21":"AUS","AUS_NAME21":"Australia","AREASQKM21":3230.5456,"LOCI_URI21":"http://linked.data.gov.au/dataset/asgsed3/LGA2021/61810","SHAPE_Leng":4.67999639561,"SHAPE_Area":0.346124968484}},{"arcs":[[[2081]],[[2082]],[[2083]],[[2084]],[[2085]],[[2086]],[[2087]],[[2088]],[[2089]],[[2090]],[[2091]],[[2092]],[[2093]],[[2094]],[[2095]],[[2096]],[[2097]],[[2098]],[[2099]],[[2100]],[[2101]],[[2102]],[[2103]],[[2104]],[[2105]],[[2106]]],"type":"MultiPolygon","properties":{"LGA_CODE21":"62010","LGA_NAME21":"Flinders (Tas.)","STE_CODE21":"6","STE_NAME21":"Tasmania","AUS_CODE21":"AUS","AUS_NAME21":"Australia","AREASQKM21":1996.6244,"LOCI_URI21":"http://linked.data.gov.au/dataset/asgsed3/LGA2021/62010","SHAPE_Leng":9.90124566868,"SHAPE_Area":0.210942298614}},{"arcs":[[-2078,2107,2108]],"type":"Polygon","properties":{"LGA_CODE21":"62210","LGA_NAME21":"George Town","STE_CODE21":"6","STE_NAME21":"Tasmania","AUS_CODE21":"AUS","AUS_NAME21":"Australia","AREASQKM21":653.4308,"LOCI_URI21":"http://linked.data.gov.au/dataset/asgsed3/LGA2021/62210","SHAPE_Leng":1.8722039017,"SHAPE_Area":0.0700410187833}},{"arcs":[[[2109,2110,2111,2112,-2031]],[[2113]],[[2114]]],"type":"MultiPolygon","properties":{"LGA_CODE21":"62410","LGA_NAME21":"Glamorgan-Spring Bay","STE_CODE21":"6","STE_NAME21":"Tasmania","AUS_CODE21":"AUS","AUS_NAME21":"Australia","AREASQKM21":2591.591,"LOCI_URI21":"http://linked.data.gov.au/dataset/asgsed3/LGA2021/62410","SHAPE_Leng":9.19051818229,"SHAPE_Area":0.282803271044}},{"arcs":[[2115,2116,-2068,2117]],"type":"Polygon","properties":{"LGA_CODE21":"62610","LGA_NAME21":"Glenorchy","STE_CODE21":"6","STE_NAME21":"Tasmania","AUS_CODE21":"AUS","AUS_NAME21":"Australia","AREASQKM21":121.1632,"LOCI_URI21":"http://linked.data.gov.au/dataset/asgsed3/LGA2021/62610","SHAPE_Leng":0.874915266865,"SHAPE_Area":0.0133411193941}},{"arcs":[[2118,2119,-2116]],"type":"Polygon","properties":{"LGA_CODE21":"62810","LGA_NAME21":"Hobart","STE_CODE21":"6","STE_NAME21":"Tasmania","AUS_CODE21":"AUS","AUS_NAME21":"Australia","AREASQKM21":77.8965,"LOCI_URI21":"http://linked.data.gov.au/dataset/asgsed3/LGA2021/62810","SHAPE_Leng":0.610825333424,"SHAPE_Area":0.00858521272946}},{"arcs":[[[2120,2121,-2069,2122]],[[2123]],[[2124]],[[2125]],[[2126]]],"type":"MultiPolygon","properties":{"LGA_CODE21":"63010","LGA_NAME21":"Huon Valley","STE_CODE21":"6","STE_NAME21":"Tasmania","AUS_CODE21":"AUS","AUS_NAME21":"Australia","AREASQKM21":5507.3541,"LOCI_URI21":"http://linked.data.gov.au/dataset/asgsed3/LGA2021/63010","SHAPE_Leng":13.1191315414,"SHAPE_Area":0.610444244731}},{"arcs":[[2127,2128,2129,2130,-2044,-2073]],"type":"Polygon","properties":{"LGA_CODE21":"63210","LGA_NAME21":"Kentish","STE_CODE21":"6","STE_NAME21":"Tasmania","AUS_CODE21":"AUS","AUS_NAME21":"Australia","AREASQKM21":1156.1888,"LOCI_URI21":"http://linked.data.gov.au/dataset/asgsed3/LGA2021/63210","SHAPE_Leng":2.43101983892,"SHAPE_Area":0.12459086755}},{"arcs":[[2131]],"type":"Polygon","properties":{"LGA_CODE21":"63410","LGA_NAME21":"King Island","STE_CODE21":"6","STE_NAME21":"Tasmania","AUS_CODE21":"AUS","AUS_NAME21":"Australia","AREASQKM21":1095.7407,"LOCI_URI21":"http://linked.data.gov.au/dataset/asgsed3/LGA2021/63410","SHAPE_Leng":2.68098223122,"SHAPE_Area":0.11533828774}},{"arcs":[[[-2117,-2120,2132,-2123]],[[2133]]],"type":"MultiPolygon","properties":{"LGA_CODE21":"63610","LGA_NAME21":"Kingborough","STE_CODE21":"6","STE_NAME21":"Tasmania","AUS_CODE21":"AUS","AUS_NAME21":"Australia","AREASQKM21":720.1093,"LOCI_URI21":"http://linked.data.gov.au/dataset/asgsed3/LGA2021/63610","SHAPE_Leng":5.85938440625,"SHAPE_Area":0.0797373469672}},{"arcs":[[2134,2135,-2128,-2072,2136,-2075,2137]],"type":"Polygon","properties":{"LGA_CODE21":"63810","LGA_NAME21":"Latrobe (Tas.)","STE_CODE21":"6","STE_NAME21":"Tasmania","AUS_CODE21":"AUS","AUS_NAME21":"Australia","AREASQKM21":600.4619,"LOCI_URI21":"http://linked.data.gov.au/dataset/asgsed3/LGA2021/63810","SHAPE_Leng":2.64919887257,"SHAPE_Area":0.0645007375663}},{"arcs":[[2138,2139,2140,-2108,-2077,-2033,2141]],"type":"Polygon","properties":{"LGA_CODE21":"64010","LGA_NAME21":"Launceston","STE_CODE21":"6","STE_NAME21":"Tasmania","AUS_CODE21":"AUS","AUS_NAME21":"Australia","AREASQKM21":1413.6306,"LOCI_URI21":"http://linked.data.gov.au/dataset/asgsed3/LGA2021/64010","SHAPE_Leng":2.6439868705,"SHAPE_Area":0.152118508829}},{"arcs":[[-2136,2142,-2139,2143,-2052,2144,-2129]],"type":"Polygon","properties":{"LGA_CODE21":"64210","LGA_NAME21":"Meander Valley","STE_CODE21":"6","STE_NAME21":"Tasmania","AUS_CODE21":"AUS","AUS_NAME21":"Australia","AREASQKM21":3330.8146,"LOCI_URI21":"http://linked.data.gov.au/dataset/asgsed3/LGA2021/64210","SHAPE_Leng":4.20138451413,"SHAPE_Area":0.359870547842}},{"arcs":[[-2142,-2032,-2113,2145,-2048,-2144]],"type":"Polygon","properties":{"LGA_CODE21":"64610","LGA_NAME21":"Northern Midlands","STE_CODE21":"6","STE_NAME21":"Tasmania","AUS_CODE21":"AUS","AUS_NAME21":"Australia","AREASQKM21":5135.2505,"LOCI_URI21":"http://linked.data.gov.au/dataset/asgsed3/LGA2021/64610","SHAPE_Leng":5.25436640683,"SHAPE_Area":0.556654036922}},{"arcs":[[[-2063,2146,-2111,2147]],[[2148,2149]]],"type":"MultiPolygon","properties":{"LGA_CODE21":"64810","LGA_NAME21":"Sorell","STE_CODE21":"6","STE_NAME21":"Tasmania","AUS_CODE21":"AUS","AUS_NAME21":"Australia","AREASQKM21":583.7723,"LOCI_URI21":"http://linked.data.gov.au/dataset/asgsed3/LGA2021/64810","SHAPE_Leng":2.27510016085,"SHAPE_Area":0.064216730564}},{"arcs":[[-2146,-2112,-2147,-2062,-2038,-2066,-2049]],"type":"Polygon","properties":{"LGA_CODE21":"65010","LGA_NAME21":"Southern Midlands","STE_CODE21":"6","STE_NAME21":"Tasmania","AUS_CODE21":"AUS","AUS_NAME21":"Australia","AREASQKM21":2615.4935,"LOCI_URI21":"http://linked.data.gov.au/dataset/asgsed3/LGA2021/65010","SHAPE_Leng":3.74046570437,"SHAPE_Area":0.286149871363}},{"arcs":[[[-2149,2150]],[[2151]]],"type":"MultiPolygon","properties":{"LGA_CODE21":"65210","LGA_NAME21":"Tasman","STE_CODE21":"6","STE_NAME21":"Tasmania","AUS_CODE21":"AUS","AUS_NAME21":"Australia","AREASQKM21":660.3947,"LOCI_URI21":"http://linked.data.gov.au/dataset/asgsed3/LGA2021/65210","SHAPE_Leng":4.6035856355,"SHAPE_Area":0.0729665314989}},{"arcs":[[2152,-2041,-2045,-2131,2153,2154,-2058]],"type":"Polygon","properties":{"LGA_CODE21":"65410","LGA_NAME21":"Waratah-Wynyard","STE_CODE21":"6","STE_NAME21":"Tasmania","AUS_CODE21":"AUS","AUS_NAME21":"Australia","AREASQKM21":3535.9075,"LOCI_URI21":"http://linked.data.gov.au/dataset/asgsed3/LGA2021/65410","SHAPE_Leng":3.66508511729,"SHAPE_Area":0.380630491881}},{"arcs":[[-2154,-2130,-2145,-2051,-2070,-2122,2155]],"type":"Polygon","properties":{"LGA_CODE21":"65610","LGA_NAME21":"West Coast","STE_CODE21":"6","STE_NAME21":"Tasmania","AUS_CODE21":"AUS","AUS_NAME21":"Australia","AREASQKM21":9583.5388,"LOCI_URI21":"http://linked.data.gov.au/dataset/asgsed3/LGA2021/65610","SHAPE_Leng":13.1414154325,"SHAPE_Area":1.04629131012}},{"arcs":[[2156,-2140,-2143,-2135]],"type":"Polygon","properties":{"LGA_CODE21":"65810","LGA_NAME21":"West Tamar","STE_CODE21":"6","STE_NAME21":"Tasmania","AUS_CODE21":"AUS","AUS_NAME21":"Australia","AREASQKM21":691.1537,"LOCI_URI21":"http://linked.data.gov.au/dataset/asgsed3/LGA2021/65810","SHAPE_Leng":2.67401906671,"SHAPE_Area":0.0742845350959}},{"type":null,"properties":{"LGA_CODE21":"69499","LGA_NAME21":"No usual address (Tas.)","STE_CODE21":"6","STE_NAME21":"Tasmania","AUS_CODE21":"AUS","AUS_NAME21":"Australia","AREASQKM21":0,"LOCI_URI21":"http://linked.data.gov.au/dataset/asgsed3/LGA2021/69499","SHAPE_Leng":0,"SHAPE_Area":0}},{"type":null,"properties":{"LGA_CODE21":"69799","LGA_NAME21":"Migratory - Offshore - Shipping (Tas.)","STE_CODE21":"6","STE_NAME21":"Tasmania","AUS_CODE21":"AUS","AUS_NAME21":"Australia","AREASQKM21":0,"LOCI_URI21":"http://linked.data.gov.au/dataset/asgsed3/LGA2021/69799","SHAPE_Leng":0,"SHAPE_Area":0}},{"arcs":[[2157]],"type":"Polygon","properties":{"LGA_CODE21":"70200","LGA_NAME21":"Alice Springs","STE_CODE21":"7","STE_NAME21":"Northern Territory","AUS_CODE21":"AUS","AUS_NAME21":"Australia","AREASQKM21":327.7132,"LOCI_URI21":"http://linked.data.gov.au/dataset/asgsed3/LGA2021/70200","SHAPE_Leng":0.879812729096,"SHAPE_Area":0.0290206638464}},{"arcs":[[2158,2159,-746,-1018,-710,2160]],"type":"Polygon","properties":{"LGA_CODE21":"70420","LGA_NAME21":"Barkly","STE_CODE21":"7","STE_NAME21":"Northern Territory","AUS_CODE21":"AUS","AUS_NAME21":"Australia","AREASQKM21":322710.4145,"LOCI_URI21":"http://linked.data.gov.au/dataset/asgsed3/LGA2021/70420","SHAPE_Leng":28.0087895849,"SHAPE_Area":27.7701972115}},{"arcs":[[2161]],"type":"Polygon","properties":{"LGA_CODE21":"70540","LGA_NAME21":"Belyuen","STE_CODE21":"7","STE_NAME21":"Northern Territory","AUS_CODE21":"AUS","AUS_NAME21":"Australia","AREASQKM21":41.4054,"LOCI_URI21":"http://linked.data.gov.au/dataset/asgsed3/LGA2021/70540","SHAPE_Leng":0.234741427075,"SHAPE_Area":0.00344383789007}},{"arcs":[[-2161,-715,-859,2162,-1672,-1726,2163]],"type":"Polygon","properties":{"LGA_CODE21":"70620","LGA_NAME21":"Central Desert","STE_CODE21":"7","STE_NAME21":"Northern Territory","AUS_CODE21":"AUS","AUS_NAME21":"Australia","AREASQKM21":281338.022,"LOCI_URI21":"http://linked.data.gov.au/dataset/asgsed3/LGA2021/70620","SHAPE_Leng":33.7777406641,"SHAPE_Area":24.5276137554}},{"arcs":[[2164,2165,2166,2167]],"type":"Polygon","properties":{"LGA_CODE21":"70700","LGA_NAME21":"Coomalie","STE_CODE21":"7","STE_NAME21":"Northern Territory","AUS_CODE21":"AUS","AUS_NAME21":"Australia","AREASQKM21":2056.0547,"LOCI_URI21":"http://linked.data.gov.au/dataset/asgsed3/LGA2021/70700","SHAPE_Leng":2.70099690418,"SHAPE_Area":0.171398924594}},{"arcs":[[2168,2169,2170,2171,2172]],"type":"Polygon","properties":{"LGA_CODE21":"71000","LGA_NAME21":"Darwin","STE_CODE21":"7","STE_NAME21":"Northern Territory","AUS_CODE21":"AUS","AUS_NAME21":"Australia","AREASQKM21":111.2614,"LOCI_URI21":"http://linked.data.gov.au/dataset/asgsed3/LGA2021/71000","SHAPE_Leng":0.640486002347,"SHAPE_Area":0.00924914393839}},{"arcs":[[2173,-2172]],"type":"Polygon","properties":{"LGA_CODE21":"71150","LGA_NAME21":"Darwin Waterfront Precinct","STE_CODE21":"7","STE_NAME21":"Northern Territory","AUS_CODE21":"AUS","AUS_NAME21":"Australia","AREASQKM21":0.7447,"LOCI_URI21":"http://linked.data.gov.au/dataset/asgsed3/LGA2021/71150","SHAPE_Leng":0.0394637141812,"SHAPE_Area":0.000061931290595}},{"arcs":[[[2174]],[[2175]],[[2176]],[[2177]],[[2178]],[[2179]],[[2180]],[[2181]],[[2182]],[[2183]],[[2184]],[[2185]],[[2186]],[[2187]],[[2188]],[[2189]],[[2190]],[[2191]],[[2192]],[[2193]],[[2194,2195]],[[2196]],[[2197]],[[2198]],[[2199]],[[2200]],[[2201]],[[2202]],[[2203]],[[2204]],[[2205]],[[2206]],[[2207]],[[2208]],[[2209]],[[2210]],[[2211]],[[2212]],[[2213]],[[2214]],[[2215]],[[2216]],[[2217,2218,2219],[2220]],[[2221]],[[2222]],[[2223]],[[2224]],[[2225]],[[2226]],[[2227]],[[2228]],[[2229]],[[2230]],[[2231]],[[2232]],[[2233]],[[2234]],[[2235]],[[2236]]],"type":"MultiPolygon","properties":{"LGA_CODE21":"71300","LGA_NAME21":"East Arnhem","STE_CODE21":"7","STE_NAME21":"Northern Territory","AUS_CODE21":"AUS","AUS_NAME21":"Australia","AREASQKM21":33309.9334,"LOCI_URI21":"http://linked.data.gov.au/dataset/asgsed3/LGA2021/71300","SHAPE_Leng":39.0055451923,"SHAPE_Area":2.77465351662}},{"arcs":[[2237,2238]],"type":"Polygon","properties":{"LGA_CODE21":"72200","LGA_NAME21":"Katherine","STE_CODE21":"7","STE_NAME21":"Northern Territory","AUS_CODE21":"AUS","AUS_NAME21":"Australia","AREASQKM21":7416.6444,"LOCI_URI21":"http://linked.data.gov.au/dataset/asgsed3/LGA2021/72200","SHAPE_Leng":3.97224304142,"SHAPE_Area":0.622352788029}},{"arcs":[[[2239,-2169,2240,2241,-2168,2242,2243,2244]],[[2245]],[[2246]]],"type":"MultiPolygon","properties":{"LGA_CODE21":"72300","LGA_NAME21":"Litchfield","STE_CODE21":"7","STE_NAME21":"Northern Territory","AUS_CODE21":"AUS","AUS_NAME21":"Australia","AREASQKM21":2903.3391,"LOCI_URI21":"http://linked.data.gov.au/dataset/asgsed3/LGA2021/72300","SHAPE_Leng":4.42173475636,"SHAPE_Area":0.241480412261}},{"arcs":[[-1673,-2163,-858,-1350,-1156,-1863],[-2158],[2247]],"type":"Polygon","properties":{"LGA_CODE21":"72330","LGA_NAME21":"MacDonnell","STE_CODE21":"7","STE_NAME21":"Northern Territory","AUS_CODE21":"AUS","AUS_NAME21":"Australia","AREASQKM21":268339.0281,"LOCI_URI21":"http://linked.data.gov.au/dataset/asgsed3/LGA2021/72330","SHAPE_Leng":26.4925804249,"SHAPE_Area":23.9303613379}},{"arcs":[[-2245,2248,2249]],"type":"Polygon","properties":{"LGA_CODE21":"72800","LGA_NAME21":"Palmerston","STE_CODE21":"7","STE_NAME21":"Northern Territory","AUS_CODE21":"AUS","AUS_NAME21":"Australia","AREASQKM21":52.6559,"LOCI_URI21":"http://linked.data.gov.au/dataset/asgsed3/LGA2021/72800","SHAPE_Leng":0.329653505709,"SHAPE_Area":0.00437886646604}},{"arcs":[[[2250,2251,-2218,2252,-739,-2160,2253,-2238]],[[2254]],[[2255]],[[2256]],[[2257]],[[2258]],[[2259]],[[2260]],[[2261]],[[2262]],[[2263]]],"type":"MultiPolygon","properties":{"LGA_CODE21":"73600","LGA_NAME21":"Roper Gulf","STE_CODE21":"7","STE_NAME21":"Northern Territory","AUS_CODE21":"AUS","AUS_NAME21":"Australia","AREASQKM21":185213.4546,"LOCI_URI21":"http://linked.data.gov.au/dataset/asgsed3/LGA2021/73600","SHAPE_Leng":33.277339599,"SHAPE_Area":15.5990138046}},{"arcs":[[[2264]],[[2265]]],"type":"MultiPolygon","properties":{"LGA_CODE21":"74050","LGA_NAME21":"Tiwi Islands","STE_CODE21":"7","STE_NAME21":"Northern Territory","AUS_CODE21":"AUS","AUS_NAME21":"Australia","AREASQKM21":7483.1661,"LOCI_URI21":"http://linked.data.gov.au/dataset/asgsed3/LGA2021/74050","SHAPE_Leng":8.82608985521,"SHAPE_Area":0.620194629473}},{"arcs":[[-2166,2266,2267,-2251,-2239,-2254,-2159,-2164,-1725,-1922,2268,2269,2270]],"type":"Polygon","properties":{"LGA_CODE21":"74550","LGA_NAME21":"Victoria Daly","STE_CODE21":"7","STE_NAME21":"Northern Territory","AUS_CODE21":"AUS","AUS_NAME21":"Australia","AREASQKM21":153287.3722,"LOCI_URI21":"http://linked.data.gov.au/dataset/asgsed3/LGA2021/74550","SHAPE_Leng":26.5480763145,"SHAPE_Area":12.9606944654}},{"arcs":[[[2271]],[[2272,2273]]],"type":"MultiPolygon","properties":{"LGA_CODE21":"74560","LGA_NAME21":"Wagait","STE_CODE21":"7","STE_NAME21":"Northern Territory","AUS_CODE21":"AUS","AUS_NAME21":"Australia","AREASQKM21":5.6628,"LOCI_URI21":"http://linked.data.gov.au/dataset/asgsed3/LGA2021/74560","SHAPE_Leng":0.168181624111,"SHAPE_Area":0.000470829528405}},{"arcs":[[[-2219,-2252,-2268,2274,2275]],[[2276]],[[2277]],[[2278]],[[2279]],[[2280]],[[2281]],[[2282]],[[2283]],[[2284]],[[2285]],[[2286]],[[2287]],[[2288]],[[2289]],[[2290]],[[2291]],[[2292]]],"type":"MultiPolygon","properties":{"LGA_CODE21":"74660","LGA_NAME21":"West Arnhem","STE_CODE21":"7","STE_NAME21":"Northern Territory","AUS_CODE21":"AUS","AUS_NAME21":"Australia","AREASQKM21":49675.0342,"LOCI_URI21":"http://linked.data.gov.au/dataset/asgsed3/LGA2021/74660","SHAPE_Leng":23.2353188065,"SHAPE_Area":4.13057150362}},{"arcs":[[[2293,-2270,2294]],[[2295]]],"type":"MultiPolygon","properties":{"LGA_CODE21":"74680","LGA_NAME21":"West Daly","STE_CODE21":"7","STE_NAME21":"Northern Territory","AUS_CODE21":"AUS","AUS_NAME21":"Australia","AREASQKM21":14069.698,"LOCI_URI21":"http://linked.data.gov.au/dataset/asgsed3/LGA2021/74680","SHAPE_Leng":7.55652856736,"SHAPE_Area":1.17826164159}},{"arcs":[[[2296,-2275,-2267,-2165,-2242]],[[-2274,2297,-2243,-2167,-2271,-2294,2298],[-2162],[-2272]],[[-2240,-2250,2299,-2170]],[[2300,-2195]],[[-2221]],[[-2248]],[[2301]],[[2302]],[[2303]],[[2304]],[[2305]],[[2306]],[[2307]],[[2308]],[[2309]],[[2310]],[[2311]],[[2312]]],"type":"MultiPolygon","properties":{"LGA_CODE21":"79399","LGA_NAME21":"Unincorporated NT","STE_CODE21":"7","STE_NAME21":"Northern Territory","AUS_CODE21":"AUS","AUS_NAME21":"Australia","AREASQKM21":19792.8884,"LOCI_URI21":"http://linked.data.gov.au/dataset/asgsed3/LGA2021/79399","SHAPE_Leng":19.2713067248,"SHAPE_Area":1.65013277859}},{"type":null,"properties":{"LGA_CODE21":"79499","LGA_NAME21":"No usual address (NT)","STE_CODE21":"7","STE_NAME21":"Northern Territory","AUS_CODE21":"AUS","AUS_NAME21":"Australia","AREASQKM21":0,"LOCI_URI21":"http://linked.data.gov.au/dataset/asgsed3/LGA2021/79499","SHAPE_Leng":0,"SHAPE_Area":0}},{"type":null,"properties":{"LGA_CODE21":"79799","LGA_NAME21":"Migratory - Offshore - Shipping (NT)","STE_CODE21":"7","STE_NAME21":"Northern Territory","AUS_CODE21":"AUS","AUS_NAME21":"Australia","AREASQKM21":0,"LOCI_URI21":"http://linked.data.gov.au/dataset/asgsed3/LGA2021/79799","SHAPE_Leng":0,"SHAPE_Area":0}},{"arcs":[[-348,-370,-375,-409]],"type":"Polygon","properties":{"LGA_CODE21":"89399","LGA_NAME21":"Unincorporated ACT","STE_CODE21":"8","STE_NAME21":"Australian Capital Territory","AUS_CODE21":"AUS","AUS_NAME21":"Australia","AREASQKM21":2358.133,"LOCI_URI21":"http://linked.data.gov.au/dataset/asgsed3/LGA2021/89399","SHAPE_Leng":3.03213300904,"SHAPE_Area":0.234227204367}},{"type":null,"properties":{"LGA_CODE21":"89499","LGA_NAME21":"No usual address (ACT)","STE_CODE21":"8","STE_NAME21":"Australian Capital Territory","AUS_CODE21":"AUS","AUS_NAME21":"Australia","AREASQKM21":0,"LOCI_URI21":"http://linked.data.gov.au/dataset/asgsed3/LGA2021/89499","SHAPE_Leng":0,"SHAPE_Area":0}},{"type":null,"properties":{"LGA_CODE21":"89799","LGA_NAME21":"Migratory - Offshore - Shipping (ACT)","STE_CODE21":"8","STE_NAME21":"Australian Capital Territory","AUS_CODE21":"AUS","AUS_NAME21":"Australia","AREASQKM21":0,"LOCI_URI21":"http://linked.data.gov.au/dataset/asgsed3/LGA2021/89799","SHAPE_Leng":0,"SHAPE_Area":0}},{"arcs":[[[2313,-364]],[[2314]],[[2315]]],"type":"MultiPolygon","properties":{"LGA_CODE21":"99399","LGA_NAME21":"Unincorp. Other Territories","STE_CODE21":"9","STE_NAME21":"Other Territories","AUS_CODE21":"AUS","AUS_NAME21":"Australia","AREASQKM21":105.8806,"LOCI_URI21":"http://linked.data.gov.au/dataset/asgsed3/LGA2021/99399","SHAPE_Leng":1.3010084447,"SHAPE_Area":0.0102306444331}},{"type":null,"properties":{"LGA_CODE21":"99499","LGA_NAME21":"No usual address (OT)","STE_CODE21":"9","STE_NAME21":"Other Territories","AUS_CODE21":"AUS","AUS_NAME21":"Australia","AREASQKM21":0,"LOCI_URI21":"http://linked.data.gov.au/dataset/asgsed3/LGA2021/99499","SHAPE_Leng":0,"SHAPE_Area":0}},{"type":null,"properties":{"LGA_CODE21":"99799","LGA_NAME21":"Migratory - Offshore - Shipping (OT)","STE_CODE21":"9","STE_NAME21":"Other Territories","AUS_CODE21":"AUS","AUS_NAME21":"Australia","AREASQKM21":0,"LOCI_URI21":"http://linked.data.gov.au/dataset/asgsed3/LGA2021/99799","SHAPE_Leng":0,"SHAPE_Area":0}},{"type":null,"properties":{"LGA_CODE21":"ZZZZZ","LGA_NAME21":"Outside Australia","STE_CODE21":"Z","STE_NAME21":"Outside Australia","AUS_CODE21":"ZZZ","AUS_NAME21":"Outside Australia","AREASQKM21":0,"LOCI_URI21":"http://linked.data.gov.au/dataset/asgsed3/LGA2021/ZZZZZ","SHAPE_Leng":0,"SHAPE_Area":0}}]}}}